
SELECT pg_catalog.setval('users_id_seq', 2);
SELECT pg_catalog.setval('changesets_id_seq', 2);
SELECT pg_catalog.setval('current_nodes_id_seq', 37);
SELECT pg_catalog.setval('current_ways_id_seq', 5);
SELECT pg_catalog.setval('current_relations_id_seq', 1);


COPY users (email, id, pass_crypt, creation_time) FROM stdin;
hootenannyingest@digitalglobe.com	1		NOW()
\.


COPY changesets (id, user_id, created_at, closed_at, num_changes) FROM stdin;
1	1	2015-10-21 14:54:01.461	2015-10-21 14:54:01.461	40
\.


COPY current_nodes (id, latitude, longitude, changeset_id, visible, "timestamp", tile, version) FROM stdin;
1	388539526	-1048996840	1	t	2015-10-21 14:54:01.427	1329018926	1
2	388549019	-1048964394	1	t	2015-10-21 14:54:01.427	1329019012	1
3	388536248	-1048996935	1	t	2015-10-21 14:54:01.427	1329018923	1
4	388549073	-1048961823	1	t	2015-10-21 14:54:01.427	1329019012	1
5	388532583	-1048997543	1	t	2015-10-21 14:54:01.427	1329018923	1
6	388548514	-1049005693	1	t	2015-10-21 14:54:01.427	1329018926	1
7	388532424	-1048996868	1	t	2015-10-21 14:54:01.427	1329018923	1
8	388549290	-1049005253	1	t	2015-10-21 14:54:01.427	1329018926	1
9	388533001	-1048994529	1	t	2015-10-21 14:54:01.427	1329018923	1
10	388548207	-1049008079	1	t	2015-10-21 14:54:01.427	1329018926	1
11	388533470	-1048993672	1	t	2015-10-21 14:54:01.427	1329018923	1
12	388543319	-1049017877	1	t	2015-10-21 14:54:01.427	1329018926	1
13	388535166	-1048992699	1	t	2015-10-21 14:54:01.427	1329018923	1
14	388541299	-1049023065	1	t	2015-10-21 14:54:01.427	1329018926	1
15	388535689	-1048990568	1	t	2015-10-21 14:54:01.427	1329019009	1
16	388540541	-1049024316	1	t	2015-10-21 14:54:01.427	1329018926	1
17	388535509	-1048988321	1	t	2015-10-21 14:54:01.427	1329019009	1
18	388549524	-1048987389	1	t	2015-10-21 14:54:01.427	1329019012	1
19	388536194	-1048987070	1	t	2015-10-21 14:54:01.427	1329019009	1
20	388549321	-1048979050	1	t	2015-10-21 14:54:01.427	1329019012	1
21	388537204	-1048987233	1	t	2015-10-21 14:54:01.427	1329019009	1
22	388539585	-1048989155	1	t	2015-10-21 14:54:01.427	1329019012	1
23	388541670	-1048997070	1	t	2015-10-21 14:54:01.427	1329018926	1
24	388541335	-1048988900	1	t	2015-10-21 14:54:01.427	1329019012	1
25	388540851	-1049014477	1	t	2015-10-21 14:54:01.427	1329018926	1
26	388541768	-1048987070	1	t	2015-10-21 14:54:01.427	1329019012	1
27	388542471	-1049010789	1	t	2015-10-21 14:54:01.427	1329018926	1
28	388542327	-1048983110	1	t	2015-10-21 14:54:01.428	1329019012	1
29	388542600	-1049005795	1	t	2015-10-21 14:54:01.428	1329018926	1
30	388544293	-1048980654	1	t	2015-10-21 14:54:01.428	1329019012	1
31	388549614	-1048997124	1	t	2015-10-21 14:54:01.428	1329018926	1
32	388546043	-1048977759	1	t	2015-10-21 14:54:01.428	1329019012	1
33	388545785	-1048997171	1	t	2015-10-21 14:54:01.428	1329018926	1
34	388547197	-1048973219	1	t	2015-10-21 14:54:01.428	1329019012	1
35	388542618	-1048997171	1	t	2015-10-21 14:54:01.428	1329018926	1
36	388548604	-1048968587	1	t	2015-10-21 14:54:01.428	1329019012	1
\.


COPY current_node_tags (node_id, k, v) FROM stdin;
\.


COPY nodes (node_id, latitude, longitude, changeset_id, visible, "timestamp", tile, version, redaction_id) FROM stdin;
1	388539526	-1048996840	1	t	2015-10-21 14:54:01.427	1329018926	1	\N
2	388549019	-1048964394	1	t	2015-10-21 14:54:01.427	1329019012	1	\N
3	388536248	-1048996935	1	t	2015-10-21 14:54:01.427	1329018923	1	\N
4	388549073	-1048961823	1	t	2015-10-21 14:54:01.427	1329019012	1	\N
5	388532583	-1048997543	1	t	2015-10-21 14:54:01.427	1329018923	1	\N
6	388548514	-1049005693	1	t	2015-10-21 14:54:01.427	1329018926	1	\N
7	388532424	-1048996868	1	t	2015-10-21 14:54:01.427	1329018923	1	\N
8	388549290	-1049005253	1	t	2015-10-21 14:54:01.427	1329018926	1	\N
9	388533001	-1048994529	1	t	2015-10-21 14:54:01.427	1329018923	1	\N
10	388548207	-1049008079	1	t	2015-10-21 14:54:01.427	1329018926	1	\N
11	388533470	-1048993672	1	t	2015-10-21 14:54:01.427	1329018923	1	\N
12	388543319	-1049017877	1	t	2015-10-21 14:54:01.427	1329018926	1	\N
13	388535166	-1048992699	1	t	2015-10-21 14:54:01.427	1329018923	1	\N
14	388541299	-1049023065	1	t	2015-10-21 14:54:01.427	1329018926	1	\N
15	388535689	-1048990568	1	t	2015-10-21 14:54:01.427	1329019009	1	\N
16	388540541	-1049024316	1	t	2015-10-21 14:54:01.427	1329018926	1	\N
17	388535509	-1048988321	1	t	2015-10-21 14:54:01.427	1329019009	1	\N
18	388549524	-1048987389	1	t	2015-10-21 14:54:01.427	1329019012	1	\N
19	388536194	-1048987070	1	t	2015-10-21 14:54:01.427	1329019009	1	\N
20	388549321	-1048979050	1	t	2015-10-21 14:54:01.427	1329019012	1	\N
21	388537204	-1048987233	1	t	2015-10-21 14:54:01.427	1329019009	1	\N
22	388539585	-1048989155	1	t	2015-10-21 14:54:01.427	1329019012	1	\N
23	388541670	-1048997070	1	t	2015-10-21 14:54:01.427	1329018926	1	\N
24	388541335	-1048988900	1	t	2015-10-21 14:54:01.427	1329019012	1	\N
25	388540851	-1049014477	1	t	2015-10-21 14:54:01.427	1329018926	1	\N
26	388541768	-1048987070	1	t	2015-10-21 14:54:01.427	1329019012	1	\N
27	388542471	-1049010789	1	t	2015-10-21 14:54:01.427	1329018926	1	\N
28	388542327	-1048983110	1	t	2015-10-21 14:54:01.428	1329019012	1	\N
29	388542600	-1049005795	1	t	2015-10-21 14:54:01.428	1329018926	1	\N
30	388544293	-1048980654	1	t	2015-10-21 14:54:01.428	1329019012	1	\N
31	388549614	-1048997124	1	t	2015-10-21 14:54:01.428	1329018926	1	\N
32	388546043	-1048977759	1	t	2015-10-21 14:54:01.428	1329019012	1	\N
33	388545785	-1048997171	1	t	2015-10-21 14:54:01.428	1329018926	1	\N
34	388547197	-1048973219	1	t	2015-10-21 14:54:01.428	1329019012	1	\N
35	388542618	-1048997171	1	t	2015-10-21 14:54:01.428	1329018926	1	\N
36	388548604	-1048968587	1	t	2015-10-21 14:54:01.428	1329019012	1	\N
\.


COPY node_tags (node_id, version, k, v) FROM stdin;
\.


COPY current_ways (id, changeset_id, "timestamp", visible, version) FROM stdin;
1	1	2015-10-21 14:54:01.428	t	1
2	1	2015-10-21 14:54:01.428	t	1
3	1	2015-10-21 14:54:01.428	t	1
4	1	2015-10-21 14:54:01.428	t	1
\.


COPY current_way_nodes (way_id, node_id, sequence_id) FROM stdin;
1	31	1
1	18	2
1	20	3
2	29	1
2	6	2
2	8	3
3	16	1
3	14	2
3	12	3
3	10	4
3	8	5
3	31	6
3	33	7
3	35	8
3	23	9
3	1	10
3	3	11
3	5	12
3	7	13
3	9	14
3	11	15
3	13	16
3	15	17
3	17	18
3	19	19
3	21	20
3	22	21
3	24	22
3	26	23
3	28	24
3	30	25
3	32	26
3	34	27
3	36	28
3	2	29
3	4	30
4	25	1
4	27	2
4	29	3
4	35	4
\.



COPY current_way_tags (way_id, k, v) FROM stdin;
1	note	1
1	highway	road
2	note	3
2	highway	road
3	note	0
3	highway	road
4	note	2
4	highway	road
\.


COPY ways (way_id, changeset_id, "timestamp", version, visible, redaction_id) FROM stdin;
1	1	2015-10-21 14:54:01.428	1	t	\N
2	1	2015-10-21 14:54:01.428	1	t	\N
3	1	2015-10-21 14:54:01.428	1	t	\N
4	1	2015-10-21 14:54:01.428	1	t	\N
\.


COPY way_nodes (way_id, node_id, version, sequence_id) FROM stdin;
1	31	1	1
1	18	1	2
1	20	1	3
2	29	1	1
2	6	1	2
2	8	1	3
3	16	1	1
3	14	1	2
3	12	1	3
3	10	1	4
3	8	1	5
3	31	1	6
3	33	1	7
3	35	1	8
3	23	1	9
3	1	1	10
3	3	1	11
3	5	1	12
3	7	1	13
3	9	1	14
3	11	1	15
3	13	1	16
3	15	1	17
3	17	1	18
3	19	1	19
3	21	1	20
3	22	1	21
3	24	1	22
3	26	1	23
3	28	1	24
3	30	1	25
3	32	1	26
3	34	1	27
3	36	1	28
3	2	1	29
3	4	1	30
4	25	1	1
4	27	1	2
4	29	1	3
4	35	1	4
\.


COPY way_tags (way_id, version, k, v) FROM stdin;
1	1	note	1
1	1	highway	road
2	1	note	3
2	1	highway	road
3	1	note	0
3	1	highway	road
4	1	note	2
4	1	highway	road
\.

