INSERT INTO changesets (id, user_id, created_at, closed_at) VALUES (4, 1, (now() at time zone 'utc'), (now() at time zone 'utc'));
INSERT INTO changeset_tags (changeset_id, k, v) VALUES (4, 'written_by', 'Hootenanny');
/* create node 39*/
INSERT INTO nodes (node_id, latitude, longitude, changeset_id, visible, "timestamp", tile, version) VALUES (39, 388541670, 1048997070, 4, true, (now() at time zone 'utc'), 3852309124, 1);
INSERT INTO current_nodes (id, latitude, longitude, changeset_id, visible, "timestamp", tile, version) VALUES (39, 388541670, 1048997070, 4, true, (now() at time zone 'utc'), 3852309124, 1);
/* create node 40*/
INSERT INTO nodes (node_id, latitude, longitude, changeset_id, visible, "timestamp", tile, version) VALUES (40, 388540851, 1049014477, 4, true, (now() at time zone 'utc'), 3852309124, 1);
INSERT INTO current_nodes (id, latitude, longitude, changeset_id, visible, "timestamp", tile, version) VALUES (40, 388540851, 1049014477, 4, true, (now() at time zone 'utc'), 3852309124, 1);
/* create node 41*/
INSERT INTO nodes (node_id, latitude, longitude, changeset_id, visible, "timestamp", tile, version) VALUES (41, 388542471, 1049010789, 4, true, (now() at time zone 'utc'), 3852309124, 1);
INSERT INTO current_nodes (id, latitude, longitude, changeset_id, visible, "timestamp", tile, version) VALUES (41, 388542471, 1049010789, 4, true, (now() at time zone 'utc'), 3852309124, 1);
/* create node 42*/
INSERT INTO nodes (node_id, latitude, longitude, changeset_id, visible, "timestamp", tile, version) VALUES (42, 388542600, 1049005795, 4, true, (now() at time zone 'utc'), 3852309124, 1);
INSERT INTO current_nodes (id, latitude, longitude, changeset_id, visible, "timestamp", tile, version) VALUES (42, 388542600, 1049005795, 4, true, (now() at time zone 'utc'), 3852309124, 1);
/* create node 43*/
INSERT INTO nodes (node_id, latitude, longitude, changeset_id, visible, "timestamp", tile, version) VALUES (43, 388549614, 1048997124, 4, true, (now() at time zone 'utc'), 3852309124, 1);
INSERT INTO current_nodes (id, latitude, longitude, changeset_id, visible, "timestamp", tile, version) VALUES (43, 388549614, 1048997124, 4, true, (now() at time zone 'utc'), 3852309124, 1);
/* create node 44*/
INSERT INTO nodes (node_id, latitude, longitude, changeset_id, visible, "timestamp", tile, version) VALUES (44, 388545785, 1048997171, 4, true, (now() at time zone 'utc'), 3852309124, 1);
INSERT INTO current_nodes (id, latitude, longitude, changeset_id, visible, "timestamp", tile, version) VALUES (44, 388545785, 1048997171, 4, true, (now() at time zone 'utc'), 3852309124, 1);
/* create node 45*/
INSERT INTO nodes (node_id, latitude, longitude, changeset_id, visible, "timestamp", tile, version) VALUES (45, 388542618, 1048997171, 4, true, (now() at time zone 'utc'), 3852309124, 1);
INSERT INTO current_nodes (id, latitude, longitude, changeset_id, visible, "timestamp", tile, version) VALUES (45, 388542618, 1048997171, 4, true, (now() at time zone 'utc'), 3852309124, 1);
/* create node 46*/
INSERT INTO nodes (node_id, latitude, longitude, changeset_id, visible, "timestamp", tile, version) VALUES (46, 388539526, 1048996840, 4, true, (now() at time zone 'utc'), 3852309124, 1);
INSERT INTO current_nodes (id, latitude, longitude, changeset_id, visible, "timestamp", tile, version) VALUES (46, 388539526, 1048996840, 4, true, (now() at time zone 'utc'), 3852309124, 1);
/* create node 47*/
INSERT INTO nodes (node_id, latitude, longitude, changeset_id, visible, "timestamp", tile, version) VALUES (47, 388536248, 1048996935, 4, true, (now() at time zone 'utc'), 3852309121, 1);
INSERT INTO current_nodes (id, latitude, longitude, changeset_id, visible, "timestamp", tile, version) VALUES (47, 388536248, 1048996935, 4, true, (now() at time zone 'utc'), 3852309121, 1);
/* create node 48*/
INSERT INTO nodes (node_id, latitude, longitude, changeset_id, visible, "timestamp", tile, version) VALUES (48, 388532583, 1048997543, 4, true, (now() at time zone 'utc'), 3852309121, 1);
INSERT INTO current_nodes (id, latitude, longitude, changeset_id, visible, "timestamp", tile, version) VALUES (48, 388532583, 1048997543, 4, true, (now() at time zone 'utc'), 3852309121, 1);
/* create node 49*/
INSERT INTO nodes (node_id, latitude, longitude, changeset_id, visible, "timestamp", tile, version) VALUES (49, 388532424, 1048996868, 4, true, (now() at time zone 'utc'), 3852309121, 1);
INSERT INTO current_nodes (id, latitude, longitude, changeset_id, visible, "timestamp", tile, version) VALUES (49, 388532424, 1048996868, 4, true, (now() at time zone 'utc'), 3852309121, 1);
/* create node 50*/
INSERT INTO nodes (node_id, latitude, longitude, changeset_id, visible, "timestamp", tile, version) VALUES (50, 388533001, 1048994529, 4, true, (now() at time zone 'utc'), 3852309121, 1);
INSERT INTO current_nodes (id, latitude, longitude, changeset_id, visible, "timestamp", tile, version) VALUES (50, 388533001, 1048994529, 4, true, (now() at time zone 'utc'), 3852309121, 1);
/* create node 51*/
INSERT INTO nodes (node_id, latitude, longitude, changeset_id, visible, "timestamp", tile, version) VALUES (51, 388533470, 1048993672, 4, true, (now() at time zone 'utc'), 3852309121, 1);
INSERT INTO current_nodes (id, latitude, longitude, changeset_id, visible, "timestamp", tile, version) VALUES (51, 388533470, 1048993672, 4, true, (now() at time zone 'utc'), 3852309121, 1);
/* create node 52*/
INSERT INTO nodes (node_id, latitude, longitude, changeset_id, visible, "timestamp", tile, version) VALUES (52, 388535166, 1048992699, 4, true, (now() at time zone 'utc'), 3852309121, 1);
INSERT INTO current_nodes (id, latitude, longitude, changeset_id, visible, "timestamp", tile, version) VALUES (52, 388535166, 1048992699, 4, true, (now() at time zone 'utc'), 3852309121, 1);
/* create node 53*/
INSERT INTO nodes (node_id, latitude, longitude, changeset_id, visible, "timestamp", tile, version) VALUES (53, 388535689, 1048990568, 4, true, (now() at time zone 'utc'), 3852309035, 1);
INSERT INTO current_nodes (id, latitude, longitude, changeset_id, visible, "timestamp", tile, version) VALUES (53, 388535689, 1048990568, 4, true, (now() at time zone 'utc'), 3852309035, 1);
/* create node 54*/
INSERT INTO nodes (node_id, latitude, longitude, changeset_id, visible, "timestamp", tile, version) VALUES (54, 388535509, 1048988321, 4, true, (now() at time zone 'utc'), 3852309035, 1);
INSERT INTO current_nodes (id, latitude, longitude, changeset_id, visible, "timestamp", tile, version) VALUES (54, 388535509, 1048988321, 4, true, (now() at time zone 'utc'), 3852309035, 1);
/* create node 55*/
INSERT INTO nodes (node_id, latitude, longitude, changeset_id, visible, "timestamp", tile, version) VALUES (55, 388536194, 1048987070, 4, true, (now() at time zone 'utc'), 3852309035, 1);
INSERT INTO current_nodes (id, latitude, longitude, changeset_id, visible, "timestamp", tile, version) VALUES (55, 388536194, 1048987070, 4, true, (now() at time zone 'utc'), 3852309035, 1);
/* create node 56*/
INSERT INTO nodes (node_id, latitude, longitude, changeset_id, visible, "timestamp", tile, version) VALUES (56, 388537204, 1048987233, 4, true, (now() at time zone 'utc'), 3852309035, 1);
INSERT INTO current_nodes (id, latitude, longitude, changeset_id, visible, "timestamp", tile, version) VALUES (56, 388537204, 1048987233, 4, true, (now() at time zone 'utc'), 3852309035, 1);
/* create node 57*/
INSERT INTO nodes (node_id, latitude, longitude, changeset_id, visible, "timestamp", tile, version) VALUES (57, 388539585, 1048989155, 4, true, (now() at time zone 'utc'), 3852309038, 1);
INSERT INTO current_nodes (id, latitude, longitude, changeset_id, visible, "timestamp", tile, version) VALUES (57, 388539585, 1048989155, 4, true, (now() at time zone 'utc'), 3852309038, 1);
/* create node 58*/
INSERT INTO nodes (node_id, latitude, longitude, changeset_id, visible, "timestamp", tile, version) VALUES (58, 388541335, 1048988900, 4, true, (now() at time zone 'utc'), 3852309038, 1);
INSERT INTO current_nodes (id, latitude, longitude, changeset_id, visible, "timestamp", tile, version) VALUES (58, 388541335, 1048988900, 4, true, (now() at time zone 'utc'), 3852309038, 1);
/* create node 59*/
INSERT INTO nodes (node_id, latitude, longitude, changeset_id, visible, "timestamp", tile, version) VALUES (59, 388541768, 1048987070, 4, true, (now() at time zone 'utc'), 3852309038, 1);
INSERT INTO current_nodes (id, latitude, longitude, changeset_id, visible, "timestamp", tile, version) VALUES (59, 388541768, 1048987070, 4, true, (now() at time zone 'utc'), 3852309038, 1);
/* create node 60*/
INSERT INTO nodes (node_id, latitude, longitude, changeset_id, visible, "timestamp", tile, version) VALUES (60, 388542327, 1048983110, 4, true, (now() at time zone 'utc'), 3852309038, 1);
INSERT INTO current_nodes (id, latitude, longitude, changeset_id, visible, "timestamp", tile, version) VALUES (60, 388542327, 1048983110, 4, true, (now() at time zone 'utc'), 3852309038, 1);
/* create node 61*/
INSERT INTO nodes (node_id, latitude, longitude, changeset_id, visible, "timestamp", tile, version) VALUES (61, 388544293, 1048980654, 4, true, (now() at time zone 'utc'), 3852309038, 1);
INSERT INTO current_nodes (id, latitude, longitude, changeset_id, visible, "timestamp", tile, version) VALUES (61, 388544293, 1048980654, 4, true, (now() at time zone 'utc'), 3852309038, 1);
/* create node 62*/
INSERT INTO nodes (node_id, latitude, longitude, changeset_id, visible, "timestamp", tile, version) VALUES (62, 388546043, 1048977759, 4, true, (now() at time zone 'utc'), 3852309038, 1);
INSERT INTO current_nodes (id, latitude, longitude, changeset_id, visible, "timestamp", tile, version) VALUES (62, 388546043, 1048977759, 4, true, (now() at time zone 'utc'), 3852309038, 1);
/* create node 63*/
INSERT INTO nodes (node_id, latitude, longitude, changeset_id, visible, "timestamp", tile, version) VALUES (63, 388547197, 1048973219, 4, true, (now() at time zone 'utc'), 3852309038, 1);
INSERT INTO current_nodes (id, latitude, longitude, changeset_id, visible, "timestamp", tile, version) VALUES (63, 388547197, 1048973219, 4, true, (now() at time zone 'utc'), 3852309038, 1);
/* create node 64*/
INSERT INTO nodes (node_id, latitude, longitude, changeset_id, visible, "timestamp", tile, version) VALUES (64, 388548604, 1048968587, 4, true, (now() at time zone 'utc'), 3852309038, 1);
INSERT INTO current_nodes (id, latitude, longitude, changeset_id, visible, "timestamp", tile, version) VALUES (64, 388548604, 1048968587, 4, true, (now() at time zone 'utc'), 3852309038, 1);
/* create node 65*/
INSERT INTO nodes (node_id, latitude, longitude, changeset_id, visible, "timestamp", tile, version) VALUES (65, 388549019, 1048964394, 4, true, (now() at time zone 'utc'), 3852309038, 1);
INSERT INTO current_nodes (id, latitude, longitude, changeset_id, visible, "timestamp", tile, version) VALUES (65, 388549019, 1048964394, 4, true, (now() at time zone 'utc'), 3852309038, 1);
/* create node 66*/
INSERT INTO nodes (node_id, latitude, longitude, changeset_id, visible, "timestamp", tile, version) VALUES (66, 388549073, 1048961823, 4, true, (now() at time zone 'utc'), 3852309038, 1);
INSERT INTO current_nodes (id, latitude, longitude, changeset_id, visible, "timestamp", tile, version) VALUES (66, 388549073, 1048961823, 4, true, (now() at time zone 'utc'), 3852309038, 1);
/* create node 67*/
INSERT INTO nodes (node_id, latitude, longitude, changeset_id, visible, "timestamp", tile, version) VALUES (67, 388548514, 1049005693, 4, true, (now() at time zone 'utc'), 3852309124, 1);
INSERT INTO current_nodes (id, latitude, longitude, changeset_id, visible, "timestamp", tile, version) VALUES (67, 388548514, 1049005693, 4, true, (now() at time zone 'utc'), 3852309124, 1);
/* create node 68*/
INSERT INTO nodes (node_id, latitude, longitude, changeset_id, visible, "timestamp", tile, version) VALUES (68, 388549290, 1049005253, 4, true, (now() at time zone 'utc'), 3852309124, 1);
INSERT INTO current_nodes (id, latitude, longitude, changeset_id, visible, "timestamp", tile, version) VALUES (68, 388549290, 1049005253, 4, true, (now() at time zone 'utc'), 3852309124, 1);
/* create node 69*/
INSERT INTO nodes (node_id, latitude, longitude, changeset_id, visible, "timestamp", tile, version) VALUES (69, 388548207, 1049008079, 4, true, (now() at time zone 'utc'), 3852309124, 1);
INSERT INTO current_nodes (id, latitude, longitude, changeset_id, visible, "timestamp", tile, version) VALUES (69, 388548207, 1049008079, 4, true, (now() at time zone 'utc'), 3852309124, 1);
/* create node 70*/
INSERT INTO nodes (node_id, latitude, longitude, changeset_id, visible, "timestamp", tile, version) VALUES (70, 388543319, 1049017877, 4, true, (now() at time zone 'utc'), 3852309124, 1);
INSERT INTO current_nodes (id, latitude, longitude, changeset_id, visible, "timestamp", tile, version) VALUES (70, 388543319, 1049017877, 4, true, (now() at time zone 'utc'), 3852309124, 1);
/* create node 71*/
INSERT INTO nodes (node_id, latitude, longitude, changeset_id, visible, "timestamp", tile, version) VALUES (71, 388541299, 1049023065, 4, true, (now() at time zone 'utc'), 3852309124, 1);
INSERT INTO current_nodes (id, latitude, longitude, changeset_id, visible, "timestamp", tile, version) VALUES (71, 388541299, 1049023065, 4, true, (now() at time zone 'utc'), 3852309124, 1);
/* create node 72*/
INSERT INTO nodes (node_id, latitude, longitude, changeset_id, visible, "timestamp", tile, version) VALUES (72, 388540541, 1049024316, 4, true, (now() at time zone 'utc'), 3852309124, 1);
INSERT INTO current_nodes (id, latitude, longitude, changeset_id, visible, "timestamp", tile, version) VALUES (72, 388540541, 1049024316, 4, true, (now() at time zone 'utc'), 3852309124, 1);
/* create way 6*/
INSERT INTO ways (way_id, changeset_id, visible, "timestamp", version) VALUES (6, 4, true, (now() at time zone 'utc'), 1);
INSERT INTO current_ways (id, changeset_id, visible, "timestamp", version) VALUES (6, 4, true, (now() at time zone 'utc'), 1);
INSERT INTO current_way_tags (way_id, k, v) VALUES (6, 'highway', 'road');
INSERT INTO way_tags (way_id, k, v, version) VALUES (6, 'highway', 'road', 1);
INSERT INTO current_way_tags (way_id, k, v) VALUES (6, 'note', '2');
INSERT INTO way_tags (way_id, k, v, version) VALUES (6, 'note', '2', 1);
INSERT INTO way_nodes (way_id, node_id, version, sequence_id) VALUES (6, 40, 1, 1);
INSERT INTO current_way_nodes (way_id, node_id, sequence_id) VALUES (6, 40, 1);
INSERT INTO way_nodes (way_id, node_id, version, sequence_id) VALUES (6, 41, 1, 2);
INSERT INTO current_way_nodes (way_id, node_id, sequence_id) VALUES (6, 41, 2);
INSERT INTO way_nodes (way_id, node_id, version, sequence_id) VALUES (6, 42, 1, 3);
INSERT INTO current_way_nodes (way_id, node_id, sequence_id) VALUES (6, 42, 3);
INSERT INTO way_nodes (way_id, node_id, version, sequence_id) VALUES (6, 45, 1, 4);
INSERT INTO current_way_nodes (way_id, node_id, sequence_id) VALUES (6, 45, 4);
/* create way 7*/
INSERT INTO ways (way_id, changeset_id, visible, "timestamp", version) VALUES (7, 4, true, (now() at time zone 'utc'), 1);
INSERT INTO current_ways (id, changeset_id, visible, "timestamp", version) VALUES (7, 4, true, (now() at time zone 'utc'), 1);
INSERT INTO current_way_tags (way_id, k, v) VALUES (7, 'highway', 'road');
INSERT INTO way_tags (way_id, k, v, version) VALUES (7, 'highway', 'road', 1);
INSERT INTO current_way_tags (way_id, k, v) VALUES (7, 'note', '0');
INSERT INTO way_tags (way_id, k, v, version) VALUES (7, 'note', '0', 1);
INSERT INTO way_nodes (way_id, node_id, version, sequence_id) VALUES (7, 72, 1, 1);
INSERT INTO current_way_nodes (way_id, node_id, sequence_id) VALUES (7, 72, 1);
INSERT INTO way_nodes (way_id, node_id, version, sequence_id) VALUES (7, 71, 1, 2);
INSERT INTO current_way_nodes (way_id, node_id, sequence_id) VALUES (7, 71, 2);
INSERT INTO way_nodes (way_id, node_id, version, sequence_id) VALUES (7, 70, 1, 3);
INSERT INTO current_way_nodes (way_id, node_id, sequence_id) VALUES (7, 70, 3);
INSERT INTO way_nodes (way_id, node_id, version, sequence_id) VALUES (7, 69, 1, 4);
INSERT INTO current_way_nodes (way_id, node_id, sequence_id) VALUES (7, 69, 4);
INSERT INTO way_nodes (way_id, node_id, version, sequence_id) VALUES (7, 68, 1, 5);
INSERT INTO current_way_nodes (way_id, node_id, sequence_id) VALUES (7, 68, 5);
INSERT INTO way_nodes (way_id, node_id, version, sequence_id) VALUES (7, 43, 1, 6);
INSERT INTO current_way_nodes (way_id, node_id, sequence_id) VALUES (7, 43, 6);
INSERT INTO way_nodes (way_id, node_id, version, sequence_id) VALUES (7, 44, 1, 7);
INSERT INTO current_way_nodes (way_id, node_id, sequence_id) VALUES (7, 44, 7);
INSERT INTO way_nodes (way_id, node_id, version, sequence_id) VALUES (7, 45, 1, 8);
INSERT INTO current_way_nodes (way_id, node_id, sequence_id) VALUES (7, 45, 8);
INSERT INTO way_nodes (way_id, node_id, version, sequence_id) VALUES (7, 39, 1, 9);
INSERT INTO current_way_nodes (way_id, node_id, sequence_id) VALUES (7, 39, 9);
INSERT INTO way_nodes (way_id, node_id, version, sequence_id) VALUES (7, 46, 1, 10);
INSERT INTO current_way_nodes (way_id, node_id, sequence_id) VALUES (7, 46, 10);
INSERT INTO way_nodes (way_id, node_id, version, sequence_id) VALUES (7, 47, 1, 11);
INSERT INTO current_way_nodes (way_id, node_id, sequence_id) VALUES (7, 47, 11);
INSERT INTO way_nodes (way_id, node_id, version, sequence_id) VALUES (7, 48, 1, 12);
INSERT INTO current_way_nodes (way_id, node_id, sequence_id) VALUES (7, 48, 12);
INSERT INTO way_nodes (way_id, node_id, version, sequence_id) VALUES (7, 49, 1, 13);
INSERT INTO current_way_nodes (way_id, node_id, sequence_id) VALUES (7, 49, 13);
INSERT INTO way_nodes (way_id, node_id, version, sequence_id) VALUES (7, 50, 1, 14);
INSERT INTO current_way_nodes (way_id, node_id, sequence_id) VALUES (7, 50, 14);
INSERT INTO way_nodes (way_id, node_id, version, sequence_id) VALUES (7, 51, 1, 15);
INSERT INTO current_way_nodes (way_id, node_id, sequence_id) VALUES (7, 51, 15);
INSERT INTO way_nodes (way_id, node_id, version, sequence_id) VALUES (7, 52, 1, 16);
INSERT INTO current_way_nodes (way_id, node_id, sequence_id) VALUES (7, 52, 16);
INSERT INTO way_nodes (way_id, node_id, version, sequence_id) VALUES (7, 53, 1, 17);
INSERT INTO current_way_nodes (way_id, node_id, sequence_id) VALUES (7, 53, 17);
INSERT INTO way_nodes (way_id, node_id, version, sequence_id) VALUES (7, 54, 1, 18);
INSERT INTO current_way_nodes (way_id, node_id, sequence_id) VALUES (7, 54, 18);
INSERT INTO way_nodes (way_id, node_id, version, sequence_id) VALUES (7, 55, 1, 19);
INSERT INTO current_way_nodes (way_id, node_id, sequence_id) VALUES (7, 55, 19);
INSERT INTO way_nodes (way_id, node_id, version, sequence_id) VALUES (7, 56, 1, 20);
INSERT INTO current_way_nodes (way_id, node_id, sequence_id) VALUES (7, 56, 20);
INSERT INTO way_nodes (way_id, node_id, version, sequence_id) VALUES (7, 57, 1, 21);
INSERT INTO current_way_nodes (way_id, node_id, sequence_id) VALUES (7, 57, 21);
INSERT INTO way_nodes (way_id, node_id, version, sequence_id) VALUES (7, 58, 1, 22);
INSERT INTO current_way_nodes (way_id, node_id, sequence_id) VALUES (7, 58, 22);
INSERT INTO way_nodes (way_id, node_id, version, sequence_id) VALUES (7, 59, 1, 23);
INSERT INTO current_way_nodes (way_id, node_id, sequence_id) VALUES (7, 59, 23);
INSERT INTO way_nodes (way_id, node_id, version, sequence_id) VALUES (7, 60, 1, 24);
INSERT INTO current_way_nodes (way_id, node_id, sequence_id) VALUES (7, 60, 24);
INSERT INTO way_nodes (way_id, node_id, version, sequence_id) VALUES (7, 61, 1, 25);
INSERT INTO current_way_nodes (way_id, node_id, sequence_id) VALUES (7, 61, 25);
INSERT INTO way_nodes (way_id, node_id, version, sequence_id) VALUES (7, 62, 1, 26);
INSERT INTO current_way_nodes (way_id, node_id, sequence_id) VALUES (7, 62, 26);
INSERT INTO way_nodes (way_id, node_id, version, sequence_id) VALUES (7, 63, 1, 27);
INSERT INTO current_way_nodes (way_id, node_id, sequence_id) VALUES (7, 63, 27);
INSERT INTO way_nodes (way_id, node_id, version, sequence_id) VALUES (7, 64, 1, 28);
INSERT INTO current_way_nodes (way_id, node_id, sequence_id) VALUES (7, 64, 28);
INSERT INTO way_nodes (way_id, node_id, version, sequence_id) VALUES (7, 65, 1, 29);
INSERT INTO current_way_nodes (way_id, node_id, sequence_id) VALUES (7, 65, 29);
INSERT INTO way_nodes (way_id, node_id, version, sequence_id) VALUES (7, 66, 1, 30);
INSERT INTO current_way_nodes (way_id, node_id, sequence_id) VALUES (7, 66, 30);
/* create way 8*/
INSERT INTO ways (way_id, changeset_id, visible, "timestamp", version) VALUES (8, 4, true, (now() at time zone 'utc'), 1);
INSERT INTO current_ways (id, changeset_id, visible, "timestamp", version) VALUES (8, 4, true, (now() at time zone 'utc'), 1);
INSERT INTO current_way_tags (way_id, k, v) VALUES (8, 'highway', 'road');
INSERT INTO way_tags (way_id, k, v, version) VALUES (8, 'highway', 'road', 1);
INSERT INTO current_way_tags (way_id, k, v) VALUES (8, 'note', '3');
INSERT INTO way_tags (way_id, k, v, version) VALUES (8, 'note', '3', 1);
INSERT INTO way_nodes (way_id, node_id, version, sequence_id) VALUES (8, 42, 1, 1);
INSERT INTO current_way_nodes (way_id, node_id, sequence_id) VALUES (8, 42, 1);
INSERT INTO way_nodes (way_id, node_id, version, sequence_id) VALUES (8, 67, 1, 2);
INSERT INTO current_way_nodes (way_id, node_id, sequence_id) VALUES (8, 67, 2);
INSERT INTO way_nodes (way_id, node_id, version, sequence_id) VALUES (8, 68, 1, 3);
INSERT INTO current_way_nodes (way_id, node_id, sequence_id) VALUES (8, 68, 3);
UPDATE changesets SET min_lat=388532424, max_lat=388549614, min_lon=1048961823, max_lon=1049024316, num_changes=37 WHERE id=4;
