INSERT INTO changesets (id, user_id, created_at, closed_at) VALUES (3, 1, (now() at time zone 'utc'), (now() at time zone 'utc'));
INSERT INTO changeset_tags (changeset_id, k, v) VALUES (3, 'written_by', 'Hootenanny');
/* create node 45*/
INSERT INTO nodes (node_id, latitude, longitude, changeset_id, visible, "timestamp", tile, version) VALUES (45, 311801012, 340526027, 3, true, (now() at time zone 'utc'), 3335527272, 1);
INSERT INTO current_nodes (id, latitude, longitude, changeset_id, visible, "timestamp", tile, version) VALUES (45, 311801012, 340526027, 3, true, (now() at time zone 'utc'), 3335527272, 1);
INSERT INTO current_node_tags (node_id, k, v) VALUES (45, 'hoot:id', '45');
INSERT INTO node_tags (node_id, k, v, version) VALUES (45, 'hoot:id', '45', 1);
INSERT INTO current_node_tags (node_id, k, v) VALUES (45, 'hoot:status', '2');
INSERT INTO node_tags (node_id, k, v, version) VALUES (45, 'hoot:status', '2', 1);
INSERT INTO current_node_tags (node_id, k, v) VALUES (45, 'hoot', 'blank');
INSERT INTO node_tags (node_id, k, v, version) VALUES (45, 'hoot', 'blank', 1);
/* create node 47*/
INSERT INTO nodes (node_id, latitude, longitude, changeset_id, visible, "timestamp", tile, version) VALUES (47, 311806916, 340508148, 3, true, (now() at time zone 'utc'), 3335527272, 1);
INSERT INTO current_nodes (id, latitude, longitude, changeset_id, visible, "timestamp", tile, version) VALUES (47, 311806916, 340508148, 3, true, (now() at time zone 'utc'), 3335527272, 1);
INSERT INTO current_node_tags (node_id, k, v) VALUES (47, 'hoot:id', '47');
INSERT INTO node_tags (node_id, k, v, version) VALUES (47, 'hoot:id', '47', 1);
INSERT INTO current_node_tags (node_id, k, v) VALUES (47, 'hoot:status', '2');
INSERT INTO node_tags (node_id, k, v, version) VALUES (47, 'hoot:status', '2', 1);
INSERT INTO current_node_tags (node_id, k, v) VALUES (47, 'hoot', 'blank');
INSERT INTO node_tags (node_id, k, v, version) VALUES (47, 'hoot', 'blank', 1);
/* create node 50*/
INSERT INTO nodes (node_id, latitude, longitude, changeset_id, visible, "timestamp", tile, version) VALUES (50, 311821476, 340507316, 3, true, (now() at time zone 'utc'), 3335527272, 1);
INSERT INTO current_nodes (id, latitude, longitude, changeset_id, visible, "timestamp", tile, version) VALUES (50, 311821476, 340507316, 3, true, (now() at time zone 'utc'), 3335527272, 1);
INSERT INTO current_node_tags (node_id, k, v) VALUES (50, 'hoot:id', '50');
INSERT INTO node_tags (node_id, k, v, version) VALUES (50, 'hoot:id', '50', 1);
INSERT INTO current_node_tags (node_id, k, v) VALUES (50, 'hoot:status', '2');
INSERT INTO node_tags (node_id, k, v, version) VALUES (50, 'hoot:status', '2', 1);
INSERT INTO current_node_tags (node_id, k, v) VALUES (50, 'hoot', 'blank');
INSERT INTO node_tags (node_id, k, v, version) VALUES (50, 'hoot', 'blank', 1);
/* create node 51*/
INSERT INTO nodes (node_id, latitude, longitude, changeset_id, visible, "timestamp", tile, version) VALUES (51, 311832952, 340565418, 3, true, (now() at time zone 'utc'), 3335527275, 1);
INSERT INTO current_nodes (id, latitude, longitude, changeset_id, visible, "timestamp", tile, version) VALUES (51, 311832952, 340565418, 3, true, (now() at time zone 'utc'), 3335527275, 1);
INSERT INTO current_node_tags (node_id, k, v) VALUES (51, 'hoot:id', '51');
INSERT INTO node_tags (node_id, k, v, version) VALUES (51, 'hoot:id', '51', 1);
INSERT INTO current_node_tags (node_id, k, v) VALUES (51, 'hoot:status', '2');
INSERT INTO node_tags (node_id, k, v, version) VALUES (51, 'hoot:status', '2', 1);
/* create node 52*/
INSERT INTO nodes (node_id, latitude, longitude, changeset_id, visible, "timestamp", tile, version) VALUES (52, 311816708, 340482519, 3, true, (now() at time zone 'utc'), 3335527272, 1);
INSERT INTO current_nodes (id, latitude, longitude, changeset_id, visible, "timestamp", tile, version) VALUES (52, 311816708, 340482519, 3, true, (now() at time zone 'utc'), 3335527272, 1);
INSERT INTO current_node_tags (node_id, k, v) VALUES (52, 'hoot:id', '52');
INSERT INTO node_tags (node_id, k, v, version) VALUES (52, 'hoot:id', '52', 1);
INSERT INTO current_node_tags (node_id, k, v) VALUES (52, 'hoot:status', '2');
INSERT INTO node_tags (node_id, k, v, version) VALUES (52, 'hoot:status', '2', 1);
/* create node 53*/
INSERT INTO nodes (node_id, latitude, longitude, changeset_id, visible, "timestamp", tile, version) VALUES (53, 311815647, 340472592, 3, true, (now() at time zone 'utc'), 3335527272, 1);
INSERT INTO current_nodes (id, latitude, longitude, changeset_id, visible, "timestamp", tile, version) VALUES (53, 311815647, 340472592, 3, true, (now() at time zone 'utc'), 3335527272, 1);
INSERT INTO current_node_tags (node_id, k, v) VALUES (53, 'hoot:id', '53');
INSERT INTO node_tags (node_id, k, v, version) VALUES (53, 'hoot:id', '53', 1);
INSERT INTO current_node_tags (node_id, k, v) VALUES (53, 'hoot:status', '2');
INSERT INTO node_tags (node_id, k, v, version) VALUES (53, 'hoot:status', '2', 1);
/* create node 54*/
INSERT INTO nodes (node_id, latitude, longitude, changeset_id, visible, "timestamp", tile, version) VALUES (54, 311790696, 340528372, 3, true, (now() at time zone 'utc'), 3335527231, 1);
INSERT INTO current_nodes (id, latitude, longitude, changeset_id, visible, "timestamp", tile, version) VALUES (54, 311790696, 340528372, 3, true, (now() at time zone 'utc'), 3335527231, 1);
INSERT INTO current_node_tags (node_id, k, v) VALUES (54, 'hoot:id', '54');
INSERT INTO node_tags (node_id, k, v, version) VALUES (54, 'hoot:id', '54', 1);
INSERT INTO current_node_tags (node_id, k, v) VALUES (54, 'hoot:status', '2');
INSERT INTO node_tags (node_id, k, v, version) VALUES (54, 'hoot:status', '2', 1);
INSERT INTO current_node_tags (node_id, k, v) VALUES (54, 'hoot', 'blank');
INSERT INTO node_tags (node_id, k, v, version) VALUES (54, 'hoot', 'blank', 1);
/* create node 55*/
INSERT INTO nodes (node_id, latitude, longitude, changeset_id, visible, "timestamp", tile, version) VALUES (55, 311806942, 340508435, 3, true, (now() at time zone 'utc'), 3335527272, 1);
INSERT INTO current_nodes (id, latitude, longitude, changeset_id, visible, "timestamp", tile, version) VALUES (55, 311806942, 340508435, 3, true, (now() at time zone 'utc'), 3335527272, 1);
INSERT INTO current_node_tags (node_id, k, v) VALUES (55, 'hoot:id', '55');
INSERT INTO node_tags (node_id, k, v, version) VALUES (55, 'hoot:id', '55', 1);
INSERT INTO current_node_tags (node_id, k, v) VALUES (55, 'hoot:status', '1');
INSERT INTO node_tags (node_id, k, v, version) VALUES (55, 'hoot:status', '1', 1);
/* create node 56*/
INSERT INTO nodes (node_id, latitude, longitude, changeset_id, visible, "timestamp", tile, version) VALUES (56, 311798582, 340563643, 3, true, (now() at time zone 'utc'), 3335527274, 1);
INSERT INTO current_nodes (id, latitude, longitude, changeset_id, visible, "timestamp", tile, version) VALUES (56, 311798582, 340563643, 3, true, (now() at time zone 'utc'), 3335527274, 1);
INSERT INTO current_node_tags (node_id, k, v) VALUES (56, 'hoot:id', '56');
INSERT INTO node_tags (node_id, k, v, version) VALUES (56, 'hoot:id', '56', 1);
INSERT INTO current_node_tags (node_id, k, v) VALUES (56, 'hoot:status', '1');
INSERT INTO node_tags (node_id, k, v, version) VALUES (56, 'hoot:status', '1', 1);
/* create node 57*/
INSERT INTO nodes (node_id, latitude, longitude, changeset_id, visible, "timestamp", tile, version) VALUES (57, 311798141, 340513880, 3, true, (now() at time zone 'utc'), 3335527272, 1);
INSERT INTO current_nodes (id, latitude, longitude, changeset_id, visible, "timestamp", tile, version) VALUES (57, 311798141, 340513880, 3, true, (now() at time zone 'utc'), 3335527272, 1);
INSERT INTO current_node_tags (node_id, k, v) VALUES (57, 'hoot:id', '57');
INSERT INTO node_tags (node_id, k, v, version) VALUES (57, 'hoot:id', '57', 1);
INSERT INTO current_node_tags (node_id, k, v) VALUES (57, 'hoot:status', '1');
INSERT INTO node_tags (node_id, k, v, version) VALUES (57, 'hoot:status', '1', 1);
/* create node 58*/
INSERT INTO nodes (node_id, latitude, longitude, changeset_id, visible, "timestamp", tile, version) VALUES (58, 311790644, 340528071, 3, true, (now() at time zone 'utc'), 3335527231, 1);
INSERT INTO current_nodes (id, latitude, longitude, changeset_id, visible, "timestamp", tile, version) VALUES (58, 311790644, 340528071, 3, true, (now() at time zone 'utc'), 3335527231, 1);
INSERT INTO current_node_tags (node_id, k, v) VALUES (58, 'hoot:id', '58');
INSERT INTO node_tags (node_id, k, v, version) VALUES (58, 'hoot:id', '58', 1);
INSERT INTO current_node_tags (node_id, k, v) VALUES (58, 'hoot:status', '1');
INSERT INTO node_tags (node_id, k, v, version) VALUES (58, 'hoot:status', '1', 1);
/* create node 59*/
INSERT INTO nodes (node_id, latitude, longitude, changeset_id, visible, "timestamp", tile, version) VALUES (59, 311800186, 340525847, 3, true, (now() at time zone 'utc'), 3335527272, 1);
INSERT INTO current_nodes (id, latitude, longitude, changeset_id, visible, "timestamp", tile, version) VALUES (59, 311800186, 340525847, 3, true, (now() at time zone 'utc'), 3335527272, 1);
INSERT INTO current_node_tags (node_id, k, v) VALUES (59, 'hoot:id', '59');
INSERT INTO node_tags (node_id, k, v, version) VALUES (59, 'hoot:id', '59', 1);
INSERT INTO current_node_tags (node_id, k, v) VALUES (59, 'hoot:status', '1');
INSERT INTO node_tags (node_id, k, v, version) VALUES (59, 'hoot:status', '1', 1);
/* modify way 10*/
INSERT INTO ways (way_id, changeset_id, visible, "timestamp", version) VALUES (10, 3, true, (now() at time zone 'utc'), 2);
UPDATE current_ways SET changeset_id=3, visible=true, "timestamp"=(now() at time zone 'utc'), version=2 WHERE id=10;
DELETE FROM current_way_tags WHERE way_id = 10;
DELETE FROM way_tags WHERE way_id = 10;
INSERT INTO current_way_tags (way_id, k, v) VALUES (10, 'hoot:id', '10');
INSERT INTO way_tags (way_id, k, v, version) VALUES (10, 'hoot:id', '10', 2);
INSERT INTO current_way_tags (way_id, k, v) VALUES (10, 'hoot:status', '3');
INSERT INTO way_tags (way_id, k, v, version) VALUES (10, 'hoot:status', '3', 2);
INSERT INTO current_way_tags (way_id, k, v) VALUES (10, 'source', 'Bing');
INSERT INTO way_tags (way_id, k, v, version) VALUES (10, 'source', 'Bing', 2);
INSERT INTO current_way_tags (way_id, k, v) VALUES (10, 'highway', 'unclassified');
INSERT INTO way_tags (way_id, k, v, version) VALUES (10, 'highway', 'unclassified', 2);
INSERT INTO current_way_tags (way_id, k, v) VALUES (10, 'source:datetime', '2016-08-06T20:08:03Z');
INSERT INTO way_tags (way_id, k, v, version) VALUES (10, 'source:datetime', '2016-08-06T20:08:03Z', 2);
DELETE FROM current_way_nodes WHERE way_id = 10;
DELETE FROM way_nodes WHERE way_id = 10;
INSERT INTO way_nodes (way_id, node_id, version, sequence_id) VALUES (10, 15, 1, 1);
INSERT INTO current_way_nodes (way_id, node_id, sequence_id) VALUES (10, 15, 1);
INSERT INTO way_nodes (way_id, node_id, version, sequence_id) VALUES (10, 56, 1, 2);
INSERT INTO current_way_nodes (way_id, node_id, sequence_id) VALUES (10, 56, 2);
/* modify way 17*/
INSERT INTO ways (way_id, changeset_id, visible, "timestamp", version) VALUES (17, 3, true, (now() at time zone 'utc'), 2);
UPDATE current_ways SET changeset_id=3, visible=true, "timestamp"=(now() at time zone 'utc'), version=2 WHERE id=17;
DELETE FROM current_way_tags WHERE way_id = 17;
DELETE FROM way_tags WHERE way_id = 17;
INSERT INTO current_way_tags (way_id, k, v) VALUES (17, 'hoot:id', '17');
INSERT INTO way_tags (way_id, k, v, version) VALUES (17, 'hoot:id', '17', 2);
INSERT INTO current_way_tags (way_id, k, v) VALUES (17, 'hoot:status', '3');
INSERT INTO way_tags (way_id, k, v, version) VALUES (17, 'hoot:status', '3', 2);
INSERT INTO current_way_tags (way_id, k, v) VALUES (17, 'source', 'digitalglobe');
INSERT INTO way_tags (way_id, k, v, version) VALUES (17, 'source', 'digitalglobe', 2);
INSERT INTO current_way_tags (way_id, k, v) VALUES (17, 'highway', 'residential');
INSERT INTO way_tags (way_id, k, v, version) VALUES (17, 'highway', 'residential', 2);
INSERT INTO current_way_tags (way_id, k, v) VALUES (17, 'source:datetime', '2016-05-02T23:46:09Z');
INSERT INTO way_tags (way_id, k, v, version) VALUES (17, 'source:datetime', '2016-05-02T23:46:09Z', 2);
DELETE FROM current_way_nodes WHERE way_id = 17;
DELETE FROM way_nodes WHERE way_id = 17;
INSERT INTO way_nodes (way_id, node_id, version, sequence_id) VALUES (17, 57, 1, 1);
INSERT INTO current_way_nodes (way_id, node_id, sequence_id) VALUES (17, 57, 1);
INSERT INTO way_nodes (way_id, node_id, version, sequence_id) VALUES (17, 39, 1, 2);
INSERT INTO current_way_nodes (way_id, node_id, sequence_id) VALUES (17, 39, 2);
INSERT INTO way_nodes (way_id, node_id, version, sequence_id) VALUES (17, 5, 1, 3);
INSERT INTO current_way_nodes (way_id, node_id, sequence_id) VALUES (17, 5, 3);
/* modify way 19*/
INSERT INTO ways (way_id, changeset_id, visible, "timestamp", version) VALUES (19, 3, true, (now() at time zone 'utc'), 2);
UPDATE current_ways SET changeset_id=3, visible=true, "timestamp"=(now() at time zone 'utc'), version=2 WHERE id=19;
DELETE FROM current_way_tags WHERE way_id = 19;
DELETE FROM way_tags WHERE way_id = 19;
INSERT INTO current_way_tags (way_id, k, v) VALUES (19, 'hoot:id', '19');
INSERT INTO way_tags (way_id, k, v, version) VALUES (19, 'hoot:id', '19', 2);
INSERT INTO current_way_tags (way_id, k, v) VALUES (19, 'hoot:status', '3');
INSERT INTO way_tags (way_id, k, v, version) VALUES (19, 'hoot:status', '3', 2);
INSERT INTO current_way_tags (way_id, k, v) VALUES (19, 'source', 'digitalglobe');
INSERT INTO way_tags (way_id, k, v, version) VALUES (19, 'source', 'digitalglobe', 2);
INSERT INTO current_way_tags (way_id, k, v) VALUES (19, 'highway', 'residential');
INSERT INTO way_tags (way_id, k, v, version) VALUES (19, 'highway', 'residential', 2);
INSERT INTO current_way_tags (way_id, k, v) VALUES (19, 'source:datetime', '2016-05-02T23:46:09Z');
INSERT INTO way_tags (way_id, k, v, version) VALUES (19, 'source:datetime', '2016-05-02T23:46:09Z', 2);
DELETE FROM current_way_nodes WHERE way_id = 19;
DELETE FROM way_nodes WHERE way_id = 19;
INSERT INTO way_nodes (way_id, node_id, version, sequence_id) VALUES (19, 59, 1, 1);
INSERT INTO current_way_nodes (way_id, node_id, sequence_id) VALUES (19, 59, 1);
INSERT INTO way_nodes (way_id, node_id, version, sequence_id) VALUES (19, 58, 1, 2);
INSERT INTO current_way_nodes (way_id, node_id, sequence_id) VALUES (19, 58, 2);
/* create way 24*/
INSERT INTO ways (way_id, changeset_id, visible, "timestamp", version) VALUES (24, 3, true, (now() at time zone 'utc'), 1);
INSERT INTO current_ways (id, changeset_id, visible, "timestamp", version) VALUES (24, 3, true, (now() at time zone 'utc'), 1);
INSERT INTO current_way_tags (way_id, k, v) VALUES (24, 'hoot:id', '24');
INSERT INTO way_tags (way_id, k, v, version) VALUES (24, 'hoot:id', '24', 1);
INSERT INTO current_way_tags (way_id, k, v) VALUES (24, 'hoot:status', '2');
INSERT INTO way_tags (way_id, k, v, version) VALUES (24, 'hoot:status', '2', 1);
INSERT INTO current_way_tags (way_id, k, v) VALUES (24, 'highway', 'road');
INSERT INTO way_tags (way_id, k, v, version) VALUES (24, 'highway', 'road', 1);
INSERT INTO way_nodes (way_id, node_id, version, sequence_id) VALUES (24, 50, 1, 1);
INSERT INTO current_way_nodes (way_id, node_id, sequence_id) VALUES (24, 50, 1);
INSERT INTO way_nodes (way_id, node_id, version, sequence_id) VALUES (24, 51, 1, 2);
INSERT INTO current_way_nodes (way_id, node_id, sequence_id) VALUES (24, 51, 2);
/* create way 25*/
INSERT INTO ways (way_id, changeset_id, visible, "timestamp", version) VALUES (25, 3, true, (now() at time zone 'utc'), 1);
INSERT INTO current_ways (id, changeset_id, visible, "timestamp", version) VALUES (25, 3, true, (now() at time zone 'utc'), 1);
INSERT INTO current_way_tags (way_id, k, v) VALUES (25, 'hoot:id', '25');
INSERT INTO way_tags (way_id, k, v, version) VALUES (25, 'hoot:id', '25', 1);
INSERT INTO current_way_tags (way_id, k, v) VALUES (25, 'hoot:status', '2');
INSERT INTO way_tags (way_id, k, v, version) VALUES (25, 'hoot:status', '2', 1);
INSERT INTO current_way_tags (way_id, k, v) VALUES (25, 'highway', 'road');
INSERT INTO way_tags (way_id, k, v, version) VALUES (25, 'highway', 'road', 1);
INSERT INTO way_nodes (way_id, node_id, version, sequence_id) VALUES (25, 53, 1, 1);
INSERT INTO current_way_nodes (way_id, node_id, sequence_id) VALUES (25, 53, 1);
INSERT INTO way_nodes (way_id, node_id, version, sequence_id) VALUES (25, 52, 1, 2);
INSERT INTO current_way_nodes (way_id, node_id, sequence_id) VALUES (25, 52, 2);
INSERT INTO way_nodes (way_id, node_id, version, sequence_id) VALUES (25, 50, 1, 3);
INSERT INTO current_way_nodes (way_id, node_id, sequence_id) VALUES (25, 50, 3);
/* create way 26*/
INSERT INTO ways (way_id, changeset_id, visible, "timestamp", version) VALUES (26, 3, true, (now() at time zone 'utc'), 1);
INSERT INTO current_ways (id, changeset_id, visible, "timestamp", version) VALUES (26, 3, true, (now() at time zone 'utc'), 1);
INSERT INTO current_way_tags (way_id, k, v) VALUES (26, 'hoot:id', '26');
INSERT INTO way_tags (way_id, k, v, version) VALUES (26, 'hoot:id', '26', 1);
INSERT INTO current_way_tags (way_id, k, v) VALUES (26, 'hoot:status', '1');
INSERT INTO way_tags (way_id, k, v, version) VALUES (26, 'hoot:status', '1', 1);
INSERT INTO current_way_tags (way_id, k, v) VALUES (26, 'source', 'Bing');
INSERT INTO way_tags (way_id, k, v, version) VALUES (26, 'source', 'Bing', 1);
INSERT INTO current_way_tags (way_id, k, v) VALUES (26, 'highway', 'unclassified');
INSERT INTO way_tags (way_id, k, v, version) VALUES (26, 'highway', 'unclassified', 1);
INSERT INTO current_way_tags (way_id, k, v) VALUES (26, 'source:datetime', '2016-08-06T20:08:03Z');
INSERT INTO way_tags (way_id, k, v, version) VALUES (26, 'source:datetime', '2016-08-06T20:08:03Z', 1);
INSERT INTO way_nodes (way_id, node_id, version, sequence_id) VALUES (26, 30, 1, 1);
INSERT INTO current_way_nodes (way_id, node_id, sequence_id) VALUES (26, 30, 1);
INSERT INTO way_nodes (way_id, node_id, version, sequence_id) VALUES (26, 12, 1, 2);
INSERT INTO current_way_nodes (way_id, node_id, sequence_id) VALUES (26, 12, 2);
INSERT INTO way_nodes (way_id, node_id, version, sequence_id) VALUES (26, 28, 1, 3);
INSERT INTO current_way_nodes (way_id, node_id, sequence_id) VALUES (26, 28, 3);
INSERT INTO way_nodes (way_id, node_id, version, sequence_id) VALUES (26, 14, 1, 4);
INSERT INTO current_way_nodes (way_id, node_id, sequence_id) VALUES (26, 14, 4);
/* create way 27*/
INSERT INTO ways (way_id, changeset_id, visible, "timestamp", version) VALUES (27, 3, true, (now() at time zone 'utc'), 1);
INSERT INTO current_ways (id, changeset_id, visible, "timestamp", version) VALUES (27, 3, true, (now() at time zone 'utc'), 1);
INSERT INTO current_way_tags (way_id, k, v) VALUES (27, 'hoot:id', '27');
INSERT INTO way_tags (way_id, k, v, version) VALUES (27, 'hoot:id', '27', 1);
INSERT INTO current_way_tags (way_id, k, v) VALUES (27, 'hoot:status', '3');
INSERT INTO way_tags (way_id, k, v, version) VALUES (27, 'hoot:status', '3', 1);
INSERT INTO current_way_tags (way_id, k, v) VALUES (27, 'source', 'Bing');
INSERT INTO way_tags (way_id, k, v, version) VALUES (27, 'source', 'Bing', 1);
INSERT INTO current_way_tags (way_id, k, v) VALUES (27, 'highway', 'unclassified');
INSERT INTO way_tags (way_id, k, v, version) VALUES (27, 'highway', 'unclassified', 1);
INSERT INTO current_way_tags (way_id, k, v) VALUES (27, 'source:datetime', '2016-08-06T20:08:03Z');
INSERT INTO way_tags (way_id, k, v, version) VALUES (27, 'source:datetime', '2016-08-06T20:08:03Z', 1);
INSERT INTO way_nodes (way_id, node_id, version, sequence_id) VALUES (27, 10, 1, 1);
INSERT INTO current_way_nodes (way_id, node_id, sequence_id) VALUES (27, 10, 1);
INSERT INTO way_nodes (way_id, node_id, version, sequence_id) VALUES (27, 26, 1, 2);
INSERT INTO current_way_nodes (way_id, node_id, sequence_id) VALUES (27, 26, 2);
INSERT INTO way_nodes (way_id, node_id, version, sequence_id) VALUES (27, 30, 1, 3);
INSERT INTO current_way_nodes (way_id, node_id, sequence_id) VALUES (27, 30, 3);
/* create way 28*/
INSERT INTO ways (way_id, changeset_id, visible, "timestamp", version) VALUES (28, 3, true, (now() at time zone 'utc'), 1);
INSERT INTO current_ways (id, changeset_id, visible, "timestamp", version) VALUES (28, 3, true, (now() at time zone 'utc'), 1);
INSERT INTO current_way_tags (way_id, k, v) VALUES (28, 'hoot:id', '28');
INSERT INTO way_tags (way_id, k, v, version) VALUES (28, 'hoot:id', '28', 1);
INSERT INTO current_way_tags (way_id, k, v) VALUES (28, 'hoot:status', '3');
INSERT INTO way_tags (way_id, k, v, version) VALUES (28, 'hoot:status', '3', 1);
INSERT INTO current_way_tags (way_id, k, v) VALUES (28, 'source', 'Bing');
INSERT INTO way_tags (way_id, k, v, version) VALUES (28, 'source', 'Bing', 1);
INSERT INTO current_way_tags (way_id, k, v) VALUES (28, 'highway', 'unclassified');
INSERT INTO way_tags (way_id, k, v, version) VALUES (28, 'highway', 'unclassified', 1);
INSERT INTO current_way_tags (way_id, k, v) VALUES (28, 'source:datetime', '2016-08-06T20:08:03Z');
INSERT INTO way_tags (way_id, k, v, version) VALUES (28, 'source:datetime', '2016-08-06T20:08:03Z', 1);
INSERT INTO way_nodes (way_id, node_id, version, sequence_id) VALUES (28, 56, 1, 1);
INSERT INTO current_way_nodes (way_id, node_id, sequence_id) VALUES (28, 56, 1);
INSERT INTO way_nodes (way_id, node_id, version, sequence_id) VALUES (28, 25, 1, 2);
INSERT INTO current_way_nodes (way_id, node_id, sequence_id) VALUES (28, 25, 2);
INSERT INTO way_nodes (way_id, node_id, version, sequence_id) VALUES (28, 31, 1, 3);
INSERT INTO current_way_nodes (way_id, node_id, sequence_id) VALUES (28, 31, 3);
INSERT INTO way_nodes (way_id, node_id, version, sequence_id) VALUES (28, 10, 1, 4);
INSERT INTO current_way_nodes (way_id, node_id, sequence_id) VALUES (28, 10, 4);
/* create way 29*/
INSERT INTO ways (way_id, changeset_id, visible, "timestamp", version) VALUES (29, 3, true, (now() at time zone 'utc'), 1);
INSERT INTO current_ways (id, changeset_id, visible, "timestamp", version) VALUES (29, 3, true, (now() at time zone 'utc'), 1);
INSERT INTO current_way_tags (way_id, k, v) VALUES (29, 'hoot:id', '29');
INSERT INTO way_tags (way_id, k, v, version) VALUES (29, 'hoot:id', '29', 1);
INSERT INTO current_way_tags (way_id, k, v) VALUES (29, 'hoot:status', '2');
INSERT INTO way_tags (way_id, k, v, version) VALUES (29, 'hoot:status', '2', 1);
INSERT INTO current_way_tags (way_id, k, v) VALUES (29, 'highway', 'road');
INSERT INTO way_tags (way_id, k, v, version) VALUES (29, 'highway', 'road', 1);
INSERT INTO way_nodes (way_id, node_id, version, sequence_id) VALUES (29, 57, 1, 1);
INSERT INTO current_way_nodes (way_id, node_id, sequence_id) VALUES (29, 57, 1);
INSERT INTO way_nodes (way_id, node_id, version, sequence_id) VALUES (29, 45, 1, 2);
INSERT INTO current_way_nodes (way_id, node_id, sequence_id) VALUES (29, 45, 2);
INSERT INTO way_nodes (way_id, node_id, version, sequence_id) VALUES (29, 59, 1, 3);
INSERT INTO current_way_nodes (way_id, node_id, sequence_id) VALUES (29, 59, 3);
/* create way 30*/
INSERT INTO ways (way_id, changeset_id, visible, "timestamp", version) VALUES (30, 3, true, (now() at time zone 'utc'), 1);
INSERT INTO current_ways (id, changeset_id, visible, "timestamp", version) VALUES (30, 3, true, (now() at time zone 'utc'), 1);
INSERT INTO current_way_tags (way_id, k, v) VALUES (30, 'hoot:id', '30');
INSERT INTO way_tags (way_id, k, v, version) VALUES (30, 'hoot:id', '30', 1);
INSERT INTO current_way_tags (way_id, k, v) VALUES (30, 'hoot:status', '3');
INSERT INTO way_tags (way_id, k, v, version) VALUES (30, 'hoot:status', '3', 1);
INSERT INTO current_way_tags (way_id, k, v) VALUES (30, 'source', 'digitalglobe');
INSERT INTO way_tags (way_id, k, v, version) VALUES (30, 'source', 'digitalglobe', 1);
INSERT INTO current_way_tags (way_id, k, v) VALUES (30, 'highway', 'residential');
INSERT INTO way_tags (way_id, k, v, version) VALUES (30, 'highway', 'residential', 1);
INSERT INTO current_way_tags (way_id, k, v) VALUES (30, 'source:datetime', '2016-05-02T23:46:09Z');
INSERT INTO way_tags (way_id, k, v, version) VALUES (30, 'source:datetime', '2016-05-02T23:46:09Z', 1);
INSERT INTO way_nodes (way_id, node_id, version, sequence_id) VALUES (30, 6, 1, 1);
INSERT INTO current_way_nodes (way_id, node_id, sequence_id) VALUES (30, 6, 1);
INSERT INTO way_nodes (way_id, node_id, version, sequence_id) VALUES (30, 57, 1, 2);
INSERT INTO current_way_nodes (way_id, node_id, sequence_id) VALUES (30, 57, 2);
/* create way 31*/
INSERT INTO ways (way_id, changeset_id, visible, "timestamp", version) VALUES (31, 3, true, (now() at time zone 'utc'), 1);
INSERT INTO current_ways (id, changeset_id, visible, "timestamp", version) VALUES (31, 3, true, (now() at time zone 'utc'), 1);
INSERT INTO current_way_tags (way_id, k, v) VALUES (31, 'hoot:id', '31');
INSERT INTO way_tags (way_id, k, v, version) VALUES (31, 'hoot:id', '31', 1);
INSERT INTO current_way_tags (way_id, k, v) VALUES (31, 'hoot:status', '1');
INSERT INTO way_tags (way_id, k, v, version) VALUES (31, 'hoot:status', '1', 1);
INSERT INTO current_way_tags (way_id, k, v) VALUES (31, 'source', 'digitalglobe');
INSERT INTO way_tags (way_id, k, v, version) VALUES (31, 'source', 'digitalglobe', 1);
INSERT INTO current_way_tags (way_id, k, v) VALUES (31, 'highway', 'residential');
INSERT INTO way_tags (way_id, k, v, version) VALUES (31, 'highway', 'residential', 1);
INSERT INTO current_way_tags (way_id, k, v) VALUES (31, 'source:datetime', '2016-05-02T23:46:09Z');
INSERT INTO way_tags (way_id, k, v, version) VALUES (31, 'source:datetime', '2016-05-02T23:46:09Z', 1);
INSERT INTO way_nodes (way_id, node_id, version, sequence_id) VALUES (31, 58, 1, 1);
INSERT INTO current_way_nodes (way_id, node_id, sequence_id) VALUES (31, 58, 1);
INSERT INTO way_nodes (way_id, node_id, version, sequence_id) VALUES (31, 30, 1, 2);
INSERT INTO current_way_nodes (way_id, node_id, sequence_id) VALUES (31, 30, 2);
/* create way 32*/
INSERT INTO ways (way_id, changeset_id, visible, "timestamp", version) VALUES (32, 3, true, (now() at time zone 'utc'), 1);
INSERT INTO current_ways (id, changeset_id, visible, "timestamp", version) VALUES (32, 3, true, (now() at time zone 'utc'), 1);
INSERT INTO current_way_tags (way_id, k, v) VALUES (32, 'hoot:id', '32');
INSERT INTO way_tags (way_id, k, v, version) VALUES (32, 'hoot:id', '32', 1);
INSERT INTO current_way_tags (way_id, k, v) VALUES (32, 'hoot:status', '1');
INSERT INTO way_tags (way_id, k, v, version) VALUES (32, 'hoot:status', '1', 1);
INSERT INTO current_way_tags (way_id, k, v) VALUES (32, 'source', 'digitalglobe');
INSERT INTO way_tags (way_id, k, v, version) VALUES (32, 'source', 'digitalglobe', 1);
INSERT INTO current_way_tags (way_id, k, v) VALUES (32, 'highway', 'residential');
INSERT INTO way_tags (way_id, k, v, version) VALUES (32, 'highway', 'residential', 1);
INSERT INTO current_way_tags (way_id, k, v) VALUES (32, 'source:datetime', '2016-05-02T23:46:09Z');
INSERT INTO way_tags (way_id, k, v, version) VALUES (32, 'source:datetime', '2016-05-02T23:46:09Z', 1);
INSERT INTO way_nodes (way_id, node_id, version, sequence_id) VALUES (32, 5, 1, 1);
INSERT INTO current_way_nodes (way_id, node_id, sequence_id) VALUES (32, 5, 1);
INSERT INTO way_nodes (way_id, node_id, version, sequence_id) VALUES (32, 59, 1, 2);
INSERT INTO current_way_nodes (way_id, node_id, sequence_id) VALUES (32, 59, 2);
/* create way 33*/
INSERT INTO ways (way_id, changeset_id, visible, "timestamp", version) VALUES (33, 3, true, (now() at time zone 'utc'), 1);
INSERT INTO current_ways (id, changeset_id, visible, "timestamp", version) VALUES (33, 3, true, (now() at time zone 'utc'), 1);
INSERT INTO current_way_tags (way_id, k, v) VALUES (33, 'hoot:id', '33');
INSERT INTO way_tags (way_id, k, v, version) VALUES (33, 'hoot:id', '33', 1);
INSERT INTO current_way_tags (way_id, k, v) VALUES (33, 'hoot:status', '3');
INSERT INTO way_tags (way_id, k, v, version) VALUES (33, 'hoot:status', '3', 1);
INSERT INTO current_way_tags (way_id, k, v) VALUES (33, 'source', 'digitalglobe');
INSERT INTO way_tags (way_id, k, v, version) VALUES (33, 'source', 'digitalglobe', 1);
INSERT INTO current_way_tags (way_id, k, v) VALUES (33, 'highway', 'residential');
INSERT INTO way_tags (way_id, k, v, version) VALUES (33, 'highway', 'residential', 1);
INSERT INTO current_way_tags (way_id, k, v) VALUES (33, 'source:datetime', '2016-05-02T23:46:04Z');
INSERT INTO way_tags (way_id, k, v, version) VALUES (33, 'source:datetime', '2016-05-02T23:46:04Z', 1);
INSERT INTO way_nodes (way_id, node_id, version, sequence_id) VALUES (33, 24, 1, 1);
INSERT INTO current_way_nodes (way_id, node_id, sequence_id) VALUES (33, 24, 1);
INSERT INTO way_nodes (way_id, node_id, version, sequence_id) VALUES (33, 55, 1, 2);
INSERT INTO current_way_nodes (way_id, node_id, sequence_id) VALUES (33, 55, 2);
INSERT INTO way_nodes (way_id, node_id, version, sequence_id) VALUES (33, 3, 1, 3);
INSERT INTO current_way_nodes (way_id, node_id, sequence_id) VALUES (33, 3, 3);
INSERT INTO way_nodes (way_id, node_id, version, sequence_id) VALUES (33, 4, 1, 4);
INSERT INTO current_way_nodes (way_id, node_id, sequence_id) VALUES (33, 4, 4);
/* create way 34*/
INSERT INTO ways (way_id, changeset_id, visible, "timestamp", version) VALUES (34, 3, true, (now() at time zone 'utc'), 1);
INSERT INTO current_ways (id, changeset_id, visible, "timestamp", version) VALUES (34, 3, true, (now() at time zone 'utc'), 1);
INSERT INTO current_way_tags (way_id, k, v) VALUES (34, 'hoot:id', '34');
INSERT INTO way_tags (way_id, k, v, version) VALUES (34, 'hoot:id', '34', 1);
INSERT INTO current_way_tags (way_id, k, v) VALUES (34, 'hoot:status', '2');
INSERT INTO way_tags (way_id, k, v, version) VALUES (34, 'hoot:status', '2', 1);
INSERT INTO current_way_tags (way_id, k, v) VALUES (34, 'highway', 'road');
INSERT INTO way_tags (way_id, k, v, version) VALUES (34, 'highway', 'road', 1);
INSERT INTO way_nodes (way_id, node_id, version, sequence_id) VALUES (34, 50, 1, 1);
INSERT INTO current_way_nodes (way_id, node_id, sequence_id) VALUES (34, 50, 1);
INSERT INTO way_nodes (way_id, node_id, version, sequence_id) VALUES (34, 29, 1, 2);
INSERT INTO current_way_nodes (way_id, node_id, sequence_id) VALUES (34, 29, 2);
UPDATE changesets SET min_lat=311790644, max_lat=311832952, min_lon=340472592, max_lon=340565418, num_changes=26 WHERE id=3;
