BEGIN TRANSACTION;
INSERT INTO changesets (id, user_id, created_at, closed_at) VALUES (1, -1, now(), now());
DELETE FROM current_node_tags WHERE current_node_tags_id = -1669793;
DELETE FROM node_tags WHERE node_tags_id = -1669793;
DELETE FROM nodes WHERE node_id = -1669793;
DELETE FROM current_nodes WHERE id = -1669793;
DELETE FROM current_node_tags WHERE current_node_tags_id = -1669791;
DELETE FROM node_tags WHERE node_tags_id = -1669791;
DELETE FROM nodes WHERE node_id = -1669791;
DELETE FROM current_nodes WHERE id = -1669791;
DELETE FROM current_node_tags WHERE current_node_tags_id = -1669789;
DELETE FROM node_tags WHERE node_tags_id = -1669789;
DELETE FROM nodes WHERE node_id = -1669789;
DELETE FROM current_nodes WHERE id = -1669789;
DELETE FROM current_node_tags WHERE current_node_tags_id = -1669787;
DELETE FROM node_tags WHERE node_tags_id = -1669787;
DELETE FROM nodes WHERE node_id = -1669787;
DELETE FROM current_nodes WHERE id = -1669787;
DELETE FROM current_node_tags WHERE current_node_tags_id = -1669785;
DELETE FROM node_tags WHERE node_tags_id = -1669785;
DELETE FROM nodes WHERE node_id = -1669785;
DELETE FROM current_nodes WHERE id = -1669785;
DELETE FROM current_node_tags WHERE current_node_tags_id = -1669783;
DELETE FROM node_tags WHERE node_tags_id = -1669783;
DELETE FROM nodes WHERE node_id = -1669783;
DELETE FROM current_nodes WHERE id = -1669783;
DELETE FROM current_node_tags WHERE current_node_tags_id = -1669781;
DELETE FROM node_tags WHERE node_tags_id = -1669781;
DELETE FROM nodes WHERE node_id = -1669781;
DELETE FROM current_nodes WHERE id = -1669781;
DELETE FROM current_node_tags WHERE current_node_tags_id = -1669779;
DELETE FROM node_tags WHERE node_tags_id = -1669779;
DELETE FROM nodes WHERE node_id = -1669779;
DELETE FROM current_nodes WHERE id = -1669779;
DELETE FROM current_node_tags WHERE current_node_tags_id = -1669777;
DELETE FROM node_tags WHERE node_tags_id = -1669777;
DELETE FROM nodes WHERE node_id = -1669777;
DELETE FROM current_nodes WHERE id = -1669777;
DELETE FROM current_node_tags WHERE current_node_tags_id = -1669775;
DELETE FROM node_tags WHERE node_tags_id = -1669775;
DELETE FROM nodes WHERE node_id = -1669775;
DELETE FROM current_nodes WHERE id = -1669775;
DELETE FROM current_node_tags WHERE current_node_tags_id = -1669773;
DELETE FROM node_tags WHERE node_tags_id = -1669773;
DELETE FROM nodes WHERE node_id = -1669773;
DELETE FROM current_nodes WHERE id = -1669773;
DELETE FROM current_node_tags WHERE current_node_tags_id = -1669771;
DELETE FROM node_tags WHERE node_tags_id = -1669771;
DELETE FROM nodes WHERE node_id = -1669771;
DELETE FROM current_nodes WHERE id = -1669771;
DELETE FROM current_node_tags WHERE current_node_tags_id = -1669769;
DELETE FROM node_tags WHERE node_tags_id = -1669769;
DELETE FROM nodes WHERE node_id = -1669769;
DELETE FROM current_nodes WHERE id = -1669769;
DELETE FROM current_node_tags WHERE current_node_tags_id = -1669767;
DELETE FROM node_tags WHERE node_tags_id = -1669767;
DELETE FROM nodes WHERE node_id = -1669767;
DELETE FROM current_nodes WHERE id = -1669767;
DELETE FROM current_node_tags WHERE current_node_tags_id = -1669765;
DELETE FROM node_tags WHERE node_tags_id = -1669765;
DELETE FROM nodes WHERE node_id = -1669765;
DELETE FROM current_nodes WHERE id = -1669765;
DELETE FROM current_node_tags WHERE current_node_tags_id = -1669763;
DELETE FROM node_tags WHERE node_tags_id = -1669763;
DELETE FROM nodes WHERE node_id = -1669763;
DELETE FROM current_nodes WHERE id = -1669763;
DELETE FROM current_node_tags WHERE current_node_tags_id = -1669761;
DELETE FROM node_tags WHERE node_tags_id = -1669761;
DELETE FROM nodes WHERE node_id = -1669761;
DELETE FROM current_nodes WHERE id = -1669761;
DELETE FROM current_node_tags WHERE current_node_tags_id = -1669759;
DELETE FROM node_tags WHERE node_tags_id = -1669759;
DELETE FROM nodes WHERE node_id = -1669759;
DELETE FROM current_nodes WHERE id = -1669759;
DELETE FROM current_node_tags WHERE current_node_tags_id = -1669757;
DELETE FROM node_tags WHERE node_tags_id = -1669757;
DELETE FROM nodes WHERE node_id = -1669757;
DELETE FROM current_nodes WHERE id = -1669757;
DELETE FROM current_node_tags WHERE current_node_tags_id = -1669755;
DELETE FROM node_tags WHERE node_tags_id = -1669755;
DELETE FROM nodes WHERE node_id = -1669755;
DELETE FROM current_nodes WHERE id = -1669755;
DELETE FROM current_node_tags WHERE current_node_tags_id = -1669753;
DELETE FROM node_tags WHERE node_tags_id = -1669753;
DELETE FROM nodes WHERE node_id = -1669753;
DELETE FROM current_nodes WHERE id = -1669753;
DELETE FROM current_node_tags WHERE current_node_tags_id = -1669751;
DELETE FROM node_tags WHERE node_tags_id = -1669751;
DELETE FROM nodes WHERE node_id = -1669751;
DELETE FROM current_nodes WHERE id = -1669751;
DELETE FROM current_node_tags WHERE current_node_tags_id = -1669749;
DELETE FROM node_tags WHERE node_tags_id = -1669749;
DELETE FROM nodes WHERE node_id = -1669749;
DELETE FROM current_nodes WHERE id = -1669749;
DELETE FROM current_node_tags WHERE current_node_tags_id = -1669747;
DELETE FROM node_tags WHERE node_tags_id = -1669747;
DELETE FROM nodes WHERE node_id = -1669747;
DELETE FROM current_nodes WHERE id = -1669747;
DELETE FROM current_node_tags WHERE current_node_tags_id = -1669745;
DELETE FROM node_tags WHERE node_tags_id = -1669745;
DELETE FROM nodes WHERE node_id = -1669745;
DELETE FROM current_nodes WHERE id = -1669745;
DELETE FROM current_node_tags WHERE current_node_tags_id = -1669743;
DELETE FROM node_tags WHERE node_tags_id = -1669743;
DELETE FROM nodes WHERE node_id = -1669743;
DELETE FROM current_nodes WHERE id = -1669743;
DELETE FROM current_node_tags WHERE current_node_tags_id = -1669741;
DELETE FROM node_tags WHERE node_tags_id = -1669741;
DELETE FROM nodes WHERE node_id = -1669741;
DELETE FROM current_nodes WHERE id = -1669741;
DELETE FROM current_node_tags WHERE current_node_tags_id = -1669739;
DELETE FROM node_tags WHERE node_tags_id = -1669739;
DELETE FROM nodes WHERE node_id = -1669739;
DELETE FROM current_nodes WHERE id = -1669739;
DELETE FROM current_node_tags WHERE current_node_tags_id = -1669737;
DELETE FROM node_tags WHERE node_tags_id = -1669737;
DELETE FROM nodes WHERE node_id = -1669737;
DELETE FROM current_nodes WHERE id = -1669737;
DELETE FROM current_node_tags WHERE current_node_tags_id = -1669735;
DELETE FROM node_tags WHERE node_tags_id = -1669735;
DELETE FROM nodes WHERE node_id = -1669735;
DELETE FROM current_nodes WHERE id = -1669735;
DELETE FROM current_node_tags WHERE current_node_tags_id = -1669733;
DELETE FROM node_tags WHERE node_tags_id = -1669733;
DELETE FROM nodes WHERE node_id = -1669733;
DELETE FROM current_nodes WHERE id = -1669733;
DELETE FROM current_node_tags WHERE current_node_tags_id = -1669731;
DELETE FROM node_tags WHERE node_tags_id = -1669731;
DELETE FROM nodes WHERE node_id = -1669731;
DELETE FROM current_nodes WHERE id = -1669731;
DELETE FROM current_node_tags WHERE current_node_tags_id = -1669729;
DELETE FROM node_tags WHERE node_tags_id = -1669729;
DELETE FROM nodes WHERE node_id = -1669729;
DELETE FROM current_nodes WHERE id = -1669729;
DELETE FROM current_node_tags WHERE current_node_tags_id = -1669727;
DELETE FROM node_tags WHERE node_tags_id = -1669727;
DELETE FROM nodes WHERE node_id = -1669727;
DELETE FROM current_nodes WHERE id = -1669727;
DELETE FROM current_node_tags WHERE current_node_tags_id = -1669725;
DELETE FROM node_tags WHERE node_tags_id = -1669725;
DELETE FROM nodes WHERE node_id = -1669725;
DELETE FROM current_nodes WHERE id = -1669725;
DELETE FROM current_node_tags WHERE current_node_tags_id = -1669723;
DELETE FROM node_tags WHERE node_tags_id = -1669723;
DELETE FROM nodes WHERE node_id = -1669723;
DELETE FROM current_nodes WHERE id = -1669723;
INSERT INTO nodes (node_id, latitude, longitude, changeset_id, visible, "timestamp", tile,  version) VALUES (1, 388532641, -1048997533, 1, true, now(), 1329018923, 1);
INSERT INTO current_nodes (id, latitude, longitude, changeset_id, visible, "timestamp", tile,  version) VALUES (1, 388532641, -1048997533, 1, true, now(), 1329018923, 1);
INSERT INTO nodes (node_id, latitude, longitude, changeset_id, visible, "timestamp", tile,  version) VALUES (2, 388541669, -1048997069, 1, true, now(), 1329018926, 1);
INSERT INTO current_nodes (id, latitude, longitude, changeset_id, visible, "timestamp", tile,  version) VALUES (2, 388541669, -1048997069, 1, true, now(), 1329018926, 1);
INSERT INTO nodes (node_id, latitude, longitude, changeset_id, visible, "timestamp", tile,  version) VALUES (3, 388540851, -1049014476, 1, true, now(), 1329018926, 1);
INSERT INTO current_nodes (id, latitude, longitude, changeset_id, visible, "timestamp", tile,  version) VALUES (3, 388540851, -1049014476, 1, true, now(), 1329018926, 1);
INSERT INTO nodes (node_id, latitude, longitude, changeset_id, visible, "timestamp", tile,  version) VALUES (4, 388542471, -1049010788, 1, true, now(), 1329018926, 1);
INSERT INTO current_nodes (id, latitude, longitude, changeset_id, visible, "timestamp", tile,  version) VALUES (4, 388542471, -1049010788, 1, true, now(), 1329018926, 1);
INSERT INTO nodes (node_id, latitude, longitude, changeset_id, visible, "timestamp", tile,  version) VALUES (5, 388542599, -1049005795, 1, true, now(), 1329018926, 1);
INSERT INTO current_nodes (id, latitude, longitude, changeset_id, visible, "timestamp", tile,  version) VALUES (5, 388542599, -1049005795, 1, true, now(), 1329018926, 1);
INSERT INTO nodes (node_id, latitude, longitude, changeset_id, visible, "timestamp", tile,  version) VALUES (6, 388549614, -1048997124, 1, true, now(), 1329018926, 1);
INSERT INTO current_nodes (id, latitude, longitude, changeset_id, visible, "timestamp", tile,  version) VALUES (6, 388549614, -1048997124, 1, true, now(), 1329018926, 1);
INSERT INTO nodes (node_id, latitude, longitude, changeset_id, visible, "timestamp", tile,  version) VALUES (7, 388545784, -1048997171, 1, true, now(), 1329018926, 1);
INSERT INTO current_nodes (id, latitude, longitude, changeset_id, visible, "timestamp", tile,  version) VALUES (7, 388545784, -1048997171, 1, true, now(), 1329018926, 1);
INSERT INTO nodes (node_id, latitude, longitude, changeset_id, visible, "timestamp", tile,  version) VALUES (8, 388542618, -1048997171, 1, true, now(), 1329018926, 1);
INSERT INTO current_nodes (id, latitude, longitude, changeset_id, visible, "timestamp", tile,  version) VALUES (8, 388542618, -1048997171, 1, true, now(), 1329018926, 1);
INSERT INTO nodes (node_id, latitude, longitude, changeset_id, visible, "timestamp", tile,  version) VALUES (9, 388539525, -1048996840, 1, true, now(), 1329018926, 1);
INSERT INTO current_nodes (id, latitude, longitude, changeset_id, visible, "timestamp", tile,  version) VALUES (9, 388539525, -1048996840, 1, true, now(), 1329018926, 1);
INSERT INTO nodes (node_id, latitude, longitude, changeset_id, visible, "timestamp", tile,  version) VALUES (10, 388536248, -1048996934, 1, true, now(), 1329018923, 1);
INSERT INTO current_nodes (id, latitude, longitude, changeset_id, visible, "timestamp", tile,  version) VALUES (10, 388536248, -1048996934, 1, true, now(), 1329018923, 1);
INSERT INTO nodes (node_id, latitude, longitude, changeset_id, visible, "timestamp", tile,  version) VALUES (11, 388532583, -1048997542, 1, true, now(), 1329018923, 1);
INSERT INTO current_nodes (id, latitude, longitude, changeset_id, visible, "timestamp", tile,  version) VALUES (11, 388532583, -1048997542, 1, true, now(), 1329018923, 1);
INSERT INTO nodes (node_id, latitude, longitude, changeset_id, visible, "timestamp", tile,  version) VALUES (12, 388532424, -1048996868, 1, true, now(), 1329018923, 1);
INSERT INTO current_nodes (id, latitude, longitude, changeset_id, visible, "timestamp", tile,  version) VALUES (12, 388532424, -1048996868, 1, true, now(), 1329018923, 1);
INSERT INTO nodes (node_id, latitude, longitude, changeset_id, visible, "timestamp", tile,  version) VALUES (13, 388533001, -1048994528, 1, true, now(), 1329018923, 1);
INSERT INTO current_nodes (id, latitude, longitude, changeset_id, visible, "timestamp", tile,  version) VALUES (13, 388533001, -1048994528, 1, true, now(), 1329018923, 1);
INSERT INTO nodes (node_id, latitude, longitude, changeset_id, visible, "timestamp", tile,  version) VALUES (14, 388533470, -1048993671, 1, true, now(), 1329018923, 1);
INSERT INTO current_nodes (id, latitude, longitude, changeset_id, visible, "timestamp", tile,  version) VALUES (14, 388533470, -1048993671, 1, true, now(), 1329018923, 1);
INSERT INTO nodes (node_id, latitude, longitude, changeset_id, visible, "timestamp", tile,  version) VALUES (15, 388535165, -1048992698, 1, true, now(), 1329018923, 1);
INSERT INTO current_nodes (id, latitude, longitude, changeset_id, visible, "timestamp", tile,  version) VALUES (15, 388535165, -1048992698, 1, true, now(), 1329018923, 1);
INSERT INTO nodes (node_id, latitude, longitude, changeset_id, visible, "timestamp", tile,  version) VALUES (16, 388535689, -1048990568, 1, true, now(), 1329019009, 1);
INSERT INTO current_nodes (id, latitude, longitude, changeset_id, visible, "timestamp", tile,  version) VALUES (16, 388535689, -1048990568, 1, true, now(), 1329019009, 1);
INSERT INTO nodes (node_id, latitude, longitude, changeset_id, visible, "timestamp", tile,  version) VALUES (17, 388535508, -1048988321, 1, true, now(), 1329019009, 1);
INSERT INTO current_nodes (id, latitude, longitude, changeset_id, visible, "timestamp", tile,  version) VALUES (17, 388535508, -1048988321, 1, true, now(), 1329019009, 1);
INSERT INTO nodes (node_id, latitude, longitude, changeset_id, visible, "timestamp", tile,  version) VALUES (18, 388536194, -1048987070, 1, true, now(), 1329019009, 1);
INSERT INTO current_nodes (id, latitude, longitude, changeset_id, visible, "timestamp", tile,  version) VALUES (18, 388536194, -1048987070, 1, true, now(), 1329019009, 1);
INSERT INTO nodes (node_id, latitude, longitude, changeset_id, visible, "timestamp", tile,  version) VALUES (19, 388537204, -1048987232, 1, true, now(), 1329019009, 1);
INSERT INTO current_nodes (id, latitude, longitude, changeset_id, visible, "timestamp", tile,  version) VALUES (19, 388537204, -1048987232, 1, true, now(), 1329019009, 1);
INSERT INTO nodes (node_id, latitude, longitude, changeset_id, visible, "timestamp", tile,  version) VALUES (20, 388539585, -1048989155, 1, true, now(), 1329019012, 1);
INSERT INTO current_nodes (id, latitude, longitude, changeset_id, visible, "timestamp", tile,  version) VALUES (20, 388539585, -1048989155, 1, true, now(), 1329019012, 1);
INSERT INTO nodes (node_id, latitude, longitude, changeset_id, visible, "timestamp", tile,  version) VALUES (21, 388541334, -1048988900, 1, true, now(), 1329019012, 1);
INSERT INTO current_nodes (id, latitude, longitude, changeset_id, visible, "timestamp", tile,  version) VALUES (21, 388541334, -1048988900, 1, true, now(), 1329019012, 1);
INSERT INTO nodes (node_id, latitude, longitude, changeset_id, visible, "timestamp", tile,  version) VALUES (22, 388541767, -1048987070, 1, true, now(), 1329019012, 1);
INSERT INTO current_nodes (id, latitude, longitude, changeset_id, visible, "timestamp", tile,  version) VALUES (22, 388541767, -1048987070, 1, true, now(), 1329019012, 1);
INSERT INTO nodes (node_id, latitude, longitude, changeset_id, visible, "timestamp", tile,  version) VALUES (23, 388542327, -1048983109, 1, true, now(), 1329019012, 1);
INSERT INTO current_nodes (id, latitude, longitude, changeset_id, visible, "timestamp", tile,  version) VALUES (23, 388542327, -1048983109, 1, true, now(), 1329019012, 1);
INSERT INTO nodes (node_id, latitude, longitude, changeset_id, visible, "timestamp", tile,  version) VALUES (24, 388544293, -1048980654, 1, true, now(), 1329019012, 1);
INSERT INTO current_nodes (id, latitude, longitude, changeset_id, visible, "timestamp", tile,  version) VALUES (24, 388544293, -1048980654, 1, true, now(), 1329019012, 1);
INSERT INTO nodes (node_id, latitude, longitude, changeset_id, visible, "timestamp", tile,  version) VALUES (25, 388546042, -1048977759, 1, true, now(), 1329019012, 1);
INSERT INTO current_nodes (id, latitude, longitude, changeset_id, visible, "timestamp", tile,  version) VALUES (25, 388546042, -1048977759, 1, true, now(), 1329019012, 1);
INSERT INTO nodes (node_id, latitude, longitude, changeset_id, visible, "timestamp", tile,  version) VALUES (26, 388547197, -1048973219, 1, true, now(), 1329019012, 1);
INSERT INTO current_nodes (id, latitude, longitude, changeset_id, visible, "timestamp", tile,  version) VALUES (26, 388547197, -1048973219, 1, true, now(), 1329019012, 1);
INSERT INTO nodes (node_id, latitude, longitude, changeset_id, visible, "timestamp", tile,  version) VALUES (27, 388548604, -1048968586, 1, true, now(), 1329019012, 1);
INSERT INTO current_nodes (id, latitude, longitude, changeset_id, visible, "timestamp", tile,  version) VALUES (27, 388548604, -1048968586, 1, true, now(), 1329019012, 1);
INSERT INTO nodes (node_id, latitude, longitude, changeset_id, visible, "timestamp", tile,  version) VALUES (28, 388549019, -1048964394, 1, true, now(), 1329019012, 1);
INSERT INTO current_nodes (id, latitude, longitude, changeset_id, visible, "timestamp", tile,  version) VALUES (28, 388549019, -1048964394, 1, true, now(), 1329019012, 1);
INSERT INTO nodes (node_id, latitude, longitude, changeset_id, visible, "timestamp", tile,  version) VALUES (29, 388549073, -1048961823, 1, true, now(), 1329019012, 1);
INSERT INTO current_nodes (id, latitude, longitude, changeset_id, visible, "timestamp", tile,  version) VALUES (29, 388549073, -1048961823, 1, true, now(), 1329019012, 1);
INSERT INTO nodes (node_id, latitude, longitude, changeset_id, visible, "timestamp", tile,  version) VALUES (30, 388548514, -1049005693, 1, true, now(), 1329018926, 1);
INSERT INTO current_nodes (id, latitude, longitude, changeset_id, visible, "timestamp", tile,  version) VALUES (30, 388548514, -1049005693, 1, true, now(), 1329018926, 1);
INSERT INTO nodes (node_id, latitude, longitude, changeset_id, visible, "timestamp", tile,  version) VALUES (31, 388549289, -1049005253, 1, true, now(), 1329018926, 1);
INSERT INTO current_nodes (id, latitude, longitude, changeset_id, visible, "timestamp", tile,  version) VALUES (31, 388549289, -1049005253, 1, true, now(), 1329018926, 1);
INSERT INTO nodes (node_id, latitude, longitude, changeset_id, visible, "timestamp", tile,  version) VALUES (32, 388548207, -1049008079, 1, true, now(), 1329018926, 1);
INSERT INTO current_nodes (id, latitude, longitude, changeset_id, visible, "timestamp", tile,  version) VALUES (32, 388548207, -1049008079, 1, true, now(), 1329018926, 1);
INSERT INTO nodes (node_id, latitude, longitude, changeset_id, visible, "timestamp", tile,  version) VALUES (33, 388543319, -1049017876, 1, true, now(), 1329018926, 1);
INSERT INTO current_nodes (id, latitude, longitude, changeset_id, visible, "timestamp", tile,  version) VALUES (33, 388543319, -1049017876, 1, true, now(), 1329018926, 1);
INSERT INTO nodes (node_id, latitude, longitude, changeset_id, visible, "timestamp", tile,  version) VALUES (34, 388541298, -1049023065, 1, true, now(), 1329018926, 1);
INSERT INTO current_nodes (id, latitude, longitude, changeset_id, visible, "timestamp", tile,  version) VALUES (34, 388541298, -1049023065, 1, true, now(), 1329018926, 1);
INSERT INTO nodes (node_id, latitude, longitude, changeset_id, visible, "timestamp", tile,  version) VALUES (35, 388540541, -1049024316, 1, true, now(), 1329018926, 1);
INSERT INTO current_nodes (id, latitude, longitude, changeset_id, visible, "timestamp", tile,  version) VALUES (35, 388540541, -1049024316, 1, true, now(), 1329018926, 1);
INSERT INTO nodes (node_id, latitude, longitude, changeset_id, visible, "timestamp", tile,  version) VALUES (36, 388549524, -1048987388, 1, true, now(), 1329019012, 1);
INSERT INTO current_nodes (id, latitude, longitude, changeset_id, visible, "timestamp", tile,  version) VALUES (36, 388549524, -1048987388, 1, true, now(), 1329019012, 1);
INSERT INTO nodes (node_id, latitude, longitude, changeset_id, visible, "timestamp", tile,  version) VALUES (37, 388549321, -1048979050, 1, true, now(), 1329019012, 1);
INSERT INTO current_nodes (id, latitude, longitude, changeset_id, visible, "timestamp", tile,  version) VALUES (37, 388549321, -1048979050, 1, true, now(), 1329019012, 1);
DELETE FROM current_ways_nodes WHERE way_id = -1669801;
DELETE FROM way_nodes WHERE way_id = -1669801;
DELETE FROM current_way_tags WHERE current_way_tags_id = -1669801;
DELETE FROM way_tags WHERE way_tags_id = -1669801;
DELETE FROM current_ways WHERE id = -1669801;
DELETE FROM ways WHERE way_id = -1669801;
DELETE FROM current_ways_nodes WHERE way_id = -1669799;
DELETE FROM way_nodes WHERE way_id = -1669799;
DELETE FROM current_way_tags WHERE current_way_tags_id = -1669799;
DELETE FROM way_tags WHERE way_tags_id = -1669799;
DELETE FROM current_ways WHERE id = -1669799;
DELETE FROM ways WHERE way_id = -1669799;
DELETE FROM current_ways_nodes WHERE way_id = -1669797;
DELETE FROM way_nodes WHERE way_id = -1669797;
DELETE FROM current_way_tags WHERE current_way_tags_id = -1669797;
DELETE FROM way_tags WHERE way_tags_id = -1669797;
DELETE FROM current_ways WHERE id = -1669797;
DELETE FROM ways WHERE way_id = -1669797;
DELETE FROM current_ways_nodes WHERE way_id = -1669795;
DELETE FROM way_nodes WHERE way_id = -1669795;
DELETE FROM current_way_tags WHERE current_way_tags_id = -1669795;
DELETE FROM way_tags WHERE way_tags_id = -1669795;
DELETE FROM current_ways WHERE id = -1669795;
DELETE FROM ways WHERE way_id = -1669795;
INSERT INTO way (way_id, changeset_id, visible, "timestamp", version) VALUES (1, 1, true, now(), 1);
INSERT INTO current_ways (id, changeset_id, visible, "timestamp", version) VALUES (1, 1, true, now(), 1);
INSERT INTO way_nodes ((way_id, node_id, version sequence_id) VALUES (1, -32, 1, 1);
INSERT INTO current_way_nodes (way_id, node_id, sequence_id) VALUES (1, -32, 1);
INSERT INTO way_nodes ((way_id, node_id, version sequence_id) VALUES (1, -2, 1, 2);
INSERT INTO current_way_nodes (way_id, node_id, sequence_id) VALUES (1, -2, 2);
INSERT INTO way_nodes ((way_id, node_id, version sequence_id) VALUES (1, -1, 1, 3);
INSERT INTO current_way_nodes (way_id, node_id, sequence_id) VALUES (1, -1, 3);
INSERT INTO current_way_tags (way_id, k, v) VALUES (1, 'note', '1');
INSERT INTO way_tags (way_id, k, v, version) VALUES (1, 'note', '1', 1);
INSERT INTO current_way_tags (way_id, k, v) VALUES (1, 'highway', 'road');
INSERT INTO way_tags (way_id, k, v, version) VALUES (1, 'highway', 'road', 1);
INSERT INTO way (way_id, changeset_id, visible, "timestamp", version) VALUES (2, 1, true, now(), 1);
INSERT INTO current_ways (id, changeset_id, visible, "timestamp", version) VALUES (2, 1, true, now(), 1);
INSERT INTO way_nodes ((way_id, node_id, version sequence_id) VALUES (2, -165, 1, 1);
INSERT INTO current_way_nodes (way_id, node_id, sequence_id) VALUES (2, -165, 1);
INSERT INTO way_nodes ((way_id, node_id, version sequence_id) VALUES (2, -27, 1, 2);
INSERT INTO current_way_nodes (way_id, node_id, sequence_id) VALUES (2, -27, 2);
INSERT INTO way_nodes ((way_id, node_id, version sequence_id) VALUES (2, -26, 1, 3);
INSERT INTO current_way_nodes (way_id, node_id, sequence_id) VALUES (2, -26, 3);
INSERT INTO way_nodes ((way_id, node_id, version sequence_id) VALUES (2, -25, 1, 4);
INSERT INTO current_way_nodes (way_id, node_id, sequence_id) VALUES (2, -25, 4);
INSERT INTO way_nodes ((way_id, node_id, version sequence_id) VALUES (2, -24, 1, 5);
INSERT INTO current_way_nodes (way_id, node_id, sequence_id) VALUES (2, -24, 5);
INSERT INTO way_nodes ((way_id, node_id, version sequence_id) VALUES (2, -23, 1, 6);
INSERT INTO current_way_nodes (way_id, node_id, sequence_id) VALUES (2, -23, 6);
INSERT INTO way_nodes ((way_id, node_id, version sequence_id) VALUES (2, -22, 1, 7);
INSERT INTO current_way_nodes (way_id, node_id, sequence_id) VALUES (2, -22, 7);
INSERT INTO way_nodes ((way_id, node_id, version sequence_id) VALUES (2, -21, 1, 8);
INSERT INTO current_way_nodes (way_id, node_id, sequence_id) VALUES (2, -21, 8);
INSERT INTO way_nodes ((way_id, node_id, version sequence_id) VALUES (2, -20, 1, 9);
INSERT INTO current_way_nodes (way_id, node_id, sequence_id) VALUES (2, -20, 9);
INSERT INTO way_nodes ((way_id, node_id, version sequence_id) VALUES (2, -19, 1, 10);
INSERT INTO current_way_nodes (way_id, node_id, sequence_id) VALUES (2, -19, 10);
INSERT INTO way_nodes ((way_id, node_id, version sequence_id) VALUES (2, -18, 1, 11);
INSERT INTO current_way_nodes (way_id, node_id, sequence_id) VALUES (2, -18, 11);
INSERT INTO way_nodes ((way_id, node_id, version sequence_id) VALUES (2, -17, 1, 12);
INSERT INTO current_way_nodes (way_id, node_id, sequence_id) VALUES (2, -17, 12);
INSERT INTO way_nodes ((way_id, node_id, version sequence_id) VALUES (2, -16, 1, 13);
INSERT INTO current_way_nodes (way_id, node_id, sequence_id) VALUES (2, -16, 13);
INSERT INTO way_nodes ((way_id, node_id, version sequence_id) VALUES (2, -15, 1, 14);
INSERT INTO current_way_nodes (way_id, node_id, sequence_id) VALUES (2, -15, 14);
INSERT INTO way_nodes ((way_id, node_id, version sequence_id) VALUES (2, -14, 1, 15);
INSERT INTO current_way_nodes (way_id, node_id, sequence_id) VALUES (2, -14, 15);
INSERT INTO way_nodes ((way_id, node_id, version sequence_id) VALUES (2, -13, 1, 16);
INSERT INTO current_way_nodes (way_id, node_id, sequence_id) VALUES (2, -13, 16);
INSERT INTO way_nodes ((way_id, node_id, version sequence_id) VALUES (2, -12, 1, 17);
INSERT INTO current_way_nodes (way_id, node_id, sequence_id) VALUES (2, -12, 17);
INSERT INTO way_nodes ((way_id, node_id, version sequence_id) VALUES (2, -11, 1, 18);
INSERT INTO current_way_nodes (way_id, node_id, sequence_id) VALUES (2, -11, 18);
INSERT INTO way_nodes ((way_id, node_id, version sequence_id) VALUES (2, -10, 1, 19);
INSERT INTO current_way_nodes (way_id, node_id, sequence_id) VALUES (2, -10, 19);
INSERT INTO way_nodes ((way_id, node_id, version sequence_id) VALUES (2, -9, 1, 20);
INSERT INTO current_way_nodes (way_id, node_id, sequence_id) VALUES (2, -9, 20);
INSERT INTO current_way_tags (way_id, k, v) VALUES (2, 'note', '0');
INSERT INTO way_tags (way_id, k, v, version) VALUES (2, 'note', '0', 1);
INSERT INTO current_way_tags (way_id, k, v) VALUES (2, 'highway', 'road');
INSERT INTO way_tags (way_id, k, v, version) VALUES (2, 'highway', 'road', 1);
INSERT INTO way (way_id, changeset_id, visible, "timestamp", version) VALUES (3, 1, true, now(), 1);
INSERT INTO current_ways (id, changeset_id, visible, "timestamp", version) VALUES (3, 1, true, now(), 1);
INSERT INTO way_nodes ((way_id, node_id, version sequence_id) VALUES (3, -30, 1, 1);
INSERT INTO current_way_nodes (way_id, node_id, sequence_id) VALUES (3, -30, 1);
INSERT INTO way_nodes ((way_id, node_id, version sequence_id) VALUES (3, -36, 1, 2);
INSERT INTO current_way_nodes (way_id, node_id, sequence_id) VALUES (3, -36, 2);
INSERT INTO way_nodes ((way_id, node_id, version sequence_id) VALUES (3, -29, 1, 3);
INSERT INTO current_way_nodes (way_id, node_id, sequence_id) VALUES (3, -29, 3);
INSERT INTO way_nodes ((way_id, node_id, version sequence_id) VALUES (3, -28, 1, 4);
INSERT INTO current_way_nodes (way_id, node_id, sequence_id) VALUES (3, -28, 4);
INSERT INTO way_nodes ((way_id, node_id, version sequence_id) VALUES (3, -165, 1, 5);
INSERT INTO current_way_nodes (way_id, node_id, sequence_id) VALUES (3, -165, 5);
INSERT INTO current_way_tags (way_id, k, v) VALUES (3, 'note', '0');
INSERT INTO way_tags (way_id, k, v, version) VALUES (3, 'note', '0', 1);
INSERT INTO current_way_tags (way_id, k, v) VALUES (3, 'highway', 'road');
INSERT INTO way_tags (way_id, k, v, version) VALUES (3, 'highway', 'road', 1);
INSERT INTO way (way_id, changeset_id, visible, "timestamp", version) VALUES (4, 1, true, now(), 1);
INSERT INTO current_ways (id, changeset_id, visible, "timestamp", version) VALUES (4, 1, true, now(), 1);
INSERT INTO way_nodes ((way_id, node_id, version sequence_id) VALUES (4, -3, 1, 1);
INSERT INTO current_way_nodes (way_id, node_id, sequence_id) VALUES (4, -3, 1);
INSERT INTO way_nodes ((way_id, node_id, version sequence_id) VALUES (4, -4, 1, 2);
INSERT INTO current_way_nodes (way_id, node_id, sequence_id) VALUES (4, -4, 2);
INSERT INTO way_nodes ((way_id, node_id, version sequence_id) VALUES (4, -5, 1, 3);
INSERT INTO current_way_nodes (way_id, node_id, sequence_id) VALUES (4, -5, 3);
INSERT INTO way_nodes ((way_id, node_id, version sequence_id) VALUES (4, -6, 1, 4);
INSERT INTO current_way_nodes (way_id, node_id, sequence_id) VALUES (4, -6, 4);
INSERT INTO way_nodes ((way_id, node_id, version sequence_id) VALUES (4, -7, 1, 5);
INSERT INTO current_way_nodes (way_id, node_id, sequence_id) VALUES (4, -7, 5);
INSERT INTO current_way_tags (way_id, k, v) VALUES (4, 'note', '0');
INSERT INTO way_tags (way_id, k, v, version) VALUES (4, 'note', '0', 1);
INSERT INTO current_way_tags (way_id, k, v) VALUES (4, 'highway', 'road');
INSERT INTO way_tags (way_id, k, v, version) VALUES (4, 'highway', 'road', 1);
INSERT INTO way (way_id, changeset_id, visible, "timestamp", version) VALUES (5, 1, true, now(), 1);
INSERT INTO current_ways (id, changeset_id, visible, "timestamp", version) VALUES (5, 1, true, now(), 1);
INSERT INTO way_nodes ((way_id, node_id, version sequence_id) VALUES (5, -7, 1, 1);
INSERT INTO current_way_nodes (way_id, node_id, sequence_id) VALUES (5, -7, 1);
INSERT INTO way_nodes ((way_id, node_id, version sequence_id) VALUES (5, -32, 1, 2);
INSERT INTO current_way_nodes (way_id, node_id, sequence_id) VALUES (5, -32, 2);
INSERT INTO current_way_tags (way_id, k, v) VALUES (5, 'note', '0');
INSERT INTO way_tags (way_id, k, v, version) VALUES (5, 'note', '0', 1);
INSERT INTO current_way_tags (way_id, k, v) VALUES (5, 'highway', 'road');
INSERT INTO way_tags (way_id, k, v, version) VALUES (5, 'highway', 'road', 1);
INSERT INTO way (way_id, changeset_id, visible, "timestamp", version) VALUES (6, 1, true, now(), 1);
INSERT INTO current_ways (id, changeset_id, visible, "timestamp", version) VALUES (6, 1, true, now(), 1);
INSERT INTO way_nodes ((way_id, node_id, version sequence_id) VALUES (6, -32, 1, 1);
INSERT INTO current_way_nodes (way_id, node_id, sequence_id) VALUES (6, -32, 1);
INSERT INTO way_nodes ((way_id, node_id, version sequence_id) VALUES (6, -31, 1, 2);
INSERT INTO current_way_nodes (way_id, node_id, sequence_id) VALUES (6, -31, 2);
INSERT INTO way_nodes ((way_id, node_id, version sequence_id) VALUES (6, -30, 1, 3);
INSERT INTO current_way_nodes (way_id, node_id, sequence_id) VALUES (6, -30, 3);
INSERT INTO current_way_tags (way_id, k, v) VALUES (6, 'note', '0');
INSERT INTO way_tags (way_id, k, v, version) VALUES (6, 'note', '0', 1);
INSERT INTO current_way_tags (way_id, k, v) VALUES (6, 'highway', 'road');
INSERT INTO way_tags (way_id, k, v, version) VALUES (6, 'highway', 'road', 1);
INSERT INTO way (way_id, changeset_id, visible, "timestamp", version) VALUES (7, 1, true, now(), 1);
INSERT INTO current_ways (id, changeset_id, visible, "timestamp", version) VALUES (7, 1, true, now(), 1);
INSERT INTO way_nodes ((way_id, node_id, version sequence_id) VALUES (7, -35, 1, 1);
INSERT INTO current_way_nodes (way_id, node_id, sequence_id) VALUES (7, -35, 1);
INSERT INTO way_nodes ((way_id, node_id, version sequence_id) VALUES (7, -34, 1, 2);
INSERT INTO current_way_nodes (way_id, node_id, sequence_id) VALUES (7, -34, 2);
INSERT INTO way_nodes ((way_id, node_id, version sequence_id) VALUES (7, -33, 1, 3);
INSERT INTO current_way_nodes (way_id, node_id, sequence_id) VALUES (7, -33, 3);
INSERT INTO current_way_tags (way_id, k, v) VALUES (7, 'note', '2');
INSERT INTO way_tags (way_id, k, v, version) VALUES (7, 'note', '2', 1);
INSERT INTO current_way_tags (way_id, k, v) VALUES (7, 'highway', 'road');
INSERT INTO way_tags (way_id, k, v, version) VALUES (7, 'highway', 'road', 1);
INSERT INTO way (way_id, changeset_id, visible, "timestamp", version) VALUES (8, 1, true, now(), 1);
INSERT INTO current_ways (id, changeset_id, visible, "timestamp", version) VALUES (8, 1, true, now(), 1);
INSERT INTO way_nodes ((way_id, node_id, version sequence_id) VALUES (8, -33, 1, 1);
INSERT INTO current_way_nodes (way_id, node_id, sequence_id) VALUES (8, -33, 1);
INSERT INTO way_nodes ((way_id, node_id, version sequence_id) VALUES (8, -30, 1, 2);
INSERT INTO current_way_nodes (way_id, node_id, sequence_id) VALUES (8, -30, 2);
INSERT INTO current_way_tags (way_id, k, v) VALUES (8, 'note', '2');
INSERT INTO way_tags (way_id, k, v, version) VALUES (8, 'note', '2', 1);
INSERT INTO current_way_tags (way_id, k, v) VALUES (8, 'highway', 'road');
INSERT INTO way_tags (way_id, k, v, version) VALUES (8, 'highway', 'road', 1);
INSERT INTO way (way_id, changeset_id, visible, "timestamp", version) VALUES (9, 1, true, now(), 1);
INSERT INTO current_ways (id, changeset_id, visible, "timestamp", version) VALUES (9, 1, true, now(), 1);
INSERT INTO way_nodes ((way_id, node_id, version sequence_id) VALUES (9, -33, 1, 1);
INSERT INTO current_way_nodes (way_id, node_id, sequence_id) VALUES (9, -33, 1);
INSERT INTO way_nodes ((way_id, node_id, version sequence_id) VALUES (9, -8, 1, 2);
INSERT INTO current_way_nodes (way_id, node_id, sequence_id) VALUES (9, -8, 2);
INSERT INTO way_nodes ((way_id, node_id, version sequence_id) VALUES (9, -7, 1, 3);
INSERT INTO current_way_nodes (way_id, node_id, sequence_id) VALUES (9, -7, 3);
INSERT INTO current_way_tags (way_id, k, v) VALUES (9, 'note', '3');
INSERT INTO way_tags (way_id, k, v, version) VALUES (9, 'note', '3', 1);
INSERT INTO current_way_tags (way_id, k, v) VALUES (9, 'highway', 'road');
INSERT INTO way_tags (way_id, k, v, version) VALUES (9, 'highway', 'road', 1);
COMMIT;
