INSERT INTO changesets (id, user_id, created_at, closed_at) VALUES (3, 1, (now() at time zone 'utc'), (now() at time zone 'utc'));
INSERT INTO changeset_tags (changeset_id, k, v) VALUES (3, 'written_by', 'Hootenanny');
/* create node 4345*/
INSERT INTO nodes (node_id, latitude, longitude, changeset_id, visible, "timestamp", tile, version) VALUES (4345, 388931960, -770382519, 3, true, (now() at time zone 'utc'), 1704401706, 1);
INSERT INTO current_nodes (id, latitude, longitude, changeset_id, visible, "timestamp", tile, version) VALUES (4345, 388931960, -770382519, 3, true, (now() at time zone 'utc'), 1704401706, 1);
INSERT INTO current_node_tags (node_id, k, v) VALUES (4345, 'hoot:id', '4345');
INSERT INTO node_tags (node_id, k, v, version) VALUES (4345, 'hoot:id', '4345', 1);
INSERT INTO current_node_tags (node_id, k, v) VALUES (4345, 'hoot:status', '2');
INSERT INTO node_tags (node_id, k, v, version) VALUES (4345, 'hoot:status', '2', 1);
/* create node 4346*/
INSERT INTO nodes (node_id, latitude, longitude, changeset_id, visible, "timestamp", tile, version) VALUES (4346, 388931330, -770382849, 3, true, (now() at time zone 'utc'), 1704401706, 1);
INSERT INTO current_nodes (id, latitude, longitude, changeset_id, visible, "timestamp", tile, version) VALUES (4346, 388931330, -770382849, 3, true, (now() at time zone 'utc'), 1704401706, 1);
INSERT INTO current_node_tags (node_id, k, v) VALUES (4346, 'hoot:id', '4346');
INSERT INTO node_tags (node_id, k, v, version) VALUES (4346, 'hoot:id', '4346', 1);
INSERT INTO current_node_tags (node_id, k, v) VALUES (4346, 'hoot:status', '2');
INSERT INTO node_tags (node_id, k, v, version) VALUES (4346, 'hoot:status', '2', 1);
/* create node 4347*/
INSERT INTO nodes (node_id, latitude, longitude, changeset_id, visible, "timestamp", tile, version) VALUES (4347, 388930140, -770383289, 3, true, (now() at time zone 'utc'), 1704401706, 1);
INSERT INTO current_nodes (id, latitude, longitude, changeset_id, visible, "timestamp", tile, version) VALUES (4347, 388930140, -770383289, 3, true, (now() at time zone 'utc'), 1704401706, 1);
INSERT INTO current_node_tags (node_id, k, v) VALUES (4347, 'hoot:id', '4347');
INSERT INTO node_tags (node_id, k, v, version) VALUES (4347, 'hoot:id', '4347', 1);
INSERT INTO current_node_tags (node_id, k, v) VALUES (4347, 'hoot:status', '2');
INSERT INTO node_tags (node_id, k, v, version) VALUES (4347, 'hoot:status', '2', 1);
/* create node 4348*/
INSERT INTO nodes (node_id, latitude, longitude, changeset_id, visible, "timestamp", tile, version) VALUES (4348, 388929020, -770383689, 3, true, (now() at time zone 'utc'), 1704401706, 1);
INSERT INTO current_nodes (id, latitude, longitude, changeset_id, visible, "timestamp", tile, version) VALUES (4348, 388929020, -770383689, 3, true, (now() at time zone 'utc'), 1704401706, 1);
INSERT INTO current_node_tags (node_id, k, v) VALUES (4348, 'hoot:id', '4348');
INSERT INTO node_tags (node_id, k, v, version) VALUES (4348, 'hoot:id', '4348', 1);
INSERT INTO current_node_tags (node_id, k, v) VALUES (4348, 'hoot:status', '2');
INSERT INTO node_tags (node_id, k, v, version) VALUES (4348, 'hoot:status', '2', 1);
/* create node 4349*/
INSERT INTO nodes (node_id, latitude, longitude, changeset_id, visible, "timestamp", tile, version) VALUES (4349, 388928370, -770383959, 3, true, (now() at time zone 'utc'), 1704401706, 1);
INSERT INTO current_nodes (id, latitude, longitude, changeset_id, visible, "timestamp", tile, version) VALUES (4349, 388928370, -770383959, 3, true, (now() at time zone 'utc'), 1704401706, 1);
INSERT INTO current_node_tags (node_id, k, v) VALUES (4349, 'hoot:id', '4349');
INSERT INTO node_tags (node_id, k, v, version) VALUES (4349, 'hoot:id', '4349', 1);
INSERT INTO current_node_tags (node_id, k, v) VALUES (4349, 'hoot:status', '2');
INSERT INTO node_tags (node_id, k, v, version) VALUES (4349, 'hoot:status', '2', 1);
/* create node 4350*/
INSERT INTO nodes (node_id, latitude, longitude, changeset_id, visible, "timestamp", tile, version) VALUES (4350, 388927690, -770384339, 3, true, (now() at time zone 'utc'), 1704401706, 1);
INSERT INTO current_nodes (id, latitude, longitude, changeset_id, visible, "timestamp", tile, version) VALUES (4350, 388927690, -770384339, 3, true, (now() at time zone 'utc'), 1704401706, 1);
INSERT INTO current_node_tags (node_id, k, v) VALUES (4350, 'hoot:id', '4350');
INSERT INTO node_tags (node_id, k, v, version) VALUES (4350, 'hoot:id', '4350', 1);
INSERT INTO current_node_tags (node_id, k, v) VALUES (4350, 'hoot:status', '2');
INSERT INTO node_tags (node_id, k, v, version) VALUES (4350, 'hoot:status', '2', 1);
/* create node 4351*/
INSERT INTO nodes (node_id, latitude, longitude, changeset_id, visible, "timestamp", tile, version) VALUES (4351, 388926760, -770384959, 3, true, (now() at time zone 'utc'), 1704401706, 1);
INSERT INTO current_nodes (id, latitude, longitude, changeset_id, visible, "timestamp", tile, version) VALUES (4351, 388926760, -770384959, 3, true, (now() at time zone 'utc'), 1704401706, 1);
INSERT INTO current_node_tags (node_id, k, v) VALUES (4351, 'hoot:id', '4351');
INSERT INTO node_tags (node_id, k, v, version) VALUES (4351, 'hoot:id', '4351', 1);
INSERT INTO current_node_tags (node_id, k, v) VALUES (4351, 'hoot:status', '2');
INSERT INTO node_tags (node_id, k, v, version) VALUES (4351, 'hoot:status', '2', 1);
/* create node 4352*/
INSERT INTO nodes (node_id, latitude, longitude, changeset_id, visible, "timestamp", tile, version) VALUES (4352, 388925210, -770386439, 3, true, (now() at time zone 'utc'), 1704401706, 1);
INSERT INTO current_nodes (id, latitude, longitude, changeset_id, visible, "timestamp", tile, version) VALUES (4352, 388925210, -770386439, 3, true, (now() at time zone 'utc'), 1704401706, 1);
INSERT INTO current_node_tags (node_id, k, v) VALUES (4352, 'hoot:id', '4352');
INSERT INTO node_tags (node_id, k, v, version) VALUES (4352, 'hoot:id', '4352', 1);
INSERT INTO current_node_tags (node_id, k, v) VALUES (4352, 'hoot:status', '2');
INSERT INTO node_tags (node_id, k, v, version) VALUES (4352, 'hoot:status', '2', 1);
/* create node 4353*/
INSERT INTO nodes (node_id, latitude, longitude, changeset_id, visible, "timestamp", tile, version) VALUES (4353, 388924550, -770387149, 3, true, (now() at time zone 'utc'), 1704401706, 1);
INSERT INTO current_nodes (id, latitude, longitude, changeset_id, visible, "timestamp", tile, version) VALUES (4353, 388924550, -770387149, 3, true, (now() at time zone 'utc'), 1704401706, 1);
INSERT INTO current_node_tags (node_id, k, v) VALUES (4353, 'hoot:id', '4353');
INSERT INTO node_tags (node_id, k, v, version) VALUES (4353, 'hoot:id', '4353', 1);
INSERT INTO current_node_tags (node_id, k, v) VALUES (4353, 'hoot:status', '2');
INSERT INTO node_tags (node_id, k, v, version) VALUES (4353, 'hoot:status', '2', 1);
/* create node 4354*/
INSERT INTO nodes (node_id, latitude, longitude, changeset_id, visible, "timestamp", tile, version) VALUES (4354, 388924230, -770387599, 3, true, (now() at time zone 'utc'), 1704401706, 1);
INSERT INTO current_nodes (id, latitude, longitude, changeset_id, visible, "timestamp", tile, version) VALUES (4354, 388924230, -770387599, 3, true, (now() at time zone 'utc'), 1704401706, 1);
INSERT INTO current_node_tags (node_id, k, v) VALUES (4354, 'hoot:id', '4354');
INSERT INTO node_tags (node_id, k, v, version) VALUES (4354, 'hoot:id', '4354', 1);
INSERT INTO current_node_tags (node_id, k, v) VALUES (4354, 'hoot:status', '2');
INSERT INTO node_tags (node_id, k, v, version) VALUES (4354, 'hoot:status', '2', 1);
/* create node 4355*/
INSERT INTO nodes (node_id, latitude, longitude, changeset_id, visible, "timestamp", tile, version) VALUES (4355, 388923580, -770388699, 3, true, (now() at time zone 'utc'), 1704401706, 1);
INSERT INTO current_nodes (id, latitude, longitude, changeset_id, visible, "timestamp", tile, version) VALUES (4355, 388923580, -770388699, 3, true, (now() at time zone 'utc'), 1704401706, 1);
INSERT INTO current_node_tags (node_id, k, v) VALUES (4355, 'hoot:id', '4355');
INSERT INTO node_tags (node_id, k, v, version) VALUES (4355, 'hoot:id', '4355', 1);
INSERT INTO current_node_tags (node_id, k, v) VALUES (4355, 'hoot:status', '2');
INSERT INTO node_tags (node_id, k, v, version) VALUES (4355, 'hoot:status', '2', 1);
/* create node 4356*/
INSERT INTO nodes (node_id, latitude, longitude, changeset_id, visible, "timestamp", tile, version) VALUES (4356, 388923100, -770389479, 3, true, (now() at time zone 'utc'), 1704401706, 1);
INSERT INTO current_nodes (id, latitude, longitude, changeset_id, visible, "timestamp", tile, version) VALUES (4356, 388923100, -770389479, 3, true, (now() at time zone 'utc'), 1704401706, 1);
INSERT INTO current_node_tags (node_id, k, v) VALUES (4356, 'hoot:id', '4356');
INSERT INTO node_tags (node_id, k, v, version) VALUES (4356, 'hoot:id', '4356', 1);
INSERT INTO current_node_tags (node_id, k, v) VALUES (4356, 'hoot:status', '2');
INSERT INTO node_tags (node_id, k, v, version) VALUES (4356, 'hoot:status', '2', 1);
/* create node 4357*/
INSERT INTO nodes (node_id, latitude, longitude, changeset_id, visible, "timestamp", tile, version) VALUES (4357, 388922800, -770390099, 3, true, (now() at time zone 'utc'), 1704401706, 1);
INSERT INTO current_nodes (id, latitude, longitude, changeset_id, visible, "timestamp", tile, version) VALUES (4357, 388922800, -770390099, 3, true, (now() at time zone 'utc'), 1704401706, 1);
INSERT INTO current_node_tags (node_id, k, v) VALUES (4357, 'hoot:id', '4357');
INSERT INTO node_tags (node_id, k, v, version) VALUES (4357, 'hoot:id', '4357', 1);
INSERT INTO current_node_tags (node_id, k, v) VALUES (4357, 'hoot:status', '2');
INSERT INTO node_tags (node_id, k, v, version) VALUES (4357, 'hoot:status', '2', 1);
/* create node 4358*/
INSERT INTO nodes (node_id, latitude, longitude, changeset_id, visible, "timestamp", tile, version) VALUES (4358, 388922600, -770390359, 3, true, (now() at time zone 'utc'), 1704401706, 1);
INSERT INTO current_nodes (id, latitude, longitude, changeset_id, visible, "timestamp", tile, version) VALUES (4358, 388922600, -770390359, 3, true, (now() at time zone 'utc'), 1704401706, 1);
INSERT INTO current_node_tags (node_id, k, v) VALUES (4358, 'hoot:id', '4358');
INSERT INTO node_tags (node_id, k, v, version) VALUES (4358, 'hoot:id', '4358', 1);
INSERT INTO current_node_tags (node_id, k, v) VALUES (4358, 'hoot:status', '2');
INSERT INTO node_tags (node_id, k, v, version) VALUES (4358, 'hoot:status', '2', 1);
/* create node 4359*/
INSERT INTO nodes (node_id, latitude, longitude, changeset_id, visible, "timestamp", tile, version) VALUES (4359, 388922430, -770390559, 3, true, (now() at time zone 'utc'), 1704401706, 1);
INSERT INTO current_nodes (id, latitude, longitude, changeset_id, visible, "timestamp", tile, version) VALUES (4359, 388922430, -770390559, 3, true, (now() at time zone 'utc'), 1704401706, 1);
INSERT INTO current_node_tags (node_id, k, v) VALUES (4359, 'hoot:id', '4359');
INSERT INTO node_tags (node_id, k, v, version) VALUES (4359, 'hoot:id', '4359', 1);
INSERT INTO current_node_tags (node_id, k, v) VALUES (4359, 'hoot:status', '2');
INSERT INTO node_tags (node_id, k, v, version) VALUES (4359, 'hoot:status', '2', 1);
/* create node 4360*/
INSERT INTO nodes (node_id, latitude, longitude, changeset_id, visible, "timestamp", tile, version) VALUES (4360, 388922160, -770390789, 3, true, (now() at time zone 'utc'), 1704401706, 1);
INSERT INTO current_nodes (id, latitude, longitude, changeset_id, visible, "timestamp", tile, version) VALUES (4360, 388922160, -770390789, 3, true, (now() at time zone 'utc'), 1704401706, 1);
INSERT INTO current_node_tags (node_id, k, v) VALUES (4360, 'hoot:id', '4360');
INSERT INTO node_tags (node_id, k, v, version) VALUES (4360, 'hoot:id', '4360', 1);
INSERT INTO current_node_tags (node_id, k, v) VALUES (4360, 'hoot:status', '2');
INSERT INTO node_tags (node_id, k, v, version) VALUES (4360, 'hoot:status', '2', 1);
/* create node 4361*/
INSERT INTO nodes (node_id, latitude, longitude, changeset_id, visible, "timestamp", tile, version) VALUES (4361, 388921830, -770390989, 3, true, (now() at time zone 'utc'), 1704401535, 1);
INSERT INTO current_nodes (id, latitude, longitude, changeset_id, visible, "timestamp", tile, version) VALUES (4361, 388921830, -770390989, 3, true, (now() at time zone 'utc'), 1704401535, 1);
INSERT INTO current_node_tags (node_id, k, v) VALUES (4361, 'hoot:id', '4361');
INSERT INTO node_tags (node_id, k, v, version) VALUES (4361, 'hoot:id', '4361', 1);
INSERT INTO current_node_tags (node_id, k, v) VALUES (4361, 'hoot:status', '2');
INSERT INTO node_tags (node_id, k, v, version) VALUES (4361, 'hoot:status', '2', 1);
/* create node 4373*/
INSERT INTO nodes (node_id, latitude, longitude, changeset_id, visible, "timestamp", tile, version) VALUES (4373, 388929390, -770347109, 3, true, (now() at time zone 'utc'), 1704401792, 1);
INSERT INTO current_nodes (id, latitude, longitude, changeset_id, visible, "timestamp", tile, version) VALUES (4373, 388929390, -770347109, 3, true, (now() at time zone 'utc'), 1704401792, 1);
INSERT INTO current_node_tags (node_id, k, v) VALUES (4373, 'hoot:id', '4373');
INSERT INTO node_tags (node_id, k, v, version) VALUES (4373, 'hoot:id', '4373', 1);
INSERT INTO current_node_tags (node_id, k, v) VALUES (4373, 'hoot:status', '2');
INSERT INTO node_tags (node_id, k, v, version) VALUES (4373, 'hoot:status', '2', 1);
/* create node 4374*/
INSERT INTO nodes (node_id, latitude, longitude, changeset_id, visible, "timestamp", tile, version) VALUES (4374, 388928170, -770346629, 3, true, (now() at time zone 'utc'), 1704401792, 1);
INSERT INTO current_nodes (id, latitude, longitude, changeset_id, visible, "timestamp", tile, version) VALUES (4374, 388928170, -770346629, 3, true, (now() at time zone 'utc'), 1704401792, 1);
INSERT INTO current_node_tags (node_id, k, v) VALUES (4374, 'hoot:id', '4374');
INSERT INTO node_tags (node_id, k, v, version) VALUES (4374, 'hoot:id', '4374', 1);
INSERT INTO current_node_tags (node_id, k, v) VALUES (4374, 'hoot:status', '2');
INSERT INTO node_tags (node_id, k, v, version) VALUES (4374, 'hoot:status', '2', 1);
/* create node 4375*/
INSERT INTO nodes (node_id, latitude, longitude, changeset_id, visible, "timestamp", tile, version) VALUES (4375, 388927690, -770346329, 3, true, (now() at time zone 'utc'), 1704401792, 1);
INSERT INTO current_nodes (id, latitude, longitude, changeset_id, visible, "timestamp", tile, version) VALUES (4375, 388927690, -770346329, 3, true, (now() at time zone 'utc'), 1704401792, 1);
INSERT INTO current_node_tags (node_id, k, v) VALUES (4375, 'hoot:id', '4375');
INSERT INTO node_tags (node_id, k, v, version) VALUES (4375, 'hoot:id', '4375', 1);
INSERT INTO current_node_tags (node_id, k, v) VALUES (4375, 'hoot:status', '2');
INSERT INTO node_tags (node_id, k, v, version) VALUES (4375, 'hoot:status', '2', 1);
/* create node 4376*/
INSERT INTO nodes (node_id, latitude, longitude, changeset_id, visible, "timestamp", tile, version) VALUES (4376, 388926440, -770345509, 3, true, (now() at time zone 'utc'), 1704401792, 1);
INSERT INTO current_nodes (id, latitude, longitude, changeset_id, visible, "timestamp", tile, version) VALUES (4376, 388926440, -770345509, 3, true, (now() at time zone 'utc'), 1704401792, 1);
INSERT INTO current_node_tags (node_id, k, v) VALUES (4376, 'hoot:id', '4376');
INSERT INTO node_tags (node_id, k, v, version) VALUES (4376, 'hoot:id', '4376', 1);
INSERT INTO current_node_tags (node_id, k, v) VALUES (4376, 'hoot:status', '2');
INSERT INTO node_tags (node_id, k, v, version) VALUES (4376, 'hoot:status', '2', 1);
/* create node 4377*/
INSERT INTO nodes (node_id, latitude, longitude, changeset_id, visible, "timestamp", tile, version) VALUES (4377, 388925740, -770344989, 3, true, (now() at time zone 'utc'), 1704401792, 1);
INSERT INTO current_nodes (id, latitude, longitude, changeset_id, visible, "timestamp", tile, version) VALUES (4377, 388925740, -770344989, 3, true, (now() at time zone 'utc'), 1704401792, 1);
INSERT INTO current_node_tags (node_id, k, v) VALUES (4377, 'hoot:id', '4377');
INSERT INTO node_tags (node_id, k, v, version) VALUES (4377, 'hoot:id', '4377', 1);
INSERT INTO current_node_tags (node_id, k, v) VALUES (4377, 'hoot:status', '2');
INSERT INTO node_tags (node_id, k, v, version) VALUES (4377, 'hoot:status', '2', 1);
/* create node 4378*/
INSERT INTO nodes (node_id, latitude, longitude, changeset_id, visible, "timestamp", tile, version) VALUES (4378, 388924990, -770344269, 3, true, (now() at time zone 'utc'), 1704401792, 1);
INSERT INTO current_nodes (id, latitude, longitude, changeset_id, visible, "timestamp", tile, version) VALUES (4378, 388924990, -770344269, 3, true, (now() at time zone 'utc'), 1704401792, 1);
INSERT INTO current_node_tags (node_id, k, v) VALUES (4378, 'hoot:id', '4378');
INSERT INTO node_tags (node_id, k, v, version) VALUES (4378, 'hoot:id', '4378', 1);
INSERT INTO current_node_tags (node_id, k, v) VALUES (4378, 'hoot:status', '2');
INSERT INTO node_tags (node_id, k, v, version) VALUES (4378, 'hoot:status', '2', 1);
/* create node 4379*/
INSERT INTO nodes (node_id, latitude, longitude, changeset_id, visible, "timestamp", tile, version) VALUES (4379, 388924220, -770343379, 3, true, (now() at time zone 'utc'), 1704401792, 1);
INSERT INTO current_nodes (id, latitude, longitude, changeset_id, visible, "timestamp", tile, version) VALUES (4379, 388924220, -770343379, 3, true, (now() at time zone 'utc'), 1704401792, 1);
INSERT INTO current_node_tags (node_id, k, v) VALUES (4379, 'hoot:id', '4379');
INSERT INTO node_tags (node_id, k, v, version) VALUES (4379, 'hoot:id', '4379', 1);
INSERT INTO current_node_tags (node_id, k, v) VALUES (4379, 'hoot:status', '2');
INSERT INTO node_tags (node_id, k, v, version) VALUES (4379, 'hoot:status', '2', 1);
/* create node 4380*/
INSERT INTO nodes (node_id, latitude, longitude, changeset_id, visible, "timestamp", tile, version) VALUES (4380, 388923170, -770341889, 3, true, (now() at time zone 'utc'), 1704401792, 1);
INSERT INTO current_nodes (id, latitude, longitude, changeset_id, visible, "timestamp", tile, version) VALUES (4380, 388923170, -770341889, 3, true, (now() at time zone 'utc'), 1704401792, 1);
INSERT INTO current_node_tags (node_id, k, v) VALUES (4380, 'hoot:id', '4380');
INSERT INTO node_tags (node_id, k, v, version) VALUES (4380, 'hoot:id', '4380', 1);
INSERT INTO current_node_tags (node_id, k, v) VALUES (4380, 'hoot:status', '2');
INSERT INTO node_tags (node_id, k, v, version) VALUES (4380, 'hoot:status', '2', 1);
/* create node 4381*/
INSERT INTO nodes (node_id, latitude, longitude, changeset_id, visible, "timestamp", tile, version) VALUES (4381, 388921430, -770339749, 3, true, (now() at time zone 'utc'), 1704401621, 1);
INSERT INTO current_nodes (id, latitude, longitude, changeset_id, visible, "timestamp", tile, version) VALUES (4381, 388921430, -770339749, 3, true, (now() at time zone 'utc'), 1704401621, 1);
INSERT INTO current_node_tags (node_id, k, v) VALUES (4381, 'hoot:id', '4381');
INSERT INTO node_tags (node_id, k, v, version) VALUES (4381, 'hoot:id', '4381', 1);
INSERT INTO current_node_tags (node_id, k, v) VALUES (4381, 'hoot:status', '2');
INSERT INTO node_tags (node_id, k, v, version) VALUES (4381, 'hoot:status', '2', 1);
/* create node 4490*/
INSERT INTO nodes (node_id, latitude, longitude, changeset_id, visible, "timestamp", tile, version) VALUES (4490, 388954580, -770376569, 3, true, (now() at time zone 'utc'), 1704401707, 1);
INSERT INTO current_nodes (id, latitude, longitude, changeset_id, visible, "timestamp", tile, version) VALUES (4490, 388954580, -770376569, 3, true, (now() at time zone 'utc'), 1704401707, 1);
INSERT INTO current_node_tags (node_id, k, v) VALUES (4490, 'hoot:id', '4490');
INSERT INTO node_tags (node_id, k, v, version) VALUES (4490, 'hoot:id', '4490', 1);
INSERT INTO current_node_tags (node_id, k, v) VALUES (4490, 'hoot:status', '2');
INSERT INTO node_tags (node_id, k, v, version) VALUES (4490, 'hoot:status', '2', 1);
/* create node 4492*/
INSERT INTO nodes (node_id, latitude, longitude, changeset_id, visible, "timestamp", tile, version) VALUES (4492, 388954950, -770376389, 3, true, (now() at time zone 'utc'), 1704401707, 1);
INSERT INTO current_nodes (id, latitude, longitude, changeset_id, visible, "timestamp", tile, version) VALUES (4492, 388954950, -770376389, 3, true, (now() at time zone 'utc'), 1704401707, 1);
INSERT INTO current_node_tags (node_id, k, v) VALUES (4492, 'hoot:id', '4492');
INSERT INTO node_tags (node_id, k, v, version) VALUES (4492, 'hoot:id', '4492', 1);
INSERT INTO current_node_tags (node_id, k, v) VALUES (4492, 'hoot:status', '2');
INSERT INTO node_tags (node_id, k, v, version) VALUES (4492, 'hoot:status', '2', 1);
/* create node 4494*/
INSERT INTO nodes (node_id, latitude, longitude, changeset_id, visible, "timestamp", tile, version) VALUES (4494, 388955200, -770376379, 3, true, (now() at time zone 'utc'), 1704401707, 1);
INSERT INTO current_nodes (id, latitude, longitude, changeset_id, visible, "timestamp", tile, version) VALUES (4494, 388955200, -770376379, 3, true, (now() at time zone 'utc'), 1704401707, 1);
INSERT INTO current_node_tags (node_id, k, v) VALUES (4494, 'hoot:id', '4494');
INSERT INTO node_tags (node_id, k, v, version) VALUES (4494, 'hoot:id', '4494', 1);
INSERT INTO current_node_tags (node_id, k, v) VALUES (4494, 'hoot:status', '2');
INSERT INTO node_tags (node_id, k, v, version) VALUES (4494, 'hoot:status', '2', 1);
/* create node 4496*/
INSERT INTO nodes (node_id, latitude, longitude, changeset_id, visible, "timestamp", tile, version) VALUES (4496, 388955500, -770376419, 3, true, (now() at time zone 'utc'), 1704401707, 1);
INSERT INTO current_nodes (id, latitude, longitude, changeset_id, visible, "timestamp", tile, version) VALUES (4496, 388955500, -770376419, 3, true, (now() at time zone 'utc'), 1704401707, 1);
INSERT INTO current_node_tags (node_id, k, v) VALUES (4496, 'hoot:id', '4496');
INSERT INTO node_tags (node_id, k, v, version) VALUES (4496, 'hoot:id', '4496', 1);
INSERT INTO current_node_tags (node_id, k, v) VALUES (4496, 'hoot:status', '2');
INSERT INTO node_tags (node_id, k, v, version) VALUES (4496, 'hoot:status', '2', 1);
/* create node 4498*/
INSERT INTO nodes (node_id, latitude, longitude, changeset_id, visible, "timestamp", tile, version) VALUES (4498, 388955950, -770376549, 3, true, (now() at time zone 'utc'), 1704401707, 1);
INSERT INTO current_nodes (id, latitude, longitude, changeset_id, visible, "timestamp", tile, version) VALUES (4498, 388955950, -770376549, 3, true, (now() at time zone 'utc'), 1704401707, 1);
INSERT INTO current_node_tags (node_id, k, v) VALUES (4498, 'hoot:id', '4498');
INSERT INTO node_tags (node_id, k, v, version) VALUES (4498, 'hoot:id', '4498', 1);
INSERT INTO current_node_tags (node_id, k, v) VALUES (4498, 'hoot:status', '2');
INSERT INTO node_tags (node_id, k, v, version) VALUES (4498, 'hoot:status', '2', 1);
/* create node 4501*/
INSERT INTO nodes (node_id, latitude, longitude, changeset_id, visible, "timestamp", tile, version) VALUES (4501, 388945220, -770346549, 3, true, (now() at time zone 'utc'), 1704401792, 1);
INSERT INTO current_nodes (id, latitude, longitude, changeset_id, visible, "timestamp", tile, version) VALUES (4501, 388945220, -770346549, 3, true, (now() at time zone 'utc'), 1704401792, 1);
INSERT INTO current_node_tags (node_id, k, v) VALUES (4501, 'hoot:id', '4501');
INSERT INTO node_tags (node_id, k, v, version) VALUES (4501, 'hoot:id', '4501', 1);
INSERT INTO current_node_tags (node_id, k, v) VALUES (4501, 'hoot:status', '2');
INSERT INTO node_tags (node_id, k, v, version) VALUES (4501, 'hoot:status', '2', 1);
/* create node 4502*/
INSERT INTO nodes (node_id, latitude, longitude, changeset_id, visible, "timestamp", tile, version) VALUES (4502, 388946860, -770345799, 3, true, (now() at time zone 'utc'), 1704401792, 1);
INSERT INTO current_nodes (id, latitude, longitude, changeset_id, visible, "timestamp", tile, version) VALUES (4502, 388946860, -770345799, 3, true, (now() at time zone 'utc'), 1704401792, 1);
INSERT INTO current_node_tags (node_id, k, v) VALUES (4502, 'hoot:id', '4502');
INSERT INTO node_tags (node_id, k, v, version) VALUES (4502, 'hoot:id', '4502', 1);
INSERT INTO current_node_tags (node_id, k, v) VALUES (4502, 'hoot:status', '2');
INSERT INTO node_tags (node_id, k, v, version) VALUES (4502, 'hoot:status', '2', 1);
/* create node 4503*/
INSERT INTO nodes (node_id, latitude, longitude, changeset_id, visible, "timestamp", tile, version) VALUES (4503, 388948110, -770345249, 3, true, (now() at time zone 'utc'), 1704401792, 1);
INSERT INTO current_nodes (id, latitude, longitude, changeset_id, visible, "timestamp", tile, version) VALUES (4503, 388948110, -770345249, 3, true, (now() at time zone 'utc'), 1704401792, 1);
INSERT INTO current_node_tags (node_id, k, v) VALUES (4503, 'hoot:id', '4503');
INSERT INTO node_tags (node_id, k, v, version) VALUES (4503, 'hoot:id', '4503', 1);
INSERT INTO current_node_tags (node_id, k, v) VALUES (4503, 'hoot:status', '2');
INSERT INTO node_tags (node_id, k, v, version) VALUES (4503, 'hoot:status', '2', 1);
/* create node 4504*/
INSERT INTO nodes (node_id, latitude, longitude, changeset_id, visible, "timestamp", tile, version) VALUES (4504, 388949380, -770344549, 3, true, (now() at time zone 'utc'), 1704401792, 1);
INSERT INTO current_nodes (id, latitude, longitude, changeset_id, visible, "timestamp", tile, version) VALUES (4504, 388949380, -770344549, 3, true, (now() at time zone 'utc'), 1704401792, 1);
INSERT INTO current_node_tags (node_id, k, v) VALUES (4504, 'hoot:id', '4504');
INSERT INTO node_tags (node_id, k, v, version) VALUES (4504, 'hoot:id', '4504', 1);
INSERT INTO current_node_tags (node_id, k, v) VALUES (4504, 'hoot:status', '2');
INSERT INTO node_tags (node_id, k, v, version) VALUES (4504, 'hoot:status', '2', 1);
/* create node 4505*/
INSERT INTO nodes (node_id, latitude, longitude, changeset_id, visible, "timestamp", tile, version) VALUES (4505, 388950020, -770344029, 3, true, (now() at time zone 'utc'), 1704401793, 1);
INSERT INTO current_nodes (id, latitude, longitude, changeset_id, visible, "timestamp", tile, version) VALUES (4505, 388950020, -770344029, 3, true, (now() at time zone 'utc'), 1704401793, 1);
INSERT INTO current_node_tags (node_id, k, v) VALUES (4505, 'hoot:id', '4505');
INSERT INTO node_tags (node_id, k, v, version) VALUES (4505, 'hoot:id', '4505', 1);
INSERT INTO current_node_tags (node_id, k, v) VALUES (4505, 'hoot:status', '2');
INSERT INTO node_tags (node_id, k, v, version) VALUES (4505, 'hoot:status', '2', 1);
/* create node 4506*/
INSERT INTO nodes (node_id, latitude, longitude, changeset_id, visible, "timestamp", tile, version) VALUES (4506, 388950460, -770343639, 3, true, (now() at time zone 'utc'), 1704401793, 1);
INSERT INTO current_nodes (id, latitude, longitude, changeset_id, visible, "timestamp", tile, version) VALUES (4506, 388950460, -770343639, 3, true, (now() at time zone 'utc'), 1704401793, 1);
INSERT INTO current_node_tags (node_id, k, v) VALUES (4506, 'hoot:id', '4506');
INSERT INTO node_tags (node_id, k, v, version) VALUES (4506, 'hoot:id', '4506', 1);
INSERT INTO current_node_tags (node_id, k, v) VALUES (4506, 'hoot:status', '2');
INSERT INTO node_tags (node_id, k, v, version) VALUES (4506, 'hoot:status', '2', 1);
/* create node 4507*/
INSERT INTO nodes (node_id, latitude, longitude, changeset_id, visible, "timestamp", tile, version) VALUES (4507, 388951040, -770343009, 3, true, (now() at time zone 'utc'), 1704401793, 1);
INSERT INTO current_nodes (id, latitude, longitude, changeset_id, visible, "timestamp", tile, version) VALUES (4507, 388951040, -770343009, 3, true, (now() at time zone 'utc'), 1704401793, 1);
INSERT INTO current_node_tags (node_id, k, v) VALUES (4507, 'hoot:id', '4507');
INSERT INTO node_tags (node_id, k, v, version) VALUES (4507, 'hoot:id', '4507', 1);
INSERT INTO current_node_tags (node_id, k, v) VALUES (4507, 'hoot:status', '2');
INSERT INTO node_tags (node_id, k, v, version) VALUES (4507, 'hoot:status', '2', 1);
/* create node 4508*/
INSERT INTO nodes (node_id, latitude, longitude, changeset_id, visible, "timestamp", tile, version) VALUES (4508, 388951590, -770342339, 3, true, (now() at time zone 'utc'), 1704401793, 1);
INSERT INTO current_nodes (id, latitude, longitude, changeset_id, visible, "timestamp", tile, version) VALUES (4508, 388951590, -770342339, 3, true, (now() at time zone 'utc'), 1704401793, 1);
INSERT INTO current_node_tags (node_id, k, v) VALUES (4508, 'hoot:id', '4508');
INSERT INTO node_tags (node_id, k, v, version) VALUES (4508, 'hoot:id', '4508', 1);
INSERT INTO current_node_tags (node_id, k, v) VALUES (4508, 'hoot:status', '2');
INSERT INTO node_tags (node_id, k, v, version) VALUES (4508, 'hoot:status', '2', 1);
/* create node 4509*/
INSERT INTO nodes (node_id, latitude, longitude, changeset_id, visible, "timestamp", tile, version) VALUES (4509, 388952110, -770341679, 3, true, (now() at time zone 'utc'), 1704401793, 1);
INSERT INTO current_nodes (id, latitude, longitude, changeset_id, visible, "timestamp", tile, version) VALUES (4509, 388952110, -770341679, 3, true, (now() at time zone 'utc'), 1704401793, 1);
INSERT INTO current_node_tags (node_id, k, v) VALUES (4509, 'hoot:id', '4509');
INSERT INTO node_tags (node_id, k, v, version) VALUES (4509, 'hoot:id', '4509', 1);
INSERT INTO current_node_tags (node_id, k, v) VALUES (4509, 'hoot:status', '2');
INSERT INTO node_tags (node_id, k, v, version) VALUES (4509, 'hoot:status', '2', 1);
/* create node 4510*/
INSERT INTO nodes (node_id, latitude, longitude, changeset_id, visible, "timestamp", tile, version) VALUES (4510, 388952670, -770340889, 3, true, (now() at time zone 'utc'), 1704401793, 1);
INSERT INTO current_nodes (id, latitude, longitude, changeset_id, visible, "timestamp", tile, version) VALUES (4510, 388952670, -770340889, 3, true, (now() at time zone 'utc'), 1704401793, 1);
INSERT INTO current_node_tags (node_id, k, v) VALUES (4510, 'hoot:id', '4510');
INSERT INTO node_tags (node_id, k, v, version) VALUES (4510, 'hoot:id', '4510', 1);
INSERT INTO current_node_tags (node_id, k, v) VALUES (4510, 'hoot:status', '2');
INSERT INTO node_tags (node_id, k, v, version) VALUES (4510, 'hoot:status', '2', 1);
/* create node 4511*/
INSERT INTO nodes (node_id, latitude, longitude, changeset_id, visible, "timestamp", tile, version) VALUES (4511, 388953470, -770339679, 3, true, (now() at time zone 'utc'), 1704401793, 1);
INSERT INTO current_nodes (id, latitude, longitude, changeset_id, visible, "timestamp", tile, version) VALUES (4511, 388953470, -770339679, 3, true, (now() at time zone 'utc'), 1704401793, 1);
INSERT INTO current_node_tags (node_id, k, v) VALUES (4511, 'hoot:id', '4511');
INSERT INTO node_tags (node_id, k, v, version) VALUES (4511, 'hoot:id', '4511', 1);
INSERT INTO current_node_tags (node_id, k, v) VALUES (4511, 'hoot:status', '2');
INSERT INTO node_tags (node_id, k, v, version) VALUES (4511, 'hoot:status', '2', 1);
/* create node 4512*/
INSERT INTO nodes (node_id, latitude, longitude, changeset_id, visible, "timestamp", tile, version) VALUES (4512, 388954130, -770338939, 3, true, (now() at time zone 'utc'), 1704401793, 1);
INSERT INTO current_nodes (id, latitude, longitude, changeset_id, visible, "timestamp", tile, version) VALUES (4512, 388954130, -770338939, 3, true, (now() at time zone 'utc'), 1704401793, 1);
INSERT INTO current_node_tags (node_id, k, v) VALUES (4512, 'hoot:id', '4512');
INSERT INTO node_tags (node_id, k, v, version) VALUES (4512, 'hoot:id', '4512', 1);
INSERT INTO current_node_tags (node_id, k, v) VALUES (4512, 'hoot:status', '2');
INSERT INTO node_tags (node_id, k, v, version) VALUES (4512, 'hoot:status', '2', 1);
/* create node 4551*/
INSERT INTO nodes (node_id, latitude, longitude, changeset_id, visible, "timestamp", tile, version) VALUES (4551, 388973450, -770336449, 3, true, (now() at time zone 'utc'), 1704401793, 1);
INSERT INTO current_nodes (id, latitude, longitude, changeset_id, visible, "timestamp", tile, version) VALUES (4551, 388973450, -770336449, 3, true, (now() at time zone 'utc'), 1704401793, 1);
INSERT INTO current_node_tags (node_id, k, v) VALUES (4551, 'hoot:id', '4551');
INSERT INTO node_tags (node_id, k, v, version) VALUES (4551, 'hoot:id', '4551', 1);
INSERT INTO current_node_tags (node_id, k, v) VALUES (4551, 'hoot:status', '2');
INSERT INTO node_tags (node_id, k, v, version) VALUES (4551, 'hoot:status', '2', 1);
/* create node 4552*/
INSERT INTO nodes (node_id, latitude, longitude, changeset_id, visible, "timestamp", tile, version) VALUES (4552, 388983140, -770336439, 3, true, (now() at time zone 'utc'), 1704401796, 1);
INSERT INTO current_nodes (id, latitude, longitude, changeset_id, visible, "timestamp", tile, version) VALUES (4552, 388983140, -770336439, 3, true, (now() at time zone 'utc'), 1704401796, 1);
INSERT INTO current_node_tags (node_id, k, v) VALUES (4552, 'hoot:id', '4552');
INSERT INTO node_tags (node_id, k, v, version) VALUES (4552, 'hoot:id', '4552', 1);
INSERT INTO current_node_tags (node_id, k, v) VALUES (4552, 'hoot:status', '2');
INSERT INTO node_tags (node_id, k, v, version) VALUES (4552, 'hoot:status', '2', 1);
/* create node 4553*/
INSERT INTO nodes (node_id, latitude, longitude, changeset_id, visible, "timestamp", tile, version) VALUES (4553, 388984330, -770336429, 3, true, (now() at time zone 'utc'), 1704401796, 1);
INSERT INTO current_nodes (id, latitude, longitude, changeset_id, visible, "timestamp", tile, version) VALUES (4553, 388984330, -770336429, 3, true, (now() at time zone 'utc'), 1704401796, 1);
INSERT INTO current_node_tags (node_id, k, v) VALUES (4553, 'hoot:id', '4553');
INSERT INTO node_tags (node_id, k, v, version) VALUES (4553, 'hoot:id', '4553', 1);
INSERT INTO current_node_tags (node_id, k, v) VALUES (4553, 'hoot:status', '2');
INSERT INTO node_tags (node_id, k, v, version) VALUES (4553, 'hoot:status', '2', 1);
/* create node 4554*/
INSERT INTO nodes (node_id, latitude, longitude, changeset_id, visible, "timestamp", tile, version) VALUES (4554, 388986190, -770336429, 3, true, (now() at time zone 'utc'), 1704401796, 1);
INSERT INTO current_nodes (id, latitude, longitude, changeset_id, visible, "timestamp", tile, version) VALUES (4554, 388986190, -770336429, 3, true, (now() at time zone 'utc'), 1704401796, 1);
INSERT INTO current_node_tags (node_id, k, v) VALUES (4554, 'hoot:id', '4554');
INSERT INTO node_tags (node_id, k, v, version) VALUES (4554, 'hoot:id', '4554', 1);
INSERT INTO current_node_tags (node_id, k, v) VALUES (4554, 'hoot:status', '2');
INSERT INTO node_tags (node_id, k, v, version) VALUES (4554, 'hoot:status', '2', 1);
/* create node 4555*/
INSERT INTO nodes (node_id, latitude, longitude, changeset_id, visible, "timestamp", tile, version) VALUES (4555, 388987820, -770336419, 3, true, (now() at time zone 'utc'), 1704401796, 1);
INSERT INTO current_nodes (id, latitude, longitude, changeset_id, visible, "timestamp", tile, version) VALUES (4555, 388987820, -770336419, 3, true, (now() at time zone 'utc'), 1704401796, 1);
INSERT INTO current_node_tags (node_id, k, v) VALUES (4555, 'hoot:id', '4555');
INSERT INTO node_tags (node_id, k, v, version) VALUES (4555, 'hoot:id', '4555', 1);
INSERT INTO current_node_tags (node_id, k, v) VALUES (4555, 'hoot:status', '2');
INSERT INTO node_tags (node_id, k, v, version) VALUES (4555, 'hoot:status', '2', 1);
/* create node 4556*/
INSERT INTO nodes (node_id, latitude, longitude, changeset_id, visible, "timestamp", tile, version) VALUES (4556, 388989840, -770336399, 3, true, (now() at time zone 'utc'), 1704401796, 1);
INSERT INTO current_nodes (id, latitude, longitude, changeset_id, visible, "timestamp", tile, version) VALUES (4556, 388989840, -770336399, 3, true, (now() at time zone 'utc'), 1704401796, 1);
INSERT INTO current_node_tags (node_id, k, v) VALUES (4556, 'hoot:id', '4556');
INSERT INTO node_tags (node_id, k, v, version) VALUES (4556, 'hoot:id', '4556', 1);
INSERT INTO current_node_tags (node_id, k, v) VALUES (4556, 'hoot:status', '2');
INSERT INTO node_tags (node_id, k, v, version) VALUES (4556, 'hoot:status', '2', 1);
/* create node 4557*/
INSERT INTO nodes (node_id, latitude, longitude, changeset_id, visible, "timestamp", tile, version) VALUES (4557, 388994430, -770336389, 3, true, (now() at time zone 'utc'), 1704401796, 1);
INSERT INTO current_nodes (id, latitude, longitude, changeset_id, visible, "timestamp", tile, version) VALUES (4557, 388994430, -770336389, 3, true, (now() at time zone 'utc'), 1704401796, 1);
INSERT INTO current_node_tags (node_id, k, v) VALUES (4557, 'hoot:id', '4557');
INSERT INTO node_tags (node_id, k, v, version) VALUES (4557, 'hoot:id', '4557', 1);
INSERT INTO current_node_tags (node_id, k, v) VALUES (4557, 'hoot:status', '2');
INSERT INTO node_tags (node_id, k, v, version) VALUES (4557, 'hoot:status', '2', 1);
/* create node 4558*/
INSERT INTO nodes (node_id, latitude, longitude, changeset_id, visible, "timestamp", tile, version) VALUES (4558, 389000810, -770336409, 3, true, (now() at time zone 'utc'), 1704401796, 1);
INSERT INTO current_nodes (id, latitude, longitude, changeset_id, visible, "timestamp", tile, version) VALUES (4558, 389000810, -770336409, 3, true, (now() at time zone 'utc'), 1704401796, 1);
INSERT INTO current_node_tags (node_id, k, v) VALUES (4558, 'hoot:id', '4558');
INSERT INTO node_tags (node_id, k, v, version) VALUES (4558, 'hoot:id', '4558', 1);
INSERT INTO current_node_tags (node_id, k, v) VALUES (4558, 'hoot:status', '2');
INSERT INTO node_tags (node_id, k, v, version) VALUES (4558, 'hoot:status', '2', 1);
/* create node 4559*/
INSERT INTO nodes (node_id, latitude, longitude, changeset_id, visible, "timestamp", tile, version) VALUES (4559, 389002060, -770336419, 3, true, (now() at time zone 'utc'), 1704401796, 1);
INSERT INTO current_nodes (id, latitude, longitude, changeset_id, visible, "timestamp", tile, version) VALUES (4559, 389002060, -770336419, 3, true, (now() at time zone 'utc'), 1704401796, 1);
INSERT INTO current_node_tags (node_id, k, v) VALUES (4559, 'hoot:id', '4559');
INSERT INTO node_tags (node_id, k, v, version) VALUES (4559, 'hoot:id', '4559', 1);
INSERT INTO current_node_tags (node_id, k, v) VALUES (4559, 'hoot:status', '2');
INSERT INTO node_tags (node_id, k, v, version) VALUES (4559, 'hoot:status', '2', 1);
/* create node 4560*/
INSERT INTO nodes (node_id, latitude, longitude, changeset_id, visible, "timestamp", tile, version) VALUES (4560, 389007820, -770336429, 3, true, (now() at time zone 'utc'), 1704401797, 1);
INSERT INTO current_nodes (id, latitude, longitude, changeset_id, visible, "timestamp", tile, version) VALUES (4560, 389007820, -770336429, 3, true, (now() at time zone 'utc'), 1704401797, 1);
INSERT INTO current_node_tags (node_id, k, v) VALUES (4560, 'hoot:id', '4560');
INSERT INTO node_tags (node_id, k, v, version) VALUES (4560, 'hoot:id', '4560', 1);
INSERT INTO current_node_tags (node_id, k, v) VALUES (4560, 'hoot:status', '2');
INSERT INTO node_tags (node_id, k, v, version) VALUES (4560, 'hoot:status', '2', 1);
/* create node 4561*/
INSERT INTO nodes (node_id, latitude, longitude, changeset_id, visible, "timestamp", tile, version) VALUES (4561, 389008480, -770336439, 3, true, (now() at time zone 'utc'), 1704401797, 1);
INSERT INTO current_nodes (id, latitude, longitude, changeset_id, visible, "timestamp", tile, version) VALUES (4561, 389008480, -770336439, 3, true, (now() at time zone 'utc'), 1704401797, 1);
INSERT INTO current_node_tags (node_id, k, v) VALUES (4561, 'hoot:id', '4561');
INSERT INTO node_tags (node_id, k, v, version) VALUES (4561, 'hoot:id', '4561', 1);
INSERT INTO current_node_tags (node_id, k, v) VALUES (4561, 'hoot:status', '2');
INSERT INTO node_tags (node_id, k, v, version) VALUES (4561, 'hoot:status', '2', 1);
/* create node 4562*/
INSERT INTO nodes (node_id, latitude, longitude, changeset_id, visible, "timestamp", tile, version) VALUES (4562, 389013330, -770336389, 3, true, (now() at time zone 'utc'), 1704401797, 1);
INSERT INTO current_nodes (id, latitude, longitude, changeset_id, visible, "timestamp", tile, version) VALUES (4562, 389013330, -770336389, 3, true, (now() at time zone 'utc'), 1704401797, 1);
INSERT INTO current_node_tags (node_id, k, v) VALUES (4562, 'hoot:id', '4562');
INSERT INTO node_tags (node_id, k, v, version) VALUES (4562, 'hoot:id', '4562', 1);
INSERT INTO current_node_tags (node_id, k, v) VALUES (4562, 'hoot:status', '2');
INSERT INTO node_tags (node_id, k, v, version) VALUES (4562, 'hoot:status', '2', 1);
/* create node 4563*/
INSERT INTO nodes (node_id, latitude, longitude, changeset_id, visible, "timestamp", tile, version) VALUES (4563, 389017170, -770336389, 3, true, (now() at time zone 'utc'), 1704401797, 1);
INSERT INTO current_nodes (id, latitude, longitude, changeset_id, visible, "timestamp", tile, version) VALUES (4563, 389017170, -770336389, 3, true, (now() at time zone 'utc'), 1704401797, 1);
INSERT INTO current_node_tags (node_id, k, v) VALUES (4563, 'hoot:id', '4563');
INSERT INTO node_tags (node_id, k, v, version) VALUES (4563, 'hoot:id', '4563', 1);
INSERT INTO current_node_tags (node_id, k, v) VALUES (4563, 'hoot:status', '2');
INSERT INTO node_tags (node_id, k, v, version) VALUES (4563, 'hoot:status', '2', 1);
/* create node 4564*/
INSERT INTO nodes (node_id, latitude, longitude, changeset_id, visible, "timestamp", tile, version) VALUES (4564, 389019670, -770336379, 3, true, (now() at time zone 'utc'), 1704401797, 1);
INSERT INTO current_nodes (id, latitude, longitude, changeset_id, visible, "timestamp", tile, version) VALUES (4564, 389019670, -770336379, 3, true, (now() at time zone 'utc'), 1704401797, 1);
INSERT INTO current_node_tags (node_id, k, v) VALUES (4564, 'hoot:id', '4564');
INSERT INTO node_tags (node_id, k, v, version) VALUES (4564, 'hoot:id', '4564', 1);
INSERT INTO current_node_tags (node_id, k, v) VALUES (4564, 'hoot:status', '2');
INSERT INTO node_tags (node_id, k, v, version) VALUES (4564, 'hoot:status', '2', 1);
/* create node 4565*/
INSERT INTO nodes (node_id, latitude, longitude, changeset_id, visible, "timestamp", tile, version) VALUES (4565, 389022370, -770336379, 3, true, (now() at time zone 'utc'), 1704401797, 1);
INSERT INTO current_nodes (id, latitude, longitude, changeset_id, visible, "timestamp", tile, version) VALUES (4565, 389022370, -770336379, 3, true, (now() at time zone 'utc'), 1704401797, 1);
INSERT INTO current_node_tags (node_id, k, v) VALUES (4565, 'hoot:id', '4565');
INSERT INTO node_tags (node_id, k, v, version) VALUES (4565, 'hoot:id', '4565', 1);
INSERT INTO current_node_tags (node_id, k, v) VALUES (4565, 'hoot:status', '2');
INSERT INTO node_tags (node_id, k, v, version) VALUES (4565, 'hoot:status', '2', 1);
/* create node 4566*/
INSERT INTO nodes (node_id, latitude, longitude, changeset_id, visible, "timestamp", tile, version) VALUES (4566, 389025180, -770336319, 3, true, (now() at time zone 'utc'), 1704401797, 1);
INSERT INTO current_nodes (id, latitude, longitude, changeset_id, visible, "timestamp", tile, version) VALUES (4566, 389025180, -770336319, 3, true, (now() at time zone 'utc'), 1704401797, 1);
INSERT INTO current_node_tags (node_id, k, v) VALUES (4566, 'hoot:id', '4566');
INSERT INTO node_tags (node_id, k, v, version) VALUES (4566, 'hoot:id', '4566', 1);
INSERT INTO current_node_tags (node_id, k, v) VALUES (4566, 'hoot:status', '2');
INSERT INTO node_tags (node_id, k, v, version) VALUES (4566, 'hoot:status', '2', 1);
/* create node 4591*/
INSERT INTO nodes (node_id, latitude, longitude, changeset_id, visible, "timestamp", tile, version) VALUES (4591, 388920950, -770501589, 3, true, (now() at time zone 'utc'), 1704401527, 1);
INSERT INTO current_nodes (id, latitude, longitude, changeset_id, visible, "timestamp", tile, version) VALUES (4591, 388920950, -770501589, 3, true, (now() at time zone 'utc'), 1704401527, 1);
INSERT INTO current_node_tags (node_id, k, v) VALUES (4591, 'hoot:id', '4591');
INSERT INTO node_tags (node_id, k, v, version) VALUES (4591, 'hoot:id', '4591', 1);
INSERT INTO current_node_tags (node_id, k, v) VALUES (4591, 'hoot:status', '2');
INSERT INTO node_tags (node_id, k, v, version) VALUES (4591, 'hoot:status', '2', 1);
/* create node 4592*/
INSERT INTO nodes (node_id, latitude, longitude, changeset_id, visible, "timestamp", tile, version) VALUES (4592, 388921020, -770493909, 3, true, (now() at time zone 'utc'), 1704401527, 1);
INSERT INTO current_nodes (id, latitude, longitude, changeset_id, visible, "timestamp", tile, version) VALUES (4592, 388921020, -770493909, 3, true, (now() at time zone 'utc'), 1704401527, 1);
INSERT INTO current_node_tags (node_id, k, v) VALUES (4592, 'hoot:id', '4592');
INSERT INTO node_tags (node_id, k, v, version) VALUES (4592, 'hoot:id', '4592', 1);
INSERT INTO current_node_tags (node_id, k, v) VALUES (4592, 'hoot:status', '2');
INSERT INTO node_tags (node_id, k, v, version) VALUES (4592, 'hoot:status', '2', 1);
/* create node 4593*/
INSERT INTO nodes (node_id, latitude, longitude, changeset_id, visible, "timestamp", tile, version) VALUES (4593, 388921020, -770488489, 3, true, (now() at time zone 'utc'), 1704401527, 1);
INSERT INTO current_nodes (id, latitude, longitude, changeset_id, visible, "timestamp", tile, version) VALUES (4593, 388921020, -770488489, 3, true, (now() at time zone 'utc'), 1704401527, 1);
INSERT INTO current_node_tags (node_id, k, v) VALUES (4593, 'hoot:id', '4593');
INSERT INTO node_tags (node_id, k, v, version) VALUES (4593, 'hoot:id', '4593', 1);
INSERT INTO current_node_tags (node_id, k, v) VALUES (4593, 'hoot:status', '2');
INSERT INTO node_tags (node_id, k, v, version) VALUES (4593, 'hoot:status', '2', 1);
/* create node 4594*/
INSERT INTO nodes (node_id, latitude, longitude, changeset_id, visible, "timestamp", tile, version) VALUES (4594, 388921030, -770486959, 3, true, (now() at time zone 'utc'), 1704401527, 1);
INSERT INTO current_nodes (id, latitude, longitude, changeset_id, visible, "timestamp", tile, version) VALUES (4594, 388921030, -770486959, 3, true, (now() at time zone 'utc'), 1704401527, 1);
INSERT INTO current_node_tags (node_id, k, v) VALUES (4594, 'hoot:id', '4594');
INSERT INTO node_tags (node_id, k, v, version) VALUES (4594, 'hoot:id', '4594', 1);
INSERT INTO current_node_tags (node_id, k, v) VALUES (4594, 'hoot:status', '2');
INSERT INTO node_tags (node_id, k, v, version) VALUES (4594, 'hoot:status', '2', 1);
/* create node 4595*/
INSERT INTO nodes (node_id, latitude, longitude, changeset_id, visible, "timestamp", tile, version) VALUES (4595, 388921010, -770479719, 3, true, (now() at time zone 'utc'), 1704401533, 1);
INSERT INTO current_nodes (id, latitude, longitude, changeset_id, visible, "timestamp", tile, version) VALUES (4595, 388921010, -770479719, 3, true, (now() at time zone 'utc'), 1704401533, 1);
INSERT INTO current_node_tags (node_id, k, v) VALUES (4595, 'hoot:id', '4595');
INSERT INTO node_tags (node_id, k, v, version) VALUES (4595, 'hoot:id', '4595', 1);
INSERT INTO current_node_tags (node_id, k, v) VALUES (4595, 'hoot:status', '2');
INSERT INTO node_tags (node_id, k, v, version) VALUES (4595, 'hoot:status', '2', 1);
/* create node 4596*/
INSERT INTO nodes (node_id, latitude, longitude, changeset_id, visible, "timestamp", tile, version) VALUES (4596, 388921010, -770466759, 3, true, (now() at time zone 'utc'), 1704401533, 1);
INSERT INTO current_nodes (id, latitude, longitude, changeset_id, visible, "timestamp", tile, version) VALUES (4596, 388921010, -770466759, 3, true, (now() at time zone 'utc'), 1704401533, 1);
INSERT INTO current_node_tags (node_id, k, v) VALUES (4596, 'hoot:id', '4596');
INSERT INTO node_tags (node_id, k, v, version) VALUES (4596, 'hoot:id', '4596', 1);
INSERT INTO current_node_tags (node_id, k, v) VALUES (4596, 'hoot:status', '2');
INSERT INTO node_tags (node_id, k, v, version) VALUES (4596, 'hoot:status', '2', 1);
/* create node 4597*/
INSERT INTO nodes (node_id, latitude, longitude, changeset_id, visible, "timestamp", tile, version) VALUES (4597, 388921010, -770449379, 3, true, (now() at time zone 'utc'), 1704401533, 1);
INSERT INTO current_nodes (id, latitude, longitude, changeset_id, visible, "timestamp", tile, version) VALUES (4597, 388921010, -770449379, 3, true, (now() at time zone 'utc'), 1704401533, 1);
INSERT INTO current_node_tags (node_id, k, v) VALUES (4597, 'hoot:id', '4597');
INSERT INTO node_tags (node_id, k, v, version) VALUES (4597, 'hoot:id', '4597', 1);
INSERT INTO current_node_tags (node_id, k, v) VALUES (4597, 'hoot:status', '2');
INSERT INTO node_tags (node_id, k, v, version) VALUES (4597, 'hoot:status', '2', 1);
/* create node 4598*/
INSERT INTO nodes (node_id, latitude, longitude, changeset_id, visible, "timestamp", tile, version) VALUES (4598, 388921010, -770434769, 3, true, (now() at time zone 'utc'), 1704401533, 1);
INSERT INTO current_nodes (id, latitude, longitude, changeset_id, visible, "timestamp", tile, version) VALUES (4598, 388921010, -770434769, 3, true, (now() at time zone 'utc'), 1704401533, 1);
INSERT INTO current_node_tags (node_id, k, v) VALUES (4598, 'hoot:id', '4598');
INSERT INTO node_tags (node_id, k, v, version) VALUES (4598, 'hoot:id', '4598', 1);
INSERT INTO current_node_tags (node_id, k, v) VALUES (4598, 'hoot:status', '2');
INSERT INTO node_tags (node_id, k, v, version) VALUES (4598, 'hoot:status', '2', 1);
/* create node 4599*/
INSERT INTO nodes (node_id, latitude, longitude, changeset_id, visible, "timestamp", tile, version) VALUES (4599, 388921000, -770417309, 3, true, (now() at time zone 'utc'), 1704401535, 1);
INSERT INTO current_nodes (id, latitude, longitude, changeset_id, visible, "timestamp", tile, version) VALUES (4599, 388921000, -770417309, 3, true, (now() at time zone 'utc'), 1704401535, 1);
INSERT INTO current_node_tags (node_id, k, v) VALUES (4599, 'hoot:id', '4599');
INSERT INTO node_tags (node_id, k, v, version) VALUES (4599, 'hoot:id', '4599', 1);
INSERT INTO current_node_tags (node_id, k, v) VALUES (4599, 'hoot:status', '2');
INSERT INTO node_tags (node_id, k, v, version) VALUES (4599, 'hoot:status', '2', 1);
/* create node 4600*/
INSERT INTO nodes (node_id, latitude, longitude, changeset_id, visible, "timestamp", tile, version) VALUES (4600, 388921000, -770406759, 3, true, (now() at time zone 'utc'), 1704401535, 1);
INSERT INTO current_nodes (id, latitude, longitude, changeset_id, visible, "timestamp", tile, version) VALUES (4600, 388921000, -770406759, 3, true, (now() at time zone 'utc'), 1704401535, 1);
INSERT INTO current_node_tags (node_id, k, v) VALUES (4600, 'hoot:id', '4600');
INSERT INTO node_tags (node_id, k, v, version) VALUES (4600, 'hoot:id', '4600', 1);
INSERT INTO current_node_tags (node_id, k, v) VALUES (4600, 'hoot:status', '2');
INSERT INTO node_tags (node_id, k, v, version) VALUES (4600, 'hoot:status', '2', 1);
/* create node 4616*/
INSERT INTO nodes (node_id, latitude, longitude, changeset_id, visible, "timestamp", tile, version) VALUES (4616, 388985710, -770350659, 3, true, (now() at time zone 'utc'), 1704401796, 1);
INSERT INTO current_nodes (id, latitude, longitude, changeset_id, visible, "timestamp", tile, version) VALUES (4616, 388985710, -770350659, 3, true, (now() at time zone 'utc'), 1704401796, 1);
INSERT INTO current_node_tags (node_id, k, v) VALUES (4616, 'hoot:id', '4616');
INSERT INTO node_tags (node_id, k, v, version) VALUES (4616, 'hoot:id', '4616', 1);
INSERT INTO current_node_tags (node_id, k, v) VALUES (4616, 'hoot:status', '2');
INSERT INTO node_tags (node_id, k, v, version) VALUES (4616, 'hoot:status', '2', 1);
/* create node 4617*/
INSERT INTO nodes (node_id, latitude, longitude, changeset_id, visible, "timestamp", tile, version) VALUES (4617, 388986470, -770350669, 3, true, (now() at time zone 'utc'), 1704401796, 1);
INSERT INTO current_nodes (id, latitude, longitude, changeset_id, visible, "timestamp", tile, version) VALUES (4617, 388986470, -770350669, 3, true, (now() at time zone 'utc'), 1704401796, 1);
INSERT INTO current_node_tags (node_id, k, v) VALUES (4617, 'hoot:id', '4617');
INSERT INTO node_tags (node_id, k, v, version) VALUES (4617, 'hoot:id', '4617', 1);
INSERT INTO current_node_tags (node_id, k, v) VALUES (4617, 'hoot:status', '2');
INSERT INTO node_tags (node_id, k, v, version) VALUES (4617, 'hoot:status', '2', 1);
/* create node 4618*/
INSERT INTO nodes (node_id, latitude, longitude, changeset_id, visible, "timestamp", tile, version) VALUES (4618, 388987610, -770351169, 3, true, (now() at time zone 'utc'), 1704401796, 1);
INSERT INTO current_nodes (id, latitude, longitude, changeset_id, visible, "timestamp", tile, version) VALUES (4618, 388987610, -770351169, 3, true, (now() at time zone 'utc'), 1704401796, 1);
INSERT INTO current_node_tags (node_id, k, v) VALUES (4618, 'hoot:id', '4618');
INSERT INTO node_tags (node_id, k, v, version) VALUES (4618, 'hoot:id', '4618', 1);
INSERT INTO current_node_tags (node_id, k, v) VALUES (4618, 'hoot:status', '2');
INSERT INTO node_tags (node_id, k, v, version) VALUES (4618, 'hoot:status', '2', 1);
/* create node 4623*/
INSERT INTO nodes (node_id, latitude, longitude, changeset_id, visible, "timestamp", tile, version) VALUES (4623, 388964020, -770394619, 3, true, (now() at time zone 'utc'), 1704401707, 1);
INSERT INTO current_nodes (id, latitude, longitude, changeset_id, visible, "timestamp", tile, version) VALUES (4623, 388964020, -770394619, 3, true, (now() at time zone 'utc'), 1704401707, 1);
INSERT INTO current_node_tags (node_id, k, v) VALUES (4623, 'hoot:id', '4623');
INSERT INTO node_tags (node_id, k, v, version) VALUES (4623, 'hoot:id', '4623', 1);
INSERT INTO current_node_tags (node_id, k, v) VALUES (4623, 'hoot:status', '2');
INSERT INTO node_tags (node_id, k, v, version) VALUES (4623, 'hoot:status', '2', 1);
/* create node 4624*/
INSERT INTO nodes (node_id, latitude, longitude, changeset_id, visible, "timestamp", tile, version) VALUES (4624, 388966090, -770394609, 3, true, (now() at time zone 'utc'), 1704401707, 1);
INSERT INTO current_nodes (id, latitude, longitude, changeset_id, visible, "timestamp", tile, version) VALUES (4624, 388966090, -770394609, 3, true, (now() at time zone 'utc'), 1704401707, 1);
INSERT INTO current_node_tags (node_id, k, v) VALUES (4624, 'hoot:id', '4624');
INSERT INTO node_tags (node_id, k, v, version) VALUES (4624, 'hoot:id', '4624', 1);
INSERT INTO current_node_tags (node_id, k, v) VALUES (4624, 'hoot:status', '2');
INSERT INTO node_tags (node_id, k, v, version) VALUES (4624, 'hoot:status', '2', 1);
/* create node 4625*/
INSERT INTO nodes (node_id, latitude, longitude, changeset_id, visible, "timestamp", tile, version) VALUES (4625, 388969280, -770394599, 3, true, (now() at time zone 'utc'), 1704401707, 1);
INSERT INTO current_nodes (id, latitude, longitude, changeset_id, visible, "timestamp", tile, version) VALUES (4625, 388969280, -770394599, 3, true, (now() at time zone 'utc'), 1704401707, 1);
INSERT INTO current_node_tags (node_id, k, v) VALUES (4625, 'hoot:id', '4625');
INSERT INTO node_tags (node_id, k, v, version) VALUES (4625, 'hoot:id', '4625', 1);
INSERT INTO current_node_tags (node_id, k, v) VALUES (4625, 'hoot:status', '2');
INSERT INTO node_tags (node_id, k, v, version) VALUES (4625, 'hoot:status', '2', 1);
/* create node 4626*/
INSERT INTO nodes (node_id, latitude, longitude, changeset_id, visible, "timestamp", tile, version) VALUES (4626, 388972630, -770394679, 3, true, (now() at time zone 'utc'), 1704401707, 1);
INSERT INTO current_nodes (id, latitude, longitude, changeset_id, visible, "timestamp", tile, version) VALUES (4626, 388972630, -770394679, 3, true, (now() at time zone 'utc'), 1704401707, 1);
INSERT INTO current_node_tags (node_id, k, v) VALUES (4626, 'hoot:id', '4626');
INSERT INTO node_tags (node_id, k, v, version) VALUES (4626, 'hoot:id', '4626', 1);
INSERT INTO current_node_tags (node_id, k, v) VALUES (4626, 'hoot:status', '2');
INSERT INTO node_tags (node_id, k, v, version) VALUES (4626, 'hoot:status', '2', 1);
/* create node 4627*/
INSERT INTO nodes (node_id, latitude, longitude, changeset_id, visible, "timestamp", tile, version) VALUES (4627, 388973560, -770394729, 3, true, (now() at time zone 'utc'), 1704401707, 1);
INSERT INTO current_nodes (id, latitude, longitude, changeset_id, visible, "timestamp", tile, version) VALUES (4627, 388973560, -770394729, 3, true, (now() at time zone 'utc'), 1704401707, 1);
INSERT INTO current_node_tags (node_id, k, v) VALUES (4627, 'hoot:id', '4627');
INSERT INTO node_tags (node_id, k, v, version) VALUES (4627, 'hoot:id', '4627', 1);
INSERT INTO current_node_tags (node_id, k, v) VALUES (4627, 'hoot:status', '2');
INSERT INTO node_tags (node_id, k, v, version) VALUES (4627, 'hoot:status', '2', 1);
/* create node 4628*/
INSERT INTO nodes (node_id, latitude, longitude, changeset_id, visible, "timestamp", tile, version) VALUES (4628, 388974690, -770394779, 3, true, (now() at time zone 'utc'), 1704401707, 1);
INSERT INTO current_nodes (id, latitude, longitude, changeset_id, visible, "timestamp", tile, version) VALUES (4628, 388974690, -770394779, 3, true, (now() at time zone 'utc'), 1704401707, 1);
INSERT INTO current_node_tags (node_id, k, v) VALUES (4628, 'hoot:id', '4628');
INSERT INTO node_tags (node_id, k, v, version) VALUES (4628, 'hoot:id', '4628', 1);
INSERT INTO current_node_tags (node_id, k, v) VALUES (4628, 'hoot:status', '2');
INSERT INTO node_tags (node_id, k, v, version) VALUES (4628, 'hoot:status', '2', 1);
/* create node 4629*/
INSERT INTO nodes (node_id, latitude, longitude, changeset_id, visible, "timestamp", tile, version) VALUES (4629, 388978290, -770394729, 3, true, (now() at time zone 'utc'), 1704401710, 1);
INSERT INTO current_nodes (id, latitude, longitude, changeset_id, visible, "timestamp", tile, version) VALUES (4629, 388978290, -770394729, 3, true, (now() at time zone 'utc'), 1704401710, 1);
INSERT INTO current_node_tags (node_id, k, v) VALUES (4629, 'hoot:id', '4629');
INSERT INTO node_tags (node_id, k, v, version) VALUES (4629, 'hoot:id', '4629', 1);
INSERT INTO current_node_tags (node_id, k, v) VALUES (4629, 'hoot:status', '2');
INSERT INTO node_tags (node_id, k, v, version) VALUES (4629, 'hoot:status', '2', 1);
/* create node 4630*/
INSERT INTO nodes (node_id, latitude, longitude, changeset_id, visible, "timestamp", tile, version) VALUES (4630, 388981600, -770394709, 3, true, (now() at time zone 'utc'), 1704401710, 1);
INSERT INTO current_nodes (id, latitude, longitude, changeset_id, visible, "timestamp", tile, version) VALUES (4630, 388981600, -770394709, 3, true, (now() at time zone 'utc'), 1704401710, 1);
INSERT INTO current_node_tags (node_id, k, v) VALUES (4630, 'hoot:id', '4630');
INSERT INTO node_tags (node_id, k, v, version) VALUES (4630, 'hoot:id', '4630', 1);
INSERT INTO current_node_tags (node_id, k, v) VALUES (4630, 'hoot:status', '2');
INSERT INTO node_tags (node_id, k, v, version) VALUES (4630, 'hoot:status', '2', 1);
/* create node 4631*/
INSERT INTO nodes (node_id, latitude, longitude, changeset_id, visible, "timestamp", tile, version) VALUES (4631, 388982260, -770394719, 3, true, (now() at time zone 'utc'), 1704401710, 1);
INSERT INTO current_nodes (id, latitude, longitude, changeset_id, visible, "timestamp", tile, version) VALUES (4631, 388982260, -770394719, 3, true, (now() at time zone 'utc'), 1704401710, 1);
INSERT INTO current_node_tags (node_id, k, v) VALUES (4631, 'hoot:id', '4631');
INSERT INTO node_tags (node_id, k, v, version) VALUES (4631, 'hoot:id', '4631', 1);
INSERT INTO current_node_tags (node_id, k, v) VALUES (4631, 'hoot:status', '2');
INSERT INTO node_tags (node_id, k, v, version) VALUES (4631, 'hoot:status', '2', 1);
/* create node 4632*/
INSERT INTO nodes (node_id, latitude, longitude, changeset_id, visible, "timestamp", tile, version) VALUES (4632, 388983220, -770394719, 3, true, (now() at time zone 'utc'), 1704401710, 1);
INSERT INTO current_nodes (id, latitude, longitude, changeset_id, visible, "timestamp", tile, version) VALUES (4632, 388983220, -770394719, 3, true, (now() at time zone 'utc'), 1704401710, 1);
INSERT INTO current_node_tags (node_id, k, v) VALUES (4632, 'hoot:id', '4632');
INSERT INTO node_tags (node_id, k, v, version) VALUES (4632, 'hoot:id', '4632', 1);
INSERT INTO current_node_tags (node_id, k, v) VALUES (4632, 'hoot:status', '2');
INSERT INTO node_tags (node_id, k, v, version) VALUES (4632, 'hoot:status', '2', 1);
/* create node 4633*/
INSERT INTO nodes (node_id, latitude, longitude, changeset_id, visible, "timestamp", tile, version) VALUES (4633, 388986400, -770394719, 3, true, (now() at time zone 'utc'), 1704401710, 1);
INSERT INTO current_nodes (id, latitude, longitude, changeset_id, visible, "timestamp", tile, version) VALUES (4633, 388986400, -770394719, 3, true, (now() at time zone 'utc'), 1704401710, 1);
INSERT INTO current_node_tags (node_id, k, v) VALUES (4633, 'hoot:id', '4633');
INSERT INTO node_tags (node_id, k, v, version) VALUES (4633, 'hoot:id', '4633', 1);
INSERT INTO current_node_tags (node_id, k, v) VALUES (4633, 'hoot:status', '2');
INSERT INTO node_tags (node_id, k, v, version) VALUES (4633, 'hoot:status', '2', 1);
/* create node 4634*/
INSERT INTO nodes (node_id, latitude, longitude, changeset_id, visible, "timestamp", tile, version) VALUES (4634, 388988130, -770394599, 3, true, (now() at time zone 'utc'), 1704401710, 1);
INSERT INTO current_nodes (id, latitude, longitude, changeset_id, visible, "timestamp", tile, version) VALUES (4634, 388988130, -770394599, 3, true, (now() at time zone 'utc'), 1704401710, 1);
INSERT INTO current_node_tags (node_id, k, v) VALUES (4634, 'hoot:id', '4634');
INSERT INTO node_tags (node_id, k, v, version) VALUES (4634, 'hoot:id', '4634', 1);
INSERT INTO current_node_tags (node_id, k, v) VALUES (4634, 'hoot:status', '2');
INSERT INTO node_tags (node_id, k, v, version) VALUES (4634, 'hoot:status', '2', 1);
/* create node 4635*/
INSERT INTO nodes (node_id, latitude, longitude, changeset_id, visible, "timestamp", tile, version) VALUES (4635, 388988690, -770394569, 3, true, (now() at time zone 'utc'), 1704401710, 1);
INSERT INTO current_nodes (id, latitude, longitude, changeset_id, visible, "timestamp", tile, version) VALUES (4635, 388988690, -770394569, 3, true, (now() at time zone 'utc'), 1704401710, 1);
INSERT INTO current_node_tags (node_id, k, v) VALUES (4635, 'hoot:id', '4635');
INSERT INTO node_tags (node_id, k, v, version) VALUES (4635, 'hoot:id', '4635', 1);
INSERT INTO current_node_tags (node_id, k, v) VALUES (4635, 'hoot:status', '2');
INSERT INTO node_tags (node_id, k, v, version) VALUES (4635, 'hoot:status', '2', 1);
/* create node 4636*/
INSERT INTO nodes (node_id, latitude, longitude, changeset_id, visible, "timestamp", tile, version) VALUES (4636, 388990130, -770394539, 3, true, (now() at time zone 'utc'), 1704401710, 1);
INSERT INTO current_nodes (id, latitude, longitude, changeset_id, visible, "timestamp", tile, version) VALUES (4636, 388990130, -770394539, 3, true, (now() at time zone 'utc'), 1704401710, 1);
INSERT INTO current_node_tags (node_id, k, v) VALUES (4636, 'hoot:id', '4636');
INSERT INTO node_tags (node_id, k, v, version) VALUES (4636, 'hoot:id', '4636', 1);
INSERT INTO current_node_tags (node_id, k, v) VALUES (4636, 'hoot:status', '2');
INSERT INTO node_tags (node_id, k, v, version) VALUES (4636, 'hoot:status', '2', 1);
/* create node 4637*/
INSERT INTO nodes (node_id, latitude, longitude, changeset_id, visible, "timestamp", tile, version) VALUES (4637, 388996760, -770394489, 3, true, (now() at time zone 'utc'), 1704401710, 1);
INSERT INTO current_nodes (id, latitude, longitude, changeset_id, visible, "timestamp", tile, version) VALUES (4637, 388996760, -770394489, 3, true, (now() at time zone 'utc'), 1704401710, 1);
INSERT INTO current_node_tags (node_id, k, v) VALUES (4637, 'hoot:id', '4637');
INSERT INTO node_tags (node_id, k, v, version) VALUES (4637, 'hoot:id', '4637', 1);
INSERT INTO current_node_tags (node_id, k, v) VALUES (4637, 'hoot:status', '2');
INSERT INTO node_tags (node_id, k, v, version) VALUES (4637, 'hoot:status', '2', 1);
/* create node 4638*/
INSERT INTO nodes (node_id, latitude, longitude, changeset_id, visible, "timestamp", tile, version) VALUES (4638, 389002080, -770394479, 3, true, (now() at time zone 'utc'), 1704401710, 1);
INSERT INTO current_nodes (id, latitude, longitude, changeset_id, visible, "timestamp", tile, version) VALUES (4638, 389002080, -770394479, 3, true, (now() at time zone 'utc'), 1704401710, 1);
INSERT INTO current_node_tags (node_id, k, v) VALUES (4638, 'hoot:id', '4638');
INSERT INTO node_tags (node_id, k, v, version) VALUES (4638, 'hoot:id', '4638', 1);
INSERT INTO current_node_tags (node_id, k, v) VALUES (4638, 'hoot:status', '2');
INSERT INTO node_tags (node_id, k, v, version) VALUES (4638, 'hoot:status', '2', 1);
/* create node 4639*/
INSERT INTO nodes (node_id, latitude, longitude, changeset_id, visible, "timestamp", tile, version) VALUES (4639, 389003310, -770394489, 3, true, (now() at time zone 'utc'), 1704401710, 1);
INSERT INTO current_nodes (id, latitude, longitude, changeset_id, visible, "timestamp", tile, version) VALUES (4639, 389003310, -770394489, 3, true, (now() at time zone 'utc'), 1704401710, 1);
INSERT INTO current_node_tags (node_id, k, v) VALUES (4639, 'hoot:id', '4639');
INSERT INTO node_tags (node_id, k, v, version) VALUES (4639, 'hoot:id', '4639', 1);
INSERT INTO current_node_tags (node_id, k, v) VALUES (4639, 'hoot:status', '2');
INSERT INTO node_tags (node_id, k, v, version) VALUES (4639, 'hoot:status', '2', 1);
/* create node 4640*/
INSERT INTO nodes (node_id, latitude, longitude, changeset_id, visible, "timestamp", tile, version) VALUES (4640, 389004790, -770394489, 3, true, (now() at time zone 'utc'), 1704401711, 1);
INSERT INTO current_nodes (id, latitude, longitude, changeset_id, visible, "timestamp", tile, version) VALUES (4640, 389004790, -770394489, 3, true, (now() at time zone 'utc'), 1704401711, 1);
INSERT INTO current_node_tags (node_id, k, v) VALUES (4640, 'hoot:id', '4640');
INSERT INTO node_tags (node_id, k, v, version) VALUES (4640, 'hoot:id', '4640', 1);
INSERT INTO current_node_tags (node_id, k, v) VALUES (4640, 'hoot:status', '2');
INSERT INTO node_tags (node_id, k, v, version) VALUES (4640, 'hoot:status', '2', 1);
/* create node 4641*/
INSERT INTO nodes (node_id, latitude, longitude, changeset_id, visible, "timestamp", tile, version) VALUES (4641, 389008460, -770394469, 3, true, (now() at time zone 'utc'), 1704401711, 1);
INSERT INTO current_nodes (id, latitude, longitude, changeset_id, visible, "timestamp", tile, version) VALUES (4641, 389008460, -770394469, 3, true, (now() at time zone 'utc'), 1704401711, 1);
INSERT INTO current_node_tags (node_id, k, v) VALUES (4641, 'hoot:id', '4641');
INSERT INTO node_tags (node_id, k, v, version) VALUES (4641, 'hoot:id', '4641', 1);
INSERT INTO current_node_tags (node_id, k, v) VALUES (4641, 'hoot:status', '2');
INSERT INTO node_tags (node_id, k, v, version) VALUES (4641, 'hoot:status', '2', 1);
/* create node 4642*/
INSERT INTO nodes (node_id, latitude, longitude, changeset_id, visible, "timestamp", tile, version) VALUES (4642, 389013400, -770394469, 3, true, (now() at time zone 'utc'), 1704401711, 1);
INSERT INTO current_nodes (id, latitude, longitude, changeset_id, visible, "timestamp", tile, version) VALUES (4642, 389013400, -770394469, 3, true, (now() at time zone 'utc'), 1704401711, 1);
INSERT INTO current_node_tags (node_id, k, v) VALUES (4642, 'hoot:id', '4642');
INSERT INTO node_tags (node_id, k, v, version) VALUES (4642, 'hoot:id', '4642', 1);
INSERT INTO current_node_tags (node_id, k, v) VALUES (4642, 'hoot:status', '2');
INSERT INTO node_tags (node_id, k, v, version) VALUES (4642, 'hoot:status', '2', 1);
/* create node 4643*/
INSERT INTO nodes (node_id, latitude, longitude, changeset_id, visible, "timestamp", tile, version) VALUES (4643, 389016830, -770394499, 3, true, (now() at time zone 'utc'), 1704401711, 1);
INSERT INTO current_nodes (id, latitude, longitude, changeset_id, visible, "timestamp", tile, version) VALUES (4643, 389016830, -770394499, 3, true, (now() at time zone 'utc'), 1704401711, 1);
INSERT INTO current_node_tags (node_id, k, v) VALUES (4643, 'hoot:id', '4643');
INSERT INTO node_tags (node_id, k, v, version) VALUES (4643, 'hoot:id', '4643', 1);
INSERT INTO current_node_tags (node_id, k, v) VALUES (4643, 'hoot:status', '2');
INSERT INTO node_tags (node_id, k, v, version) VALUES (4643, 'hoot:status', '2', 1);
/* create node 4644*/
INSERT INTO nodes (node_id, latitude, longitude, changeset_id, visible, "timestamp", tile, version) VALUES (4644, 389020110, -770394499, 3, true, (now() at time zone 'utc'), 1704401711, 1);
INSERT INTO current_nodes (id, latitude, longitude, changeset_id, visible, "timestamp", tile, version) VALUES (4644, 389020110, -770394499, 3, true, (now() at time zone 'utc'), 1704401711, 1);
INSERT INTO current_node_tags (node_id, k, v) VALUES (4644, 'hoot:id', '4644');
INSERT INTO node_tags (node_id, k, v, version) VALUES (4644, 'hoot:id', '4644', 1);
INSERT INTO current_node_tags (node_id, k, v) VALUES (4644, 'hoot:status', '2');
INSERT INTO node_tags (node_id, k, v, version) VALUES (4644, 'hoot:status', '2', 1);
/* create node 4645*/
INSERT INTO nodes (node_id, latitude, longitude, changeset_id, visible, "timestamp", tile, version) VALUES (4645, 389023690, -770394479, 3, true, (now() at time zone 'utc'), 1704401711, 1);
INSERT INTO current_nodes (id, latitude, longitude, changeset_id, visible, "timestamp", tile, version) VALUES (4645, 389023690, -770394479, 3, true, (now() at time zone 'utc'), 1704401711, 1);
INSERT INTO current_node_tags (node_id, k, v) VALUES (4645, 'hoot:id', '4645');
INSERT INTO node_tags (node_id, k, v, version) VALUES (4645, 'hoot:id', '4645', 1);
INSERT INTO current_node_tags (node_id, k, v) VALUES (4645, 'hoot:status', '2');
INSERT INTO node_tags (node_id, k, v, version) VALUES (4645, 'hoot:status', '2', 1);
/* create node 4646*/
INSERT INTO nodes (node_id, latitude, longitude, changeset_id, visible, "timestamp", tile, version) VALUES (4646, 389023990, -770394469, 3, true, (now() at time zone 'utc'), 1704401711, 1);
INSERT INTO current_nodes (id, latitude, longitude, changeset_id, visible, "timestamp", tile, version) VALUES (4646, 389023990, -770394469, 3, true, (now() at time zone 'utc'), 1704401711, 1);
INSERT INTO current_node_tags (node_id, k, v) VALUES (4646, 'hoot:id', '4646');
INSERT INTO node_tags (node_id, k, v, version) VALUES (4646, 'hoot:id', '4646', 1);
INSERT INTO current_node_tags (node_id, k, v) VALUES (4646, 'hoot:status', '2');
INSERT INTO node_tags (node_id, k, v, version) VALUES (4646, 'hoot:status', '2', 1);
/* create node 4647*/
INSERT INTO nodes (node_id, latitude, longitude, changeset_id, visible, "timestamp", tile, version) VALUES (4647, 389025230, -770394459, 3, true, (now() at time zone 'utc'), 1704401711, 1);
INSERT INTO current_nodes (id, latitude, longitude, changeset_id, visible, "timestamp", tile, version) VALUES (4647, 389025230, -770394459, 3, true, (now() at time zone 'utc'), 1704401711, 1);
INSERT INTO current_node_tags (node_id, k, v) VALUES (4647, 'hoot:id', '4647');
INSERT INTO node_tags (node_id, k, v, version) VALUES (4647, 'hoot:id', '4647', 1);
INSERT INTO current_node_tags (node_id, k, v) VALUES (4647, 'hoot:status', '2');
INSERT INTO node_tags (node_id, k, v, version) VALUES (4647, 'hoot:status', '2', 1);
/* create node 4691*/
INSERT INTO nodes (node_id, latitude, longitude, changeset_id, visible, "timestamp", tile, version) VALUES (4691, 388953918, -770384007, 3, true, (now() at time zone 'utc'), 1704401707, 1);
INSERT INTO current_nodes (id, latitude, longitude, changeset_id, visible, "timestamp", tile, version) VALUES (4691, 388953918, -770384007, 3, true, (now() at time zone 'utc'), 1704401707, 1);
INSERT INTO current_node_tags (node_id, k, v) VALUES (4691, 'hoot:id', '4691');
INSERT INTO node_tags (node_id, k, v, version) VALUES (4691, 'hoot:id', '4691', 1);
INSERT INTO current_node_tags (node_id, k, v) VALUES (4691, 'hoot:status', '1');
INSERT INTO node_tags (node_id, k, v, version) VALUES (4691, 'hoot:status', '1', 1);
/* create node 4692*/
INSERT INTO nodes (node_id, latitude, longitude, changeset_id, visible, "timestamp", tile, version) VALUES (4692, 388953914, -770377116, 3, true, (now() at time zone 'utc'), 1704401707, 1);
INSERT INTO current_nodes (id, latitude, longitude, changeset_id, visible, "timestamp", tile, version) VALUES (4692, 388953914, -770377116, 3, true, (now() at time zone 'utc'), 1704401707, 1);
INSERT INTO current_node_tags (node_id, k, v) VALUES (4692, 'hoot:id', '4692');
INSERT INTO node_tags (node_id, k, v, version) VALUES (4692, 'hoot:id', '4692', 1);
INSERT INTO current_node_tags (node_id, k, v) VALUES (4692, 'hoot:status', '1');
INSERT INTO node_tags (node_id, k, v, version) VALUES (4692, 'hoot:status', '1', 1);
/* create node 4693*/
INSERT INTO nodes (node_id, latitude, longitude, changeset_id, visible, "timestamp", tile, version) VALUES (4693, 388943753, -770347339, 3, true, (now() at time zone 'utc'), 1704401792, 1);
INSERT INTO current_nodes (id, latitude, longitude, changeset_id, visible, "timestamp", tile, version) VALUES (4693, 388943753, -770347339, 3, true, (now() at time zone 'utc'), 1704401792, 1);
INSERT INTO current_node_tags (node_id, k, v) VALUES (4693, 'hoot:id', '4693');
INSERT INTO node_tags (node_id, k, v, version) VALUES (4693, 'hoot:id', '4693', 1);
INSERT INTO current_node_tags (node_id, k, v) VALUES (4693, 'hoot:status', '1');
INSERT INTO node_tags (node_id, k, v, version) VALUES (4693, 'hoot:status', '1', 1);
/* create node 4694*/
INSERT INTO nodes (node_id, latitude, longitude, changeset_id, visible, "timestamp", tile, version) VALUES (4694, 388932650, -770348667, 3, true, (now() at time zone 'utc'), 1704401792, 1);
INSERT INTO current_nodes (id, latitude, longitude, changeset_id, visible, "timestamp", tile, version) VALUES (4694, 388932650, -770348667, 3, true, (now() at time zone 'utc'), 1704401792, 1);
INSERT INTO current_node_tags (node_id, k, v) VALUES (4694, 'hoot:id', '4694');
INSERT INTO node_tags (node_id, k, v, version) VALUES (4694, 'hoot:id', '4694', 1);
INSERT INTO current_node_tags (node_id, k, v) VALUES (4694, 'hoot:status', '1');
INSERT INTO node_tags (node_id, k, v, version) VALUES (4694, 'hoot:status', '1', 1);
/* create node 4695*/
INSERT INTO nodes (node_id, latitude, longitude, changeset_id, visible, "timestamp", tile, version) VALUES (4695, 388920987, -770391229, 3, true, (now() at time zone 'utc'), 1704401535, 1);
INSERT INTO current_nodes (id, latitude, longitude, changeset_id, visible, "timestamp", tile, version) VALUES (4695, 388920987, -770391229, 3, true, (now() at time zone 'utc'), 1704401535, 1);
INSERT INTO current_node_tags (node_id, k, v) VALUES (4695, 'hoot:id', '4695');
INSERT INTO node_tags (node_id, k, v, version) VALUES (4695, 'hoot:id', '4695', 1);
INSERT INTO current_node_tags (node_id, k, v) VALUES (4695, 'hoot:status', '1');
INSERT INTO node_tags (node_id, k, v, version) VALUES (4695, 'hoot:status', '1', 1);
/* create node 4696*/
INSERT INTO nodes (node_id, latitude, longitude, changeset_id, visible, "timestamp", tile, version) VALUES (4696, 388932772, -770382197, 3, true, (now() at time zone 'utc'), 1704401706, 1);
INSERT INTO current_nodes (id, latitude, longitude, changeset_id, visible, "timestamp", tile, version) VALUES (4696, 388932772, -770382197, 3, true, (now() at time zone 'utc'), 1704401706, 1);
INSERT INTO current_node_tags (node_id, k, v) VALUES (4696, 'hoot:id', '4696');
INSERT INTO node_tags (node_id, k, v, version) VALUES (4696, 'hoot:id', '4696', 1);
INSERT INTO current_node_tags (node_id, k, v) VALUES (4696, 'hoot:status', '1');
INSERT INTO node_tags (node_id, k, v, version) VALUES (4696, 'hoot:status', '1', 1);
/* create node 4697*/
INSERT INTO nodes (node_id, latitude, longitude, changeset_id, visible, "timestamp", tile, version) VALUES (4697, 388949633, -770377190, 3, true, (now() at time zone 'utc'), 1704401707, 1);
INSERT INTO current_nodes (id, latitude, longitude, changeset_id, visible, "timestamp", tile, version) VALUES (4697, 388949633, -770377190, 3, true, (now() at time zone 'utc'), 1704401707, 1);
INSERT INTO current_node_tags (node_id, k, v) VALUES (4697, 'hoot:id', '4697');
INSERT INTO node_tags (node_id, k, v, version) VALUES (4697, 'hoot:id', '4697', 1);
INSERT INTO current_node_tags (node_id, k, v) VALUES (4697, 'hoot:status', '1');
INSERT INTO node_tags (node_id, k, v, version) VALUES (4697, 'hoot:status', '1', 1);
/* create node 4698*/
INSERT INTO nodes (node_id, latitude, longitude, changeset_id, visible, "timestamp", tile, version) VALUES (4698, 388954753, -770338679, 3, true, (now() at time zone 'utc'), 1704401793, 1);
INSERT INTO current_nodes (id, latitude, longitude, changeset_id, visible, "timestamp", tile, version) VALUES (4698, 388954753, -770338679, 3, true, (now() at time zone 'utc'), 1704401793, 1);
INSERT INTO current_node_tags (node_id, k, v) VALUES (4698, 'hoot:id', '4698');
INSERT INTO node_tags (node_id, k, v, version) VALUES (4698, 'hoot:id', '4698', 1);
INSERT INTO current_node_tags (node_id, k, v) VALUES (4698, 'hoot:status', '1');
INSERT INTO node_tags (node_id, k, v, version) VALUES (4698, 'hoot:status', '1', 1);
/* create node 4699*/
INSERT INTO nodes (node_id, latitude, longitude, changeset_id, visible, "timestamp", tile, version) VALUES (4699, 388957230, -770377185, 3, true, (now() at time zone 'utc'), 1704401707, 1);
INSERT INTO current_nodes (id, latitude, longitude, changeset_id, visible, "timestamp", tile, version) VALUES (4699, 388957230, -770377185, 3, true, (now() at time zone 'utc'), 1704401707, 1);
INSERT INTO current_node_tags (node_id, k, v) VALUES (4699, 'hoot:id', '4699');
INSERT INTO node_tags (node_id, k, v, version) VALUES (4699, 'hoot:id', '4699', 1);
INSERT INTO current_node_tags (node_id, k, v) VALUES (4699, 'hoot:status', '1');
INSERT INTO node_tags (node_id, k, v, version) VALUES (4699, 'hoot:status', '1', 1);
/* create node 4700*/
INSERT INTO nodes (node_id, latitude, longitude, changeset_id, visible, "timestamp", tile, version) VALUES (4700, 388957692, -770353235, 3, true, (now() at time zone 'utc'), 1704401793, 1);
INSERT INTO current_nodes (id, latitude, longitude, changeset_id, visible, "timestamp", tile, version) VALUES (4700, 388957692, -770353235, 3, true, (now() at time zone 'utc'), 1704401793, 1);
INSERT INTO current_node_tags (node_id, k, v) VALUES (4700, 'hoot:id', '4700');
INSERT INTO node_tags (node_id, k, v, version) VALUES (4700, 'hoot:id', '4700', 1);
INSERT INTO current_node_tags (node_id, k, v) VALUES (4700, 'hoot:status', '1');
INSERT INTO node_tags (node_id, k, v, version) VALUES (4700, 'hoot:status', '1', 1);
/* create node 4701*/
INSERT INTO nodes (node_id, latitude, longitude, changeset_id, visible, "timestamp", tile, version) VALUES (4701, 388920931, -770339249, 3, true, (now() at time zone 'utc'), 1704401621, 1);
INSERT INTO current_nodes (id, latitude, longitude, changeset_id, visible, "timestamp", tile, version) VALUES (4701, 388920931, -770339249, 3, true, (now() at time zone 'utc'), 1704401621, 1);
INSERT INTO current_node_tags (node_id, k, v) VALUES (4701, 'hoot:id', '4701');
INSERT INTO node_tags (node_id, k, v, version) VALUES (4701, 'hoot:id', '4701', 1);
INSERT INTO current_node_tags (node_id, k, v) VALUES (4701, 'hoot:status', '1');
INSERT INTO node_tags (node_id, k, v, version) VALUES (4701, 'hoot:status', '1', 1);
/* modify way 4*/
INSERT INTO ways (way_id, changeset_id, visible, "timestamp", version) VALUES (4, 3, true, (now() at time zone 'utc'), 2);
UPDATE current_ways SET changeset_id=3, visible=true, "timestamp"=(now() at time zone 'utc'), version=2 WHERE id=4;
DELETE FROM current_way_tags WHERE way_id = 4;
DELETE FROM way_tags WHERE way_id = 4;
INSERT INTO current_way_tags (way_id, k, v) VALUES (4, 'accuracy', '5');
INSERT INTO way_tags (way_id, k, v, version) VALUES (4, 'accuracy', '5', 2);
INSERT INTO current_way_tags (way_id, k, v) VALUES (4, 'hoot:id', '4');
INSERT INTO way_tags (way_id, k, v, version) VALUES (4, 'hoot:id', '4', 2);
INSERT INTO current_way_tags (way_id, k, v) VALUES (4, 'hoot:status', '3');
INSERT INTO way_tags (way_id, k, v, version) VALUES (4, 'hoot:status', '3', 2);
INSERT INTO current_way_tags (way_id, k, v) VALUES (4, 'alt_name', 'Constitution Ave NW;US Hwy 50');
INSERT INTO way_tags (way_id, k, v, version) VALUES (4, 'alt_name', 'Constitution Ave NW;US Hwy 50', 2);
INSERT INTO current_way_tags (way_id, k, v) VALUES (4, 'name', 'CONSTITUTION AVE NW');
INSERT INTO way_tags (way_id, k, v, version) VALUES (4, 'name', 'CONSTITUTION AVE NW', 2);
INSERT INTO current_way_tags (way_id, k, v) VALUES (4, 'highway', 'road');
INSERT INTO way_tags (way_id, k, v, version) VALUES (4, 'highway', 'road', 2);
DELETE FROM current_way_nodes WHERE way_id = 4;
DELETE FROM way_nodes WHERE way_id = 4;
INSERT INTO way_nodes (way_id, node_id, version, sequence_id) VALUES (4, 4254, 1, 1);
INSERT INTO current_way_nodes (way_id, node_id, sequence_id) VALUES (4, 4254, 1);
INSERT INTO way_nodes (way_id, node_id, version, sequence_id) VALUES (4, 1676, 1, 2);
INSERT INTO current_way_nodes (way_id, node_id, sequence_id) VALUES (4, 1676, 2);
INSERT INTO way_nodes (way_id, node_id, version, sequence_id) VALUES (4, 1675, 1, 3);
INSERT INTO current_way_nodes (way_id, node_id, sequence_id) VALUES (4, 1675, 3);
INSERT INTO way_nodes (way_id, node_id, version, sequence_id) VALUES (4, 1673, 1, 4);
INSERT INTO current_way_nodes (way_id, node_id, sequence_id) VALUES (4, 1673, 4);
INSERT INTO way_nodes (way_id, node_id, version, sequence_id) VALUES (4, 1671, 1, 5);
INSERT INTO current_way_nodes (way_id, node_id, sequence_id) VALUES (4, 1671, 5);
INSERT INTO way_nodes (way_id, node_id, version, sequence_id) VALUES (4, 1669, 1, 6);
INSERT INTO current_way_nodes (way_id, node_id, sequence_id) VALUES (4, 1669, 6);
INSERT INTO way_nodes (way_id, node_id, version, sequence_id) VALUES (4, 1667, 1, 7);
INSERT INTO current_way_nodes (way_id, node_id, sequence_id) VALUES (4, 1667, 7);
INSERT INTO way_nodes (way_id, node_id, version, sequence_id) VALUES (4, 1950, 1, 8);
INSERT INTO current_way_nodes (way_id, node_id, sequence_id) VALUES (4, 1950, 8);
/* modify way 27*/
INSERT INTO ways (way_id, changeset_id, visible, "timestamp", version) VALUES (27, 3, true, (now() at time zone 'utc'), 2);
UPDATE current_ways SET changeset_id=3, visible=true, "timestamp"=(now() at time zone 'utc'), version=2 WHERE id=27;
DELETE FROM current_way_tags WHERE way_id = 27;
DELETE FROM way_tags WHERE way_id = 27;
INSERT INTO current_way_tags (way_id, k, v) VALUES (27, 'accuracy', '5');
INSERT INTO way_tags (way_id, k, v, version) VALUES (27, 'accuracy', '5', 2);
INSERT INTO current_way_tags (way_id, k, v) VALUES (27, 'hoot:id', '27');
INSERT INTO way_tags (way_id, k, v, version) VALUES (27, 'hoot:id', '27', 2);
INSERT INTO current_way_tags (way_id, k, v) VALUES (27, 'hoot:status', '3');
INSERT INTO way_tags (way_id, k, v, version) VALUES (27, 'hoot:status', '3', 2);
INSERT INTO current_way_tags (way_id, k, v) VALUES (27, 'alt_name', '17th St NW');
INSERT INTO way_tags (way_id, k, v, version) VALUES (27, 'alt_name', '17th St NW', 2);
INSERT INTO current_way_tags (way_id, k, v) VALUES (27, 'name', '17TH ST NW');
INSERT INTO way_tags (way_id, k, v, version) VALUES (27, 'name', '17TH ST NW', 2);
INSERT INTO current_way_tags (way_id, k, v) VALUES (27, 'highway', 'road');
INSERT INTO way_tags (way_id, k, v, version) VALUES (27, 'highway', 'road', 2);
DELETE FROM current_way_nodes WHERE way_id = 27;
DELETE FROM way_nodes WHERE way_id = 27;
INSERT INTO way_nodes (way_id, node_id, version, sequence_id) VALUES (27, 3556, 1, 1);
INSERT INTO current_way_nodes (way_id, node_id, sequence_id) VALUES (27, 3556, 1);
INSERT INTO way_nodes (way_id, node_id, version, sequence_id) VALUES (27, 3555, 1, 2);
INSERT INTO current_way_nodes (way_id, node_id, sequence_id) VALUES (27, 3555, 2);
INSERT INTO way_nodes (way_id, node_id, version, sequence_id) VALUES (27, 3554, 1, 3);
INSERT INTO current_way_nodes (way_id, node_id, sequence_id) VALUES (27, 3554, 3);
INSERT INTO way_nodes (way_id, node_id, version, sequence_id) VALUES (27, 3553, 1, 4);
INSERT INTO current_way_nodes (way_id, node_id, sequence_id) VALUES (27, 3553, 4);
INSERT INTO way_nodes (way_id, node_id, version, sequence_id) VALUES (27, 3551, 1, 5);
INSERT INTO current_way_nodes (way_id, node_id, sequence_id) VALUES (27, 3551, 5);
INSERT INTO way_nodes (way_id, node_id, version, sequence_id) VALUES (27, 3549, 1, 6);
INSERT INTO current_way_nodes (way_id, node_id, sequence_id) VALUES (27, 3549, 6);
INSERT INTO way_nodes (way_id, node_id, version, sequence_id) VALUES (27, 3547, 1, 7);
INSERT INTO current_way_nodes (way_id, node_id, sequence_id) VALUES (27, 3547, 7);
/* modify way 43*/
INSERT INTO ways (way_id, changeset_id, visible, "timestamp", version) VALUES (43, 3, true, (now() at time zone 'utc'), 2);
UPDATE current_ways SET changeset_id=3, visible=true, "timestamp"=(now() at time zone 'utc'), version=2 WHERE id=43;
DELETE FROM current_way_tags WHERE way_id = 43;
DELETE FROM way_tags WHERE way_id = 43;
INSERT INTO current_way_tags (way_id, k, v) VALUES (43, 'accuracy', '5');
INSERT INTO way_tags (way_id, k, v, version) VALUES (43, 'accuracy', '5', 2);
INSERT INTO current_way_tags (way_id, k, v) VALUES (43, 'hoot:id', '43');
INSERT INTO way_tags (way_id, k, v, version) VALUES (43, 'hoot:id', '43', 2);
INSERT INTO current_way_tags (way_id, k, v) VALUES (43, 'hoot:status', '3');
INSERT INTO way_tags (way_id, k, v, version) VALUES (43, 'hoot:status', '3', 2);
INSERT INTO current_way_tags (way_id, k, v) VALUES (43, 'alt_name', 'E St NW');
INSERT INTO way_tags (way_id, k, v, version) VALUES (43, 'alt_name', 'E St NW', 2);
INSERT INTO current_way_tags (way_id, k, v) VALUES (43, 'name', 'E ST NW');
INSERT INTO way_tags (way_id, k, v, version) VALUES (43, 'name', 'E ST NW', 2);
INSERT INTO current_way_tags (way_id, k, v) VALUES (43, 'highway', 'road');
INSERT INTO way_tags (way_id, k, v, version) VALUES (43, 'highway', 'road', 2);
DELETE FROM current_way_nodes WHERE way_id = 43;
DELETE FROM way_nodes WHERE way_id = 43;
INSERT INTO way_nodes (way_id, node_id, version, sequence_id) VALUES (43, 1921, 1, 1);
INSERT INTO current_way_nodes (way_id, node_id, sequence_id) VALUES (43, 1921, 1);
INSERT INTO way_nodes (way_id, node_id, version, sequence_id) VALUES (43, 636, 1, 2);
INSERT INTO current_way_nodes (way_id, node_id, sequence_id) VALUES (43, 636, 2);
INSERT INTO way_nodes (way_id, node_id, version, sequence_id) VALUES (43, 4698, 1, 3);
INSERT INTO current_way_nodes (way_id, node_id, sequence_id) VALUES (43, 4698, 3);
/* modify way 44*/
INSERT INTO ways (way_id, changeset_id, visible, "timestamp", version) VALUES (44, 3, true, (now() at time zone 'utc'), 2);
UPDATE current_ways SET changeset_id=3, visible=true, "timestamp"=(now() at time zone 'utc'), version=2 WHERE id=44;
DELETE FROM current_way_tags WHERE way_id = 44;
DELETE FROM way_tags WHERE way_id = 44;
INSERT INTO current_way_tags (way_id, k, v) VALUES (44, 'accuracy', '5');
INSERT INTO way_tags (way_id, k, v, version) VALUES (44, 'accuracy', '5', 2);
INSERT INTO current_way_tags (way_id, k, v) VALUES (44, 'hoot:id', '44');
INSERT INTO way_tags (way_id, k, v, version) VALUES (44, 'hoot:id', '44', 2);
INSERT INTO current_way_tags (way_id, k, v) VALUES (44, 'hoot:status', '3');
INSERT INTO way_tags (way_id, k, v, version) VALUES (44, 'hoot:status', '3', 2);
INSERT INTO current_way_tags (way_id, k, v) VALUES (44, 'alt_name', 'E St NW');
INSERT INTO way_tags (way_id, k, v, version) VALUES (44, 'alt_name', 'E St NW', 2);
INSERT INTO current_way_tags (way_id, k, v) VALUES (44, 'name', 'E ST NW');
INSERT INTO way_tags (way_id, k, v, version) VALUES (44, 'name', 'E ST NW', 2);
INSERT INTO current_way_tags (way_id, k, v) VALUES (44, 'highway', 'road');
INSERT INTO way_tags (way_id, k, v, version) VALUES (44, 'highway', 'road', 2);
DELETE FROM current_way_nodes WHERE way_id = 44;
DELETE FROM way_nodes WHERE way_id = 44;
INSERT INTO way_nodes (way_id, node_id, version, sequence_id) VALUES (44, 3183, 1, 1);
INSERT INTO current_way_nodes (way_id, node_id, sequence_id) VALUES (44, 3183, 1);
INSERT INTO way_nodes (way_id, node_id, version, sequence_id) VALUES (44, 618, 1, 2);
INSERT INTO current_way_nodes (way_id, node_id, sequence_id) VALUES (44, 618, 2);
INSERT INTO way_nodes (way_id, node_id, version, sequence_id) VALUES (44, 616, 1, 3);
INSERT INTO current_way_nodes (way_id, node_id, sequence_id) VALUES (44, 616, 3);
INSERT INTO way_nodes (way_id, node_id, version, sequence_id) VALUES (44, 614, 1, 4);
INSERT INTO current_way_nodes (way_id, node_id, sequence_id) VALUES (44, 614, 4);
INSERT INTO way_nodes (way_id, node_id, version, sequence_id) VALUES (44, 612, 1, 5);
INSERT INTO current_way_nodes (way_id, node_id, sequence_id) VALUES (44, 612, 5);
INSERT INTO way_nodes (way_id, node_id, version, sequence_id) VALUES (44, 610, 1, 6);
INSERT INTO current_way_nodes (way_id, node_id, sequence_id) VALUES (44, 610, 6);
INSERT INTO way_nodes (way_id, node_id, version, sequence_id) VALUES (44, 608, 1, 7);
INSERT INTO current_way_nodes (way_id, node_id, sequence_id) VALUES (44, 608, 7);
INSERT INTO way_nodes (way_id, node_id, version, sequence_id) VALUES (44, 4692, 1, 8);
INSERT INTO current_way_nodes (way_id, node_id, sequence_id) VALUES (44, 4692, 8);
/* modify way 62*/
INSERT INTO ways (way_id, changeset_id, visible, "timestamp", version) VALUES (62, 3, true, (now() at time zone 'utc'), 2);
UPDATE current_ways SET changeset_id=3, visible=true, "timestamp"=(now() at time zone 'utc'), version=2 WHERE id=62;
DELETE FROM current_way_tags WHERE way_id = 62;
DELETE FROM way_tags WHERE way_id = 62;
INSERT INTO current_way_tags (way_id, k, v) VALUES (62, 'accuracy', '5');
INSERT INTO way_tags (way_id, k, v, version) VALUES (62, 'accuracy', '5', 2);
INSERT INTO current_way_tags (way_id, k, v) VALUES (62, 'hoot:id', '62');
INSERT INTO way_tags (way_id, k, v, version) VALUES (62, 'hoot:id', '62', 2);
INSERT INTO current_way_tags (way_id, k, v) VALUES (62, 'hoot:status', '3');
INSERT INTO way_tags (way_id, k, v, version) VALUES (62, 'hoot:status', '3', 2);
INSERT INTO current_way_tags (way_id, k, v) VALUES (62, 'alt_name', '17th St NW');
INSERT INTO way_tags (way_id, k, v, version) VALUES (62, 'alt_name', '17th St NW', 2);
INSERT INTO current_way_tags (way_id, k, v) VALUES (62, 'name', '17TH ST NW');
INSERT INTO way_tags (way_id, k, v, version) VALUES (62, 'name', '17TH ST NW', 2);
INSERT INTO current_way_tags (way_id, k, v) VALUES (62, 'highway', 'road');
INSERT INTO way_tags (way_id, k, v, version) VALUES (62, 'highway', 'road', 2);
DELETE FROM current_way_nodes WHERE way_id = 62;
DELETE FROM way_nodes WHERE way_id = 62;
INSERT INTO way_nodes (way_id, node_id, version, sequence_id) VALUES (62, 3277, 1, 1);
INSERT INTO current_way_nodes (way_id, node_id, sequence_id) VALUES (62, 3277, 1);
INSERT INTO way_nodes (way_id, node_id, version, sequence_id) VALUES (62, 3275, 1, 2);
INSERT INTO current_way_nodes (way_id, node_id, sequence_id) VALUES (62, 3275, 2);
INSERT INTO way_nodes (way_id, node_id, version, sequence_id) VALUES (62, 3273, 1, 3);
INSERT INTO current_way_nodes (way_id, node_id, sequence_id) VALUES (62, 3273, 3);
INSERT INTO way_nodes (way_id, node_id, version, sequence_id) VALUES (62, 3271, 1, 4);
INSERT INTO current_way_nodes (way_id, node_id, sequence_id) VALUES (62, 3271, 4);
INSERT INTO way_nodes (way_id, node_id, version, sequence_id) VALUES (62, 3269, 1, 5);
INSERT INTO current_way_nodes (way_id, node_id, sequence_id) VALUES (62, 3269, 5);
INSERT INTO way_nodes (way_id, node_id, version, sequence_id) VALUES (62, 3267, 1, 6);
INSERT INTO current_way_nodes (way_id, node_id, sequence_id) VALUES (62, 3267, 6);
INSERT INTO way_nodes (way_id, node_id, version, sequence_id) VALUES (62, 3265, 1, 7);
INSERT INTO current_way_nodes (way_id, node_id, sequence_id) VALUES (62, 3265, 7);
INSERT INTO way_nodes (way_id, node_id, version, sequence_id) VALUES (62, 3263, 1, 8);
INSERT INTO current_way_nodes (way_id, node_id, sequence_id) VALUES (62, 3263, 8);
/* modify way 63*/
INSERT INTO ways (way_id, changeset_id, visible, "timestamp", version) VALUES (63, 3, true, (now() at time zone 'utc'), 2);
UPDATE current_ways SET changeset_id=3, visible=true, "timestamp"=(now() at time zone 'utc'), version=2 WHERE id=63;
DELETE FROM current_way_tags WHERE way_id = 63;
DELETE FROM way_tags WHERE way_id = 63;
INSERT INTO current_way_tags (way_id, k, v) VALUES (63, 'accuracy', '5');
INSERT INTO way_tags (way_id, k, v, version) VALUES (63, 'accuracy', '5', 2);
INSERT INTO current_way_tags (way_id, k, v) VALUES (63, 'hoot:id', '63');
INSERT INTO way_tags (way_id, k, v, version) VALUES (63, 'hoot:id', '63', 2);
INSERT INTO current_way_tags (way_id, k, v) VALUES (63, 'hoot:status', '3');
INSERT INTO way_tags (way_id, k, v, version) VALUES (63, 'hoot:status', '3', 2);
INSERT INTO current_way_tags (way_id, k, v) VALUES (63, 'alt_name', '17th St NW');
INSERT INTO way_tags (way_id, k, v, version) VALUES (63, 'alt_name', '17th St NW', 2);
INSERT INTO current_way_tags (way_id, k, v) VALUES (63, 'name', '17TH ST NW');
INSERT INTO way_tags (way_id, k, v, version) VALUES (63, 'name', '17TH ST NW', 2);
INSERT INTO current_way_tags (way_id, k, v) VALUES (63, 'highway', 'road');
INSERT INTO way_tags (way_id, k, v, version) VALUES (63, 'highway', 'road', 2);
DELETE FROM current_way_nodes WHERE way_id = 63;
DELETE FROM way_nodes WHERE way_id = 63;
INSERT INTO way_nodes (way_id, node_id, version, sequence_id) VALUES (63, 3263, 1, 1);
INSERT INTO current_way_nodes (way_id, node_id, sequence_id) VALUES (63, 3263, 1);
INSERT INTO way_nodes (way_id, node_id, version, sequence_id) VALUES (63, 3261, 1, 2);
INSERT INTO current_way_nodes (way_id, node_id, sequence_id) VALUES (63, 3261, 2);
INSERT INTO way_nodes (way_id, node_id, version, sequence_id) VALUES (63, 3259, 1, 3);
INSERT INTO current_way_nodes (way_id, node_id, sequence_id) VALUES (63, 3259, 3);
INSERT INTO way_nodes (way_id, node_id, version, sequence_id) VALUES (63, 3257, 1, 4);
INSERT INTO current_way_nodes (way_id, node_id, sequence_id) VALUES (63, 3257, 4);
INSERT INTO way_nodes (way_id, node_id, version, sequence_id) VALUES (63, 3255, 1, 5);
INSERT INTO current_way_nodes (way_id, node_id, sequence_id) VALUES (63, 3255, 5);
INSERT INTO way_nodes (way_id, node_id, version, sequence_id) VALUES (63, 3253, 1, 6);
INSERT INTO current_way_nodes (way_id, node_id, sequence_id) VALUES (63, 3253, 6);
/* modify way 65*/
INSERT INTO ways (way_id, changeset_id, visible, "timestamp", version) VALUES (65, 3, true, (now() at time zone 'utc'), 2);
UPDATE current_ways SET changeset_id=3, visible=true, "timestamp"=(now() at time zone 'utc'), version=2 WHERE id=65;
DELETE FROM current_way_tags WHERE way_id = 65;
DELETE FROM way_tags WHERE way_id = 65;
INSERT INTO current_way_tags (way_id, k, v) VALUES (65, 'accuracy', '5');
INSERT INTO way_tags (way_id, k, v, version) VALUES (65, 'accuracy', '5', 2);
INSERT INTO current_way_tags (way_id, k, v) VALUES (65, 'hoot:id', '65');
INSERT INTO way_tags (way_id, k, v, version) VALUES (65, 'hoot:id', '65', 2);
INSERT INTO current_way_tags (way_id, k, v) VALUES (65, 'hoot:status', '3');
INSERT INTO way_tags (way_id, k, v, version) VALUES (65, 'hoot:status', '3', 2);
INSERT INTO current_way_tags (way_id, k, v) VALUES (65, 'alt_name', '17th St NW');
INSERT INTO way_tags (way_id, k, v, version) VALUES (65, 'alt_name', '17th St NW', 2);
INSERT INTO current_way_tags (way_id, k, v) VALUES (65, 'name', '17TH ST NW');
INSERT INTO way_tags (way_id, k, v, version) VALUES (65, 'name', '17TH ST NW', 2);
INSERT INTO current_way_tags (way_id, k, v) VALUES (65, 'highway', 'road');
INSERT INTO way_tags (way_id, k, v, version) VALUES (65, 'highway', 'road', 2);
DELETE FROM current_way_nodes WHERE way_id = 65;
DELETE FROM way_nodes WHERE way_id = 65;
INSERT INTO way_nodes (way_id, node_id, version, sequence_id) VALUES (65, 3253, 1, 1);
INSERT INTO current_way_nodes (way_id, node_id, sequence_id) VALUES (65, 3253, 1);
INSERT INTO way_nodes (way_id, node_id, version, sequence_id) VALUES (65, 3251, 1, 2);
INSERT INTO current_way_nodes (way_id, node_id, sequence_id) VALUES (65, 3251, 2);
INSERT INTO way_nodes (way_id, node_id, version, sequence_id) VALUES (65, 3249, 1, 3);
INSERT INTO current_way_nodes (way_id, node_id, sequence_id) VALUES (65, 3249, 3);
INSERT INTO way_nodes (way_id, node_id, version, sequence_id) VALUES (65, 3247, 1, 4);
INSERT INTO current_way_nodes (way_id, node_id, sequence_id) VALUES (65, 3247, 4);
INSERT INTO way_nodes (way_id, node_id, version, sequence_id) VALUES (65, 3245, 1, 5);
INSERT INTO current_way_nodes (way_id, node_id, sequence_id) VALUES (65, 3245, 5);
INSERT INTO way_nodes (way_id, node_id, version, sequence_id) VALUES (65, 3243, 1, 6);
INSERT INTO current_way_nodes (way_id, node_id, sequence_id) VALUES (65, 3243, 6);
INSERT INTO way_nodes (way_id, node_id, version, sequence_id) VALUES (65, 3241, 1, 7);
INSERT INTO current_way_nodes (way_id, node_id, sequence_id) VALUES (65, 3241, 7);
/* modify way 67*/
INSERT INTO ways (way_id, changeset_id, visible, "timestamp", version) VALUES (67, 3, true, (now() at time zone 'utc'), 2);
UPDATE current_ways SET changeset_id=3, visible=true, "timestamp"=(now() at time zone 'utc'), version=2 WHERE id=67;
DELETE FROM current_way_tags WHERE way_id = 67;
DELETE FROM way_tags WHERE way_id = 67;
INSERT INTO current_way_tags (way_id, k, v) VALUES (67, 'accuracy', '5');
INSERT INTO way_tags (way_id, k, v, version) VALUES (67, 'accuracy', '5', 2);
INSERT INTO current_way_tags (way_id, k, v) VALUES (67, 'hoot:id', '67');
INSERT INTO way_tags (way_id, k, v, version) VALUES (67, 'hoot:id', '67', 2);
INSERT INTO current_way_tags (way_id, k, v) VALUES (67, 'hoot:status', '3');
INSERT INTO way_tags (way_id, k, v, version) VALUES (67, 'hoot:status', '3', 2);
INSERT INTO current_way_tags (way_id, k, v) VALUES (67, 'alt_name', '17th St NW');
INSERT INTO way_tags (way_id, k, v, version) VALUES (67, 'alt_name', '17th St NW', 2);
INSERT INTO current_way_tags (way_id, k, v) VALUES (67, 'name', '17TH ST NW');
INSERT INTO way_tags (way_id, k, v, version) VALUES (67, 'name', '17TH ST NW', 2);
INSERT INTO current_way_tags (way_id, k, v) VALUES (67, 'highway', 'road');
INSERT INTO way_tags (way_id, k, v, version) VALUES (67, 'highway', 'road', 2);
DELETE FROM current_way_nodes WHERE way_id = 67;
DELETE FROM way_nodes WHERE way_id = 67;
INSERT INTO way_nodes (way_id, node_id, version, sequence_id) VALUES (67, 3241, 1, 1);
INSERT INTO current_way_nodes (way_id, node_id, sequence_id) VALUES (67, 3241, 1);
INSERT INTO way_nodes (way_id, node_id, version, sequence_id) VALUES (67, 3239, 1, 2);
INSERT INTO current_way_nodes (way_id, node_id, sequence_id) VALUES (67, 3239, 2);
INSERT INTO way_nodes (way_id, node_id, version, sequence_id) VALUES (67, 3237, 1, 3);
INSERT INTO current_way_nodes (way_id, node_id, sequence_id) VALUES (67, 3237, 3);
INSERT INTO way_nodes (way_id, node_id, version, sequence_id) VALUES (67, 3235, 1, 4);
INSERT INTO current_way_nodes (way_id, node_id, sequence_id) VALUES (67, 3235, 4);
INSERT INTO way_nodes (way_id, node_id, version, sequence_id) VALUES (67, 3233, 1, 5);
INSERT INTO current_way_nodes (way_id, node_id, sequence_id) VALUES (67, 3233, 5);
INSERT INTO way_nodes (way_id, node_id, version, sequence_id) VALUES (67, 3556, 1, 6);
INSERT INTO current_way_nodes (way_id, node_id, sequence_id) VALUES (67, 3556, 6);
/* modify way 70*/
INSERT INTO ways (way_id, changeset_id, visible, "timestamp", version) VALUES (70, 3, true, (now() at time zone 'utc'), 2);
UPDATE current_ways SET changeset_id=3, visible=true, "timestamp"=(now() at time zone 'utc'), version=2 WHERE id=70;
DELETE FROM current_way_tags WHERE way_id = 70;
DELETE FROM way_tags WHERE way_id = 70;
INSERT INTO current_way_tags (way_id, k, v) VALUES (70, 'accuracy', '5');
INSERT INTO way_tags (way_id, k, v, version) VALUES (70, 'accuracy', '5', 2);
INSERT INTO current_way_tags (way_id, k, v) VALUES (70, 'hoot:id', '70');
INSERT INTO way_tags (way_id, k, v, version) VALUES (70, 'hoot:id', '70', 2);
INSERT INTO current_way_tags (way_id, k, v) VALUES (70, 'hoot:status', '3');
INSERT INTO way_tags (way_id, k, v, version) VALUES (70, 'hoot:status', '3', 2);
INSERT INTO current_way_tags (way_id, k, v) VALUES (70, 'alt_name', '15th St NW;Raoul Wallenberg Pl SW');
INSERT INTO way_tags (way_id, k, v, version) VALUES (70, 'alt_name', '15th St NW;Raoul Wallenberg Pl SW', 2);
INSERT INTO current_way_tags (way_id, k, v) VALUES (70, 'name', '15TH ST NW');
INSERT INTO way_tags (way_id, k, v, version) VALUES (70, 'name', '15TH ST NW', 2);
INSERT INTO current_way_tags (way_id, k, v) VALUES (70, 'highway', 'road');
INSERT INTO way_tags (way_id, k, v, version) VALUES (70, 'highway', 'road', 2);
DELETE FROM current_way_nodes WHERE way_id = 70;
DELETE FROM way_nodes WHERE way_id = 70;
INSERT INTO way_nodes (way_id, node_id, version, sequence_id) VALUES (70, 1952, 1, 1);
INSERT INTO current_way_nodes (way_id, node_id, sequence_id) VALUES (70, 1952, 1);
INSERT INTO way_nodes (way_id, node_id, version, sequence_id) VALUES (70, 273, 1, 2);
INSERT INTO current_way_nodes (way_id, node_id, sequence_id) VALUES (70, 273, 2);
INSERT INTO way_nodes (way_id, node_id, version, sequence_id) VALUES (70, 272, 1, 3);
INSERT INTO current_way_nodes (way_id, node_id, sequence_id) VALUES (70, 272, 3);
INSERT INTO way_nodes (way_id, node_id, version, sequence_id) VALUES (70, 271, 1, 4);
INSERT INTO current_way_nodes (way_id, node_id, sequence_id) VALUES (70, 271, 4);
INSERT INTO way_nodes (way_id, node_id, version, sequence_id) VALUES (70, 270, 1, 5);
INSERT INTO current_way_nodes (way_id, node_id, sequence_id) VALUES (70, 270, 5);
INSERT INTO way_nodes (way_id, node_id, version, sequence_id) VALUES (70, 269, 1, 6);
INSERT INTO current_way_nodes (way_id, node_id, sequence_id) VALUES (70, 269, 6);
INSERT INTO way_nodes (way_id, node_id, version, sequence_id) VALUES (70, 268, 1, 7);
INSERT INTO current_way_nodes (way_id, node_id, sequence_id) VALUES (70, 268, 7);
INSERT INTO way_nodes (way_id, node_id, version, sequence_id) VALUES (70, 267, 1, 8);
INSERT INTO current_way_nodes (way_id, node_id, sequence_id) VALUES (70, 267, 8);
INSERT INTO way_nodes (way_id, node_id, version, sequence_id) VALUES (70, 266, 1, 9);
INSERT INTO current_way_nodes (way_id, node_id, sequence_id) VALUES (70, 266, 9);
INSERT INTO way_nodes (way_id, node_id, version, sequence_id) VALUES (70, 265, 1, 10);
INSERT INTO current_way_nodes (way_id, node_id, sequence_id) VALUES (70, 265, 10);
INSERT INTO way_nodes (way_id, node_id, version, sequence_id) VALUES (70, 264, 1, 11);
INSERT INTO current_way_nodes (way_id, node_id, sequence_id) VALUES (70, 264, 11);
INSERT INTO way_nodes (way_id, node_id, version, sequence_id) VALUES (70, 263, 1, 12);
INSERT INTO current_way_nodes (way_id, node_id, sequence_id) VALUES (70, 263, 12);
INSERT INTO way_nodes (way_id, node_id, version, sequence_id) VALUES (70, 262, 1, 13);
INSERT INTO current_way_nodes (way_id, node_id, sequence_id) VALUES (70, 262, 13);
INSERT INTO way_nodes (way_id, node_id, version, sequence_id) VALUES (70, 261, 1, 14);
INSERT INTO current_way_nodes (way_id, node_id, sequence_id) VALUES (70, 261, 14);
INSERT INTO way_nodes (way_id, node_id, version, sequence_id) VALUES (70, 260, 1, 15);
INSERT INTO current_way_nodes (way_id, node_id, sequence_id) VALUES (70, 260, 15);
INSERT INTO way_nodes (way_id, node_id, version, sequence_id) VALUES (70, 258, 1, 16);
INSERT INTO current_way_nodes (way_id, node_id, sequence_id) VALUES (70, 258, 16);
INSERT INTO way_nodes (way_id, node_id, version, sequence_id) VALUES (70, 256, 1, 17);
INSERT INTO current_way_nodes (way_id, node_id, sequence_id) VALUES (70, 256, 17);
INSERT INTO way_nodes (way_id, node_id, version, sequence_id) VALUES (70, 254, 1, 18);
INSERT INTO current_way_nodes (way_id, node_id, sequence_id) VALUES (70, 254, 18);
INSERT INTO way_nodes (way_id, node_id, version, sequence_id) VALUES (70, 252, 1, 19);
INSERT INTO current_way_nodes (way_id, node_id, sequence_id) VALUES (70, 252, 19);
INSERT INTO way_nodes (way_id, node_id, version, sequence_id) VALUES (70, 249, 1, 20);
INSERT INTO current_way_nodes (way_id, node_id, sequence_id) VALUES (70, 249, 20);
INSERT INTO way_nodes (way_id, node_id, version, sequence_id) VALUES (70, 246, 1, 21);
INSERT INTO current_way_nodes (way_id, node_id, sequence_id) VALUES (70, 246, 21);
INSERT INTO way_nodes (way_id, node_id, version, sequence_id) VALUES (70, 243, 1, 22);
INSERT INTO current_way_nodes (way_id, node_id, sequence_id) VALUES (70, 243, 22);
INSERT INTO way_nodes (way_id, node_id, version, sequence_id) VALUES (70, 240, 1, 23);
INSERT INTO current_way_nodes (way_id, node_id, sequence_id) VALUES (70, 240, 23);
INSERT INTO way_nodes (way_id, node_id, version, sequence_id) VALUES (70, 237, 1, 24);
INSERT INTO current_way_nodes (way_id, node_id, sequence_id) VALUES (70, 237, 24);
INSERT INTO way_nodes (way_id, node_id, version, sequence_id) VALUES (70, 234, 1, 25);
INSERT INTO current_way_nodes (way_id, node_id, sequence_id) VALUES (70, 234, 25);
INSERT INTO way_nodes (way_id, node_id, version, sequence_id) VALUES (70, 231, 1, 26);
INSERT INTO current_way_nodes (way_id, node_id, sequence_id) VALUES (70, 231, 26);
INSERT INTO way_nodes (way_id, node_id, version, sequence_id) VALUES (70, 228, 1, 27);
INSERT INTO current_way_nodes (way_id, node_id, sequence_id) VALUES (70, 228, 27);
INSERT INTO way_nodes (way_id, node_id, version, sequence_id) VALUES (70, 225, 1, 28);
INSERT INTO current_way_nodes (way_id, node_id, sequence_id) VALUES (70, 225, 28);
INSERT INTO way_nodes (way_id, node_id, version, sequence_id) VALUES (70, 222, 1, 29);
INSERT INTO current_way_nodes (way_id, node_id, sequence_id) VALUES (70, 222, 29);
INSERT INTO way_nodes (way_id, node_id, version, sequence_id) VALUES (70, 219, 1, 30);
INSERT INTO current_way_nodes (way_id, node_id, sequence_id) VALUES (70, 219, 30);
INSERT INTO way_nodes (way_id, node_id, version, sequence_id) VALUES (70, 216, 1, 31);
INSERT INTO current_way_nodes (way_id, node_id, sequence_id) VALUES (70, 216, 31);
INSERT INTO way_nodes (way_id, node_id, version, sequence_id) VALUES (70, 1950, 1, 32);
INSERT INTO current_way_nodes (way_id, node_id, sequence_id) VALUES (70, 1950, 32);
/* modify way 74*/
INSERT INTO ways (way_id, changeset_id, visible, "timestamp", version) VALUES (74, 3, true, (now() at time zone 'utc'), 2);
UPDATE current_ways SET changeset_id=3, visible=true, "timestamp"=(now() at time zone 'utc'), version=2 WHERE id=74;
DELETE FROM current_way_tags WHERE way_id = 74;
DELETE FROM way_tags WHERE way_id = 74;
INSERT INTO current_way_tags (way_id, k, v) VALUES (74, 'accuracy', '5');
INSERT INTO way_tags (way_id, k, v, version) VALUES (74, 'accuracy', '5', 2);
INSERT INTO current_way_tags (way_id, k, v) VALUES (74, 'hoot:id', '74');
INSERT INTO way_tags (way_id, k, v, version) VALUES (74, 'hoot:id', '74', 2);
INSERT INTO current_way_tags (way_id, k, v) VALUES (74, 'hoot:status', '3');
INSERT INTO way_tags (way_id, k, v, version) VALUES (74, 'hoot:status', '3', 2);
INSERT INTO current_way_tags (way_id, k, v) VALUES (74, 'alt_name', '15th St NW');
INSERT INTO way_tags (way_id, k, v, version) VALUES (74, 'alt_name', '15th St NW', 2);
INSERT INTO current_way_tags (way_id, k, v) VALUES (74, 'name', '15TH ST NW');
INSERT INTO way_tags (way_id, k, v, version) VALUES (74, 'name', '15TH ST NW', 2);
INSERT INTO current_way_tags (way_id, k, v) VALUES (74, 'highway', 'road');
INSERT INTO way_tags (way_id, k, v, version) VALUES (74, 'highway', 'road', 2);
DELETE FROM current_way_nodes WHERE way_id = 74;
DELETE FROM way_nodes WHERE way_id = 74;
INSERT INTO way_nodes (way_id, node_id, version, sequence_id) VALUES (74, 1921, 1, 1);
INSERT INTO current_way_nodes (way_id, node_id, sequence_id) VALUES (74, 1921, 1);
INSERT INTO way_nodes (way_id, node_id, version, sequence_id) VALUES (74, 213, 1, 2);
INSERT INTO current_way_nodes (way_id, node_id, sequence_id) VALUES (74, 213, 2);
INSERT INTO way_nodes (way_id, node_id, version, sequence_id) VALUES (74, 211, 1, 3);
INSERT INTO current_way_nodes (way_id, node_id, sequence_id) VALUES (74, 211, 3);
INSERT INTO way_nodes (way_id, node_id, version, sequence_id) VALUES (74, 210, 1, 4);
INSERT INTO current_way_nodes (way_id, node_id, sequence_id) VALUES (74, 210, 4);
INSERT INTO way_nodes (way_id, node_id, version, sequence_id) VALUES (74, 209, 1, 5);
INSERT INTO current_way_nodes (way_id, node_id, sequence_id) VALUES (74, 209, 5);
/* modify way 84*/
INSERT INTO ways (way_id, changeset_id, visible, "timestamp", version) VALUES (84, 3, true, (now() at time zone 'utc'), 2);
UPDATE current_ways SET changeset_id=3, visible=true, "timestamp"=(now() at time zone 'utc'), version=2 WHERE id=84;
DELETE FROM current_way_tags WHERE way_id = 84;
DELETE FROM way_tags WHERE way_id = 84;
INSERT INTO current_way_tags (way_id, k, v) VALUES (84, 'accuracy', '5');
INSERT INTO way_tags (way_id, k, v, version) VALUES (84, 'accuracy', '5', 2);
INSERT INTO current_way_tags (way_id, k, v) VALUES (84, 'hoot:id', '84');
INSERT INTO way_tags (way_id, k, v, version) VALUES (84, 'hoot:id', '84', 2);
INSERT INTO current_way_tags (way_id, k, v) VALUES (84, 'hoot:status', '3');
INSERT INTO way_tags (way_id, k, v, version) VALUES (84, 'hoot:status', '3', 2);
INSERT INTO current_way_tags (way_id, k, v) VALUES (84, 'alt_name', 'C St NW');
INSERT INTO way_tags (way_id, k, v, version) VALUES (84, 'alt_name', 'C St NW', 2);
INSERT INTO current_way_tags (way_id, k, v) VALUES (84, 'name', 'C ST NW');
INSERT INTO way_tags (way_id, k, v, version) VALUES (84, 'name', 'C ST NW', 2);
INSERT INTO current_way_tags (way_id, k, v) VALUES (84, 'highway', 'road');
INSERT INTO way_tags (way_id, k, v, version) VALUES (84, 'highway', 'road', 2);
DELETE FROM current_way_nodes WHERE way_id = 84;
DELETE FROM way_nodes WHERE way_id = 84;
INSERT INTO way_nodes (way_id, node_id, version, sequence_id) VALUES (84, 3253, 1, 1);
INSERT INTO current_way_nodes (way_id, node_id, sequence_id) VALUES (84, 3253, 1);
INSERT INTO way_nodes (way_id, node_id, version, sequence_id) VALUES (84, 1188, 1, 2);
INSERT INTO current_way_nodes (way_id, node_id, sequence_id) VALUES (84, 1188, 2);
INSERT INTO way_nodes (way_id, node_id, version, sequence_id) VALUES (84, 1186, 1, 3);
INSERT INTO current_way_nodes (way_id, node_id, sequence_id) VALUES (84, 1186, 3);
INSERT INTO way_nodes (way_id, node_id, version, sequence_id) VALUES (84, 1184, 1, 4);
INSERT INTO current_way_nodes (way_id, node_id, sequence_id) VALUES (84, 1184, 4);
INSERT INTO way_nodes (way_id, node_id, version, sequence_id) VALUES (84, 1182, 1, 5);
INSERT INTO current_way_nodes (way_id, node_id, sequence_id) VALUES (84, 1182, 5);
INSERT INTO way_nodes (way_id, node_id, version, sequence_id) VALUES (84, 1180, 1, 6);
INSERT INTO current_way_nodes (way_id, node_id, sequence_id) VALUES (84, 1180, 6);
INSERT INTO way_nodes (way_id, node_id, version, sequence_id) VALUES (84, 3071, 1, 7);
INSERT INTO current_way_nodes (way_id, node_id, sequence_id) VALUES (84, 3071, 7);
/* modify way 86*/
INSERT INTO ways (way_id, changeset_id, visible, "timestamp", version) VALUES (86, 3, true, (now() at time zone 'utc'), 2);
UPDATE current_ways SET changeset_id=3, visible=true, "timestamp"=(now() at time zone 'utc'), version=2 WHERE id=86;
DELETE FROM current_way_tags WHERE way_id = 86;
DELETE FROM way_tags WHERE way_id = 86;
INSERT INTO current_way_tags (way_id, k, v) VALUES (86, 'accuracy', '5');
INSERT INTO way_tags (way_id, k, v, version) VALUES (86, 'accuracy', '5', 2);
INSERT INTO current_way_tags (way_id, k, v) VALUES (86, 'hoot:id', '86');
INSERT INTO way_tags (way_id, k, v, version) VALUES (86, 'hoot:id', '86', 2);
INSERT INTO current_way_tags (way_id, k, v) VALUES (86, 'hoot:status', '3');
INSERT INTO way_tags (way_id, k, v, version) VALUES (86, 'hoot:status', '3', 2);
INSERT INTO current_way_tags (way_id, k, v) VALUES (86, 'alt_name', 'D St NW');
INSERT INTO way_tags (way_id, k, v, version) VALUES (86, 'alt_name', 'D St NW', 2);
INSERT INTO current_way_tags (way_id, k, v) VALUES (86, 'name', 'D ST NW');
INSERT INTO way_tags (way_id, k, v, version) VALUES (86, 'name', 'D ST NW', 2);
INSERT INTO current_way_tags (way_id, k, v) VALUES (86, 'highway', 'road');
INSERT INTO way_tags (way_id, k, v, version) VALUES (86, 'highway', 'road', 2);
DELETE FROM current_way_nodes WHERE way_id = 86;
DELETE FROM way_nodes WHERE way_id = 86;
INSERT INTO way_nodes (way_id, node_id, version, sequence_id) VALUES (86, 3241, 1, 1);
INSERT INTO current_way_nodes (way_id, node_id, sequence_id) VALUES (86, 3241, 1);
INSERT INTO way_nodes (way_id, node_id, version, sequence_id) VALUES (86, 121, 1, 2);
INSERT INTO current_way_nodes (way_id, node_id, sequence_id) VALUES (86, 121, 2);
INSERT INTO way_nodes (way_id, node_id, version, sequence_id) VALUES (86, 119, 1, 3);
INSERT INTO current_way_nodes (way_id, node_id, sequence_id) VALUES (86, 119, 3);
INSERT INTO way_nodes (way_id, node_id, version, sequence_id) VALUES (86, 117, 1, 4);
INSERT INTO current_way_nodes (way_id, node_id, sequence_id) VALUES (86, 117, 4);
INSERT INTO way_nodes (way_id, node_id, version, sequence_id) VALUES (86, 115, 1, 5);
INSERT INTO current_way_nodes (way_id, node_id, sequence_id) VALUES (86, 115, 5);
INSERT INTO way_nodes (way_id, node_id, version, sequence_id) VALUES (86, 113, 1, 6);
INSERT INTO current_way_nodes (way_id, node_id, sequence_id) VALUES (86, 113, 6);
INSERT INTO way_nodes (way_id, node_id, version, sequence_id) VALUES (86, 111, 1, 7);
INSERT INTO current_way_nodes (way_id, node_id, sequence_id) VALUES (86, 111, 7);
INSERT INTO way_nodes (way_id, node_id, version, sequence_id) VALUES (86, 3056, 1, 8);
INSERT INTO current_way_nodes (way_id, node_id, sequence_id) VALUES (86, 3056, 8);
/* modify way 112*/
INSERT INTO ways (way_id, changeset_id, visible, "timestamp", version) VALUES (112, 3, true, (now() at time zone 'utc'), 2);
UPDATE current_ways SET changeset_id=3, visible=true, "timestamp"=(now() at time zone 'utc'), version=2 WHERE id=112;
DELETE FROM current_way_tags WHERE way_id = 112;
DELETE FROM way_tags WHERE way_id = 112;
INSERT INTO current_way_tags (way_id, k, v) VALUES (112, 'accuracy', '5');
INSERT INTO way_tags (way_id, k, v, version) VALUES (112, 'accuracy', '5', 2);
INSERT INTO current_way_tags (way_id, k, v) VALUES (112, 'hoot:id', '112');
INSERT INTO way_tags (way_id, k, v, version) VALUES (112, 'hoot:id', '112', 2);
INSERT INTO current_way_tags (way_id, k, v) VALUES (112, 'hoot:status', '3');
INSERT INTO way_tags (way_id, k, v, version) VALUES (112, 'hoot:status', '3', 2);
INSERT INTO current_way_tags (way_id, k, v) VALUES (112, 'alt_name', 'E St NW');
INSERT INTO way_tags (way_id, k, v, version) VALUES (112, 'alt_name', 'E St NW', 2);
INSERT INTO current_way_tags (way_id, k, v) VALUES (112, 'name', 'E ST NW');
INSERT INTO way_tags (way_id, k, v, version) VALUES (112, 'name', 'E ST NW', 2);
INSERT INTO current_way_tags (way_id, k, v) VALUES (112, 'highway', 'road');
INSERT INTO way_tags (way_id, k, v, version) VALUES (112, 'highway', 'road', 2);
DELETE FROM current_way_nodes WHERE way_id = 112;
DELETE FROM way_nodes WHERE way_id = 112;
INSERT INTO way_nodes (way_id, node_id, version, sequence_id) VALUES (112, 3628, 1, 1);
INSERT INTO current_way_nodes (way_id, node_id, sequence_id) VALUES (112, 3628, 1);
INSERT INTO way_nodes (way_id, node_id, version, sequence_id) VALUES (112, 533, 1, 2);
INSERT INTO current_way_nodes (way_id, node_id, sequence_id) VALUES (112, 533, 2);
INSERT INTO way_nodes (way_id, node_id, version, sequence_id) VALUES (112, 529, 1, 3);
INSERT INTO current_way_nodes (way_id, node_id, sequence_id) VALUES (112, 529, 3);
INSERT INTO way_nodes (way_id, node_id, version, sequence_id) VALUES (112, 525, 1, 4);
INSERT INTO current_way_nodes (way_id, node_id, sequence_id) VALUES (112, 525, 4);
INSERT INTO way_nodes (way_id, node_id, version, sequence_id) VALUES (112, 522, 1, 5);
INSERT INTO current_way_nodes (way_id, node_id, sequence_id) VALUES (112, 522, 5);
INSERT INTO way_nodes (way_id, node_id, version, sequence_id) VALUES (112, 519, 1, 6);
INSERT INTO current_way_nodes (way_id, node_id, sequence_id) VALUES (112, 519, 6);
INSERT INTO way_nodes (way_id, node_id, version, sequence_id) VALUES (112, 517, 1, 7);
INSERT INTO current_way_nodes (way_id, node_id, sequence_id) VALUES (112, 517, 7);
INSERT INTO way_nodes (way_id, node_id, version, sequence_id) VALUES (112, 515, 1, 8);
INSERT INTO current_way_nodes (way_id, node_id, sequence_id) VALUES (112, 515, 8);
INSERT INTO way_nodes (way_id, node_id, version, sequence_id) VALUES (112, 513, 1, 9);
INSERT INTO current_way_nodes (way_id, node_id, sequence_id) VALUES (112, 513, 9);
INSERT INTO way_nodes (way_id, node_id, version, sequence_id) VALUES (112, 511, 1, 10);
INSERT INTO current_way_nodes (way_id, node_id, sequence_id) VALUES (112, 511, 10);
INSERT INTO way_nodes (way_id, node_id, version, sequence_id) VALUES (112, 508, 1, 11);
INSERT INTO current_way_nodes (way_id, node_id, sequence_id) VALUES (112, 508, 11);
INSERT INTO way_nodes (way_id, node_id, version, sequence_id) VALUES (112, 505, 1, 12);
INSERT INTO current_way_nodes (way_id, node_id, sequence_id) VALUES (112, 505, 12);
INSERT INTO way_nodes (way_id, node_id, version, sequence_id) VALUES (112, 2148, 1, 13);
INSERT INTO current_way_nodes (way_id, node_id, sequence_id) VALUES (112, 2148, 13);
/* modify way 113*/
INSERT INTO ways (way_id, changeset_id, visible, "timestamp", version) VALUES (113, 3, true, (now() at time zone 'utc'), 2);
UPDATE current_ways SET changeset_id=3, visible=true, "timestamp"=(now() at time zone 'utc'), version=2 WHERE id=113;
DELETE FROM current_way_tags WHERE way_id = 113;
DELETE FROM way_tags WHERE way_id = 113;
INSERT INTO current_way_tags (way_id, k, v) VALUES (113, 'accuracy', '5');
INSERT INTO way_tags (way_id, k, v, version) VALUES (113, 'accuracy', '5', 2);
INSERT INTO current_way_tags (way_id, k, v) VALUES (113, 'hoot:id', '113');
INSERT INTO way_tags (way_id, k, v, version) VALUES (113, 'hoot:id', '113', 2);
INSERT INTO current_way_tags (way_id, k, v) VALUES (113, 'hoot:status', '3');
INSERT INTO way_tags (way_id, k, v, version) VALUES (113, 'hoot:status', '3', 2);
INSERT INTO current_way_tags (way_id, k, v) VALUES (113, 'alt_name', 'E St NW;Ellipse Rd NW');
INSERT INTO way_tags (way_id, k, v, version) VALUES (113, 'alt_name', 'E St NW;Ellipse Rd NW', 2);
INSERT INTO current_way_tags (way_id, k, v) VALUES (113, 'name', 'E ST NW');
INSERT INTO way_tags (way_id, k, v, version) VALUES (113, 'name', 'E ST NW', 2);
INSERT INTO current_way_tags (way_id, k, v) VALUES (113, 'highway', 'road');
INSERT INTO way_tags (way_id, k, v, version) VALUES (113, 'highway', 'road', 2);
DELETE FROM current_way_nodes WHERE way_id = 113;
DELETE FROM way_nodes WHERE way_id = 113;
INSERT INTO way_nodes (way_id, node_id, version, sequence_id) VALUES (113, 2148, 1, 1);
INSERT INTO current_way_nodes (way_id, node_id, sequence_id) VALUES (113, 2148, 1);
INSERT INTO way_nodes (way_id, node_id, version, sequence_id) VALUES (113, 502, 1, 2);
INSERT INTO current_way_nodes (way_id, node_id, sequence_id) VALUES (113, 502, 2);
INSERT INTO way_nodes (way_id, node_id, version, sequence_id) VALUES (113, 499, 1, 3);
INSERT INTO current_way_nodes (way_id, node_id, sequence_id) VALUES (113, 499, 3);
INSERT INTO way_nodes (way_id, node_id, version, sequence_id) VALUES (113, 496, 1, 4);
INSERT INTO current_way_nodes (way_id, node_id, sequence_id) VALUES (113, 496, 4);
INSERT INTO way_nodes (way_id, node_id, version, sequence_id) VALUES (113, 494, 1, 5);
INSERT INTO current_way_nodes (way_id, node_id, sequence_id) VALUES (113, 494, 5);
INSERT INTO way_nodes (way_id, node_id, version, sequence_id) VALUES (113, 3183, 1, 6);
INSERT INTO current_way_nodes (way_id, node_id, sequence_id) VALUES (113, 3183, 6);
/* modify way 115*/
INSERT INTO ways (way_id, changeset_id, visible, "timestamp", version) VALUES (115, 3, true, (now() at time zone 'utc'), 2);
UPDATE current_ways SET changeset_id=3, visible=true, "timestamp"=(now() at time zone 'utc'), version=2 WHERE id=115;
DELETE FROM current_way_tags WHERE way_id = 115;
DELETE FROM way_tags WHERE way_id = 115;
INSERT INTO current_way_tags (way_id, k, v) VALUES (115, 'accuracy', '5');
INSERT INTO way_tags (way_id, k, v, version) VALUES (115, 'accuracy', '5', 2);
INSERT INTO current_way_tags (way_id, k, v) VALUES (115, 'hoot:id', '115');
INSERT INTO way_tags (way_id, k, v, version) VALUES (115, 'hoot:id', '115', 2);
INSERT INTO current_way_tags (way_id, k, v) VALUES (115, 'hoot:status', '3');
INSERT INTO way_tags (way_id, k, v, version) VALUES (115, 'hoot:status', '3', 2);
INSERT INTO current_way_tags (way_id, k, v) VALUES (115, 'alt_name', 'E St NW');
INSERT INTO way_tags (way_id, k, v, version) VALUES (115, 'alt_name', 'E St NW', 2);
INSERT INTO current_way_tags (way_id, k, v) VALUES (115, 'name', 'E ST NW');
INSERT INTO way_tags (way_id, k, v, version) VALUES (115, 'name', 'E ST NW', 2);
INSERT INTO current_way_tags (way_id, k, v) VALUES (115, 'highway', 'road');
INSERT INTO way_tags (way_id, k, v, version) VALUES (115, 'highway', 'road', 2);
DELETE FROM current_way_nodes WHERE way_id = 115;
DELETE FROM way_nodes WHERE way_id = 115;
INSERT INTO way_nodes (way_id, node_id, version, sequence_id) VALUES (115, 3556, 1, 1);
INSERT INTO current_way_nodes (way_id, node_id, sequence_id) VALUES (115, 3556, 1);
INSERT INTO way_nodes (way_id, node_id, version, sequence_id) VALUES (115, 492, 1, 2);
INSERT INTO current_way_nodes (way_id, node_id, sequence_id) VALUES (115, 492, 2);
INSERT INTO way_nodes (way_id, node_id, version, sequence_id) VALUES (115, 489, 1, 3);
INSERT INTO current_way_nodes (way_id, node_id, sequence_id) VALUES (115, 489, 3);
INSERT INTO way_nodes (way_id, node_id, version, sequence_id) VALUES (115, 487, 1, 4);
INSERT INTO current_way_nodes (way_id, node_id, sequence_id) VALUES (115, 487, 4);
INSERT INTO way_nodes (way_id, node_id, version, sequence_id) VALUES (115, 485, 1, 5);
INSERT INTO current_way_nodes (way_id, node_id, sequence_id) VALUES (115, 485, 5);
INSERT INTO way_nodes (way_id, node_id, version, sequence_id) VALUES (115, 483, 1, 6);
INSERT INTO current_way_nodes (way_id, node_id, sequence_id) VALUES (115, 483, 6);
INSERT INTO way_nodes (way_id, node_id, version, sequence_id) VALUES (115, 481, 1, 7);
INSERT INTO current_way_nodes (way_id, node_id, sequence_id) VALUES (115, 481, 7);
INSERT INTO way_nodes (way_id, node_id, version, sequence_id) VALUES (115, 479, 1, 8);
INSERT INTO current_way_nodes (way_id, node_id, sequence_id) VALUES (115, 479, 8);
INSERT INTO way_nodes (way_id, node_id, version, sequence_id) VALUES (115, 477, 1, 9);
INSERT INTO current_way_nodes (way_id, node_id, sequence_id) VALUES (115, 477, 9);
INSERT INTO way_nodes (way_id, node_id, version, sequence_id) VALUES (115, 475, 1, 10);
INSERT INTO current_way_nodes (way_id, node_id, sequence_id) VALUES (115, 475, 10);
INSERT INTO way_nodes (way_id, node_id, version, sequence_id) VALUES (115, 3041, 1, 11);
INSERT INTO current_way_nodes (way_id, node_id, sequence_id) VALUES (115, 3041, 11);
/* modify way 136*/
INSERT INTO ways (way_id, changeset_id, visible, "timestamp", version) VALUES (136, 3, true, (now() at time zone 'utc'), 2);
UPDATE current_ways SET changeset_id=3, visible=true, "timestamp"=(now() at time zone 'utc'), version=2 WHERE id=136;
DELETE FROM current_way_tags WHERE way_id = 136;
DELETE FROM way_tags WHERE way_id = 136;
INSERT INTO current_way_tags (way_id, k, v) VALUES (136, 'accuracy', '5');
INSERT INTO way_tags (way_id, k, v, version) VALUES (136, 'accuracy', '5', 2);
INSERT INTO current_way_tags (way_id, k, v) VALUES (136, 'hoot:id', '136');
INSERT INTO way_tags (way_id, k, v, version) VALUES (136, 'hoot:id', '136', 2);
INSERT INTO current_way_tags (way_id, k, v) VALUES (136, 'hoot:status', '3');
INSERT INTO way_tags (way_id, k, v, version) VALUES (136, 'hoot:status', '3', 2);
INSERT INTO current_way_tags (way_id, k, v) VALUES (136, 'alt_name', '16th St NW');
INSERT INTO way_tags (way_id, k, v, version) VALUES (136, 'alt_name', '16th St NW', 2);
INSERT INTO current_way_tags (way_id, k, v) VALUES (136, 'name', '16TH ST NW');
INSERT INTO way_tags (way_id, k, v, version) VALUES (136, 'name', '16TH ST NW', 2);
INSERT INTO current_way_tags (way_id, k, v) VALUES (136, 'highway', 'road');
INSERT INTO way_tags (way_id, k, v, version) VALUES (136, 'highway', 'road', 2);
DELETE FROM current_way_nodes WHERE way_id = 136;
DELETE FROM way_nodes WHERE way_id = 136;
INSERT INTO way_nodes (way_id, node_id, version, sequence_id) VALUES (136, 2702, 1, 1);
INSERT INTO current_way_nodes (way_id, node_id, sequence_id) VALUES (136, 2702, 1);
INSERT INTO way_nodes (way_id, node_id, version, sequence_id) VALUES (136, 2699, 1, 2);
INSERT INTO current_way_nodes (way_id, node_id, sequence_id) VALUES (136, 2699, 2);
INSERT INTO way_nodes (way_id, node_id, version, sequence_id) VALUES (136, 2696, 1, 3);
INSERT INTO current_way_nodes (way_id, node_id, sequence_id) VALUES (136, 2696, 3);
INSERT INTO way_nodes (way_id, node_id, version, sequence_id) VALUES (136, 2693, 1, 4);
INSERT INTO current_way_nodes (way_id, node_id, sequence_id) VALUES (136, 2693, 4);
INSERT INTO way_nodes (way_id, node_id, version, sequence_id) VALUES (136, 2690, 1, 5);
INSERT INTO current_way_nodes (way_id, node_id, sequence_id) VALUES (136, 2690, 5);
INSERT INTO way_nodes (way_id, node_id, version, sequence_id) VALUES (136, 2687, 1, 6);
INSERT INTO current_way_nodes (way_id, node_id, sequence_id) VALUES (136, 2687, 6);
/* modify way 140*/
INSERT INTO ways (way_id, changeset_id, visible, "timestamp", version) VALUES (140, 3, true, (now() at time zone 'utc'), 2);
UPDATE current_ways SET changeset_id=3, visible=true, "timestamp"=(now() at time zone 'utc'), version=2 WHERE id=140;
DELETE FROM current_way_tags WHERE way_id = 140;
DELETE FROM way_tags WHERE way_id = 140;
INSERT INTO current_way_tags (way_id, k, v) VALUES (140, 'accuracy', '5');
INSERT INTO way_tags (way_id, k, v, version) VALUES (140, 'accuracy', '5', 2);
INSERT INTO current_way_tags (way_id, k, v) VALUES (140, 'hoot:id', '140');
INSERT INTO way_tags (way_id, k, v, version) VALUES (140, 'hoot:id', '140', 2);
INSERT INTO current_way_tags (way_id, k, v) VALUES (140, 'hoot:status', '3');
INSERT INTO way_tags (way_id, k, v, version) VALUES (140, 'hoot:status', '3', 2);
INSERT INTO current_way_tags (way_id, k, v) VALUES (140, 'alt_name', 'Constitution Ave NW;US Hwy 50');
INSERT INTO way_tags (way_id, k, v, version) VALUES (140, 'alt_name', 'Constitution Ave NW;US Hwy 50', 2);
INSERT INTO current_way_tags (way_id, k, v) VALUES (140, 'name', 'CONSTITUTION AVE NW');
INSERT INTO way_tags (way_id, k, v, version) VALUES (140, 'name', 'CONSTITUTION AVE NW', 2);
INSERT INTO current_way_tags (way_id, k, v) VALUES (140, 'highway', 'road');
INSERT INTO way_tags (way_id, k, v, version) VALUES (140, 'highway', 'road', 2);
DELETE FROM current_way_nodes WHERE way_id = 140;
DELETE FROM way_nodes WHERE way_id = 140;
INSERT INTO way_nodes (way_id, node_id, version, sequence_id) VALUES (140, 1950, 1, 1);
INSERT INTO current_way_nodes (way_id, node_id, sequence_id) VALUES (140, 1950, 1);
INSERT INTO way_nodes (way_id, node_id, version, sequence_id) VALUES (140, 3745, 1, 2);
INSERT INTO current_way_nodes (way_id, node_id, sequence_id) VALUES (140, 3745, 2);
INSERT INTO way_nodes (way_id, node_id, version, sequence_id) VALUES (140, 3743, 1, 3);
INSERT INTO current_way_nodes (way_id, node_id, sequence_id) VALUES (140, 3743, 3);
INSERT INTO way_nodes (way_id, node_id, version, sequence_id) VALUES (140, 4701, 1, 4);
INSERT INTO current_way_nodes (way_id, node_id, sequence_id) VALUES (140, 4701, 4);
/* modify way 142*/
INSERT INTO ways (way_id, changeset_id, visible, "timestamp", version) VALUES (142, 3, true, (now() at time zone 'utc'), 2);
UPDATE current_ways SET changeset_id=3, visible=true, "timestamp"=(now() at time zone 'utc'), version=2 WHERE id=142;
DELETE FROM current_way_tags WHERE way_id = 142;
DELETE FROM way_tags WHERE way_id = 142;
INSERT INTO current_way_tags (way_id, k, v) VALUES (142, 'accuracy', '5');
INSERT INTO way_tags (way_id, k, v, version) VALUES (142, 'accuracy', '5', 2);
INSERT INTO current_way_tags (way_id, k, v) VALUES (142, 'hoot:id', '142');
INSERT INTO way_tags (way_id, k, v, version) VALUES (142, 'hoot:id', '142', 2);
INSERT INTO current_way_tags (way_id, k, v) VALUES (142, 'hoot:status', '3');
INSERT INTO way_tags (way_id, k, v, version) VALUES (142, 'hoot:status', '3', 2);
INSERT INTO current_way_tags (way_id, k, v) VALUES (142, 'alt_name', 'Constitution Ave NW;US Hwy 50');
INSERT INTO way_tags (way_id, k, v, version) VALUES (142, 'alt_name', 'Constitution Ave NW;US Hwy 50', 2);
INSERT INTO current_way_tags (way_id, k, v) VALUES (142, 'name', 'CONSTITUTION AVE NW');
INSERT INTO way_tags (way_id, k, v, version) VALUES (142, 'name', 'CONSTITUTION AVE NW', 2);
INSERT INTO current_way_tags (way_id, k, v) VALUES (142, 'highway', 'road');
INSERT INTO way_tags (way_id, k, v, version) VALUES (142, 'highway', 'road', 2);
DELETE FROM current_way_nodes WHERE way_id = 142;
DELETE FROM way_nodes WHERE way_id = 142;
INSERT INTO way_nodes (way_id, node_id, version, sequence_id) VALUES (142, 2702, 1, 1);
INSERT INTO current_way_nodes (way_id, node_id, sequence_id) VALUES (142, 2702, 1);
INSERT INTO way_nodes (way_id, node_id, version, sequence_id) VALUES (142, 3734, 1, 2);
INSERT INTO current_way_nodes (way_id, node_id, sequence_id) VALUES (142, 3734, 2);
INSERT INTO way_nodes (way_id, node_id, version, sequence_id) VALUES (142, 3733, 1, 3);
INSERT INTO current_way_nodes (way_id, node_id, sequence_id) VALUES (142, 3733, 3);
INSERT INTO way_nodes (way_id, node_id, version, sequence_id) VALUES (142, 3732, 1, 4);
INSERT INTO current_way_nodes (way_id, node_id, sequence_id) VALUES (142, 3732, 4);
INSERT INTO way_nodes (way_id, node_id, version, sequence_id) VALUES (142, 3731, 1, 5);
INSERT INTO current_way_nodes (way_id, node_id, sequence_id) VALUES (142, 3731, 5);
INSERT INTO way_nodes (way_id, node_id, version, sequence_id) VALUES (142, 3730, 1, 6);
INSERT INTO current_way_nodes (way_id, node_id, sequence_id) VALUES (142, 3730, 6);
INSERT INTO way_nodes (way_id, node_id, version, sequence_id) VALUES (142, 3729, 1, 7);
INSERT INTO current_way_nodes (way_id, node_id, sequence_id) VALUES (142, 3729, 7);
INSERT INTO way_nodes (way_id, node_id, version, sequence_id) VALUES (142, 3728, 1, 8);
INSERT INTO current_way_nodes (way_id, node_id, sequence_id) VALUES (142, 3728, 8);
INSERT INTO way_nodes (way_id, node_id, version, sequence_id) VALUES (142, 3727, 1, 9);
INSERT INTO current_way_nodes (way_id, node_id, sequence_id) VALUES (142, 3727, 9);
INSERT INTO way_nodes (way_id, node_id, version, sequence_id) VALUES (142, 4695, 1, 10);
INSERT INTO current_way_nodes (way_id, node_id, sequence_id) VALUES (142, 4695, 10);
/* modify way 143*/
INSERT INTO ways (way_id, changeset_id, visible, "timestamp", version) VALUES (143, 3, true, (now() at time zone 'utc'), 2);
UPDATE current_ways SET changeset_id=3, visible=true, "timestamp"=(now() at time zone 'utc'), version=2 WHERE id=143;
DELETE FROM current_way_tags WHERE way_id = 143;
DELETE FROM way_tags WHERE way_id = 143;
INSERT INTO current_way_tags (way_id, k, v) VALUES (143, 'accuracy', '5');
INSERT INTO way_tags (way_id, k, v, version) VALUES (143, 'accuracy', '5', 2);
INSERT INTO current_way_tags (way_id, k, v) VALUES (143, 'hoot:id', '143');
INSERT INTO way_tags (way_id, k, v, version) VALUES (143, 'hoot:id', '143', 2);
INSERT INTO current_way_tags (way_id, k, v) VALUES (143, 'hoot:status', '3');
INSERT INTO way_tags (way_id, k, v, version) VALUES (143, 'hoot:status', '3', 2);
INSERT INTO current_way_tags (way_id, k, v) VALUES (143, 'alt_name', 'Constitution Ave NW;US Hwy 50');
INSERT INTO way_tags (way_id, k, v, version) VALUES (143, 'alt_name', 'Constitution Ave NW;US Hwy 50', 2);
INSERT INTO current_way_tags (way_id, k, v) VALUES (143, 'name', 'CONSTITUTION AVE NW');
INSERT INTO way_tags (way_id, k, v, version) VALUES (143, 'name', 'CONSTITUTION AVE NW', 2);
INSERT INTO current_way_tags (way_id, k, v) VALUES (143, 'highway', 'road');
INSERT INTO way_tags (way_id, k, v, version) VALUES (143, 'highway', 'road', 2);
DELETE FROM current_way_nodes WHERE way_id = 143;
DELETE FROM way_nodes WHERE way_id = 143;
INSERT INTO way_nodes (way_id, node_id, version, sequence_id) VALUES (143, 3263, 1, 1);
INSERT INTO current_way_nodes (way_id, node_id, sequence_id) VALUES (143, 3263, 1);
INSERT INTO way_nodes (way_id, node_id, version, sequence_id) VALUES (143, 3726, 1, 2);
INSERT INTO current_way_nodes (way_id, node_id, sequence_id) VALUES (143, 3726, 2);
INSERT INTO way_nodes (way_id, node_id, version, sequence_id) VALUES (143, 3725, 1, 3);
INSERT INTO current_way_nodes (way_id, node_id, sequence_id) VALUES (143, 3725, 3);
INSERT INTO way_nodes (way_id, node_id, version, sequence_id) VALUES (143, 3724, 1, 4);
INSERT INTO current_way_nodes (way_id, node_id, sequence_id) VALUES (143, 3724, 4);
INSERT INTO way_nodes (way_id, node_id, version, sequence_id) VALUES (143, 3723, 1, 5);
INSERT INTO current_way_nodes (way_id, node_id, sequence_id) VALUES (143, 3723, 5);
/* modify way 155*/
INSERT INTO ways (way_id, changeset_id, visible, "timestamp", version) VALUES (155, 3, true, (now() at time zone 'utc'), 2);
UPDATE current_ways SET changeset_id=3, visible=true, "timestamp"=(now() at time zone 'utc'), version=2 WHERE id=155;
DELETE FROM current_way_tags WHERE way_id = 155;
DELETE FROM way_tags WHERE way_id = 155;
INSERT INTO current_way_tags (way_id, k, v) VALUES (155, 'accuracy', '5');
INSERT INTO way_tags (way_id, k, v, version) VALUES (155, 'accuracy', '5', 2);
INSERT INTO current_way_tags (way_id, k, v) VALUES (155, 'hoot:id', '155');
INSERT INTO way_tags (way_id, k, v, version) VALUES (155, 'hoot:id', '155', 2);
INSERT INTO current_way_tags (way_id, k, v) VALUES (155, 'hoot:status', '3');
INSERT INTO way_tags (way_id, k, v, version) VALUES (155, 'hoot:status', '3', 2);
INSERT INTO current_way_tags (way_id, k, v) VALUES (155, 'alt_name', 'E Executive Ave NW');
INSERT INTO way_tags (way_id, k, v, version) VALUES (155, 'alt_name', 'E Executive Ave NW', 2);
INSERT INTO current_way_tags (way_id, k, v) VALUES (155, 'name', 'EAST EXECUTIVE AVE NW');
INSERT INTO way_tags (way_id, k, v, version) VALUES (155, 'name', 'EAST EXECUTIVE AVE NW', 2);
INSERT INTO current_way_tags (way_id, k, v) VALUES (155, 'highway', 'road');
INSERT INTO way_tags (way_id, k, v, version) VALUES (155, 'highway', 'road', 2);
DELETE FROM current_way_nodes WHERE way_id = 155;
DELETE FROM way_nodes WHERE way_id = 155;
INSERT INTO way_nodes (way_id, node_id, version, sequence_id) VALUES (155, 3628, 1, 1);
INSERT INTO current_way_nodes (way_id, node_id, sequence_id) VALUES (155, 3628, 1);
INSERT INTO way_nodes (way_id, node_id, version, sequence_id) VALUES (155, 3625, 1, 2);
INSERT INTO current_way_nodes (way_id, node_id, sequence_id) VALUES (155, 3625, 2);
INSERT INTO way_nodes (way_id, node_id, version, sequence_id) VALUES (155, 3622, 1, 3);
INSERT INTO current_way_nodes (way_id, node_id, sequence_id) VALUES (155, 3622, 3);
INSERT INTO way_nodes (way_id, node_id, version, sequence_id) VALUES (155, 1519, 1, 4);
INSERT INTO current_way_nodes (way_id, node_id, sequence_id) VALUES (155, 1519, 4);
/* modify way 207*/
INSERT INTO ways (way_id, changeset_id, visible, "timestamp", version) VALUES (207, 3, true, (now() at time zone 'utc'), 2);
UPDATE current_ways SET changeset_id=3, visible=true, "timestamp"=(now() at time zone 'utc'), version=2 WHERE id=207;
DELETE FROM current_way_tags WHERE way_id = 207;
DELETE FROM way_tags WHERE way_id = 207;
INSERT INTO current_way_tags (way_id, k, v) VALUES (207, 'accuracy', '5');
INSERT INTO way_tags (way_id, k, v, version) VALUES (207, 'accuracy', '5', 2);
INSERT INTO current_way_tags (way_id, k, v) VALUES (207, 'hoot:id', '207');
INSERT INTO way_tags (way_id, k, v, version) VALUES (207, 'hoot:id', '207', 2);
INSERT INTO current_way_tags (way_id, k, v) VALUES (207, 'hoot:status', '3');
INSERT INTO way_tags (way_id, k, v, version) VALUES (207, 'hoot:status', '3', 2);
INSERT INTO current_way_tags (way_id, k, v) VALUES (207, 'alt_name', 'Executive Ave NW;South Pl NW');
INSERT INTO way_tags (way_id, k, v, version) VALUES (207, 'alt_name', 'Executive Ave NW;South Pl NW', 2);
INSERT INTO current_way_tags (way_id, k, v) VALUES (207, 'name', 'SOUTH EXECUTIVE AVE NW');
INSERT INTO way_tags (way_id, k, v, version) VALUES (207, 'name', 'SOUTH EXECUTIVE AVE NW', 2);
INSERT INTO current_way_tags (way_id, k, v) VALUES (207, 'highway', 'road');
INSERT INTO way_tags (way_id, k, v, version) VALUES (207, 'highway', 'road', 2);
DELETE FROM current_way_nodes WHERE way_id = 207;
DELETE FROM way_nodes WHERE way_id = 207;
INSERT INTO way_nodes (way_id, node_id, version, sequence_id) VALUES (207, 1519, 1, 1);
INSERT INTO current_way_nodes (way_id, node_id, sequence_id) VALUES (207, 1519, 1);
INSERT INTO way_nodes (way_id, node_id, version, sequence_id) VALUES (207, 1518, 1, 2);
INSERT INTO current_way_nodes (way_id, node_id, sequence_id) VALUES (207, 1518, 2);
INSERT INTO way_nodes (way_id, node_id, version, sequence_id) VALUES (207, 1517, 1, 3);
INSERT INTO current_way_nodes (way_id, node_id, sequence_id) VALUES (207, 1517, 3);
INSERT INTO way_nodes (way_id, node_id, version, sequence_id) VALUES (207, 1516, 1, 4);
INSERT INTO current_way_nodes (way_id, node_id, sequence_id) VALUES (207, 1516, 4);
INSERT INTO way_nodes (way_id, node_id, version, sequence_id) VALUES (207, 1515, 1, 5);
INSERT INTO current_way_nodes (way_id, node_id, sequence_id) VALUES (207, 1515, 5);
INSERT INTO way_nodes (way_id, node_id, version, sequence_id) VALUES (207, 1514, 1, 6);
INSERT INTO current_way_nodes (way_id, node_id, sequence_id) VALUES (207, 1514, 6);
INSERT INTO way_nodes (way_id, node_id, version, sequence_id) VALUES (207, 4700, 1, 7);
INSERT INTO current_way_nodes (way_id, node_id, sequence_id) VALUES (207, 4700, 7);
/* modify way 209*/
INSERT INTO ways (way_id, changeset_id, visible, "timestamp", version) VALUES (209, 3, true, (now() at time zone 'utc'), 2);
UPDATE current_ways SET changeset_id=3, visible=true, "timestamp"=(now() at time zone 'utc'), version=2 WHERE id=209;
DELETE FROM current_way_tags WHERE way_id = 209;
DELETE FROM way_tags WHERE way_id = 209;
INSERT INTO current_way_tags (way_id, k, v) VALUES (209, 'accuracy', '5');
INSERT INTO way_tags (way_id, k, v, version) VALUES (209, 'accuracy', '5', 2);
INSERT INTO current_way_tags (way_id, k, v) VALUES (209, 'hoot:id', '209');
INSERT INTO way_tags (way_id, k, v, version) VALUES (209, 'hoot:id', '209', 2);
INSERT INTO current_way_tags (way_id, k, v) VALUES (209, 'hoot:status', '3');
INSERT INTO way_tags (way_id, k, v, version) VALUES (209, 'hoot:status', '3', 2);
INSERT INTO current_way_tags (way_id, k, v) VALUES (209, 'alt_name', '15th St NW');
INSERT INTO way_tags (way_id, k, v, version) VALUES (209, 'alt_name', '15th St NW', 2);
INSERT INTO current_way_tags (way_id, k, v) VALUES (209, 'name', '15TH ST NW');
INSERT INTO way_tags (way_id, k, v, version) VALUES (209, 'name', '15TH ST NW', 2);
INSERT INTO current_way_tags (way_id, k, v) VALUES (209, 'highway', 'road');
INSERT INTO way_tags (way_id, k, v, version) VALUES (209, 'highway', 'road', 2);
DELETE FROM current_way_nodes WHERE way_id = 209;
DELETE FROM way_nodes WHERE way_id = 209;
INSERT INTO way_nodes (way_id, node_id, version, sequence_id) VALUES (209, 1950, 1, 1);
INSERT INTO current_way_nodes (way_id, node_id, sequence_id) VALUES (209, 1950, 1);
INSERT INTO way_nodes (way_id, node_id, version, sequence_id) VALUES (209, 1948, 1, 2);
INSERT INTO current_way_nodes (way_id, node_id, sequence_id) VALUES (209, 1948, 2);
INSERT INTO way_nodes (way_id, node_id, version, sequence_id) VALUES (209, 1946, 1, 3);
INSERT INTO current_way_nodes (way_id, node_id, sequence_id) VALUES (209, 1946, 3);
INSERT INTO way_nodes (way_id, node_id, version, sequence_id) VALUES (209, 1944, 1, 4);
INSERT INTO current_way_nodes (way_id, node_id, sequence_id) VALUES (209, 1944, 4);
INSERT INTO way_nodes (way_id, node_id, version, sequence_id) VALUES (209, 1941, 1, 5);
INSERT INTO current_way_nodes (way_id, node_id, sequence_id) VALUES (209, 1941, 5);
INSERT INTO way_nodes (way_id, node_id, version, sequence_id) VALUES (209, 1938, 1, 6);
INSERT INTO current_way_nodes (way_id, node_id, sequence_id) VALUES (209, 1938, 6);
INSERT INTO way_nodes (way_id, node_id, version, sequence_id) VALUES (209, 1935, 1, 7);
INSERT INTO current_way_nodes (way_id, node_id, sequence_id) VALUES (209, 1935, 7);
INSERT INTO way_nodes (way_id, node_id, version, sequence_id) VALUES (209, 1933, 1, 8);
INSERT INTO current_way_nodes (way_id, node_id, sequence_id) VALUES (209, 1933, 8);
INSERT INTO way_nodes (way_id, node_id, version, sequence_id) VALUES (209, 1931, 1, 9);
INSERT INTO current_way_nodes (way_id, node_id, sequence_id) VALUES (209, 1931, 9);
INSERT INTO way_nodes (way_id, node_id, version, sequence_id) VALUES (209, 1929, 1, 10);
INSERT INTO current_way_nodes (way_id, node_id, sequence_id) VALUES (209, 1929, 10);
INSERT INTO way_nodes (way_id, node_id, version, sequence_id) VALUES (209, 1927, 1, 11);
INSERT INTO current_way_nodes (way_id, node_id, sequence_id) VALUES (209, 1927, 11);
INSERT INTO way_nodes (way_id, node_id, version, sequence_id) VALUES (209, 1925, 1, 12);
INSERT INTO current_way_nodes (way_id, node_id, sequence_id) VALUES (209, 1925, 12);
INSERT INTO way_nodes (way_id, node_id, version, sequence_id) VALUES (209, 1923, 1, 13);
INSERT INTO current_way_nodes (way_id, node_id, sequence_id) VALUES (209, 1923, 13);
INSERT INTO way_nodes (way_id, node_id, version, sequence_id) VALUES (209, 1921, 1, 14);
INSERT INTO current_way_nodes (way_id, node_id, sequence_id) VALUES (209, 1921, 14);
/* modify way 224*/
INSERT INTO ways (way_id, changeset_id, visible, "timestamp", version) VALUES (224, 3, true, (now() at time zone 'utc'), 2);
UPDATE current_ways SET changeset_id=3, visible=true, "timestamp"=(now() at time zone 'utc'), version=2 WHERE id=224;
DELETE FROM current_way_tags WHERE way_id = 224;
DELETE FROM way_tags WHERE way_id = 224;
INSERT INTO current_way_tags (way_id, k, v) VALUES (224, 'accuracy', '5');
INSERT INTO way_tags (way_id, k, v, version) VALUES (224, 'accuracy', '5', 2);
INSERT INTO current_way_tags (way_id, k, v) VALUES (224, 'hoot:id', '224');
INSERT INTO way_tags (way_id, k, v, version) VALUES (224, 'hoot:id', '224', 2);
INSERT INTO current_way_tags (way_id, k, v) VALUES (224, 'hoot:status', '3');
INSERT INTO way_tags (way_id, k, v, version) VALUES (224, 'hoot:status', '3', 2);
INSERT INTO current_way_tags (way_id, k, v) VALUES (224, 'alt_name', 'Ellipse Rd NW');
INSERT INTO way_tags (way_id, k, v, version) VALUES (224, 'alt_name', 'Ellipse Rd NW', 2);
INSERT INTO current_way_tags (way_id, k, v) VALUES (224, 'name', 'ELLIPSE RD NW');
INSERT INTO way_tags (way_id, k, v, version) VALUES (224, 'name', 'ELLIPSE RD NW', 2);
INSERT INTO current_way_tags (way_id, k, v) VALUES (224, 'highway', 'road');
INSERT INTO way_tags (way_id, k, v, version) VALUES (224, 'highway', 'road', 2);
DELETE FROM current_way_nodes WHERE way_id = 224;
DELETE FROM way_nodes WHERE way_id = 224;
INSERT INTO way_nodes (way_id, node_id, version, sequence_id) VALUES (224, 3183, 1, 1);
INSERT INTO current_way_nodes (way_id, node_id, sequence_id) VALUES (224, 3183, 1);
INSERT INTO way_nodes (way_id, node_id, version, sequence_id) VALUES (224, 3181, 1, 2);
INSERT INTO current_way_nodes (way_id, node_id, sequence_id) VALUES (224, 3181, 2);
INSERT INTO way_nodes (way_id, node_id, version, sequence_id) VALUES (224, 3179, 1, 3);
INSERT INTO current_way_nodes (way_id, node_id, sequence_id) VALUES (224, 3179, 3);
INSERT INTO way_nodes (way_id, node_id, version, sequence_id) VALUES (224, 3177, 1, 4);
INSERT INTO current_way_nodes (way_id, node_id, sequence_id) VALUES (224, 3177, 4);
INSERT INTO way_nodes (way_id, node_id, version, sequence_id) VALUES (224, 3175, 1, 5);
INSERT INTO current_way_nodes (way_id, node_id, sequence_id) VALUES (224, 3175, 5);
INSERT INTO way_nodes (way_id, node_id, version, sequence_id) VALUES (224, 3173, 1, 6);
INSERT INTO current_way_nodes (way_id, node_id, sequence_id) VALUES (224, 3173, 6);
INSERT INTO way_nodes (way_id, node_id, version, sequence_id) VALUES (224, 3171, 1, 7);
INSERT INTO current_way_nodes (way_id, node_id, sequence_id) VALUES (224, 3171, 7);
INSERT INTO way_nodes (way_id, node_id, version, sequence_id) VALUES (224, 3169, 1, 8);
INSERT INTO current_way_nodes (way_id, node_id, sequence_id) VALUES (224, 3169, 8);
INSERT INTO way_nodes (way_id, node_id, version, sequence_id) VALUES (224, 3167, 1, 9);
INSERT INTO current_way_nodes (way_id, node_id, sequence_id) VALUES (224, 3167, 9);
INSERT INTO way_nodes (way_id, node_id, version, sequence_id) VALUES (224, 3165, 1, 10);
INSERT INTO current_way_nodes (way_id, node_id, sequence_id) VALUES (224, 3165, 10);
INSERT INTO way_nodes (way_id, node_id, version, sequence_id) VALUES (224, 4697, 1, 11);
INSERT INTO current_way_nodes (way_id, node_id, sequence_id) VALUES (224, 4697, 11);
/* modify way 330*/
INSERT INTO ways (way_id, changeset_id, visible, "timestamp", version) VALUES (330, 3, true, (now() at time zone 'utc'), 2);
UPDATE current_ways SET changeset_id=3, visible=true, "timestamp"=(now() at time zone 'utc'), version=2 WHERE id=330;
DELETE FROM current_way_tags WHERE way_id = 330;
DELETE FROM way_tags WHERE way_id = 330;
INSERT INTO current_way_tags (way_id, k, v) VALUES (330, 'accuracy', '5');
INSERT INTO way_tags (way_id, k, v, version) VALUES (330, 'accuracy', '5', 2);
INSERT INTO current_way_tags (way_id, k, v) VALUES (330, 'hoot:id', '330');
INSERT INTO way_tags (way_id, k, v, version) VALUES (330, 'hoot:id', '330', 2);
INSERT INTO current_way_tags (way_id, k, v) VALUES (330, 'hoot:status', '3');
INSERT INTO way_tags (way_id, k, v, version) VALUES (330, 'hoot:status', '3', 2);
INSERT INTO current_way_tags (way_id, k, v) VALUES (330, 'alt_name', 'Ellipse Rd NW');
INSERT INTO way_tags (way_id, k, v, version) VALUES (330, 'alt_name', 'Ellipse Rd NW', 2);
INSERT INTO current_way_tags (way_id, k, v) VALUES (330, 'name', 'ELLIPSE RD NW');
INSERT INTO way_tags (way_id, k, v, version) VALUES (330, 'name', 'ELLIPSE RD NW', 2);
INSERT INTO current_way_tags (way_id, k, v) VALUES (330, 'highway', 'road');
INSERT INTO way_tags (way_id, k, v, version) VALUES (330, 'highway', 'road', 2);
DELETE FROM current_way_nodes WHERE way_id = 330;
DELETE FROM way_nodes WHERE way_id = 330;
INSERT INTO way_nodes (way_id, node_id, version, sequence_id) VALUES (330, 2687, 1, 1);
INSERT INTO current_way_nodes (way_id, node_id, sequence_id) VALUES (330, 2687, 1);
INSERT INTO way_nodes (way_id, node_id, version, sequence_id) VALUES (330, 2215, 1, 2);
INSERT INTO current_way_nodes (way_id, node_id, sequence_id) VALUES (330, 2215, 2);
INSERT INTO way_nodes (way_id, node_id, version, sequence_id) VALUES (330, 2214, 1, 3);
INSERT INTO current_way_nodes (way_id, node_id, sequence_id) VALUES (330, 2214, 3);
INSERT INTO way_nodes (way_id, node_id, version, sequence_id) VALUES (330, 2213, 1, 4);
INSERT INTO current_way_nodes (way_id, node_id, sequence_id) VALUES (330, 2213, 4);
INSERT INTO way_nodes (way_id, node_id, version, sequence_id) VALUES (330, 2212, 1, 5);
INSERT INTO current_way_nodes (way_id, node_id, sequence_id) VALUES (330, 2212, 5);
INSERT INTO way_nodes (way_id, node_id, version, sequence_id) VALUES (330, 2211, 1, 6);
INSERT INTO current_way_nodes (way_id, node_id, sequence_id) VALUES (330, 2211, 6);
INSERT INTO way_nodes (way_id, node_id, version, sequence_id) VALUES (330, 2210, 1, 7);
INSERT INTO current_way_nodes (way_id, node_id, sequence_id) VALUES (330, 2210, 7);
INSERT INTO way_nodes (way_id, node_id, version, sequence_id) VALUES (330, 2209, 1, 8);
INSERT INTO current_way_nodes (way_id, node_id, sequence_id) VALUES (330, 2209, 8);
INSERT INTO way_nodes (way_id, node_id, version, sequence_id) VALUES (330, 2207, 1, 9);
INSERT INTO current_way_nodes (way_id, node_id, sequence_id) VALUES (330, 2207, 9);
INSERT INTO way_nodes (way_id, node_id, version, sequence_id) VALUES (330, 2205, 1, 10);
INSERT INTO current_way_nodes (way_id, node_id, sequence_id) VALUES (330, 2205, 10);
INSERT INTO way_nodes (way_id, node_id, version, sequence_id) VALUES (330, 2203, 1, 11);
INSERT INTO current_way_nodes (way_id, node_id, sequence_id) VALUES (330, 2203, 11);
INSERT INTO way_nodes (way_id, node_id, version, sequence_id) VALUES (330, 2201, 1, 12);
INSERT INTO current_way_nodes (way_id, node_id, sequence_id) VALUES (330, 2201, 12);
INSERT INTO way_nodes (way_id, node_id, version, sequence_id) VALUES (330, 2199, 1, 13);
INSERT INTO current_way_nodes (way_id, node_id, sequence_id) VALUES (330, 2199, 13);
INSERT INTO way_nodes (way_id, node_id, version, sequence_id) VALUES (330, 2197, 1, 14);
INSERT INTO current_way_nodes (way_id, node_id, sequence_id) VALUES (330, 2197, 14);
INSERT INTO way_nodes (way_id, node_id, version, sequence_id) VALUES (330, 2195, 1, 15);
INSERT INTO current_way_nodes (way_id, node_id, sequence_id) VALUES (330, 2195, 15);
INSERT INTO way_nodes (way_id, node_id, version, sequence_id) VALUES (330, 2193, 1, 16);
INSERT INTO current_way_nodes (way_id, node_id, sequence_id) VALUES (330, 2193, 16);
INSERT INTO way_nodes (way_id, node_id, version, sequence_id) VALUES (330, 2191, 1, 17);
INSERT INTO current_way_nodes (way_id, node_id, sequence_id) VALUES (330, 2191, 17);
INSERT INTO way_nodes (way_id, node_id, version, sequence_id) VALUES (330, 2189, 1, 18);
INSERT INTO current_way_nodes (way_id, node_id, sequence_id) VALUES (330, 2189, 18);
INSERT INTO way_nodes (way_id, node_id, version, sequence_id) VALUES (330, 2188, 1, 19);
INSERT INTO current_way_nodes (way_id, node_id, sequence_id) VALUES (330, 2188, 19);
INSERT INTO way_nodes (way_id, node_id, version, sequence_id) VALUES (330, 2187, 1, 20);
INSERT INTO current_way_nodes (way_id, node_id, sequence_id) VALUES (330, 2187, 20);
INSERT INTO way_nodes (way_id, node_id, version, sequence_id) VALUES (330, 2186, 1, 21);
INSERT INTO current_way_nodes (way_id, node_id, sequence_id) VALUES (330, 2186, 21);
INSERT INTO way_nodes (way_id, node_id, version, sequence_id) VALUES (330, 2185, 1, 22);
INSERT INTO current_way_nodes (way_id, node_id, sequence_id) VALUES (330, 2185, 22);
INSERT INTO way_nodes (way_id, node_id, version, sequence_id) VALUES (330, 2184, 1, 23);
INSERT INTO current_way_nodes (way_id, node_id, sequence_id) VALUES (330, 2184, 23);
INSERT INTO way_nodes (way_id, node_id, version, sequence_id) VALUES (330, 4694, 1, 24);
INSERT INTO current_way_nodes (way_id, node_id, sequence_id) VALUES (330, 4694, 24);
/* modify way 332*/
INSERT INTO ways (way_id, changeset_id, visible, "timestamp", version) VALUES (332, 3, true, (now() at time zone 'utc'), 2);
UPDATE current_ways SET changeset_id=3, visible=true, "timestamp"=(now() at time zone 'utc'), version=2 WHERE id=332;
DELETE FROM current_way_tags WHERE way_id = 332;
DELETE FROM way_tags WHERE way_id = 332;
INSERT INTO current_way_tags (way_id, k, v) VALUES (332, 'accuracy', '5');
INSERT INTO way_tags (way_id, k, v, version) VALUES (332, 'accuracy', '5', 2);
INSERT INTO current_way_tags (way_id, k, v) VALUES (332, 'hoot:id', '332');
INSERT INTO way_tags (way_id, k, v, version) VALUES (332, 'hoot:id', '332', 2);
INSERT INTO current_way_tags (way_id, k, v) VALUES (332, 'hoot:status', '3');
INSERT INTO way_tags (way_id, k, v, version) VALUES (332, 'hoot:status', '3', 2);
INSERT INTO current_way_tags (way_id, k, v) VALUES (332, 'alt_name', 'E St NW');
INSERT INTO way_tags (way_id, k, v, version) VALUES (332, 'alt_name', 'E St NW', 2);
INSERT INTO current_way_tags (way_id, k, v) VALUES (332, 'name', 'PENNSYLVANIA AVE NW');
INSERT INTO way_tags (way_id, k, v, version) VALUES (332, 'name', 'PENNSYLVANIA AVE NW', 2);
INSERT INTO current_way_tags (way_id, k, v) VALUES (332, 'highway', 'road');
INSERT INTO way_tags (way_id, k, v, version) VALUES (332, 'highway', 'road', 2);
DELETE FROM current_way_nodes WHERE way_id = 332;
DELETE FROM way_nodes WHERE way_id = 332;
INSERT INTO way_nodes (way_id, node_id, version, sequence_id) VALUES (332, 4251, 1, 1);
INSERT INTO current_way_nodes (way_id, node_id, sequence_id) VALUES (332, 4251, 1);
INSERT INTO way_nodes (way_id, node_id, version, sequence_id) VALUES (332, 3560, 1, 2);
INSERT INTO current_way_nodes (way_id, node_id, sequence_id) VALUES (332, 3560, 2);
INSERT INTO way_nodes (way_id, node_id, version, sequence_id) VALUES (332, 3559, 1, 3);
INSERT INTO current_way_nodes (way_id, node_id, sequence_id) VALUES (332, 3559, 3);
INSERT INTO way_nodes (way_id, node_id, version, sequence_id) VALUES (332, 3558, 1, 4);
INSERT INTO current_way_nodes (way_id, node_id, sequence_id) VALUES (332, 3558, 4);
INSERT INTO way_nodes (way_id, node_id, version, sequence_id) VALUES (332, 3557, 1, 5);
INSERT INTO current_way_nodes (way_id, node_id, sequence_id) VALUES (332, 3557, 5);
INSERT INTO way_nodes (way_id, node_id, version, sequence_id) VALUES (332, 1921, 1, 6);
INSERT INTO current_way_nodes (way_id, node_id, sequence_id) VALUES (332, 1921, 6);
/* create way 378*/
INSERT INTO ways (way_id, changeset_id, visible, "timestamp", version) VALUES (378, 3, true, (now() at time zone 'utc'), 1);
INSERT INTO current_ways (id, changeset_id, visible, "timestamp", version) VALUES (378, 3, true, (now() at time zone 'utc'), 1);
INSERT INTO current_way_tags (way_id, k, v) VALUES (378, 'accuracy', '5');
INSERT INTO way_tags (way_id, k, v, version) VALUES (378, 'accuracy', '5', 1);
INSERT INTO current_way_tags (way_id, k, v) VALUES (378, 'hoot:id', '378');
INSERT INTO way_tags (way_id, k, v, version) VALUES (378, 'hoot:id', '378', 1);
INSERT INTO current_way_tags (way_id, k, v) VALUES (378, 'hoot:status', '2');
INSERT INTO way_tags (way_id, k, v, version) VALUES (378, 'hoot:status', '2', 1);
INSERT INTO current_way_tags (way_id, k, v) VALUES (378, 'name', 'Ellipse Rd NW');
INSERT INTO way_tags (way_id, k, v, version) VALUES (378, 'name', 'Ellipse Rd NW', 1);
INSERT INTO current_way_tags (way_id, k, v) VALUES (378, 'highway', 'unclassified');
INSERT INTO way_tags (way_id, k, v, version) VALUES (378, 'highway', 'unclassified', 1);
INSERT INTO way_nodes (way_id, node_id, version, sequence_id) VALUES (378, 4693, 1, 1);
INSERT INTO current_way_nodes (way_id, node_id, sequence_id) VALUES (378, 4693, 1);
INSERT INTO way_nodes (way_id, node_id, version, sequence_id) VALUES (378, 4501, 1, 2);
INSERT INTO current_way_nodes (way_id, node_id, sequence_id) VALUES (378, 4501, 2);
INSERT INTO way_nodes (way_id, node_id, version, sequence_id) VALUES (378, 4502, 1, 3);
INSERT INTO current_way_nodes (way_id, node_id, sequence_id) VALUES (378, 4502, 3);
INSERT INTO way_nodes (way_id, node_id, version, sequence_id) VALUES (378, 4503, 1, 4);
INSERT INTO current_way_nodes (way_id, node_id, sequence_id) VALUES (378, 4503, 4);
INSERT INTO way_nodes (way_id, node_id, version, sequence_id) VALUES (378, 4504, 1, 5);
INSERT INTO current_way_nodes (way_id, node_id, sequence_id) VALUES (378, 4504, 5);
INSERT INTO way_nodes (way_id, node_id, version, sequence_id) VALUES (378, 4505, 1, 6);
INSERT INTO current_way_nodes (way_id, node_id, sequence_id) VALUES (378, 4505, 6);
INSERT INTO way_nodes (way_id, node_id, version, sequence_id) VALUES (378, 4506, 1, 7);
INSERT INTO current_way_nodes (way_id, node_id, sequence_id) VALUES (378, 4506, 7);
INSERT INTO way_nodes (way_id, node_id, version, sequence_id) VALUES (378, 4507, 1, 8);
INSERT INTO current_way_nodes (way_id, node_id, sequence_id) VALUES (378, 4507, 8);
INSERT INTO way_nodes (way_id, node_id, version, sequence_id) VALUES (378, 4508, 1, 9);
INSERT INTO current_way_nodes (way_id, node_id, sequence_id) VALUES (378, 4508, 9);
INSERT INTO way_nodes (way_id, node_id, version, sequence_id) VALUES (378, 4509, 1, 10);
INSERT INTO current_way_nodes (way_id, node_id, sequence_id) VALUES (378, 4509, 10);
INSERT INTO way_nodes (way_id, node_id, version, sequence_id) VALUES (378, 4510, 1, 11);
INSERT INTO current_way_nodes (way_id, node_id, sequence_id) VALUES (378, 4510, 11);
INSERT INTO way_nodes (way_id, node_id, version, sequence_id) VALUES (378, 4511, 1, 12);
INSERT INTO current_way_nodes (way_id, node_id, sequence_id) VALUES (378, 4511, 12);
INSERT INTO way_nodes (way_id, node_id, version, sequence_id) VALUES (378, 4512, 1, 13);
INSERT INTO current_way_nodes (way_id, node_id, sequence_id) VALUES (378, 4512, 13);
INSERT INTO way_nodes (way_id, node_id, version, sequence_id) VALUES (378, 4698, 1, 14);
INSERT INTO current_way_nodes (way_id, node_id, sequence_id) VALUES (378, 4698, 14);
/* create way 386*/
INSERT INTO ways (way_id, changeset_id, visible, "timestamp", version) VALUES (386, 3, true, (now() at time zone 'utc'), 1);
INSERT INTO current_ways (id, changeset_id, visible, "timestamp", version) VALUES (386, 3, true, (now() at time zone 'utc'), 1);
INSERT INTO current_way_tags (way_id, k, v) VALUES (386, 'accuracy', '5');
INSERT INTO way_tags (way_id, k, v, version) VALUES (386, 'accuracy', '5', 1);
INSERT INTO current_way_tags (way_id, k, v) VALUES (386, 'hoot:id', '386');
INSERT INTO way_tags (way_id, k, v, version) VALUES (386, 'hoot:id', '386', 1);
INSERT INTO current_way_tags (way_id, k, v) VALUES (386, 'hoot:status', '2');
INSERT INTO way_tags (way_id, k, v, version) VALUES (386, 'hoot:status', '2', 1);
INSERT INTO current_way_tags (way_id, k, v) VALUES (386, 'name', 'Ellipse Rd NW');
INSERT INTO way_tags (way_id, k, v, version) VALUES (386, 'name', 'Ellipse Rd NW', 1);
INSERT INTO current_way_tags (way_id, k, v) VALUES (386, 'highway', 'unclassified');
INSERT INTO way_tags (way_id, k, v, version) VALUES (386, 'highway', 'unclassified', 1);
INSERT INTO way_nodes (way_id, node_id, version, sequence_id) VALUES (386, 4694, 1, 1);
INSERT INTO current_way_nodes (way_id, node_id, sequence_id) VALUES (386, 4694, 1);
INSERT INTO way_nodes (way_id, node_id, version, sequence_id) VALUES (386, 4373, 1, 2);
INSERT INTO current_way_nodes (way_id, node_id, sequence_id) VALUES (386, 4373, 2);
INSERT INTO way_nodes (way_id, node_id, version, sequence_id) VALUES (386, 4374, 1, 3);
INSERT INTO current_way_nodes (way_id, node_id, sequence_id) VALUES (386, 4374, 3);
INSERT INTO way_nodes (way_id, node_id, version, sequence_id) VALUES (386, 4375, 1, 4);
INSERT INTO current_way_nodes (way_id, node_id, sequence_id) VALUES (386, 4375, 4);
INSERT INTO way_nodes (way_id, node_id, version, sequence_id) VALUES (386, 4376, 1, 5);
INSERT INTO current_way_nodes (way_id, node_id, sequence_id) VALUES (386, 4376, 5);
INSERT INTO way_nodes (way_id, node_id, version, sequence_id) VALUES (386, 4377, 1, 6);
INSERT INTO current_way_nodes (way_id, node_id, sequence_id) VALUES (386, 4377, 6);
INSERT INTO way_nodes (way_id, node_id, version, sequence_id) VALUES (386, 4378, 1, 7);
INSERT INTO current_way_nodes (way_id, node_id, sequence_id) VALUES (386, 4378, 7);
INSERT INTO way_nodes (way_id, node_id, version, sequence_id) VALUES (386, 4379, 1, 8);
INSERT INTO current_way_nodes (way_id, node_id, sequence_id) VALUES (386, 4379, 8);
INSERT INTO way_nodes (way_id, node_id, version, sequence_id) VALUES (386, 4380, 1, 9);
INSERT INTO current_way_nodes (way_id, node_id, sequence_id) VALUES (386, 4380, 9);
INSERT INTO way_nodes (way_id, node_id, version, sequence_id) VALUES (386, 4381, 1, 10);
INSERT INTO current_way_nodes (way_id, node_id, sequence_id) VALUES (386, 4381, 10);
INSERT INTO way_nodes (way_id, node_id, version, sequence_id) VALUES (386, 4701, 1, 11);
INSERT INTO current_way_nodes (way_id, node_id, sequence_id) VALUES (386, 4701, 11);
/* create way 389*/
INSERT INTO ways (way_id, changeset_id, visible, "timestamp", version) VALUES (389, 3, true, (now() at time zone 'utc'), 1);
INSERT INTO current_ways (id, changeset_id, visible, "timestamp", version) VALUES (389, 3, true, (now() at time zone 'utc'), 1);
INSERT INTO current_way_tags (way_id, k, v) VALUES (389, 'accuracy', '5');
INSERT INTO way_tags (way_id, k, v, version) VALUES (389, 'accuracy', '5', 1);
INSERT INTO current_way_tags (way_id, k, v) VALUES (389, 'hoot:id', '389');
INSERT INTO way_tags (way_id, k, v, version) VALUES (389, 'hoot:id', '389', 1);
INSERT INTO current_way_tags (way_id, k, v) VALUES (389, 'hoot:status', '2');
INSERT INTO way_tags (way_id, k, v, version) VALUES (389, 'hoot:status', '2', 1);
INSERT INTO current_way_tags (way_id, k, v) VALUES (389, 'name', 'Ellipse Rd NW');
INSERT INTO way_tags (way_id, k, v, version) VALUES (389, 'name', 'Ellipse Rd NW', 1);
INSERT INTO current_way_tags (way_id, k, v) VALUES (389, 'highway', 'unclassified');
INSERT INTO way_tags (way_id, k, v, version) VALUES (389, 'highway', 'unclassified', 1);
INSERT INTO way_nodes (way_id, node_id, version, sequence_id) VALUES (389, 4696, 1, 1);
INSERT INTO current_way_nodes (way_id, node_id, sequence_id) VALUES (389, 4696, 1);
INSERT INTO way_nodes (way_id, node_id, version, sequence_id) VALUES (389, 4345, 1, 2);
INSERT INTO current_way_nodes (way_id, node_id, sequence_id) VALUES (389, 4345, 2);
INSERT INTO way_nodes (way_id, node_id, version, sequence_id) VALUES (389, 4346, 1, 3);
INSERT INTO current_way_nodes (way_id, node_id, sequence_id) VALUES (389, 4346, 3);
INSERT INTO way_nodes (way_id, node_id, version, sequence_id) VALUES (389, 4347, 1, 4);
INSERT INTO current_way_nodes (way_id, node_id, sequence_id) VALUES (389, 4347, 4);
INSERT INTO way_nodes (way_id, node_id, version, sequence_id) VALUES (389, 4348, 1, 5);
INSERT INTO current_way_nodes (way_id, node_id, sequence_id) VALUES (389, 4348, 5);
INSERT INTO way_nodes (way_id, node_id, version, sequence_id) VALUES (389, 4349, 1, 6);
INSERT INTO current_way_nodes (way_id, node_id, sequence_id) VALUES (389, 4349, 6);
INSERT INTO way_nodes (way_id, node_id, version, sequence_id) VALUES (389, 4350, 1, 7);
INSERT INTO current_way_nodes (way_id, node_id, sequence_id) VALUES (389, 4350, 7);
INSERT INTO way_nodes (way_id, node_id, version, sequence_id) VALUES (389, 4351, 1, 8);
INSERT INTO current_way_nodes (way_id, node_id, sequence_id) VALUES (389, 4351, 8);
INSERT INTO way_nodes (way_id, node_id, version, sequence_id) VALUES (389, 4352, 1, 9);
INSERT INTO current_way_nodes (way_id, node_id, sequence_id) VALUES (389, 4352, 9);
INSERT INTO way_nodes (way_id, node_id, version, sequence_id) VALUES (389, 4353, 1, 10);
INSERT INTO current_way_nodes (way_id, node_id, sequence_id) VALUES (389, 4353, 10);
INSERT INTO way_nodes (way_id, node_id, version, sequence_id) VALUES (389, 4354, 1, 11);
INSERT INTO current_way_nodes (way_id, node_id, sequence_id) VALUES (389, 4354, 11);
INSERT INTO way_nodes (way_id, node_id, version, sequence_id) VALUES (389, 4355, 1, 12);
INSERT INTO current_way_nodes (way_id, node_id, sequence_id) VALUES (389, 4355, 12);
INSERT INTO way_nodes (way_id, node_id, version, sequence_id) VALUES (389, 4356, 1, 13);
INSERT INTO current_way_nodes (way_id, node_id, sequence_id) VALUES (389, 4356, 13);
INSERT INTO way_nodes (way_id, node_id, version, sequence_id) VALUES (389, 4357, 1, 14);
INSERT INTO current_way_nodes (way_id, node_id, sequence_id) VALUES (389, 4357, 14);
INSERT INTO way_nodes (way_id, node_id, version, sequence_id) VALUES (389, 4358, 1, 15);
INSERT INTO current_way_nodes (way_id, node_id, sequence_id) VALUES (389, 4358, 15);
INSERT INTO way_nodes (way_id, node_id, version, sequence_id) VALUES (389, 4359, 1, 16);
INSERT INTO current_way_nodes (way_id, node_id, sequence_id) VALUES (389, 4359, 16);
INSERT INTO way_nodes (way_id, node_id, version, sequence_id) VALUES (389, 4360, 1, 17);
INSERT INTO current_way_nodes (way_id, node_id, sequence_id) VALUES (389, 4360, 17);
INSERT INTO way_nodes (way_id, node_id, version, sequence_id) VALUES (389, 4361, 1, 18);
INSERT INTO current_way_nodes (way_id, node_id, sequence_id) VALUES (389, 4361, 18);
INSERT INTO way_nodes (way_id, node_id, version, sequence_id) VALUES (389, 4695, 1, 19);
INSERT INTO current_way_nodes (way_id, node_id, sequence_id) VALUES (389, 4695, 19);
/* create way 392*/
INSERT INTO ways (way_id, changeset_id, visible, "timestamp", version) VALUES (392, 3, true, (now() at time zone 'utc'), 1);
INSERT INTO current_ways (id, changeset_id, visible, "timestamp", version) VALUES (392, 3, true, (now() at time zone 'utc'), 1);
INSERT INTO current_way_tags (way_id, k, v) VALUES (392, 'accuracy', '5');
INSERT INTO way_tags (way_id, k, v, version) VALUES (392, 'accuracy', '5', 1);
INSERT INTO current_way_tags (way_id, k, v) VALUES (392, 'hoot:id', '392');
INSERT INTO way_tags (way_id, k, v, version) VALUES (392, 'hoot:id', '392', 1);
INSERT INTO current_way_tags (way_id, k, v) VALUES (392, 'hoot:status', '2');
INSERT INTO way_tags (way_id, k, v, version) VALUES (392, 'hoot:status', '2', 1);
INSERT INTO current_way_tags (way_id, k, v) VALUES (392, 'name', 'Ellipse Rd NW');
INSERT INTO way_tags (way_id, k, v, version) VALUES (392, 'name', 'Ellipse Rd NW', 1);
INSERT INTO current_way_tags (way_id, k, v) VALUES (392, 'highway', 'unclassified');
INSERT INTO way_tags (way_id, k, v, version) VALUES (392, 'highway', 'unclassified', 1);
INSERT INTO way_nodes (way_id, node_id, version, sequence_id) VALUES (392, 4697, 1, 1);
INSERT INTO current_way_nodes (way_id, node_id, sequence_id) VALUES (392, 4697, 1);
INSERT INTO way_nodes (way_id, node_id, version, sequence_id) VALUES (392, 4691, 1, 2);
INSERT INTO current_way_nodes (way_id, node_id, sequence_id) VALUES (392, 4691, 2);
/* create way 400*/
INSERT INTO ways (way_id, changeset_id, visible, "timestamp", version) VALUES (400, 3, true, (now() at time zone 'utc'), 1);
INSERT INTO current_ways (id, changeset_id, visible, "timestamp", version) VALUES (400, 3, true, (now() at time zone 'utc'), 1);
INSERT INTO current_way_tags (way_id, k, v) VALUES (400, 'accuracy', '5');
INSERT INTO way_tags (way_id, k, v, version) VALUES (400, 'accuracy', '5', 1);
INSERT INTO current_way_tags (way_id, k, v) VALUES (400, 'hoot:id', '400');
INSERT INTO way_tags (way_id, k, v, version) VALUES (400, 'hoot:id', '400', 1);
INSERT INTO current_way_tags (way_id, k, v) VALUES (400, 'hoot:status', '2');
INSERT INTO way_tags (way_id, k, v, version) VALUES (400, 'hoot:status', '2', 1);
INSERT INTO current_way_tags (way_id, k, v) VALUES (400, 'name', 'E Executive Ave NW');
INSERT INTO way_tags (way_id, k, v, version) VALUES (400, 'name', 'E Executive Ave NW', 1);
INSERT INTO current_way_tags (way_id, k, v) VALUES (400, 'highway', 'unclassified');
INSERT INTO way_tags (way_id, k, v, version) VALUES (400, 'highway', 'unclassified', 1);
INSERT INTO way_nodes (way_id, node_id, version, sequence_id) VALUES (400, 1519, 1, 1);
INSERT INTO current_way_nodes (way_id, node_id, sequence_id) VALUES (400, 1519, 1);
INSERT INTO way_nodes (way_id, node_id, version, sequence_id) VALUES (400, 4616, 1, 2);
INSERT INTO current_way_nodes (way_id, node_id, sequence_id) VALUES (400, 4616, 2);
INSERT INTO way_nodes (way_id, node_id, version, sequence_id) VALUES (400, 4617, 1, 3);
INSERT INTO current_way_nodes (way_id, node_id, sequence_id) VALUES (400, 4617, 3);
INSERT INTO way_nodes (way_id, node_id, version, sequence_id) VALUES (400, 4618, 1, 4);
INSERT INTO current_way_nodes (way_id, node_id, sequence_id) VALUES (400, 4618, 4);
/* create way 401*/
INSERT INTO ways (way_id, changeset_id, visible, "timestamp", version) VALUES (401, 3, true, (now() at time zone 'utc'), 1);
INSERT INTO current_ways (id, changeset_id, visible, "timestamp", version) VALUES (401, 3, true, (now() at time zone 'utc'), 1);
INSERT INTO current_way_tags (way_id, k, v) VALUES (401, 'accuracy', '5');
INSERT INTO way_tags (way_id, k, v, version) VALUES (401, 'accuracy', '5', 1);
INSERT INTO current_way_tags (way_id, k, v) VALUES (401, 'hoot:id', '401');
INSERT INTO way_tags (way_id, k, v, version) VALUES (401, 'hoot:id', '401', 1);
INSERT INTO current_way_tags (way_id, k, v) VALUES (401, 'hoot:status', '3');
INSERT INTO way_tags (way_id, k, v, version) VALUES (401, 'hoot:status', '3', 1);
INSERT INTO current_way_tags (way_id, k, v) VALUES (401, 'alt_name', 'Constitution Ave NW;US Hwy 50');
INSERT INTO way_tags (way_id, k, v, version) VALUES (401, 'alt_name', 'Constitution Ave NW;US Hwy 50', 1);
INSERT INTO current_way_tags (way_id, k, v) VALUES (401, 'name', 'CONSTITUTION AVE NW');
INSERT INTO way_tags (way_id, k, v, version) VALUES (401, 'name', 'CONSTITUTION AVE NW', 1);
INSERT INTO current_way_tags (way_id, k, v) VALUES (401, 'highway', 'road');
INSERT INTO way_tags (way_id, k, v, version) VALUES (401, 'highway', 'road', 1);
INSERT INTO way_nodes (way_id, node_id, version, sequence_id) VALUES (401, 4695, 1, 1);
INSERT INTO current_way_nodes (way_id, node_id, sequence_id) VALUES (401, 4695, 1);
INSERT INTO way_nodes (way_id, node_id, version, sequence_id) VALUES (401, 3263, 1, 2);
INSERT INTO current_way_nodes (way_id, node_id, sequence_id) VALUES (401, 3263, 2);
/* create way 402*/
INSERT INTO ways (way_id, changeset_id, visible, "timestamp", version) VALUES (402, 3, true, (now() at time zone 'utc'), 1);
INSERT INTO current_ways (id, changeset_id, visible, "timestamp", version) VALUES (402, 3, true, (now() at time zone 'utc'), 1);
INSERT INTO current_way_tags (way_id, k, v) VALUES (402, 'accuracy', '5');
INSERT INTO way_tags (way_id, k, v, version) VALUES (402, 'accuracy', '5', 1);
INSERT INTO current_way_tags (way_id, k, v) VALUES (402, 'hoot:id', '402');
INSERT INTO way_tags (way_id, k, v, version) VALUES (402, 'hoot:id', '402', 1);
INSERT INTO current_way_tags (way_id, k, v) VALUES (402, 'hoot:status', '2');
INSERT INTO way_tags (way_id, k, v, version) VALUES (402, 'hoot:status', '2', 1);
INSERT INTO current_way_tags (way_id, k, v) VALUES (402, 'name', 'South Pl NW');
INSERT INTO way_tags (way_id, k, v, version) VALUES (402, 'name', 'South Pl NW', 1);
INSERT INTO current_way_tags (way_id, k, v) VALUES (402, 'foot', 'designated');
INSERT INTO way_tags (way_id, k, v, version) VALUES (402, 'foot', 'designated', 1);
INSERT INTO current_way_tags (way_id, k, v) VALUES (402, 'highway', 'path');
INSERT INTO way_tags (way_id, k, v, version) VALUES (402, 'highway', 'path', 1);
INSERT INTO way_nodes (way_id, node_id, version, sequence_id) VALUES (402, 4692, 1, 1);
INSERT INTO current_way_nodes (way_id, node_id, sequence_id) VALUES (402, 4692, 1);
INSERT INTO way_nodes (way_id, node_id, version, sequence_id) VALUES (402, 4490, 1, 2);
INSERT INTO current_way_nodes (way_id, node_id, sequence_id) VALUES (402, 4490, 2);
INSERT INTO way_nodes (way_id, node_id, version, sequence_id) VALUES (402, 4492, 1, 3);
INSERT INTO current_way_nodes (way_id, node_id, sequence_id) VALUES (402, 4492, 3);
INSERT INTO way_nodes (way_id, node_id, version, sequence_id) VALUES (402, 4494, 1, 4);
INSERT INTO current_way_nodes (way_id, node_id, sequence_id) VALUES (402, 4494, 4);
INSERT INTO way_nodes (way_id, node_id, version, sequence_id) VALUES (402, 4496, 1, 5);
INSERT INTO current_way_nodes (way_id, node_id, sequence_id) VALUES (402, 4496, 5);
INSERT INTO way_nodes (way_id, node_id, version, sequence_id) VALUES (402, 4498, 1, 6);
INSERT INTO current_way_nodes (way_id, node_id, sequence_id) VALUES (402, 4498, 6);
INSERT INTO way_nodes (way_id, node_id, version, sequence_id) VALUES (402, 4699, 1, 7);
INSERT INTO current_way_nodes (way_id, node_id, sequence_id) VALUES (402, 4699, 7);
/* create way 403*/
INSERT INTO ways (way_id, changeset_id, visible, "timestamp", version) VALUES (403, 3, true, (now() at time zone 'utc'), 1);
INSERT INTO current_ways (id, changeset_id, visible, "timestamp", version) VALUES (403, 3, true, (now() at time zone 'utc'), 1);
INSERT INTO current_way_tags (way_id, k, v) VALUES (403, 'accuracy', '5');
INSERT INTO way_tags (way_id, k, v, version) VALUES (403, 'accuracy', '5', 1);
INSERT INTO current_way_tags (way_id, k, v) VALUES (403, 'hoot:id', '403');
INSERT INTO way_tags (way_id, k, v, version) VALUES (403, 'hoot:id', '403', 1);
INSERT INTO current_way_tags (way_id, k, v) VALUES (403, 'hoot:status', '3');
INSERT INTO way_tags (way_id, k, v, version) VALUES (403, 'hoot:status', '3', 1);
INSERT INTO current_way_tags (way_id, k, v) VALUES (403, 'alt_name', 'Ellipse Rd NW');
INSERT INTO way_tags (way_id, k, v, version) VALUES (403, 'alt_name', 'Ellipse Rd NW', 1);
INSERT INTO current_way_tags (way_id, k, v) VALUES (403, 'name', 'ELLIPSE RD NW');
INSERT INTO way_tags (way_id, k, v, version) VALUES (403, 'name', 'ELLIPSE RD NW', 1);
INSERT INTO current_way_tags (way_id, k, v) VALUES (403, 'highway', 'road');
INSERT INTO way_tags (way_id, k, v, version) VALUES (403, 'highway', 'road', 1);
INSERT INTO way_nodes (way_id, node_id, version, sequence_id) VALUES (403, 4696, 1, 1);
INSERT INTO current_way_nodes (way_id, node_id, sequence_id) VALUES (403, 4696, 1);
INSERT INTO way_nodes (way_id, node_id, version, sequence_id) VALUES (403, 3123, 1, 2);
INSERT INTO current_way_nodes (way_id, node_id, sequence_id) VALUES (403, 3123, 2);
INSERT INTO way_nodes (way_id, node_id, version, sequence_id) VALUES (403, 3121, 1, 3);
INSERT INTO current_way_nodes (way_id, node_id, sequence_id) VALUES (403, 3121, 3);
INSERT INTO way_nodes (way_id, node_id, version, sequence_id) VALUES (403, 3119, 1, 4);
INSERT INTO current_way_nodes (way_id, node_id, sequence_id) VALUES (403, 3119, 4);
INSERT INTO way_nodes (way_id, node_id, version, sequence_id) VALUES (403, 3117, 1, 5);
INSERT INTO current_way_nodes (way_id, node_id, sequence_id) VALUES (403, 3117, 5);
INSERT INTO way_nodes (way_id, node_id, version, sequence_id) VALUES (403, 3115, 1, 6);
INSERT INTO current_way_nodes (way_id, node_id, sequence_id) VALUES (403, 3115, 6);
INSERT INTO way_nodes (way_id, node_id, version, sequence_id) VALUES (403, 3113, 1, 7);
INSERT INTO current_way_nodes (way_id, node_id, sequence_id) VALUES (403, 3113, 7);
INSERT INTO way_nodes (way_id, node_id, version, sequence_id) VALUES (403, 3111, 1, 8);
INSERT INTO current_way_nodes (way_id, node_id, sequence_id) VALUES (403, 3111, 8);
INSERT INTO way_nodes (way_id, node_id, version, sequence_id) VALUES (403, 3109, 1, 9);
INSERT INTO current_way_nodes (way_id, node_id, sequence_id) VALUES (403, 3109, 9);
INSERT INTO way_nodes (way_id, node_id, version, sequence_id) VALUES (403, 3107, 1, 10);
INSERT INTO current_way_nodes (way_id, node_id, sequence_id) VALUES (403, 3107, 10);
INSERT INTO way_nodes (way_id, node_id, version, sequence_id) VALUES (403, 3105, 1, 11);
INSERT INTO current_way_nodes (way_id, node_id, sequence_id) VALUES (403, 3105, 11);
INSERT INTO way_nodes (way_id, node_id, version, sequence_id) VALUES (403, 3103, 1, 12);
INSERT INTO current_way_nodes (way_id, node_id, sequence_id) VALUES (403, 3103, 12);
INSERT INTO way_nodes (way_id, node_id, version, sequence_id) VALUES (403, 3101, 1, 13);
INSERT INTO current_way_nodes (way_id, node_id, sequence_id) VALUES (403, 3101, 13);
INSERT INTO way_nodes (way_id, node_id, version, sequence_id) VALUES (403, 3099, 1, 14);
INSERT INTO current_way_nodes (way_id, node_id, sequence_id) VALUES (403, 3099, 14);
INSERT INTO way_nodes (way_id, node_id, version, sequence_id) VALUES (403, 3097, 1, 15);
INSERT INTO current_way_nodes (way_id, node_id, sequence_id) VALUES (403, 3097, 15);
INSERT INTO way_nodes (way_id, node_id, version, sequence_id) VALUES (403, 3095, 1, 16);
INSERT INTO current_way_nodes (way_id, node_id, sequence_id) VALUES (403, 3095, 16);
INSERT INTO way_nodes (way_id, node_id, version, sequence_id) VALUES (403, 3093, 1, 17);
INSERT INTO current_way_nodes (way_id, node_id, sequence_id) VALUES (403, 3093, 17);
INSERT INTO way_nodes (way_id, node_id, version, sequence_id) VALUES (403, 2687, 1, 18);
INSERT INTO current_way_nodes (way_id, node_id, sequence_id) VALUES (403, 2687, 18);
/* create way 404*/
INSERT INTO ways (way_id, changeset_id, visible, "timestamp", version) VALUES (404, 3, true, (now() at time zone 'utc'), 1);
INSERT INTO current_ways (id, changeset_id, visible, "timestamp", version) VALUES (404, 3, true, (now() at time zone 'utc'), 1);
INSERT INTO current_way_tags (way_id, k, v) VALUES (404, 'accuracy', '5');
INSERT INTO way_tags (way_id, k, v, version) VALUES (404, 'accuracy', '5', 1);
INSERT INTO current_way_tags (way_id, k, v) VALUES (404, 'hoot:id', '404');
INSERT INTO way_tags (way_id, k, v, version) VALUES (404, 'hoot:id', '404', 1);
INSERT INTO current_way_tags (way_id, k, v) VALUES (404, 'hoot:status', '3');
INSERT INTO way_tags (way_id, k, v, version) VALUES (404, 'hoot:status', '3', 1);
INSERT INTO current_way_tags (way_id, k, v) VALUES (404, 'alt_name', 'Ellipse Rd NW');
INSERT INTO way_tags (way_id, k, v, version) VALUES (404, 'alt_name', 'Ellipse Rd NW', 1);
INSERT INTO current_way_tags (way_id, k, v) VALUES (404, 'name', 'ELLIPSE RD NW');
INSERT INTO way_tags (way_id, k, v, version) VALUES (404, 'name', 'ELLIPSE RD NW', 1);
INSERT INTO current_way_tags (way_id, k, v) VALUES (404, 'highway', 'road');
INSERT INTO way_tags (way_id, k, v, version) VALUES (404, 'highway', 'road', 1);
INSERT INTO way_nodes (way_id, node_id, version, sequence_id) VALUES (404, 4697, 1, 1);
INSERT INTO current_way_nodes (way_id, node_id, sequence_id) VALUES (404, 4697, 1);
INSERT INTO way_nodes (way_id, node_id, version, sequence_id) VALUES (404, 3163, 1, 2);
INSERT INTO current_way_nodes (way_id, node_id, sequence_id) VALUES (404, 3163, 2);
INSERT INTO way_nodes (way_id, node_id, version, sequence_id) VALUES (404, 3161, 1, 3);
INSERT INTO current_way_nodes (way_id, node_id, sequence_id) VALUES (404, 3161, 3);
INSERT INTO way_nodes (way_id, node_id, version, sequence_id) VALUES (404, 3159, 1, 4);
INSERT INTO current_way_nodes (way_id, node_id, sequence_id) VALUES (404, 3159, 4);
INSERT INTO way_nodes (way_id, node_id, version, sequence_id) VALUES (404, 3157, 1, 5);
INSERT INTO current_way_nodes (way_id, node_id, sequence_id) VALUES (404, 3157, 5);
INSERT INTO way_nodes (way_id, node_id, version, sequence_id) VALUES (404, 3155, 1, 6);
INSERT INTO current_way_nodes (way_id, node_id, sequence_id) VALUES (404, 3155, 6);
INSERT INTO way_nodes (way_id, node_id, version, sequence_id) VALUES (404, 3153, 1, 7);
INSERT INTO current_way_nodes (way_id, node_id, sequence_id) VALUES (404, 3153, 7);
INSERT INTO way_nodes (way_id, node_id, version, sequence_id) VALUES (404, 3151, 1, 8);
INSERT INTO current_way_nodes (way_id, node_id, sequence_id) VALUES (404, 3151, 8);
INSERT INTO way_nodes (way_id, node_id, version, sequence_id) VALUES (404, 3149, 1, 9);
INSERT INTO current_way_nodes (way_id, node_id, sequence_id) VALUES (404, 3149, 9);
INSERT INTO way_nodes (way_id, node_id, version, sequence_id) VALUES (404, 3147, 1, 10);
INSERT INTO current_way_nodes (way_id, node_id, sequence_id) VALUES (404, 3147, 10);
INSERT INTO way_nodes (way_id, node_id, version, sequence_id) VALUES (404, 3145, 1, 11);
INSERT INTO current_way_nodes (way_id, node_id, sequence_id) VALUES (404, 3145, 11);
INSERT INTO way_nodes (way_id, node_id, version, sequence_id) VALUES (404, 3143, 1, 12);
INSERT INTO current_way_nodes (way_id, node_id, sequence_id) VALUES (404, 3143, 12);
INSERT INTO way_nodes (way_id, node_id, version, sequence_id) VALUES (404, 3141, 1, 13);
INSERT INTO current_way_nodes (way_id, node_id, sequence_id) VALUES (404, 3141, 13);
INSERT INTO way_nodes (way_id, node_id, version, sequence_id) VALUES (404, 3139, 1, 14);
INSERT INTO current_way_nodes (way_id, node_id, sequence_id) VALUES (404, 3139, 14);
INSERT INTO way_nodes (way_id, node_id, version, sequence_id) VALUES (404, 3137, 1, 15);
INSERT INTO current_way_nodes (way_id, node_id, sequence_id) VALUES (404, 3137, 15);
INSERT INTO way_nodes (way_id, node_id, version, sequence_id) VALUES (404, 3135, 1, 16);
INSERT INTO current_way_nodes (way_id, node_id, sequence_id) VALUES (404, 3135, 16);
INSERT INTO way_nodes (way_id, node_id, version, sequence_id) VALUES (404, 3133, 1, 17);
INSERT INTO current_way_nodes (way_id, node_id, sequence_id) VALUES (404, 3133, 17);
INSERT INTO way_nodes (way_id, node_id, version, sequence_id) VALUES (404, 3131, 1, 18);
INSERT INTO current_way_nodes (way_id, node_id, sequence_id) VALUES (404, 3131, 18);
INSERT INTO way_nodes (way_id, node_id, version, sequence_id) VALUES (404, 3129, 1, 19);
INSERT INTO current_way_nodes (way_id, node_id, sequence_id) VALUES (404, 3129, 19);
INSERT INTO way_nodes (way_id, node_id, version, sequence_id) VALUES (404, 3127, 1, 20);
INSERT INTO current_way_nodes (way_id, node_id, sequence_id) VALUES (404, 3127, 20);
INSERT INTO way_nodes (way_id, node_id, version, sequence_id) VALUES (404, 3125, 1, 21);
INSERT INTO current_way_nodes (way_id, node_id, sequence_id) VALUES (404, 3125, 21);
INSERT INTO way_nodes (way_id, node_id, version, sequence_id) VALUES (404, 4696, 1, 22);
INSERT INTO current_way_nodes (way_id, node_id, sequence_id) VALUES (404, 4696, 22);
/* create way 405*/
INSERT INTO ways (way_id, changeset_id, visible, "timestamp", version) VALUES (405, 3, true, (now() at time zone 'utc'), 1);
INSERT INTO current_ways (id, changeset_id, visible, "timestamp", version) VALUES (405, 3, true, (now() at time zone 'utc'), 1);
INSERT INTO current_way_tags (way_id, k, v) VALUES (405, 'accuracy', '5');
INSERT INTO way_tags (way_id, k, v, version) VALUES (405, 'accuracy', '5', 1);
INSERT INTO current_way_tags (way_id, k, v) VALUES (405, 'hoot:id', '405');
INSERT INTO way_tags (way_id, k, v, version) VALUES (405, 'hoot:id', '405', 1);
INSERT INTO current_way_tags (way_id, k, v) VALUES (405, 'hoot:status', '2');
INSERT INTO way_tags (way_id, k, v, version) VALUES (405, 'hoot:status', '2', 1);
INSERT INTO current_way_tags (way_id, k, v) VALUES (405, 'name', '17th St NW');
INSERT INTO way_tags (way_id, k, v, version) VALUES (405, 'name', '17th St NW', 1);
INSERT INTO current_way_tags (way_id, k, v) VALUES (405, 'highway', 'unclassified');
INSERT INTO way_tags (way_id, k, v, version) VALUES (405, 'highway', 'unclassified', 1);
INSERT INTO way_nodes (way_id, node_id, version, sequence_id) VALUES (405, 3547, 1, 1);
INSERT INTO current_way_nodes (way_id, node_id, sequence_id) VALUES (405, 3547, 1);
INSERT INTO way_nodes (way_id, node_id, version, sequence_id) VALUES (405, 4623, 1, 2);
INSERT INTO current_way_nodes (way_id, node_id, sequence_id) VALUES (405, 4623, 2);
INSERT INTO way_nodes (way_id, node_id, version, sequence_id) VALUES (405, 4624, 1, 3);
INSERT INTO current_way_nodes (way_id, node_id, sequence_id) VALUES (405, 4624, 3);
INSERT INTO way_nodes (way_id, node_id, version, sequence_id) VALUES (405, 4625, 1, 4);
INSERT INTO current_way_nodes (way_id, node_id, sequence_id) VALUES (405, 4625, 4);
INSERT INTO way_nodes (way_id, node_id, version, sequence_id) VALUES (405, 4626, 1, 5);
INSERT INTO current_way_nodes (way_id, node_id, sequence_id) VALUES (405, 4626, 5);
INSERT INTO way_nodes (way_id, node_id, version, sequence_id) VALUES (405, 4627, 1, 6);
INSERT INTO current_way_nodes (way_id, node_id, sequence_id) VALUES (405, 4627, 6);
INSERT INTO way_nodes (way_id, node_id, version, sequence_id) VALUES (405, 4628, 1, 7);
INSERT INTO current_way_nodes (way_id, node_id, sequence_id) VALUES (405, 4628, 7);
INSERT INTO way_nodes (way_id, node_id, version, sequence_id) VALUES (405, 4629, 1, 8);
INSERT INTO current_way_nodes (way_id, node_id, sequence_id) VALUES (405, 4629, 8);
INSERT INTO way_nodes (way_id, node_id, version, sequence_id) VALUES (405, 4630, 1, 9);
INSERT INTO current_way_nodes (way_id, node_id, sequence_id) VALUES (405, 4630, 9);
INSERT INTO way_nodes (way_id, node_id, version, sequence_id) VALUES (405, 4631, 1, 10);
INSERT INTO current_way_nodes (way_id, node_id, sequence_id) VALUES (405, 4631, 10);
INSERT INTO way_nodes (way_id, node_id, version, sequence_id) VALUES (405, 4632, 1, 11);
INSERT INTO current_way_nodes (way_id, node_id, sequence_id) VALUES (405, 4632, 11);
INSERT INTO way_nodes (way_id, node_id, version, sequence_id) VALUES (405, 4633, 1, 12);
INSERT INTO current_way_nodes (way_id, node_id, sequence_id) VALUES (405, 4633, 12);
INSERT INTO way_nodes (way_id, node_id, version, sequence_id) VALUES (405, 4634, 1, 13);
INSERT INTO current_way_nodes (way_id, node_id, sequence_id) VALUES (405, 4634, 13);
INSERT INTO way_nodes (way_id, node_id, version, sequence_id) VALUES (405, 4635, 1, 14);
INSERT INTO current_way_nodes (way_id, node_id, sequence_id) VALUES (405, 4635, 14);
INSERT INTO way_nodes (way_id, node_id, version, sequence_id) VALUES (405, 4636, 1, 15);
INSERT INTO current_way_nodes (way_id, node_id, sequence_id) VALUES (405, 4636, 15);
INSERT INTO way_nodes (way_id, node_id, version, sequence_id) VALUES (405, 4637, 1, 16);
INSERT INTO current_way_nodes (way_id, node_id, sequence_id) VALUES (405, 4637, 16);
INSERT INTO way_nodes (way_id, node_id, version, sequence_id) VALUES (405, 4638, 1, 17);
INSERT INTO current_way_nodes (way_id, node_id, sequence_id) VALUES (405, 4638, 17);
INSERT INTO way_nodes (way_id, node_id, version, sequence_id) VALUES (405, 4639, 1, 18);
INSERT INTO current_way_nodes (way_id, node_id, sequence_id) VALUES (405, 4639, 18);
INSERT INTO way_nodes (way_id, node_id, version, sequence_id) VALUES (405, 4640, 1, 19);
INSERT INTO current_way_nodes (way_id, node_id, sequence_id) VALUES (405, 4640, 19);
INSERT INTO way_nodes (way_id, node_id, version, sequence_id) VALUES (405, 4641, 1, 20);
INSERT INTO current_way_nodes (way_id, node_id, sequence_id) VALUES (405, 4641, 20);
INSERT INTO way_nodes (way_id, node_id, version, sequence_id) VALUES (405, 4642, 1, 21);
INSERT INTO current_way_nodes (way_id, node_id, sequence_id) VALUES (405, 4642, 21);
INSERT INTO way_nodes (way_id, node_id, version, sequence_id) VALUES (405, 4643, 1, 22);
INSERT INTO current_way_nodes (way_id, node_id, sequence_id) VALUES (405, 4643, 22);
INSERT INTO way_nodes (way_id, node_id, version, sequence_id) VALUES (405, 4644, 1, 23);
INSERT INTO current_way_nodes (way_id, node_id, sequence_id) VALUES (405, 4644, 23);
INSERT INTO way_nodes (way_id, node_id, version, sequence_id) VALUES (405, 4645, 1, 24);
INSERT INTO current_way_nodes (way_id, node_id, sequence_id) VALUES (405, 4645, 24);
INSERT INTO way_nodes (way_id, node_id, version, sequence_id) VALUES (405, 4646, 1, 25);
INSERT INTO current_way_nodes (way_id, node_id, sequence_id) VALUES (405, 4646, 25);
INSERT INTO way_nodes (way_id, node_id, version, sequence_id) VALUES (405, 4647, 1, 26);
INSERT INTO current_way_nodes (way_id, node_id, sequence_id) VALUES (405, 4647, 26);
/* create way 406*/
INSERT INTO ways (way_id, changeset_id, visible, "timestamp", version) VALUES (406, 3, true, (now() at time zone 'utc'), 1);
INSERT INTO current_ways (id, changeset_id, visible, "timestamp", version) VALUES (406, 3, true, (now() at time zone 'utc'), 1);
INSERT INTO current_way_tags (way_id, k, v) VALUES (406, 'accuracy', '5');
INSERT INTO way_tags (way_id, k, v, version) VALUES (406, 'accuracy', '5', 1);
INSERT INTO current_way_tags (way_id, k, v) VALUES (406, 'hoot:id', '406');
INSERT INTO way_tags (way_id, k, v, version) VALUES (406, 'hoot:id', '406', 1);
INSERT INTO current_way_tags (way_id, k, v) VALUES (406, 'hoot:status', '2');
INSERT INTO way_tags (way_id, k, v, version) VALUES (406, 'hoot:status', '2', 1);
INSERT INTO current_way_tags (way_id, k, v) VALUES (406, 'alt_name', 'Constitution Ave NW');
INSERT INTO way_tags (way_id, k, v, version) VALUES (406, 'alt_name', 'Constitution Ave NW', 1);
INSERT INTO current_way_tags (way_id, k, v) VALUES (406, 'name', 'US Hwy 50');
INSERT INTO way_tags (way_id, k, v, version) VALUES (406, 'name', 'US Hwy 50', 1);
INSERT INTO current_way_tags (way_id, k, v) VALUES (406, 'highway', 'secondary');
INSERT INTO way_tags (way_id, k, v, version) VALUES (406, 'highway', 'secondary', 1);
INSERT INTO way_nodes (way_id, node_id, version, sequence_id) VALUES (406, 4591, 1, 1);
INSERT INTO current_way_nodes (way_id, node_id, sequence_id) VALUES (406, 4591, 1);
INSERT INTO way_nodes (way_id, node_id, version, sequence_id) VALUES (406, 4592, 1, 2);
INSERT INTO current_way_nodes (way_id, node_id, sequence_id) VALUES (406, 4592, 2);
INSERT INTO way_nodes (way_id, node_id, version, sequence_id) VALUES (406, 4593, 1, 3);
INSERT INTO current_way_nodes (way_id, node_id, sequence_id) VALUES (406, 4593, 3);
INSERT INTO way_nodes (way_id, node_id, version, sequence_id) VALUES (406, 4594, 1, 4);
INSERT INTO current_way_nodes (way_id, node_id, sequence_id) VALUES (406, 4594, 4);
INSERT INTO way_nodes (way_id, node_id, version, sequence_id) VALUES (406, 4595, 1, 5);
INSERT INTO current_way_nodes (way_id, node_id, sequence_id) VALUES (406, 4595, 5);
INSERT INTO way_nodes (way_id, node_id, version, sequence_id) VALUES (406, 4596, 1, 6);
INSERT INTO current_way_nodes (way_id, node_id, sequence_id) VALUES (406, 4596, 6);
INSERT INTO way_nodes (way_id, node_id, version, sequence_id) VALUES (406, 4597, 1, 7);
INSERT INTO current_way_nodes (way_id, node_id, sequence_id) VALUES (406, 4597, 7);
INSERT INTO way_nodes (way_id, node_id, version, sequence_id) VALUES (406, 4598, 1, 8);
INSERT INTO current_way_nodes (way_id, node_id, sequence_id) VALUES (406, 4598, 8);
INSERT INTO way_nodes (way_id, node_id, version, sequence_id) VALUES (406, 4599, 1, 9);
INSERT INTO current_way_nodes (way_id, node_id, sequence_id) VALUES (406, 4599, 9);
INSERT INTO way_nodes (way_id, node_id, version, sequence_id) VALUES (406, 4600, 1, 10);
INSERT INTO current_way_nodes (way_id, node_id, sequence_id) VALUES (406, 4600, 10);
INSERT INTO way_nodes (way_id, node_id, version, sequence_id) VALUES (406, 3723, 1, 11);
INSERT INTO current_way_nodes (way_id, node_id, sequence_id) VALUES (406, 3723, 11);
/* create way 407*/
INSERT INTO ways (way_id, changeset_id, visible, "timestamp", version) VALUES (407, 3, true, (now() at time zone 'utc'), 1);
INSERT INTO current_ways (id, changeset_id, visible, "timestamp", version) VALUES (407, 3, true, (now() at time zone 'utc'), 1);
INSERT INTO current_way_tags (way_id, k, v) VALUES (407, 'accuracy', '5');
INSERT INTO way_tags (way_id, k, v, version) VALUES (407, 'accuracy', '5', 1);
INSERT INTO current_way_tags (way_id, k, v) VALUES (407, 'hoot:id', '407');
INSERT INTO way_tags (way_id, k, v, version) VALUES (407, 'hoot:id', '407', 1);
INSERT INTO current_way_tags (way_id, k, v) VALUES (407, 'hoot:status', '3');
INSERT INTO way_tags (way_id, k, v, version) VALUES (407, 'hoot:status', '3', 1);
INSERT INTO current_way_tags (way_id, k, v) VALUES (407, 'alt_name', 'E St NW');
INSERT INTO way_tags (way_id, k, v, version) VALUES (407, 'alt_name', 'E St NW', 1);
INSERT INTO current_way_tags (way_id, k, v) VALUES (407, 'name', 'E ST NW');
INSERT INTO way_tags (way_id, k, v, version) VALUES (407, 'name', 'E ST NW', 1);
INSERT INTO current_way_tags (way_id, k, v) VALUES (407, 'highway', 'road');
INSERT INTO way_tags (way_id, k, v, version) VALUES (407, 'highway', 'road', 1);
INSERT INTO way_nodes (way_id, node_id, version, sequence_id) VALUES (407, 4698, 1, 1);
INSERT INTO current_way_nodes (way_id, node_id, sequence_id) VALUES (407, 4698, 1);
INSERT INTO way_nodes (way_id, node_id, version, sequence_id) VALUES (407, 634, 1, 2);
INSERT INTO current_way_nodes (way_id, node_id, sequence_id) VALUES (407, 634, 2);
INSERT INTO way_nodes (way_id, node_id, version, sequence_id) VALUES (407, 632, 1, 3);
INSERT INTO current_way_nodes (way_id, node_id, sequence_id) VALUES (407, 632, 3);
INSERT INTO way_nodes (way_id, node_id, version, sequence_id) VALUES (407, 630, 1, 4);
INSERT INTO current_way_nodes (way_id, node_id, sequence_id) VALUES (407, 630, 4);
INSERT INTO way_nodes (way_id, node_id, version, sequence_id) VALUES (407, 628, 1, 5);
INSERT INTO current_way_nodes (way_id, node_id, sequence_id) VALUES (407, 628, 5);
INSERT INTO way_nodes (way_id, node_id, version, sequence_id) VALUES (407, 626, 1, 6);
INSERT INTO current_way_nodes (way_id, node_id, sequence_id) VALUES (407, 626, 6);
INSERT INTO way_nodes (way_id, node_id, version, sequence_id) VALUES (407, 624, 1, 7);
INSERT INTO current_way_nodes (way_id, node_id, sequence_id) VALUES (407, 624, 7);
INSERT INTO way_nodes (way_id, node_id, version, sequence_id) VALUES (407, 622, 1, 8);
INSERT INTO current_way_nodes (way_id, node_id, sequence_id) VALUES (407, 622, 8);
INSERT INTO way_nodes (way_id, node_id, version, sequence_id) VALUES (407, 620, 1, 9);
INSERT INTO current_way_nodes (way_id, node_id, sequence_id) VALUES (407, 620, 9);
INSERT INTO way_nodes (way_id, node_id, version, sequence_id) VALUES (407, 3628, 1, 10);
INSERT INTO current_way_nodes (way_id, node_id, sequence_id) VALUES (407, 3628, 10);
/* create way 408*/
INSERT INTO ways (way_id, changeset_id, visible, "timestamp", version) VALUES (408, 3, true, (now() at time zone 'utc'), 1);
INSERT INTO current_ways (id, changeset_id, visible, "timestamp", version) VALUES (408, 3, true, (now() at time zone 'utc'), 1);
INSERT INTO current_way_tags (way_id, k, v) VALUES (408, 'accuracy', '5');
INSERT INTO way_tags (way_id, k, v, version) VALUES (408, 'accuracy', '5', 1);
INSERT INTO current_way_tags (way_id, k, v) VALUES (408, 'hoot:id', '408');
INSERT INTO way_tags (way_id, k, v, version) VALUES (408, 'hoot:id', '408', 1);
INSERT INTO current_way_tags (way_id, k, v) VALUES (408, 'hoot:status', '3');
INSERT INTO way_tags (way_id, k, v, version) VALUES (408, 'hoot:status', '3', 1);
INSERT INTO current_way_tags (way_id, k, v) VALUES (408, 'alt_name', 'South Pl NW');
INSERT INTO way_tags (way_id, k, v, version) VALUES (408, 'alt_name', 'South Pl NW', 1);
INSERT INTO current_way_tags (way_id, k, v) VALUES (408, 'name', 'SOUTH EXECUTIVE AVE NW');
INSERT INTO way_tags (way_id, k, v, version) VALUES (408, 'name', 'SOUTH EXECUTIVE AVE NW', 1);
INSERT INTO current_way_tags (way_id, k, v) VALUES (408, 'foot', 'designated');
INSERT INTO way_tags (way_id, k, v, version) VALUES (408, 'foot', 'designated', 1);
INSERT INTO current_way_tags (way_id, k, v) VALUES (408, 'highway', 'road');
INSERT INTO way_tags (way_id, k, v, version) VALUES (408, 'highway', 'road', 1);
INSERT INTO way_nodes (way_id, node_id, version, sequence_id) VALUES (408, 4699, 1, 1);
INSERT INTO current_way_nodes (way_id, node_id, sequence_id) VALUES (408, 4699, 1);
INSERT INTO way_nodes (way_id, node_id, version, sequence_id) VALUES (408, 1490, 1, 2);
INSERT INTO current_way_nodes (way_id, node_id, sequence_id) VALUES (408, 1490, 2);
INSERT INTO way_nodes (way_id, node_id, version, sequence_id) VALUES (408, 1489, 1, 3);
INSERT INTO current_way_nodes (way_id, node_id, sequence_id) VALUES (408, 1489, 3);
INSERT INTO way_nodes (way_id, node_id, version, sequence_id) VALUES (408, 1488, 1, 4);
INSERT INTO current_way_nodes (way_id, node_id, sequence_id) VALUES (408, 1488, 4);
INSERT INTO way_nodes (way_id, node_id, version, sequence_id) VALUES (408, 1487, 1, 5);
INSERT INTO current_way_nodes (way_id, node_id, sequence_id) VALUES (408, 1487, 5);
INSERT INTO way_nodes (way_id, node_id, version, sequence_id) VALUES (408, 1486, 1, 6);
INSERT INTO current_way_nodes (way_id, node_id, sequence_id) VALUES (408, 1486, 6);
/* create way 410*/
INSERT INTO ways (way_id, changeset_id, visible, "timestamp", version) VALUES (410, 3, true, (now() at time zone 'utc'), 1);
INSERT INTO current_ways (id, changeset_id, visible, "timestamp", version) VALUES (410, 3, true, (now() at time zone 'utc'), 1);
INSERT INTO current_way_tags (way_id, k, v) VALUES (410, 'accuracy', '5');
INSERT INTO way_tags (way_id, k, v, version) VALUES (410, 'accuracy', '5', 1);
INSERT INTO current_way_tags (way_id, k, v) VALUES (410, 'hoot:id', '410');
INSERT INTO way_tags (way_id, k, v, version) VALUES (410, 'hoot:id', '410', 1);
INSERT INTO current_way_tags (way_id, k, v) VALUES (410, 'hoot:status', '3');
INSERT INTO way_tags (way_id, k, v, version) VALUES (410, 'hoot:status', '3', 1);
INSERT INTO current_way_tags (way_id, k, v) VALUES (410, 'name', 'SOUTH EXECUTIVE AVE NW');
INSERT INTO way_tags (way_id, k, v, version) VALUES (410, 'name', 'SOUTH EXECUTIVE AVE NW', 1);
INSERT INTO current_way_tags (way_id, k, v) VALUES (410, 'highway', 'road');
INSERT INTO way_tags (way_id, k, v, version) VALUES (410, 'highway', 'road', 1);
INSERT INTO way_nodes (way_id, node_id, version, sequence_id) VALUES (410, 4700, 1, 1);
INSERT INTO current_way_nodes (way_id, node_id, sequence_id) VALUES (410, 4700, 1);
INSERT INTO way_nodes (way_id, node_id, version, sequence_id) VALUES (410, 1513, 1, 2);
INSERT INTO current_way_nodes (way_id, node_id, sequence_id) VALUES (410, 1513, 2);
INSERT INTO way_nodes (way_id, node_id, version, sequence_id) VALUES (410, 1512, 1, 3);
INSERT INTO current_way_nodes (way_id, node_id, sequence_id) VALUES (410, 1512, 3);
INSERT INTO way_nodes (way_id, node_id, version, sequence_id) VALUES (410, 1511, 1, 4);
INSERT INTO current_way_nodes (way_id, node_id, sequence_id) VALUES (410, 1511, 4);
INSERT INTO way_nodes (way_id, node_id, version, sequence_id) VALUES (410, 1510, 1, 5);
INSERT INTO current_way_nodes (way_id, node_id, sequence_id) VALUES (410, 1510, 5);
INSERT INTO way_nodes (way_id, node_id, version, sequence_id) VALUES (410, 1509, 1, 6);
INSERT INTO current_way_nodes (way_id, node_id, sequence_id) VALUES (410, 1509, 6);
INSERT INTO way_nodes (way_id, node_id, version, sequence_id) VALUES (410, 1508, 1, 7);
INSERT INTO current_way_nodes (way_id, node_id, sequence_id) VALUES (410, 1508, 7);
INSERT INTO way_nodes (way_id, node_id, version, sequence_id) VALUES (410, 1507, 1, 8);
INSERT INTO current_way_nodes (way_id, node_id, sequence_id) VALUES (410, 1507, 8);
INSERT INTO way_nodes (way_id, node_id, version, sequence_id) VALUES (410, 1506, 1, 9);
INSERT INTO current_way_nodes (way_id, node_id, sequence_id) VALUES (410, 1506, 9);
INSERT INTO way_nodes (way_id, node_id, version, sequence_id) VALUES (410, 1505, 1, 10);
INSERT INTO current_way_nodes (way_id, node_id, sequence_id) VALUES (410, 1505, 10);
INSERT INTO way_nodes (way_id, node_id, version, sequence_id) VALUES (410, 1504, 1, 11);
INSERT INTO current_way_nodes (way_id, node_id, sequence_id) VALUES (410, 1504, 11);
INSERT INTO way_nodes (way_id, node_id, version, sequence_id) VALUES (410, 1503, 1, 12);
INSERT INTO current_way_nodes (way_id, node_id, sequence_id) VALUES (410, 1503, 12);
INSERT INTO way_nodes (way_id, node_id, version, sequence_id) VALUES (410, 1502, 1, 13);
INSERT INTO current_way_nodes (way_id, node_id, sequence_id) VALUES (410, 1502, 13);
INSERT INTO way_nodes (way_id, node_id, version, sequence_id) VALUES (410, 1501, 1, 14);
INSERT INTO current_way_nodes (way_id, node_id, sequence_id) VALUES (410, 1501, 14);
INSERT INTO way_nodes (way_id, node_id, version, sequence_id) VALUES (410, 1500, 1, 15);
INSERT INTO current_way_nodes (way_id, node_id, sequence_id) VALUES (410, 1500, 15);
INSERT INTO way_nodes (way_id, node_id, version, sequence_id) VALUES (410, 1499, 1, 16);
INSERT INTO current_way_nodes (way_id, node_id, sequence_id) VALUES (410, 1499, 16);
INSERT INTO way_nodes (way_id, node_id, version, sequence_id) VALUES (410, 1498, 1, 17);
INSERT INTO current_way_nodes (way_id, node_id, sequence_id) VALUES (410, 1498, 17);
INSERT INTO way_nodes (way_id, node_id, version, sequence_id) VALUES (410, 1497, 1, 18);
INSERT INTO current_way_nodes (way_id, node_id, sequence_id) VALUES (410, 1497, 18);
INSERT INTO way_nodes (way_id, node_id, version, sequence_id) VALUES (410, 1496, 1, 19);
INSERT INTO current_way_nodes (way_id, node_id, sequence_id) VALUES (410, 1496, 19);
INSERT INTO way_nodes (way_id, node_id, version, sequence_id) VALUES (410, 1495, 1, 20);
INSERT INTO current_way_nodes (way_id, node_id, sequence_id) VALUES (410, 1495, 20);
INSERT INTO way_nodes (way_id, node_id, version, sequence_id) VALUES (410, 1494, 1, 21);
INSERT INTO current_way_nodes (way_id, node_id, sequence_id) VALUES (410, 1494, 21);
INSERT INTO way_nodes (way_id, node_id, version, sequence_id) VALUES (410, 1493, 1, 22);
INSERT INTO current_way_nodes (way_id, node_id, sequence_id) VALUES (410, 1493, 22);
INSERT INTO way_nodes (way_id, node_id, version, sequence_id) VALUES (410, 1492, 1, 23);
INSERT INTO current_way_nodes (way_id, node_id, sequence_id) VALUES (410, 1492, 23);
INSERT INTO way_nodes (way_id, node_id, version, sequence_id) VALUES (410, 1491, 1, 24);
INSERT INTO current_way_nodes (way_id, node_id, sequence_id) VALUES (410, 1491, 24);
INSERT INTO way_nodes (way_id, node_id, version, sequence_id) VALUES (410, 4699, 1, 25);
INSERT INTO current_way_nodes (way_id, node_id, sequence_id) VALUES (410, 4699, 25);
/* create way 413*/
INSERT INTO ways (way_id, changeset_id, visible, "timestamp", version) VALUES (413, 3, true, (now() at time zone 'utc'), 1);
INSERT INTO current_ways (id, changeset_id, visible, "timestamp", version) VALUES (413, 3, true, (now() at time zone 'utc'), 1);
INSERT INTO current_way_tags (way_id, k, v) VALUES (413, 'accuracy', '5');
INSERT INTO way_tags (way_id, k, v, version) VALUES (413, 'accuracy', '5', 1);
INSERT INTO current_way_tags (way_id, k, v) VALUES (413, 'hoot:id', '413');
INSERT INTO way_tags (way_id, k, v, version) VALUES (413, 'hoot:id', '413', 1);
INSERT INTO current_way_tags (way_id, k, v) VALUES (413, 'hoot:status', '3');
INSERT INTO way_tags (way_id, k, v, version) VALUES (413, 'hoot:status', '3', 1);
INSERT INTO current_way_tags (way_id, k, v) VALUES (413, 'alt_name', 'Constitution Ave NW;US Hwy 50');
INSERT INTO way_tags (way_id, k, v, version) VALUES (413, 'alt_name', 'Constitution Ave NW;US Hwy 50', 1);
INSERT INTO current_way_tags (way_id, k, v) VALUES (413, 'name', 'CONSTITUTION AVE NW');
INSERT INTO way_tags (way_id, k, v, version) VALUES (413, 'name', 'CONSTITUTION AVE NW', 1);
INSERT INTO current_way_tags (way_id, k, v) VALUES (413, 'highway', 'road');
INSERT INTO way_tags (way_id, k, v, version) VALUES (413, 'highway', 'road', 1);
INSERT INTO way_nodes (way_id, node_id, version, sequence_id) VALUES (413, 4701, 1, 1);
INSERT INTO current_way_nodes (way_id, node_id, sequence_id) VALUES (413, 4701, 1);
INSERT INTO way_nodes (way_id, node_id, version, sequence_id) VALUES (413, 3741, 1, 2);
INSERT INTO current_way_nodes (way_id, node_id, sequence_id) VALUES (413, 3741, 2);
INSERT INTO way_nodes (way_id, node_id, version, sequence_id) VALUES (413, 3740, 1, 3);
INSERT INTO current_way_nodes (way_id, node_id, sequence_id) VALUES (413, 3740, 3);
INSERT INTO way_nodes (way_id, node_id, version, sequence_id) VALUES (413, 3739, 1, 4);
INSERT INTO current_way_nodes (way_id, node_id, sequence_id) VALUES (413, 3739, 4);
INSERT INTO way_nodes (way_id, node_id, version, sequence_id) VALUES (413, 3738, 1, 5);
INSERT INTO current_way_nodes (way_id, node_id, sequence_id) VALUES (413, 3738, 5);
INSERT INTO way_nodes (way_id, node_id, version, sequence_id) VALUES (413, 3737, 1, 6);
INSERT INTO current_way_nodes (way_id, node_id, sequence_id) VALUES (413, 3737, 6);
INSERT INTO way_nodes (way_id, node_id, version, sequence_id) VALUES (413, 3736, 1, 7);
INSERT INTO current_way_nodes (way_id, node_id, sequence_id) VALUES (413, 3736, 7);
INSERT INTO way_nodes (way_id, node_id, version, sequence_id) VALUES (413, 3735, 1, 8);
INSERT INTO current_way_nodes (way_id, node_id, sequence_id) VALUES (413, 3735, 8);
INSERT INTO way_nodes (way_id, node_id, version, sequence_id) VALUES (413, 2702, 1, 9);
INSERT INTO current_way_nodes (way_id, node_id, sequence_id) VALUES (413, 2702, 9);
/* create way 414*/
INSERT INTO ways (way_id, changeset_id, visible, "timestamp", version) VALUES (414, 3, true, (now() at time zone 'utc'), 1);
INSERT INTO current_ways (id, changeset_id, visible, "timestamp", version) VALUES (414, 3, true, (now() at time zone 'utc'), 1);
INSERT INTO current_way_tags (way_id, k, v) VALUES (414, 'accuracy', '5');
INSERT INTO way_tags (way_id, k, v, version) VALUES (414, 'accuracy', '5', 1);
INSERT INTO current_way_tags (way_id, k, v) VALUES (414, 'hoot:id', '414');
INSERT INTO way_tags (way_id, k, v, version) VALUES (414, 'hoot:id', '414', 1);
INSERT INTO current_way_tags (way_id, k, v) VALUES (414, 'hoot:status', '2');
INSERT INTO way_tags (way_id, k, v, version) VALUES (414, 'hoot:status', '2', 1);
INSERT INTO current_way_tags (way_id, k, v) VALUES (414, 'name', '15th St NW');
INSERT INTO way_tags (way_id, k, v, version) VALUES (414, 'name', '15th St NW', 1);
INSERT INTO current_way_tags (way_id, k, v) VALUES (414, 'highway', 'unclassified');
INSERT INTO way_tags (way_id, k, v, version) VALUES (414, 'highway', 'unclassified', 1);
INSERT INTO way_nodes (way_id, node_id, version, sequence_id) VALUES (414, 209, 1, 1);
INSERT INTO current_way_nodes (way_id, node_id, sequence_id) VALUES (414, 209, 1);
INSERT INTO way_nodes (way_id, node_id, version, sequence_id) VALUES (414, 4551, 1, 2);
INSERT INTO current_way_nodes (way_id, node_id, sequence_id) VALUES (414, 4551, 2);
INSERT INTO way_nodes (way_id, node_id, version, sequence_id) VALUES (414, 4552, 1, 3);
INSERT INTO current_way_nodes (way_id, node_id, sequence_id) VALUES (414, 4552, 3);
INSERT INTO way_nodes (way_id, node_id, version, sequence_id) VALUES (414, 4553, 1, 4);
INSERT INTO current_way_nodes (way_id, node_id, sequence_id) VALUES (414, 4553, 4);
INSERT INTO way_nodes (way_id, node_id, version, sequence_id) VALUES (414, 4554, 1, 5);
INSERT INTO current_way_nodes (way_id, node_id, sequence_id) VALUES (414, 4554, 5);
INSERT INTO way_nodes (way_id, node_id, version, sequence_id) VALUES (414, 4555, 1, 6);
INSERT INTO current_way_nodes (way_id, node_id, sequence_id) VALUES (414, 4555, 6);
INSERT INTO way_nodes (way_id, node_id, version, sequence_id) VALUES (414, 4556, 1, 7);
INSERT INTO current_way_nodes (way_id, node_id, sequence_id) VALUES (414, 4556, 7);
INSERT INTO way_nodes (way_id, node_id, version, sequence_id) VALUES (414, 4557, 1, 8);
INSERT INTO current_way_nodes (way_id, node_id, sequence_id) VALUES (414, 4557, 8);
INSERT INTO way_nodes (way_id, node_id, version, sequence_id) VALUES (414, 4558, 1, 9);
INSERT INTO current_way_nodes (way_id, node_id, sequence_id) VALUES (414, 4558, 9);
INSERT INTO way_nodes (way_id, node_id, version, sequence_id) VALUES (414, 4559, 1, 10);
INSERT INTO current_way_nodes (way_id, node_id, sequence_id) VALUES (414, 4559, 10);
INSERT INTO way_nodes (way_id, node_id, version, sequence_id) VALUES (414, 4560, 1, 11);
INSERT INTO current_way_nodes (way_id, node_id, sequence_id) VALUES (414, 4560, 11);
INSERT INTO way_nodes (way_id, node_id, version, sequence_id) VALUES (414, 4561, 1, 12);
INSERT INTO current_way_nodes (way_id, node_id, sequence_id) VALUES (414, 4561, 12);
INSERT INTO way_nodes (way_id, node_id, version, sequence_id) VALUES (414, 4562, 1, 13);
INSERT INTO current_way_nodes (way_id, node_id, sequence_id) VALUES (414, 4562, 13);
INSERT INTO way_nodes (way_id, node_id, version, sequence_id) VALUES (414, 4563, 1, 14);
INSERT INTO current_way_nodes (way_id, node_id, sequence_id) VALUES (414, 4563, 14);
INSERT INTO way_nodes (way_id, node_id, version, sequence_id) VALUES (414, 4564, 1, 15);
INSERT INTO current_way_nodes (way_id, node_id, sequence_id) VALUES (414, 4564, 15);
INSERT INTO way_nodes (way_id, node_id, version, sequence_id) VALUES (414, 4565, 1, 16);
INSERT INTO current_way_nodes (way_id, node_id, sequence_id) VALUES (414, 4565, 16);
INSERT INTO way_nodes (way_id, node_id, version, sequence_id) VALUES (414, 4566, 1, 17);
INSERT INTO current_way_nodes (way_id, node_id, sequence_id) VALUES (414, 4566, 17);
/* create way 415*/
INSERT INTO ways (way_id, changeset_id, visible, "timestamp", version) VALUES (415, 3, true, (now() at time zone 'utc'), 1);
INSERT INTO current_ways (id, changeset_id, visible, "timestamp", version) VALUES (415, 3, true, (now() at time zone 'utc'), 1);
INSERT INTO current_way_tags (way_id, k, v) VALUES (415, 'accuracy', '5');
INSERT INTO way_tags (way_id, k, v, version) VALUES (415, 'accuracy', '5', 1);
INSERT INTO current_way_tags (way_id, k, v) VALUES (415, 'hoot:id', '415');
INSERT INTO way_tags (way_id, k, v, version) VALUES (415, 'hoot:id', '415', 1);
INSERT INTO current_way_tags (way_id, k, v) VALUES (415, 'hoot:status', '3');
INSERT INTO way_tags (way_id, k, v, version) VALUES (415, 'hoot:status', '3', 1);
INSERT INTO current_way_tags (way_id, k, v) VALUES (415, 'alt_name', 'E St NW');
INSERT INTO way_tags (way_id, k, v, version) VALUES (415, 'alt_name', 'E St NW', 1);
INSERT INTO current_way_tags (way_id, k, v) VALUES (415, 'name', 'E ST NW');
INSERT INTO way_tags (way_id, k, v, version) VALUES (415, 'name', 'E ST NW', 1);
INSERT INTO current_way_tags (way_id, k, v) VALUES (415, 'highway', 'road');
INSERT INTO way_tags (way_id, k, v, version) VALUES (415, 'highway', 'road', 1);
INSERT INTO way_nodes (way_id, node_id, version, sequence_id) VALUES (415, 4691, 1, 1);
INSERT INTO current_way_nodes (way_id, node_id, sequence_id) VALUES (415, 4691, 1);
INSERT INTO way_nodes (way_id, node_id, version, sequence_id) VALUES (415, 600, 1, 2);
INSERT INTO current_way_nodes (way_id, node_id, sequence_id) VALUES (415, 600, 2);
INSERT INTO way_nodes (way_id, node_id, version, sequence_id) VALUES (415, 598, 1, 3);
INSERT INTO current_way_nodes (way_id, node_id, sequence_id) VALUES (415, 598, 3);
INSERT INTO way_nodes (way_id, node_id, version, sequence_id) VALUES (415, 3556, 1, 4);
INSERT INTO current_way_nodes (way_id, node_id, sequence_id) VALUES (415, 3556, 4);
/* create way 416*/
INSERT INTO ways (way_id, changeset_id, visible, "timestamp", version) VALUES (416, 3, true, (now() at time zone 'utc'), 1);
INSERT INTO current_ways (id, changeset_id, visible, "timestamp", version) VALUES (416, 3, true, (now() at time zone 'utc'), 1);
INSERT INTO current_way_tags (way_id, k, v) VALUES (416, 'accuracy', '5');
INSERT INTO way_tags (way_id, k, v, version) VALUES (416, 'accuracy', '5', 1);
INSERT INTO current_way_tags (way_id, k, v) VALUES (416, 'hoot:id', '416');
INSERT INTO way_tags (way_id, k, v, version) VALUES (416, 'hoot:id', '416', 1);
INSERT INTO current_way_tags (way_id, k, v) VALUES (416, 'hoot:status', '3');
INSERT INTO way_tags (way_id, k, v, version) VALUES (416, 'hoot:status', '3', 1);
INSERT INTO current_way_tags (way_id, k, v) VALUES (416, 'alt_name', 'E St NW');
INSERT INTO way_tags (way_id, k, v, version) VALUES (416, 'alt_name', 'E St NW', 1);
INSERT INTO current_way_tags (way_id, k, v) VALUES (416, 'name', 'E ST NW');
INSERT INTO way_tags (way_id, k, v, version) VALUES (416, 'name', 'E ST NW', 1);
INSERT INTO current_way_tags (way_id, k, v) VALUES (416, 'highway', 'road');
INSERT INTO way_tags (way_id, k, v, version) VALUES (416, 'highway', 'road', 1);
INSERT INTO way_nodes (way_id, node_id, version, sequence_id) VALUES (416, 4692, 1, 1);
INSERT INTO current_way_nodes (way_id, node_id, sequence_id) VALUES (416, 4692, 1);
INSERT INTO way_nodes (way_id, node_id, version, sequence_id) VALUES (416, 606, 1, 2);
INSERT INTO current_way_nodes (way_id, node_id, sequence_id) VALUES (416, 606, 2);
INSERT INTO way_nodes (way_id, node_id, version, sequence_id) VALUES (416, 604, 1, 3);
INSERT INTO current_way_nodes (way_id, node_id, sequence_id) VALUES (416, 604, 3);
INSERT INTO way_nodes (way_id, node_id, version, sequence_id) VALUES (416, 602, 1, 4);
INSERT INTO current_way_nodes (way_id, node_id, sequence_id) VALUES (416, 602, 4);
INSERT INTO way_nodes (way_id, node_id, version, sequence_id) VALUES (416, 4691, 1, 5);
INSERT INTO current_way_nodes (way_id, node_id, sequence_id) VALUES (416, 4691, 5);
/* create way 418*/
INSERT INTO ways (way_id, changeset_id, visible, "timestamp", version) VALUES (418, 3, true, (now() at time zone 'utc'), 1);
INSERT INTO current_ways (id, changeset_id, visible, "timestamp", version) VALUES (418, 3, true, (now() at time zone 'utc'), 1);
INSERT INTO current_way_tags (way_id, k, v) VALUES (418, 'accuracy', '5');
INSERT INTO way_tags (way_id, k, v, version) VALUES (418, 'accuracy', '5', 1);
INSERT INTO current_way_tags (way_id, k, v) VALUES (418, 'hoot:id', '418');
INSERT INTO way_tags (way_id, k, v, version) VALUES (418, 'hoot:id', '418', 1);
INSERT INTO current_way_tags (way_id, k, v) VALUES (418, 'hoot:status', '3');
INSERT INTO way_tags (way_id, k, v, version) VALUES (418, 'hoot:status', '3', 1);
INSERT INTO current_way_tags (way_id, k, v) VALUES (418, 'alt_name', 'Ellipse Rd NW');
INSERT INTO way_tags (way_id, k, v, version) VALUES (418, 'alt_name', 'Ellipse Rd NW', 1);
INSERT INTO current_way_tags (way_id, k, v) VALUES (418, 'name', 'ELLIPSE RD NW');
INSERT INTO way_tags (way_id, k, v, version) VALUES (418, 'name', 'ELLIPSE RD NW', 1);
INSERT INTO current_way_tags (way_id, k, v) VALUES (418, 'highway', 'road');
INSERT INTO way_tags (way_id, k, v, version) VALUES (418, 'highway', 'road', 1);
INSERT INTO way_nodes (way_id, node_id, version, sequence_id) VALUES (418, 4693, 1, 1);
INSERT INTO current_way_nodes (way_id, node_id, sequence_id) VALUES (418, 4693, 1);
INSERT INTO way_nodes (way_id, node_id, version, sequence_id) VALUES (418, 2170, 1, 2);
INSERT INTO current_way_nodes (way_id, node_id, sequence_id) VALUES (418, 2170, 2);
INSERT INTO way_nodes (way_id, node_id, version, sequence_id) VALUES (418, 2168, 1, 3);
INSERT INTO current_way_nodes (way_id, node_id, sequence_id) VALUES (418, 2168, 3);
INSERT INTO way_nodes (way_id, node_id, version, sequence_id) VALUES (418, 2166, 1, 4);
INSERT INTO current_way_nodes (way_id, node_id, sequence_id) VALUES (418, 2166, 4);
INSERT INTO way_nodes (way_id, node_id, version, sequence_id) VALUES (418, 2164, 1, 5);
INSERT INTO current_way_nodes (way_id, node_id, sequence_id) VALUES (418, 2164, 5);
INSERT INTO way_nodes (way_id, node_id, version, sequence_id) VALUES (418, 2162, 1, 6);
INSERT INTO current_way_nodes (way_id, node_id, sequence_id) VALUES (418, 2162, 6);
INSERT INTO way_nodes (way_id, node_id, version, sequence_id) VALUES (418, 2160, 1, 7);
INSERT INTO current_way_nodes (way_id, node_id, sequence_id) VALUES (418, 2160, 7);
INSERT INTO way_nodes (way_id, node_id, version, sequence_id) VALUES (418, 2158, 1, 8);
INSERT INTO current_way_nodes (way_id, node_id, sequence_id) VALUES (418, 2158, 8);
INSERT INTO way_nodes (way_id, node_id, version, sequence_id) VALUES (418, 2156, 1, 9);
INSERT INTO current_way_nodes (way_id, node_id, sequence_id) VALUES (418, 2156, 9);
INSERT INTO way_nodes (way_id, node_id, version, sequence_id) VALUES (418, 2154, 1, 10);
INSERT INTO current_way_nodes (way_id, node_id, sequence_id) VALUES (418, 2154, 10);
INSERT INTO way_nodes (way_id, node_id, version, sequence_id) VALUES (418, 2152, 1, 11);
INSERT INTO current_way_nodes (way_id, node_id, sequence_id) VALUES (418, 2152, 11);
INSERT INTO way_nodes (way_id, node_id, version, sequence_id) VALUES (418, 2150, 1, 12);
INSERT INTO current_way_nodes (way_id, node_id, sequence_id) VALUES (418, 2150, 12);
INSERT INTO way_nodes (way_id, node_id, version, sequence_id) VALUES (418, 2148, 1, 13);
INSERT INTO current_way_nodes (way_id, node_id, sequence_id) VALUES (418, 2148, 13);
/* create way 419*/
INSERT INTO ways (way_id, changeset_id, visible, "timestamp", version) VALUES (419, 3, true, (now() at time zone 'utc'), 1);
INSERT INTO current_ways (id, changeset_id, visible, "timestamp", version) VALUES (419, 3, true, (now() at time zone 'utc'), 1);
INSERT INTO current_way_tags (way_id, k, v) VALUES (419, 'accuracy', '5');
INSERT INTO way_tags (way_id, k, v, version) VALUES (419, 'accuracy', '5', 1);
INSERT INTO current_way_tags (way_id, k, v) VALUES (419, 'hoot:id', '419');
INSERT INTO way_tags (way_id, k, v, version) VALUES (419, 'hoot:id', '419', 1);
INSERT INTO current_way_tags (way_id, k, v) VALUES (419, 'hoot:status', '3');
INSERT INTO way_tags (way_id, k, v, version) VALUES (419, 'hoot:status', '3', 1);
INSERT INTO current_way_tags (way_id, k, v) VALUES (419, 'alt_name', 'Ellipse Rd NW');
INSERT INTO way_tags (way_id, k, v, version) VALUES (419, 'alt_name', 'Ellipse Rd NW', 1);
INSERT INTO current_way_tags (way_id, k, v) VALUES (419, 'name', 'ELLIPSE RD NW');
INSERT INTO way_tags (way_id, k, v, version) VALUES (419, 'name', 'ELLIPSE RD NW', 1);
INSERT INTO current_way_tags (way_id, k, v) VALUES (419, 'highway', 'road');
INSERT INTO way_tags (way_id, k, v, version) VALUES (419, 'highway', 'road', 1);
INSERT INTO way_nodes (way_id, node_id, version, sequence_id) VALUES (419, 4694, 1, 1);
INSERT INTO current_way_nodes (way_id, node_id, sequence_id) VALUES (419, 4694, 1);
INSERT INTO way_nodes (way_id, node_id, version, sequence_id) VALUES (419, 2183, 1, 2);
INSERT INTO current_way_nodes (way_id, node_id, sequence_id) VALUES (419, 2183, 2);
INSERT INTO way_nodes (way_id, node_id, version, sequence_id) VALUES (419, 2182, 1, 3);
INSERT INTO current_way_nodes (way_id, node_id, sequence_id) VALUES (419, 2182, 3);
INSERT INTO way_nodes (way_id, node_id, version, sequence_id) VALUES (419, 2181, 1, 4);
INSERT INTO current_way_nodes (way_id, node_id, sequence_id) VALUES (419, 2181, 4);
INSERT INTO way_nodes (way_id, node_id, version, sequence_id) VALUES (419, 2180, 1, 5);
INSERT INTO current_way_nodes (way_id, node_id, sequence_id) VALUES (419, 2180, 5);
INSERT INTO way_nodes (way_id, node_id, version, sequence_id) VALUES (419, 2179, 1, 6);
INSERT INTO current_way_nodes (way_id, node_id, sequence_id) VALUES (419, 2179, 6);
INSERT INTO way_nodes (way_id, node_id, version, sequence_id) VALUES (419, 2178, 1, 7);
INSERT INTO current_way_nodes (way_id, node_id, sequence_id) VALUES (419, 2178, 7);
INSERT INTO way_nodes (way_id, node_id, version, sequence_id) VALUES (419, 2177, 1, 8);
INSERT INTO current_way_nodes (way_id, node_id, sequence_id) VALUES (419, 2177, 8);
INSERT INTO way_nodes (way_id, node_id, version, sequence_id) VALUES (419, 2176, 1, 9);
INSERT INTO current_way_nodes (way_id, node_id, sequence_id) VALUES (419, 2176, 9);
INSERT INTO way_nodes (way_id, node_id, version, sequence_id) VALUES (419, 2175, 1, 10);
INSERT INTO current_way_nodes (way_id, node_id, sequence_id) VALUES (419, 2175, 10);
INSERT INTO way_nodes (way_id, node_id, version, sequence_id) VALUES (419, 2174, 1, 11);
INSERT INTO current_way_nodes (way_id, node_id, sequence_id) VALUES (419, 2174, 11);
INSERT INTO way_nodes (way_id, node_id, version, sequence_id) VALUES (419, 2173, 1, 12);
INSERT INTO current_way_nodes (way_id, node_id, sequence_id) VALUES (419, 2173, 12);
INSERT INTO way_nodes (way_id, node_id, version, sequence_id) VALUES (419, 2172, 1, 13);
INSERT INTO current_way_nodes (way_id, node_id, sequence_id) VALUES (419, 2172, 13);
INSERT INTO way_nodes (way_id, node_id, version, sequence_id) VALUES (419, 4693, 1, 14);
INSERT INTO current_way_nodes (way_id, node_id, sequence_id) VALUES (419, 4693, 14);
UPDATE changesets SET min_lat=388920931, max_lat=389025230, min_lon=-770501589, max_lon=-770336319, num_changes=153 WHERE id=3;
