
SELECT pg_catalog.setval('users_id_seq', 1360);
SELECT pg_catalog.setval('changesets_id_seq', 10000000001);
SELECT pg_catalog.setval('current_nodes_id_seq', 10000000036);
SELECT pg_catalog.setval('current_ways_id_seq', 20000000004);
SELECT pg_catalog.setval('current_relations_id_seq', 30000000000);


COPY users (email, id, pass_crypt, creation_time) FROM stdin;
featuretest@hoot.local	1359		NOW()
\.


COPY changesets (id, user_id, created_at, closed_at, num_changes) FROM stdin;
10000000000	1359	2016-02-08 19:41:19.042	2016-02-08 19:41:19.042	40
\.


COPY current_nodes (id, latitude, longitude, changeset_id, visible, "timestamp", tile, version) FROM stdin;
10000000000	388541670	-1048997069	1410065408	t	2016-02-08 19:41:19.041	1329018926	1
10000000001	388540851	-1049014476	1410065408	t	2016-02-08 19:41:19.041	1329018926	1
10000000002	388542471	-1049010788	1410065408	t	2016-02-08 19:41:19.041	1329018926	1
10000000003	388542599	-1049005795	1410065408	t	2016-02-08 19:41:19.041	1329018926	1
10000000004	388549614	-1048997124	1410065408	t	2016-02-08 19:41:19.041	1329018926	1
10000000005	388545785	-1048997171	1410065408	t	2016-02-08 19:41:19.041	1329018926	1
10000000006	388542618	-1048997171	1410065408	t	2016-02-08 19:41:19.041	1329018926	1
10000000007	388539525	-1048996840	1410065408	t	2016-02-08 19:41:19.041	1329018926	1
10000000008	388536248	-1048996934	1410065408	t	2016-02-08 19:41:19.041	1329018923	1
10000000009	388532583	-1048997542	1410065408	t	2016-02-08 19:41:19.041	1329018923	1
10000000010	388532424	-1048996868	1410065408	t	2016-02-08 19:41:19.041	1329018923	1
10000000011	388533001	-1048994528	1410065408	t	2016-02-08 19:41:19.041	1329018923	1
10000000012	388533470	-1048993671	1410065408	t	2016-02-08 19:41:19.041	1329018923	1
10000000013	388535166	-1048992698	1410065408	t	2016-02-08 19:41:19.041	1329018923	1
10000000014	388535689	-1048990568	1410065408	t	2016-02-08 19:41:19.041	1329019009	1
10000000015	388535508	-1048988321	1410065408	t	2016-02-08 19:41:19.041	1329019009	1
10000000016	388536194	-1048987070	1410065408	t	2016-02-08 19:41:19.041	1329019009	1
10000000017	388537204	-1048987232	1410065408	t	2016-02-08 19:41:19.041	1329019009	1
10000000018	388539585	-1048989155	1410065408	t	2016-02-08 19:41:19.041	1329019012	1
10000000019	388541335	-1048988900	1410065408	t	2016-02-08 19:41:19.041	1329019012	1
10000000020	388541767	-1048987070	1410065408	t	2016-02-08 19:41:19.041	1329019012	1
10000000021	388542327	-1048983109	1410065408	t	2016-02-08 19:41:19.041	1329019012	1
10000000022	388544293	-1048980654	1410065408	t	2016-02-08 19:41:19.041	1329019012	1
10000000023	388546042	-1048977759	1410065408	t	2016-02-08 19:41:19.041	1329019012	1
10000000024	388547197	-1048973219	1410065408	t	2016-02-08 19:41:19.041	1329019012	1
10000000025	388548604	-1048968586	1410065408	t	2016-02-08 19:41:19.041	1329019012	1
10000000026	388549019	-1048964394	1410065408	t	2016-02-08 19:41:19.041	1329019012	1
10000000027	388549073	-1048961823	1410065408	t	2016-02-08 19:41:19.041	1329019012	1
10000000028	388548514	-1049005693	1410065408	t	2016-02-08 19:41:19.041	1329018926	1
10000000029	388549289	-1049005253	1410065408	t	2016-02-08 19:41:19.041	1329018926	1
10000000030	388548207	-1049008079	1410065408	t	2016-02-08 19:41:19.041	1329018926	1
10000000031	388543319	-1049017876	1410065408	t	2016-02-08 19:41:19.041	1329018926	1
10000000032	388541298	-1049023065	1410065408	t	2016-02-08 19:41:19.041	1329018926	1
10000000033	388540541	-1049024316	1410065408	t	2016-02-08 19:41:19.042	1329018926	1
10000000034	388549524	-1048987388	1410065408	t	2016-02-08 19:41:19.042	1329019012	1
10000000035	388549321	-1048979050	1410065408	t	2016-02-08 19:41:19.042	1329019012	1
\.


COPY current_node_tags (node_id, k, v) FROM stdin;
\.


COPY nodes (node_id, latitude, longitude, changeset_id, visible, "timestamp", tile, version, redaction_id) FROM stdin;
10000000000	388541670	-1048997069	1410065408	t	2016-02-08 19:41:19.041	1329018926	1	\N
10000000001	388540851	-1049014476	1410065408	t	2016-02-08 19:41:19.041	1329018926	1	\N
10000000002	388542471	-1049010788	1410065408	t	2016-02-08 19:41:19.041	1329018926	1	\N
10000000003	388542599	-1049005795	1410065408	t	2016-02-08 19:41:19.041	1329018926	1	\N
10000000004	388549614	-1048997124	1410065408	t	2016-02-08 19:41:19.041	1329018926	1	\N
10000000005	388545785	-1048997171	1410065408	t	2016-02-08 19:41:19.041	1329018926	1	\N
10000000006	388542618	-1048997171	1410065408	t	2016-02-08 19:41:19.041	1329018926	1	\N
10000000007	388539525	-1048996840	1410065408	t	2016-02-08 19:41:19.041	1329018926	1	\N
10000000008	388536248	-1048996934	1410065408	t	2016-02-08 19:41:19.041	1329018923	1	\N
10000000009	388532583	-1048997542	1410065408	t	2016-02-08 19:41:19.041	1329018923	1	\N
10000000010	388532424	-1048996868	1410065408	t	2016-02-08 19:41:19.041	1329018923	1	\N
10000000011	388533001	-1048994528	1410065408	t	2016-02-08 19:41:19.041	1329018923	1	\N
10000000012	388533470	-1048993671	1410065408	t	2016-02-08 19:41:19.041	1329018923	1	\N
10000000013	388535166	-1048992698	1410065408	t	2016-02-08 19:41:19.041	1329018923	1	\N
10000000014	388535689	-1048990568	1410065408	t	2016-02-08 19:41:19.041	1329019009	1	\N
10000000015	388535508	-1048988321	1410065408	t	2016-02-08 19:41:19.041	1329019009	1	\N
10000000016	388536194	-1048987070	1410065408	t	2016-02-08 19:41:19.041	1329019009	1	\N
10000000017	388537204	-1048987232	1410065408	t	2016-02-08 19:41:19.041	1329019009	1	\N
10000000018	388539585	-1048989155	1410065408	t	2016-02-08 19:41:19.041	1329019012	1	\N
10000000019	388541335	-1048988900	1410065408	t	2016-02-08 19:41:19.041	1329019012	1	\N
10000000020	388541767	-1048987070	1410065408	t	2016-02-08 19:41:19.041	1329019012	1	\N
10000000021	388542327	-1048983109	1410065408	t	2016-02-08 19:41:19.041	1329019012	1	\N
10000000022	388544293	-1048980654	1410065408	t	2016-02-08 19:41:19.041	1329019012	1	\N
10000000023	388546042	-1048977759	1410065408	t	2016-02-08 19:41:19.041	1329019012	1	\N
10000000024	388547197	-1048973219	1410065408	t	2016-02-08 19:41:19.041	1329019012	1	\N
10000000025	388548604	-1048968586	1410065408	t	2016-02-08 19:41:19.041	1329019012	1	\N
10000000026	388549019	-1048964394	1410065408	t	2016-02-08 19:41:19.041	1329019012	1	\N
10000000027	388549073	-1048961823	1410065408	t	2016-02-08 19:41:19.041	1329019012	1	\N
10000000028	388548514	-1049005693	1410065408	t	2016-02-08 19:41:19.041	1329018926	1	\N
10000000029	388549289	-1049005253	1410065408	t	2016-02-08 19:41:19.041	1329018926	1	\N
10000000030	388548207	-1049008079	1410065408	t	2016-02-08 19:41:19.041	1329018926	1	\N
10000000031	388543319	-1049017876	1410065408	t	2016-02-08 19:41:19.041	1329018926	1	\N
10000000032	388541298	-1049023065	1410065408	t	2016-02-08 19:41:19.041	1329018926	1	\N
10000000033	388540541	-1049024316	1410065408	t	2016-02-08 19:41:19.042	1329018926	1	\N
10000000034	388549524	-1048987388	1410065408	t	2016-02-08 19:41:19.042	1329019012	1	\N
10000000035	388549321	-1048979050	1410065408	t	2016-02-08 19:41:19.042	1329019012	1	\N
\.


COPY node_tags (node_id, version, k, v) FROM stdin;
\.


COPY current_ways (id, changeset_id, "timestamp", visible, version) FROM stdin;
20000000000	1410065408	2016-02-08 19:41:19.042	t	1
20000000001	1410065408	2016-02-08 19:41:19.042	t	1
20000000002	1410065408	2016-02-08 19:41:19.042	t	1
20000000003	1410065408	2016-02-08 19:41:19.042	t	1
\.


COPY current_way_nodes (way_id, node_id, sequence_id) FROM stdin;
20000000000	10000000001	1
20000000000	10000000002	2
20000000000	10000000003	3
20000000000	10000000006	4
20000000001	10000000033	1
20000000001	10000000032	2
20000000001	10000000031	3
20000000001	10000000030	4
20000000001	10000000029	5
20000000001	10000000004	6
20000000001	10000000005	7
20000000001	10000000006	8
20000000001	10000000000	9
20000000001	10000000007	10
20000000001	10000000008	11
20000000001	10000000009	12
20000000001	10000000010	13
20000000001	10000000011	14
20000000001	10000000012	15
20000000001	10000000013	16
20000000001	10000000014	17
20000000001	10000000015	18
20000000001	10000000016	19
20000000001	10000000017	20
20000000001	10000000018	21
20000000001	10000000019	22
20000000001	10000000020	23
20000000001	10000000021	24
20000000001	10000000022	25
20000000001	10000000023	26
20000000001	10000000024	27
20000000001	10000000025	28
20000000001	10000000026	29
20000000001	10000000027	30
20000000002	10000000003	1
20000000002	10000000028	2
20000000002	10000000029	3
20000000003	10000000004	1
20000000003	10000000034	2
20000000003	10000000035	3
\.


COPY current_way_tags (way_id, k, v) FROM stdin;
20000000000	note	2
20000000000	highway	road
20000000001	note	0
20000000001	highway	road
20000000002	note	3
20000000002	highway	road
20000000003	note	1
20000000003	highway	road
\.


COPY ways (way_id, changeset_id, "timestamp", version, visible, redaction_id) FROM stdin;
20000000000	1410065408	2016-02-08 19:41:19.042	1	t	\N
20000000001	1410065408	2016-02-08 19:41:19.042	1	t	\N
20000000002	1410065408	2016-02-08 19:41:19.042	1	t	\N
20000000003	1410065408	2016-02-08 19:41:19.042	1	t	\N
\.


COPY way_nodes (way_id, node_id, version, sequence_id) FROM stdin;
20000000000	10000000001	1	1
20000000000	10000000002	1	2
20000000000	10000000003	1	3
20000000000	10000000006	1	4
20000000001	10000000033	1	1
20000000001	10000000032	1	2
20000000001	10000000031	1	3
20000000001	10000000030	1	4
20000000001	10000000029	1	5
20000000001	10000000004	1	6
20000000001	10000000005	1	7
20000000001	10000000006	1	8
20000000001	10000000000	1	9
20000000001	10000000007	1	10
20000000001	10000000008	1	11
20000000001	10000000009	1	12
20000000001	10000000010	1	13
20000000001	10000000011	1	14
20000000001	10000000012	1	15
20000000001	10000000013	1	16
20000000001	10000000014	1	17
20000000001	10000000015	1	18
20000000001	10000000016	1	19
20000000001	10000000017	1	20
20000000001	10000000018	1	21
20000000001	10000000019	1	22
20000000001	10000000020	1	23
20000000001	10000000021	1	24
20000000001	10000000022	1	25
20000000001	10000000023	1	26
20000000001	10000000024	1	27
20000000001	10000000025	1	28
20000000001	10000000026	1	29
20000000001	10000000027	1	30
20000000002	10000000003	1	1
20000000002	10000000028	1	2
20000000002	10000000029	1	3
20000000003	10000000004	1	1
20000000003	10000000034	1	2
20000000003	10000000035	1	3
\.


COPY way_tags (way_id, version, k, v) FROM stdin;
20000000000	1	note	2
20000000000	1	highway	road
20000000001	1	note	0
20000000001	1	highway	road
20000000002	1	note	3
20000000002	1	highway	road
20000000003	1	note	1
20000000003	1	highway	road
\.


