INSERT INTO changesets (id, user_id, created_at, closed_at) VALUES (3, 1, (now() at time zone 'utc'), (now() at time zone 'utc'));
INSERT INTO changeset_tags (changeset_id, k, v) VALUES (3, 'written_by', 'Hootenanny');
/* create node 45*/
INSERT INTO nodes (node_id, latitude, longitude, changeset_id, visible, "timestamp", tile, version) VALUES (45, 311801012, 340526027, 3, true, (now() at time zone 'utc'), 3335527272, 1);
INSERT INTO current_nodes (id, latitude, longitude, changeset_id, visible, "timestamp", tile, version) VALUES (45, 311801012, 340526027, 3, true, (now() at time zone 'utc'), 3335527272, 1);
INSERT INTO current_node_tags (node_id, k, v) VALUES (45, 'hoot:id', '45');
INSERT INTO node_tags (node_id, k, v, version) VALUES (45, 'hoot:id', '45', 1);
INSERT INTO current_node_tags (node_id, k, v) VALUES (45, 'hoot:status', '2');
INSERT INTO node_tags (node_id, k, v, version) VALUES (45, 'hoot:status', '2', 1);
/* create node 50*/
INSERT INTO nodes (node_id, latitude, longitude, changeset_id, visible, "timestamp", tile, version) VALUES (50, 311821476, 340507316, 3, true, (now() at time zone 'utc'), 3335527272, 1);
INSERT INTO current_nodes (id, latitude, longitude, changeset_id, visible, "timestamp", tile, version) VALUES (50, 311821476, 340507316, 3, true, (now() at time zone 'utc'), 3335527272, 1);
INSERT INTO current_node_tags (node_id, k, v) VALUES (50, 'hoot:id', '50');
INSERT INTO node_tags (node_id, k, v, version) VALUES (50, 'hoot:id', '50', 1);
INSERT INTO current_node_tags (node_id, k, v) VALUES (50, 'hoot:status', '2');
INSERT INTO node_tags (node_id, k, v, version) VALUES (50, 'hoot:status', '2', 1);
/* create node 51*/
INSERT INTO nodes (node_id, latitude, longitude, changeset_id, visible, "timestamp", tile, version) VALUES (51, 311832952, 340565418, 3, true, (now() at time zone 'utc'), 3335527275, 1);
INSERT INTO current_nodes (id, latitude, longitude, changeset_id, visible, "timestamp", tile, version) VALUES (51, 311832952, 340565418, 3, true, (now() at time zone 'utc'), 3335527275, 1);
INSERT INTO current_node_tags (node_id, k, v) VALUES (51, 'hoot:id', '51');
INSERT INTO node_tags (node_id, k, v, version) VALUES (51, 'hoot:id', '51', 1);
INSERT INTO current_node_tags (node_id, k, v) VALUES (51, 'hoot:status', '2');
INSERT INTO node_tags (node_id, k, v, version) VALUES (51, 'hoot:status', '2', 1);
/* create node 52*/
INSERT INTO nodes (node_id, latitude, longitude, changeset_id, visible, "timestamp", tile, version) VALUES (52, 311816708, 340482519, 3, true, (now() at time zone 'utc'), 3335527272, 1);
INSERT INTO current_nodes (id, latitude, longitude, changeset_id, visible, "timestamp", tile, version) VALUES (52, 311816708, 340482519, 3, true, (now() at time zone 'utc'), 3335527272, 1);
INSERT INTO current_node_tags (node_id, k, v) VALUES (52, 'hoot:id', '52');
INSERT INTO node_tags (node_id, k, v, version) VALUES (52, 'hoot:id', '52', 1);
INSERT INTO current_node_tags (node_id, k, v) VALUES (52, 'hoot:status', '2');
INSERT INTO node_tags (node_id, k, v, version) VALUES (52, 'hoot:status', '2', 1);
/* create node 53*/
INSERT INTO nodes (node_id, latitude, longitude, changeset_id, visible, "timestamp", tile, version) VALUES (53, 311815647, 340472592, 3, true, (now() at time zone 'utc'), 3335527272, 1);
INSERT INTO current_nodes (id, latitude, longitude, changeset_id, visible, "timestamp", tile, version) VALUES (53, 311815647, 340472592, 3, true, (now() at time zone 'utc'), 3335527272, 1);
INSERT INTO current_node_tags (node_id, k, v) VALUES (53, 'hoot:id', '53');
INSERT INTO node_tags (node_id, k, v, version) VALUES (53, 'hoot:id', '53', 1);
INSERT INTO current_node_tags (node_id, k, v) VALUES (53, 'hoot:status', '2');
INSERT INTO node_tags (node_id, k, v, version) VALUES (53, 'hoot:status', '2', 1);
/* create node 55*/
INSERT INTO nodes (node_id, latitude, longitude, changeset_id, visible, "timestamp", tile, version) VALUES (55, 311806942, 340508435, 3, true, (now() at time zone 'utc'), 3335527272, 1);
INSERT INTO current_nodes (id, latitude, longitude, changeset_id, visible, "timestamp", tile, version) VALUES (55, 311806942, 340508435, 3, true, (now() at time zone 'utc'), 3335527272, 1);
INSERT INTO current_node_tags (node_id, k, v) VALUES (55, 'hoot:id', '55');
INSERT INTO node_tags (node_id, k, v, version) VALUES (55, 'hoot:id', '55', 1);
INSERT INTO current_node_tags (node_id, k, v) VALUES (55, 'hoot:status', '1');
INSERT INTO node_tags (node_id, k, v, version) VALUES (55, 'hoot:status', '1', 1);
/* create node 56*/
INSERT INTO nodes (node_id, latitude, longitude, changeset_id, visible, "timestamp", tile, version) VALUES (56, 311798582, 340563643, 3, true, (now() at time zone 'utc'), 3335527274, 1);
INSERT INTO current_nodes (id, latitude, longitude, changeset_id, visible, "timestamp", tile, version) VALUES (56, 311798582, 340563643, 3, true, (now() at time zone 'utc'), 3335527274, 1);
INSERT INTO current_node_tags (node_id, k, v) VALUES (56, 'hoot:id', '56');
INSERT INTO node_tags (node_id, k, v, version) VALUES (56, 'hoot:id', '56', 1);
INSERT INTO current_node_tags (node_id, k, v) VALUES (56, 'hoot:status', '1');
INSERT INTO node_tags (node_id, k, v, version) VALUES (56, 'hoot:status', '1', 1);
/* create node 57*/
INSERT INTO nodes (node_id, latitude, longitude, changeset_id, visible, "timestamp", tile, version) VALUES (57, 311798141, 340513880, 3, true, (now() at time zone 'utc'), 3335527272, 1);
INSERT INTO current_nodes (id, latitude, longitude, changeset_id, visible, "timestamp", tile, version) VALUES (57, 311798141, 340513880, 3, true, (now() at time zone 'utc'), 3335527272, 1);
INSERT INTO current_node_tags (node_id, k, v) VALUES (57, 'hoot:id', '57');
INSERT INTO node_tags (node_id, k, v, version) VALUES (57, 'hoot:id', '57', 1);
INSERT INTO current_node_tags (node_id, k, v) VALUES (57, 'hoot:status', '1');
INSERT INTO node_tags (node_id, k, v, version) VALUES (57, 'hoot:status', '1', 1);
/* create node 58*/
INSERT INTO nodes (node_id, latitude, longitude, changeset_id, visible, "timestamp", tile, version) VALUES (58, 311790644, 340528071, 3, true, (now() at time zone 'utc'), 3335527231, 1);
INSERT INTO current_nodes (id, latitude, longitude, changeset_id, visible, "timestamp", tile, version) VALUES (58, 311790644, 340528071, 3, true, (now() at time zone 'utc'), 3335527231, 1);
INSERT INTO current_node_tags (node_id, k, v) VALUES (58, 'hoot:id', '58');
INSERT INTO node_tags (node_id, k, v, version) VALUES (58, 'hoot:id', '58', 1);
INSERT INTO current_node_tags (node_id, k, v) VALUES (58, 'hoot:status', '1');
INSERT INTO node_tags (node_id, k, v, version) VALUES (58, 'hoot:status', '1', 1);
/* create node 59*/
INSERT INTO nodes (node_id, latitude, longitude, changeset_id, visible, "timestamp", tile, version) VALUES (59, 311800186, 340525847, 3, true, (now() at time zone 'utc'), 3335527272, 1);
INSERT INTO current_nodes (id, latitude, longitude, changeset_id, visible, "timestamp", tile, version) VALUES (59, 311800186, 340525847, 3, true, (now() at time zone 'utc'), 3335527272, 1);
INSERT INTO current_node_tags (node_id, k, v) VALUES (59, 'hoot:id', '59');
INSERT INTO node_tags (node_id, k, v, version) VALUES (59, 'hoot:id', '59', 1);
INSERT INTO current_node_tags (node_id, k, v) VALUES (59, 'hoot:status', '1');
INSERT INTO node_tags (node_id, k, v, version) VALUES (59, 'hoot:status', '1', 1);
/* modify way 2*/
INSERT INTO ways (way_id, changeset_id, visible, "timestamp", version) VALUES (2, 3, true, (now() at time zone 'utc'), 2);
UPDATE current_ways SET changeset_id=3, visible=true, "timestamp"=(now() at time zone 'utc'), version=2 WHERE id=2;
DELETE FROM current_way_tags WHERE way_id = 2;
DELETE FROM way_tags WHERE way_id = 2;
INSERT INTO current_way_tags (way_id, k, v) VALUES (2, 'hoot:id', '2');
INSERT INTO way_tags (way_id, k, v, version) VALUES (2, 'hoot:id', '2', 2);
INSERT INTO current_way_tags (way_id, k, v) VALUES (2, 'hoot:status', '3');
INSERT INTO way_tags (way_id, k, v, version) VALUES (2, 'hoot:status', '3', 2);
INSERT INTO current_way_tags (way_id, k, v) VALUES (2, 'source', 'Bing');
INSERT INTO way_tags (way_id, k, v, version) VALUES (2, 'source', 'Bing', 2);
INSERT INTO current_way_tags (way_id, k, v) VALUES (2, 'highway', 'unclassified');
INSERT INTO way_tags (way_id, k, v, version) VALUES (2, 'highway', 'unclassified', 2);
INSERT INTO current_way_tags (way_id, k, v) VALUES (2, 'source:datetime', '2016-08-06T20:08:03Z');
INSERT INTO way_tags (way_id, k, v, version) VALUES (2, 'source:datetime', '2016-08-06T20:08:03Z', 2);
DELETE FROM current_way_nodes WHERE way_id = 2;
DELETE FROM way_nodes WHERE way_id = 2;
INSERT INTO way_nodes (way_id, node_id, version, sequence_id) VALUES (2, 3, 1, 1);
INSERT INTO current_way_nodes (way_id, node_id, sequence_id) VALUES (2, 3, 1);
INSERT INTO way_nodes (way_id, node_id, version, sequence_id) VALUES (2, 56, 1, 2);
INSERT INTO current_way_nodes (way_id, node_id, sequence_id) VALUES (2, 56, 2);
/* modify way 9*/
INSERT INTO ways (way_id, changeset_id, visible, "timestamp", version) VALUES (9, 3, true, (now() at time zone 'utc'), 2);
UPDATE current_ways SET changeset_id=3, visible=true, "timestamp"=(now() at time zone 'utc'), version=2 WHERE id=9;
DELETE FROM current_way_tags WHERE way_id = 9;
DELETE FROM way_tags WHERE way_id = 9;
INSERT INTO current_way_tags (way_id, k, v) VALUES (9, 'hoot:id', '9');
INSERT INTO way_tags (way_id, k, v, version) VALUES (9, 'hoot:id', '9', 2);
INSERT INTO current_way_tags (way_id, k, v) VALUES (9, 'hoot:status', '3');
INSERT INTO way_tags (way_id, k, v, version) VALUES (9, 'hoot:status', '3', 2);
INSERT INTO current_way_tags (way_id, k, v) VALUES (9, 'source', 'digitalglobe');
INSERT INTO way_tags (way_id, k, v, version) VALUES (9, 'source', 'digitalglobe', 2);
INSERT INTO current_way_tags (way_id, k, v) VALUES (9, 'highway', 'residential');
INSERT INTO way_tags (way_id, k, v, version) VALUES (9, 'highway', 'residential', 2);
INSERT INTO current_way_tags (way_id, k, v) VALUES (9, 'source:datetime', '2016-05-02T23:46:04Z');
INSERT INTO way_tags (way_id, k, v, version) VALUES (9, 'source:datetime', '2016-05-02T23:46:04Z', 2);
DELETE FROM current_way_nodes WHERE way_id = 9;
DELETE FROM way_nodes WHERE way_id = 9;
INSERT INTO way_nodes (way_id, node_id, version, sequence_id) VALUES (9, 35, 1, 1);
INSERT INTO current_way_nodes (way_id, node_id, sequence_id) VALUES (9, 35, 1);
INSERT INTO way_nodes (way_id, node_id, version, sequence_id) VALUES (9, 55, 1, 2);
INSERT INTO current_way_nodes (way_id, node_id, sequence_id) VALUES (9, 55, 2);
INSERT INTO way_nodes (way_id, node_id, version, sequence_id) VALUES (9, 20, 1, 3);
INSERT INTO current_way_nodes (way_id, node_id, sequence_id) VALUES (9, 20, 3);
INSERT INTO way_nodes (way_id, node_id, version, sequence_id) VALUES (9, 21, 1, 4);
INSERT INTO current_way_nodes (way_id, node_id, sequence_id) VALUES (9, 21, 4);
/* modify way 18*/
INSERT INTO ways (way_id, changeset_id, visible, "timestamp", version) VALUES (18, 3, true, (now() at time zone 'utc'), 2);
UPDATE current_ways SET changeset_id=3, visible=true, "timestamp"=(now() at time zone 'utc'), version=2 WHERE id=18;
DELETE FROM current_way_tags WHERE way_id = 18;
DELETE FROM way_tags WHERE way_id = 18;
INSERT INTO current_way_tags (way_id, k, v) VALUES (18, 'hoot:id', '18');
INSERT INTO way_tags (way_id, k, v, version) VALUES (18, 'hoot:id', '18', 2);
INSERT INTO current_way_tags (way_id, k, v) VALUES (18, 'hoot:status', '3');
INSERT INTO way_tags (way_id, k, v, version) VALUES (18, 'hoot:status', '3', 2);
INSERT INTO current_way_tags (way_id, k, v) VALUES (18, 'source', 'digitalglobe');
INSERT INTO way_tags (way_id, k, v, version) VALUES (18, 'source', 'digitalglobe', 2);
INSERT INTO current_way_tags (way_id, k, v) VALUES (18, 'highway', 'residential');
INSERT INTO way_tags (way_id, k, v, version) VALUES (18, 'highway', 'residential', 2);
INSERT INTO current_way_tags (way_id, k, v) VALUES (18, 'source:datetime', '2016-05-02T23:46:09Z');
INSERT INTO way_tags (way_id, k, v, version) VALUES (18, 'source:datetime', '2016-05-02T23:46:09Z', 2);
DELETE FROM current_way_nodes WHERE way_id = 18;
DELETE FROM way_nodes WHERE way_id = 18;
INSERT INTO way_nodes (way_id, node_id, version, sequence_id) VALUES (18, 57, 1, 1);
INSERT INTO current_way_nodes (way_id, node_id, sequence_id) VALUES (18, 57, 1);
INSERT INTO way_nodes (way_id, node_id, version, sequence_id) VALUES (18, 26, 1, 2);
INSERT INTO current_way_nodes (way_id, node_id, sequence_id) VALUES (18, 26, 2);
INSERT INTO way_nodes (way_id, node_id, version, sequence_id) VALUES (18, 28, 1, 3);
INSERT INTO current_way_nodes (way_id, node_id, sequence_id) VALUES (18, 28, 3);
/* modify way 20*/
INSERT INTO ways (way_id, changeset_id, visible, "timestamp", version) VALUES (20, 3, true, (now() at time zone 'utc'), 2);
UPDATE current_ways SET changeset_id=3, visible=true, "timestamp"=(now() at time zone 'utc'), version=2 WHERE id=20;
DELETE FROM current_way_tags WHERE way_id = 20;
DELETE FROM way_tags WHERE way_id = 20;
INSERT INTO current_way_tags (way_id, k, v) VALUES (20, 'hoot:id', '20');
INSERT INTO way_tags (way_id, k, v, version) VALUES (20, 'hoot:id', '20', 2);
INSERT INTO current_way_tags (way_id, k, v) VALUES (20, 'hoot:status', '3');
INSERT INTO way_tags (way_id, k, v, version) VALUES (20, 'hoot:status', '3', 2);
INSERT INTO current_way_tags (way_id, k, v) VALUES (20, 'source', 'digitalglobe');
INSERT INTO way_tags (way_id, k, v, version) VALUES (20, 'source', 'digitalglobe', 2);
INSERT INTO current_way_tags (way_id, k, v) VALUES (20, 'highway', 'residential');
INSERT INTO way_tags (way_id, k, v, version) VALUES (20, 'highway', 'residential', 2);
INSERT INTO current_way_tags (way_id, k, v) VALUES (20, 'source:datetime', '2016-05-02T23:46:09Z');
INSERT INTO way_tags (way_id, k, v, version) VALUES (20, 'source:datetime', '2016-05-02T23:46:09Z', 2);
DELETE FROM current_way_nodes WHERE way_id = 20;
DELETE FROM way_nodes WHERE way_id = 20;
INSERT INTO way_nodes (way_id, node_id, version, sequence_id) VALUES (20, 59, 1, 1);
INSERT INTO current_way_nodes (way_id, node_id, sequence_id) VALUES (20, 59, 1);
INSERT INTO way_nodes (way_id, node_id, version, sequence_id) VALUES (20, 58, 1, 2);
INSERT INTO current_way_nodes (way_id, node_id, sequence_id) VALUES (20, 58, 2);
/* create way 24*/
INSERT INTO ways (way_id, changeset_id, visible, "timestamp", version) VALUES (24, 3, true, (now() at time zone 'utc'), 1);
INSERT INTO current_ways (id, changeset_id, visible, "timestamp", version) VALUES (24, 3, true, (now() at time zone 'utc'), 1);
INSERT INTO current_way_tags (way_id, k, v) VALUES (24, 'hoot:id', '24');
INSERT INTO way_tags (way_id, k, v, version) VALUES (24, 'hoot:id', '24', 1);
INSERT INTO current_way_tags (way_id, k, v) VALUES (24, 'hoot:status', '2');
INSERT INTO way_tags (way_id, k, v, version) VALUES (24, 'hoot:status', '2', 1);
INSERT INTO current_way_tags (way_id, k, v) VALUES (24, 'highway', 'road');
INSERT INTO way_tags (way_id, k, v, version) VALUES (24, 'highway', 'road', 1);
INSERT INTO way_nodes (way_id, node_id, version, sequence_id) VALUES (24, 50, 1, 1);
INSERT INTO current_way_nodes (way_id, node_id, sequence_id) VALUES (24, 50, 1);
INSERT INTO way_nodes (way_id, node_id, version, sequence_id) VALUES (24, 51, 1, 2);
INSERT INTO current_way_nodes (way_id, node_id, sequence_id) VALUES (24, 51, 2);
/* create way 25*/
INSERT INTO ways (way_id, changeset_id, visible, "timestamp", version) VALUES (25, 3, true, (now() at time zone 'utc'), 1);
INSERT INTO current_ways (id, changeset_id, visible, "timestamp", version) VALUES (25, 3, true, (now() at time zone 'utc'), 1);
INSERT INTO current_way_tags (way_id, k, v) VALUES (25, 'hoot:id', '25');
INSERT INTO way_tags (way_id, k, v, version) VALUES (25, 'hoot:id', '25', 1);
INSERT INTO current_way_tags (way_id, k, v) VALUES (25, 'hoot:status', '2');
INSERT INTO way_tags (way_id, k, v, version) VALUES (25, 'hoot:status', '2', 1);
INSERT INTO current_way_tags (way_id, k, v) VALUES (25, 'highway', 'road');
INSERT INTO way_tags (way_id, k, v, version) VALUES (25, 'highway', 'road', 1);
INSERT INTO way_nodes (way_id, node_id, version, sequence_id) VALUES (25, 53, 1, 1);
INSERT INTO current_way_nodes (way_id, node_id, sequence_id) VALUES (25, 53, 1);
INSERT INTO way_nodes (way_id, node_id, version, sequence_id) VALUES (25, 52, 1, 2);
INSERT INTO current_way_nodes (way_id, node_id, sequence_id) VALUES (25, 52, 2);
INSERT INTO way_nodes (way_id, node_id, version, sequence_id) VALUES (25, 50, 1, 3);
INSERT INTO current_way_nodes (way_id, node_id, sequence_id) VALUES (25, 50, 3);
/* create way 26*/
INSERT INTO ways (way_id, changeset_id, visible, "timestamp", version) VALUES (26, 3, true, (now() at time zone 'utc'), 1);
INSERT INTO current_ways (id, changeset_id, visible, "timestamp", version) VALUES (26, 3, true, (now() at time zone 'utc'), 1);
INSERT INTO current_way_tags (way_id, k, v) VALUES (26, 'hoot:id', '26');
INSERT INTO way_tags (way_id, k, v, version) VALUES (26, 'hoot:id', '26', 1);
INSERT INTO current_way_tags (way_id, k, v) VALUES (26, 'hoot:status', '1');
INSERT INTO way_tags (way_id, k, v, version) VALUES (26, 'hoot:status', '1', 1);
INSERT INTO current_way_tags (way_id, k, v) VALUES (26, 'source', 'Bing');
INSERT INTO way_tags (way_id, k, v, version) VALUES (26, 'source', 'Bing', 1);
INSERT INTO current_way_tags (way_id, k, v) VALUES (26, 'highway', 'unclassified');
INSERT INTO way_tags (way_id, k, v, version) VALUES (26, 'highway', 'unclassified', 1);
INSERT INTO current_way_tags (way_id, k, v) VALUES (26, 'source:datetime', '2016-08-06T20:08:03Z');
INSERT INTO way_tags (way_id, k, v, version) VALUES (26, 'source:datetime', '2016-08-06T20:08:03Z', 1);
INSERT INTO way_nodes (way_id, node_id, version, sequence_id) VALUES (26, 41, 1, 1);
INSERT INTO current_way_nodes (way_id, node_id, sequence_id) VALUES (26, 41, 1);
INSERT INTO way_nodes (way_id, node_id, version, sequence_id) VALUES (26, 40, 1, 2);
INSERT INTO current_way_nodes (way_id, node_id, sequence_id) VALUES (26, 40, 2);
INSERT INTO way_nodes (way_id, node_id, version, sequence_id) VALUES (26, 10, 1, 3);
INSERT INTO current_way_nodes (way_id, node_id, sequence_id) VALUES (26, 10, 3);
INSERT INTO way_nodes (way_id, node_id, version, sequence_id) VALUES (26, 2, 1, 4);
INSERT INTO current_way_nodes (way_id, node_id, sequence_id) VALUES (26, 2, 4);
/* create way 27*/
INSERT INTO ways (way_id, changeset_id, visible, "timestamp", version) VALUES (27, 3, true, (now() at time zone 'utc'), 1);
INSERT INTO current_ways (id, changeset_id, visible, "timestamp", version) VALUES (27, 3, true, (now() at time zone 'utc'), 1);
INSERT INTO current_way_tags (way_id, k, v) VALUES (27, 'hoot:id', '27');
INSERT INTO way_tags (way_id, k, v, version) VALUES (27, 'hoot:id', '27', 1);
INSERT INTO current_way_tags (way_id, k, v) VALUES (27, 'hoot:status', '3');
INSERT INTO way_tags (way_id, k, v, version) VALUES (27, 'hoot:status', '3', 1);
INSERT INTO current_way_tags (way_id, k, v) VALUES (27, 'source', 'Bing');
INSERT INTO way_tags (way_id, k, v, version) VALUES (27, 'source', 'Bing', 1);
INSERT INTO current_way_tags (way_id, k, v) VALUES (27, 'highway', 'unclassified');
INSERT INTO way_tags (way_id, k, v, version) VALUES (27, 'highway', 'unclassified', 1);
INSERT INTO current_way_tags (way_id, k, v) VALUES (27, 'source:datetime', '2016-08-06T20:08:03Z');
INSERT INTO way_tags (way_id, k, v, version) VALUES (27, 'source:datetime', '2016-08-06T20:08:03Z', 1);
INSERT INTO way_nodes (way_id, node_id, version, sequence_id) VALUES (27, 39, 1, 1);
INSERT INTO current_way_nodes (way_id, node_id, sequence_id) VALUES (27, 39, 1);
INSERT INTO way_nodes (way_id, node_id, version, sequence_id) VALUES (27, 9, 1, 2);
INSERT INTO current_way_nodes (way_id, node_id, sequence_id) VALUES (27, 9, 2);
INSERT INTO way_nodes (way_id, node_id, version, sequence_id) VALUES (27, 41, 1, 3);
INSERT INTO current_way_nodes (way_id, node_id, sequence_id) VALUES (27, 41, 3);
/* create way 28*/
INSERT INTO ways (way_id, changeset_id, visible, "timestamp", version) VALUES (28, 3, true, (now() at time zone 'utc'), 1);
INSERT INTO current_ways (id, changeset_id, visible, "timestamp", version) VALUES (28, 3, true, (now() at time zone 'utc'), 1);
INSERT INTO current_way_tags (way_id, k, v) VALUES (28, 'hoot:id', '28');
INSERT INTO way_tags (way_id, k, v, version) VALUES (28, 'hoot:id', '28', 1);
INSERT INTO current_way_tags (way_id, k, v) VALUES (28, 'hoot:status', '3');
INSERT INTO way_tags (way_id, k, v, version) VALUES (28, 'hoot:status', '3', 1);
INSERT INTO current_way_tags (way_id, k, v) VALUES (28, 'source', 'Bing');
INSERT INTO way_tags (way_id, k, v, version) VALUES (28, 'source', 'Bing', 1);
INSERT INTO current_way_tags (way_id, k, v) VALUES (28, 'highway', 'unclassified');
INSERT INTO way_tags (way_id, k, v, version) VALUES (28, 'highway', 'unclassified', 1);
INSERT INTO current_way_tags (way_id, k, v) VALUES (28, 'source:datetime', '2016-08-06T20:08:03Z');
INSERT INTO way_tags (way_id, k, v, version) VALUES (28, 'source:datetime', '2016-08-06T20:08:03Z', 1);
INSERT INTO way_nodes (way_id, node_id, version, sequence_id) VALUES (28, 56, 1, 1);
INSERT INTO current_way_nodes (way_id, node_id, sequence_id) VALUES (28, 56, 1);
INSERT INTO way_nodes (way_id, node_id, version, sequence_id) VALUES (28, 8, 1, 2);
INSERT INTO current_way_nodes (way_id, node_id, sequence_id) VALUES (28, 8, 2);
INSERT INTO way_nodes (way_id, node_id, version, sequence_id) VALUES (28, 42, 1, 3);
INSERT INTO current_way_nodes (way_id, node_id, sequence_id) VALUES (28, 42, 3);
INSERT INTO way_nodes (way_id, node_id, version, sequence_id) VALUES (28, 39, 1, 4);
INSERT INTO current_way_nodes (way_id, node_id, sequence_id) VALUES (28, 39, 4);
/* create way 29*/
INSERT INTO ways (way_id, changeset_id, visible, "timestamp", version) VALUES (29, 3, true, (now() at time zone 'utc'), 1);
INSERT INTO current_ways (id, changeset_id, visible, "timestamp", version) VALUES (29, 3, true, (now() at time zone 'utc'), 1);
INSERT INTO current_way_tags (way_id, k, v) VALUES (29, 'hoot:id', '29');
INSERT INTO way_tags (way_id, k, v, version) VALUES (29, 'hoot:id', '29', 1);
INSERT INTO current_way_tags (way_id, k, v) VALUES (29, 'hoot:status', '2');
INSERT INTO way_tags (way_id, k, v, version) VALUES (29, 'hoot:status', '2', 1);
INSERT INTO current_way_tags (way_id, k, v) VALUES (29, 'highway', 'road');
INSERT INTO way_tags (way_id, k, v, version) VALUES (29, 'highway', 'road', 1);
INSERT INTO way_nodes (way_id, node_id, version, sequence_id) VALUES (29, 57, 1, 1);
INSERT INTO current_way_nodes (way_id, node_id, sequence_id) VALUES (29, 57, 1);
INSERT INTO way_nodes (way_id, node_id, version, sequence_id) VALUES (29, 45, 1, 2);
INSERT INTO current_way_nodes (way_id, node_id, sequence_id) VALUES (29, 45, 2);
INSERT INTO way_nodes (way_id, node_id, version, sequence_id) VALUES (29, 59, 1, 3);
INSERT INTO current_way_nodes (way_id, node_id, sequence_id) VALUES (29, 59, 3);
/* create way 30*/
INSERT INTO ways (way_id, changeset_id, visible, "timestamp", version) VALUES (30, 3, true, (now() at time zone 'utc'), 1);
INSERT INTO current_ways (id, changeset_id, visible, "timestamp", version) VALUES (30, 3, true, (now() at time zone 'utc'), 1);
INSERT INTO current_way_tags (way_id, k, v) VALUES (30, 'hoot:id', '30');
INSERT INTO way_tags (way_id, k, v, version) VALUES (30, 'hoot:id', '30', 1);
INSERT INTO current_way_tags (way_id, k, v) VALUES (30, 'hoot:status', '3');
INSERT INTO way_tags (way_id, k, v, version) VALUES (30, 'hoot:status', '3', 1);
INSERT INTO current_way_tags (way_id, k, v) VALUES (30, 'source', 'digitalglobe');
INSERT INTO way_tags (way_id, k, v, version) VALUES (30, 'source', 'digitalglobe', 1);
INSERT INTO current_way_tags (way_id, k, v) VALUES (30, 'highway', 'residential');
INSERT INTO way_tags (way_id, k, v, version) VALUES (30, 'highway', 'residential', 1);
INSERT INTO current_way_tags (way_id, k, v) VALUES (30, 'source:datetime', '2016-05-02T23:46:09Z');
INSERT INTO way_tags (way_id, k, v, version) VALUES (30, 'source:datetime', '2016-05-02T23:46:09Z', 1);
INSERT INTO way_nodes (way_id, node_id, version, sequence_id) VALUES (30, 29, 1, 1);
INSERT INTO current_way_nodes (way_id, node_id, sequence_id) VALUES (30, 29, 1);
INSERT INTO way_nodes (way_id, node_id, version, sequence_id) VALUES (30, 57, 1, 2);
INSERT INTO current_way_nodes (way_id, node_id, sequence_id) VALUES (30, 57, 2);
/* create way 31*/
INSERT INTO ways (way_id, changeset_id, visible, "timestamp", version) VALUES (31, 3, true, (now() at time zone 'utc'), 1);
INSERT INTO current_ways (id, changeset_id, visible, "timestamp", version) VALUES (31, 3, true, (now() at time zone 'utc'), 1);
INSERT INTO current_way_tags (way_id, k, v) VALUES (31, 'hoot:id', '31');
INSERT INTO way_tags (way_id, k, v, version) VALUES (31, 'hoot:id', '31', 1);
INSERT INTO current_way_tags (way_id, k, v) VALUES (31, 'hoot:status', '1');
INSERT INTO way_tags (way_id, k, v, version) VALUES (31, 'hoot:status', '1', 1);
INSERT INTO current_way_tags (way_id, k, v) VALUES (31, 'source', 'digitalglobe');
INSERT INTO way_tags (way_id, k, v, version) VALUES (31, 'source', 'digitalglobe', 1);
INSERT INTO current_way_tags (way_id, k, v) VALUES (31, 'highway', 'residential');
INSERT INTO way_tags (way_id, k, v, version) VALUES (31, 'highway', 'residential', 1);
INSERT INTO current_way_tags (way_id, k, v) VALUES (31, 'source:datetime', '2016-05-02T23:46:09Z');
INSERT INTO way_tags (way_id, k, v, version) VALUES (31, 'source:datetime', '2016-05-02T23:46:09Z', 1);
INSERT INTO way_nodes (way_id, node_id, version, sequence_id) VALUES (31, 58, 1, 1);
INSERT INTO current_way_nodes (way_id, node_id, sequence_id) VALUES (31, 58, 1);
INSERT INTO way_nodes (way_id, node_id, version, sequence_id) VALUES (31, 41, 1, 2);
INSERT INTO current_way_nodes (way_id, node_id, sequence_id) VALUES (31, 41, 2);
/* create way 32*/
INSERT INTO ways (way_id, changeset_id, visible, "timestamp", version) VALUES (32, 3, true, (now() at time zone 'utc'), 1);
INSERT INTO current_ways (id, changeset_id, visible, "timestamp", version) VALUES (32, 3, true, (now() at time zone 'utc'), 1);
INSERT INTO current_way_tags (way_id, k, v) VALUES (32, 'hoot:id', '32');
INSERT INTO way_tags (way_id, k, v, version) VALUES (32, 'hoot:id', '32', 1);
INSERT INTO current_way_tags (way_id, k, v) VALUES (32, 'hoot:status', '1');
INSERT INTO way_tags (way_id, k, v, version) VALUES (32, 'hoot:status', '1', 1);
INSERT INTO current_way_tags (way_id, k, v) VALUES (32, 'source', 'digitalglobe');
INSERT INTO way_tags (way_id, k, v, version) VALUES (32, 'source', 'digitalglobe', 1);
INSERT INTO current_way_tags (way_id, k, v) VALUES (32, 'highway', 'residential');
INSERT INTO way_tags (way_id, k, v, version) VALUES (32, 'highway', 'residential', 1);
INSERT INTO current_way_tags (way_id, k, v) VALUES (32, 'source:datetime', '2016-05-02T23:46:09Z');
INSERT INTO way_tags (way_id, k, v, version) VALUES (32, 'source:datetime', '2016-05-02T23:46:09Z', 1);
INSERT INTO way_nodes (way_id, node_id, version, sequence_id) VALUES (32, 28, 1, 1);
INSERT INTO current_way_nodes (way_id, node_id, sequence_id) VALUES (32, 28, 1);
INSERT INTO way_nodes (way_id, node_id, version, sequence_id) VALUES (32, 59, 1, 2);
INSERT INTO current_way_nodes (way_id, node_id, sequence_id) VALUES (32, 59, 2);
/* create way 33*/
INSERT INTO ways (way_id, changeset_id, visible, "timestamp", version) VALUES (33, 3, true, (now() at time zone 'utc'), 1);
INSERT INTO current_ways (id, changeset_id, visible, "timestamp", version) VALUES (33, 3, true, (now() at time zone 'utc'), 1);
INSERT INTO current_way_tags (way_id, k, v) VALUES (33, 'hoot:id', '33');
INSERT INTO way_tags (way_id, k, v, version) VALUES (33, 'hoot:id', '33', 1);
INSERT INTO current_way_tags (way_id, k, v) VALUES (33, 'hoot:status', '2');
INSERT INTO way_tags (way_id, k, v, version) VALUES (33, 'hoot:status', '2', 1);
INSERT INTO current_way_tags (way_id, k, v) VALUES (33, 'highway', 'road');
INSERT INTO way_tags (way_id, k, v, version) VALUES (33, 'highway', 'road', 1);
INSERT INTO way_nodes (way_id, node_id, version, sequence_id) VALUES (33, 50, 1, 1);
INSERT INTO current_way_nodes (way_id, node_id, sequence_id) VALUES (33, 50, 1);
INSERT INTO way_nodes (way_id, node_id, version, sequence_id) VALUES (33, 37, 1, 2);
INSERT INTO current_way_nodes (way_id, node_id, sequence_id) VALUES (33, 37, 2);
UPDATE changesets SET min_lat=311790644, max_lat=311832952, min_lon=340472592, max_lon=340565418, num_changes=24 WHERE id=3;
