INSERT INTO changesets (id, user_id, created_at, closed_at) VALUES (3, 1, (now() at time zone 'utc'), (now() at time zone 'utc'));
INSERT INTO changeset_tags (changeset_id, k, v) VALUES (3, 'written_by', 'Hootenanny');
/* create node 3823*/
INSERT INTO nodes (node_id, latitude, longitude, changeset_id, visible, "timestamp", tile, version) VALUES (3823, 185274010, -724805894, 3, true, (now() at time zone 'utc'), 1642347363, 1);
INSERT INTO current_nodes (id, latitude, longitude, changeset_id, visible, "timestamp", tile, version) VALUES (3823, 185274010, -724805894, 3, true, (now() at time zone 'utc'), 1642347363, 1);
INSERT INTO current_node_tags (node_id, k, v) VALUES (3823, 'hoot:id', '3823');
INSERT INTO node_tags (node_id, k, v, version) VALUES (3823, 'hoot:id', '3823', 1);
INSERT INTO current_node_tags (node_id, k, v) VALUES (3823, 'hoot:status', '2');
INSERT INTO node_tags (node_id, k, v, version) VALUES (3823, 'hoot:status', '2', 1);
/* create node 3893*/
INSERT INTO nodes (node_id, latitude, longitude, changeset_id, visible, "timestamp", tile, version) VALUES (3893, 185388103, -724758941, 3, true, (now() at time zone 'utc'), 1642347385, 1);
INSERT INTO current_nodes (id, latitude, longitude, changeset_id, visible, "timestamp", tile, version) VALUES (3893, 185388103, -724758941, 3, true, (now() at time zone 'utc'), 1642347385, 1);
INSERT INTO current_node_tags (node_id, k, v) VALUES (3893, 'hoot:id', '3893');
INSERT INTO node_tags (node_id, k, v, version) VALUES (3893, 'hoot:id', '3893', 1);
INSERT INTO current_node_tags (node_id, k, v) VALUES (3893, 'hoot:status', '2');
INSERT INTO node_tags (node_id, k, v, version) VALUES (3893, 'hoot:status', '2', 1);
/* create node 3894*/
INSERT INTO nodes (node_id, latitude, longitude, changeset_id, visible, "timestamp", tile, version) VALUES (3894, 185387333, -724759055, 3, true, (now() at time zone 'utc'), 1642347385, 1);
INSERT INTO current_nodes (id, latitude, longitude, changeset_id, visible, "timestamp", tile, version) VALUES (3894, 185387333, -724759055, 3, true, (now() at time zone 'utc'), 1642347385, 1);
INSERT INTO current_node_tags (node_id, k, v) VALUES (3894, 'hoot:id', '3894');
INSERT INTO node_tags (node_id, k, v, version) VALUES (3894, 'hoot:id', '3894', 1);
INSERT INTO current_node_tags (node_id, k, v) VALUES (3894, 'hoot:status', '2');
INSERT INTO node_tags (node_id, k, v, version) VALUES (3894, 'hoot:status', '2', 1);
/* create node 3895*/
INSERT INTO nodes (node_id, latitude, longitude, changeset_id, visible, "timestamp", tile, version) VALUES (3895, 185386306, -724759454, 3, true, (now() at time zone 'utc'), 1642347385, 1);
INSERT INTO current_nodes (id, latitude, longitude, changeset_id, visible, "timestamp", tile, version) VALUES (3895, 185386306, -724759454, 3, true, (now() at time zone 'utc'), 1642347385, 1);
INSERT INTO current_node_tags (node_id, k, v) VALUES (3895, 'hoot:id', '3895');
INSERT INTO node_tags (node_id, k, v, version) VALUES (3895, 'hoot:id', '3895', 1);
INSERT INTO current_node_tags (node_id, k, v) VALUES (3895, 'hoot:status', '2');
INSERT INTO node_tags (node_id, k, v, version) VALUES (3895, 'hoot:status', '2', 1);
/* create node 3896*/
INSERT INTO nodes (node_id, latitude, longitude, changeset_id, visible, "timestamp", tile, version) VALUES (3896, 185385308, -724759625, 3, true, (now() at time zone 'utc'), 1642347385, 1);
INSERT INTO current_nodes (id, latitude, longitude, changeset_id, visible, "timestamp", tile, version) VALUES (3896, 185385308, -724759625, 3, true, (now() at time zone 'utc'), 1642347385, 1);
INSERT INTO current_node_tags (node_id, k, v) VALUES (3896, 'hoot:id', '3896');
INSERT INTO node_tags (node_id, k, v, version) VALUES (3896, 'hoot:id', '3896', 1);
INSERT INTO current_node_tags (node_id, k, v) VALUES (3896, 'hoot:status', '2');
INSERT INTO node_tags (node_id, k, v, version) VALUES (3896, 'hoot:status', '2', 1);
/* create node 3897*/
INSERT INTO nodes (node_id, latitude, longitude, changeset_id, visible, "timestamp", tile, version) VALUES (3897, 185384638, -724759625, 3, true, (now() at time zone 'utc'), 1642347385, 1);
INSERT INTO current_nodes (id, latitude, longitude, changeset_id, visible, "timestamp", tile, version) VALUES (3897, 185384638, -724759625, 3, true, (now() at time zone 'utc'), 1642347385, 1);
INSERT INTO current_node_tags (node_id, k, v) VALUES (3897, 'hoot:id', '3897');
INSERT INTO node_tags (node_id, k, v, version) VALUES (3897, 'hoot:id', '3897', 1);
INSERT INTO current_node_tags (node_id, k, v) VALUES (3897, 'hoot:status', '2');
INSERT INTO node_tags (node_id, k, v, version) VALUES (3897, 'hoot:status', '2', 1);
/* create node 3898*/
INSERT INTO nodes (node_id, latitude, longitude, changeset_id, visible, "timestamp", tile, version) VALUES (3898, 185383967, -724759625, 3, true, (now() at time zone 'utc'), 1642347385, 1);
INSERT INTO current_nodes (id, latitude, longitude, changeset_id, visible, "timestamp", tile, version) VALUES (3898, 185383967, -724759625, 3, true, (now() at time zone 'utc'), 1642347385, 1);
INSERT INTO current_node_tags (node_id, k, v) VALUES (3898, 'hoot:id', '3898');
INSERT INTO node_tags (node_id, k, v, version) VALUES (3898, 'hoot:id', '3898', 1);
INSERT INTO current_node_tags (node_id, k, v) VALUES (3898, 'hoot:status', '2');
INSERT INTO node_tags (node_id, k, v, version) VALUES (3898, 'hoot:status', '2', 1);
/* create node 3899*/
INSERT INTO nodes (node_id, latitude, longitude, changeset_id, visible, "timestamp", tile, version) VALUES (3899, 185382370, -724759882, 3, true, (now() at time zone 'utc'), 1642347385, 1);
INSERT INTO current_nodes (id, latitude, longitude, changeset_id, visible, "timestamp", tile, version) VALUES (3899, 185382370, -724759882, 3, true, (now() at time zone 'utc'), 1642347385, 1);
INSERT INTO current_node_tags (node_id, k, v) VALUES (3899, 'hoot:id', '3899');
INSERT INTO node_tags (node_id, k, v, version) VALUES (3899, 'hoot:id', '3899', 1);
INSERT INTO current_node_tags (node_id, k, v) VALUES (3899, 'hoot:status', '2');
INSERT INTO node_tags (node_id, k, v, version) VALUES (3899, 'hoot:status', '2', 1);
/* create node 3900*/
INSERT INTO nodes (node_id, latitude, longitude, changeset_id, visible, "timestamp", tile, version) VALUES (3900, 185382234, -724759908, 3, true, (now() at time zone 'utc'), 1642347385, 1);
INSERT INTO current_nodes (id, latitude, longitude, changeset_id, visible, "timestamp", tile, version) VALUES (3900, 185382234, -724759908, 3, true, (now() at time zone 'utc'), 1642347385, 1);
INSERT INTO current_node_tags (node_id, k, v) VALUES (3900, 'hoot:id', '3900');
INSERT INTO node_tags (node_id, k, v, version) VALUES (3900, 'hoot:id', '3900', 1);
INSERT INTO current_node_tags (node_id, k, v) VALUES (3900, 'hoot:status', '2');
INSERT INTO node_tags (node_id, k, v, version) VALUES (3900, 'hoot:status', '2', 1);
/* create node 3901*/
INSERT INTO nodes (node_id, latitude, longitude, changeset_id, visible, "timestamp", tile, version) VALUES (3901, 185382098, -724759934, 3, true, (now() at time zone 'utc'), 1642347385, 1);
INSERT INTO current_nodes (id, latitude, longitude, changeset_id, visible, "timestamp", tile, version) VALUES (3901, 185382098, -724759934, 3, true, (now() at time zone 'utc'), 1642347385, 1);
INSERT INTO current_node_tags (node_id, k, v) VALUES (3901, 'hoot:id', '3901');
INSERT INTO node_tags (node_id, k, v, version) VALUES (3901, 'hoot:id', '3901', 1);
INSERT INTO current_node_tags (node_id, k, v) VALUES (3901, 'hoot:status', '2');
INSERT INTO node_tags (node_id, k, v, version) VALUES (3901, 'hoot:status', '2', 1);
/* create node 3902*/
INSERT INTO nodes (node_id, latitude, longitude, changeset_id, visible, "timestamp", tile, version) VALUES (3902, 185381172, -724760110, 3, true, (now() at time zone 'utc'), 1642347385, 1);
INSERT INTO current_nodes (id, latitude, longitude, changeset_id, visible, "timestamp", tile, version) VALUES (3902, 185381172, -724760110, 3, true, (now() at time zone 'utc'), 1642347385, 1);
INSERT INTO current_node_tags (node_id, k, v) VALUES (3902, 'hoot:id', '3902');
INSERT INTO node_tags (node_id, k, v, version) VALUES (3902, 'hoot:id', '3902', 1);
INSERT INTO current_node_tags (node_id, k, v) VALUES (3902, 'hoot:status', '2');
INSERT INTO node_tags (node_id, k, v, version) VALUES (3902, 'hoot:status', '2', 1);
/* create node 3903*/
INSERT INTO nodes (node_id, latitude, longitude, changeset_id, visible, "timestamp", tile, version) VALUES (3903, 185379946, -724759939, 3, true, (now() at time zone 'utc'), 1642347385, 1);
INSERT INTO current_nodes (id, latitude, longitude, changeset_id, visible, "timestamp", tile, version) VALUES (3903, 185379946, -724759939, 3, true, (now() at time zone 'utc'), 1642347385, 1);
INSERT INTO current_node_tags (node_id, k, v) VALUES (3903, 'hoot:id', '3903');
INSERT INTO node_tags (node_id, k, v, version) VALUES (3903, 'hoot:id', '3903', 1);
INSERT INTO current_node_tags (node_id, k, v) VALUES (3903, 'hoot:status', '2');
INSERT INTO node_tags (node_id, k, v, version) VALUES (3903, 'hoot:status', '2', 1);
/* create node 3904*/
INSERT INTO nodes (node_id, latitude, longitude, changeset_id, visible, "timestamp", tile, version) VALUES (3904, 185378776, -724759825, 3, true, (now() at time zone 'utc'), 1642347385, 1);
INSERT INTO current_nodes (id, latitude, longitude, changeset_id, visible, "timestamp", tile, version) VALUES (3904, 185378776, -724759825, 3, true, (now() at time zone 'utc'), 1642347385, 1);
INSERT INTO current_node_tags (node_id, k, v) VALUES (3904, 'hoot:id', '3904');
INSERT INTO node_tags (node_id, k, v, version) VALUES (3904, 'hoot:id', '3904', 1);
INSERT INTO current_node_tags (node_id, k, v) VALUES (3904, 'hoot:status', '2');
INSERT INTO node_tags (node_id, k, v, version) VALUES (3904, 'hoot:status', '2', 1);
/* create node 3905*/
INSERT INTO nodes (node_id, latitude, longitude, changeset_id, visible, "timestamp", tile, version) VALUES (3905, 185377322, -724760053, 3, true, (now() at time zone 'utc'), 1642347385, 1);
INSERT INTO current_nodes (id, latitude, longitude, changeset_id, visible, "timestamp", tile, version) VALUES (3905, 185377322, -724760053, 3, true, (now() at time zone 'utc'), 1642347385, 1);
INSERT INTO current_node_tags (node_id, k, v) VALUES (3905, 'hoot:id', '3905');
INSERT INTO node_tags (node_id, k, v, version) VALUES (3905, 'hoot:id', '3905', 1);
INSERT INTO current_node_tags (node_id, k, v) VALUES (3905, 'hoot:status', '2');
INSERT INTO node_tags (node_id, k, v, version) VALUES (3905, 'hoot:status', '2', 1);
/* create node 3906*/
INSERT INTO nodes (node_id, latitude, longitude, changeset_id, visible, "timestamp", tile, version) VALUES (3906, 185376010, -724760338, 3, true, (now() at time zone 'utc'), 1642347385, 1);
INSERT INTO current_nodes (id, latitude, longitude, changeset_id, visible, "timestamp", tile, version) VALUES (3906, 185376010, -724760338, 3, true, (now() at time zone 'utc'), 1642347385, 1);
INSERT INTO current_node_tags (node_id, k, v) VALUES (3906, 'hoot:id', '3906');
INSERT INTO node_tags (node_id, k, v, version) VALUES (3906, 'hoot:id', '3906', 1);
INSERT INTO current_node_tags (node_id, k, v) VALUES (3906, 'hoot:status', '2');
INSERT INTO node_tags (node_id, k, v, version) VALUES (3906, 'hoot:status', '2', 1);
/* create node 3907*/
INSERT INTO nodes (node_id, latitude, longitude, changeset_id, visible, "timestamp", tile, version) VALUES (3907, 185375211, -724760852, 3, true, (now() at time zone 'utc'), 1642347385, 1);
INSERT INTO current_nodes (id, latitude, longitude, changeset_id, visible, "timestamp", tile, version) VALUES (3907, 185375211, -724760852, 3, true, (now() at time zone 'utc'), 1642347385, 1);
INSERT INTO current_node_tags (node_id, k, v) VALUES (3907, 'hoot:id', '3907');
INSERT INTO node_tags (node_id, k, v, version) VALUES (3907, 'hoot:id', '3907', 1);
INSERT INTO current_node_tags (node_id, k, v) VALUES (3907, 'hoot:status', '2');
INSERT INTO node_tags (node_id, k, v, version) VALUES (3907, 'hoot:status', '2', 1);
/* create node 3908*/
INSERT INTO nodes (node_id, latitude, longitude, changeset_id, visible, "timestamp", tile, version) VALUES (3908, 185373386, -724761736, 3, true, (now() at time zone 'utc'), 1642347385, 1);
INSERT INTO current_nodes (id, latitude, longitude, changeset_id, visible, "timestamp", tile, version) VALUES (3908, 185373386, -724761736, 3, true, (now() at time zone 'utc'), 1642347385, 1);
INSERT INTO current_node_tags (node_id, k, v) VALUES (3908, 'hoot:id', '3908');
INSERT INTO node_tags (node_id, k, v, version) VALUES (3908, 'hoot:id', '3908', 1);
INSERT INTO current_node_tags (node_id, k, v) VALUES (3908, 'hoot:status', '2');
INSERT INTO node_tags (node_id, k, v, version) VALUES (3908, 'hoot:status', '2', 1);
/* create node 3909*/
INSERT INTO nodes (node_id, latitude, longitude, changeset_id, visible, "timestamp", tile, version) VALUES (3909, 185372017, -724762591, 3, true, (now() at time zone 'utc'), 1642347385, 1);
INSERT INTO current_nodes (id, latitude, longitude, changeset_id, visible, "timestamp", tile, version) VALUES (3909, 185372017, -724762591, 3, true, (now() at time zone 'utc'), 1642347385, 1);
INSERT INTO current_node_tags (node_id, k, v) VALUES (3909, 'hoot:id', '3909');
INSERT INTO node_tags (node_id, k, v, version) VALUES (3909, 'hoot:id', '3909', 1);
INSERT INTO current_node_tags (node_id, k, v) VALUES (3909, 'hoot:status', '2');
INSERT INTO node_tags (node_id, k, v, version) VALUES (3909, 'hoot:status', '2', 1);
/* create node 3910*/
INSERT INTO nodes (node_id, latitude, longitude, changeset_id, visible, "timestamp", tile, version) VALUES (3910, 185369650, -724763048, 3, true, (now() at time zone 'utc'), 1642347384, 1);
INSERT INTO current_nodes (id, latitude, longitude, changeset_id, visible, "timestamp", tile, version) VALUES (3910, 185369650, -724763048, 3, true, (now() at time zone 'utc'), 1642347384, 1);
INSERT INTO current_node_tags (node_id, k, v) VALUES (3910, 'hoot:id', '3910');
INSERT INTO node_tags (node_id, k, v, version) VALUES (3910, 'hoot:id', '3910', 1);
INSERT INTO current_node_tags (node_id, k, v) VALUES (3910, 'hoot:status', '2');
INSERT INTO node_tags (node_id, k, v, version) VALUES (3910, 'hoot:status', '2', 1);
/* create node 3911*/
INSERT INTO nodes (node_id, latitude, longitude, changeset_id, visible, "timestamp", tile, version) VALUES (3911, 185368024, -724763105, 3, true, (now() at time zone 'utc'), 1642347384, 1);
INSERT INTO current_nodes (id, latitude, longitude, changeset_id, visible, "timestamp", tile, version) VALUES (3911, 185368024, -724763105, 3, true, (now() at time zone 'utc'), 1642347384, 1);
INSERT INTO current_node_tags (node_id, k, v) VALUES (3911, 'hoot:id', '3911');
INSERT INTO node_tags (node_id, k, v, version) VALUES (3911, 'hoot:id', '3911', 1);
INSERT INTO current_node_tags (node_id, k, v) VALUES (3911, 'hoot:status', '2');
INSERT INTO node_tags (node_id, k, v, version) VALUES (3911, 'hoot:status', '2', 1);
/* create node 3912*/
INSERT INTO nodes (node_id, latitude, longitude, changeset_id, visible, "timestamp", tile, version) VALUES (3912, 185366113, -724762763, 3, true, (now() at time zone 'utc'), 1642347384, 1);
INSERT INTO current_nodes (id, latitude, longitude, changeset_id, visible, "timestamp", tile, version) VALUES (3912, 185366113, -724762763, 3, true, (now() at time zone 'utc'), 1642347384, 1);
INSERT INTO current_node_tags (node_id, k, v) VALUES (3912, 'hoot:id', '3912');
INSERT INTO node_tags (node_id, k, v, version) VALUES (3912, 'hoot:id', '3912', 1);
INSERT INTO current_node_tags (node_id, k, v) VALUES (3912, 'hoot:status', '2');
INSERT INTO node_tags (node_id, k, v, version) VALUES (3912, 'hoot:status', '2', 1);
/* create node 3913*/
INSERT INTO nodes (node_id, latitude, longitude, changeset_id, visible, "timestamp", tile, version) VALUES (3913, 185364088, -724762050, 3, true, (now() at time zone 'utc'), 1642347384, 1);
INSERT INTO current_nodes (id, latitude, longitude, changeset_id, visible, "timestamp", tile, version) VALUES (3913, 185364088, -724762050, 3, true, (now() at time zone 'utc'), 1642347384, 1);
INSERT INTO current_node_tags (node_id, k, v) VALUES (3913, 'hoot:id', '3913');
INSERT INTO node_tags (node_id, k, v, version) VALUES (3913, 'hoot:id', '3913', 1);
INSERT INTO current_node_tags (node_id, k, v) VALUES (3913, 'hoot:status', '2');
INSERT INTO node_tags (node_id, k, v, version) VALUES (3913, 'hoot:status', '2', 1);
/* create node 3914*/
INSERT INTO nodes (node_id, latitude, longitude, changeset_id, visible, "timestamp", tile, version) VALUES (3914, 185361778, -724761251, 3, true, (now() at time zone 'utc'), 1642347384, 1);
INSERT INTO current_nodes (id, latitude, longitude, changeset_id, visible, "timestamp", tile, version) VALUES (3914, 185361778, -724761251, 3, true, (now() at time zone 'utc'), 1642347384, 1);
INSERT INTO current_node_tags (node_id, k, v) VALUES (3914, 'hoot:id', '3914');
INSERT INTO node_tags (node_id, k, v, version) VALUES (3914, 'hoot:id', '3914', 1);
INSERT INTO current_node_tags (node_id, k, v) VALUES (3914, 'hoot:status', '2');
INSERT INTO node_tags (node_id, k, v, version) VALUES (3914, 'hoot:status', '2', 1);
/* create node 3915*/
INSERT INTO nodes (node_id, latitude, longitude, changeset_id, visible, "timestamp", tile, version) VALUES (3915, 185359610, -724760196, 3, true, (now() at time zone 'utc'), 1642347384, 1);
INSERT INTO current_nodes (id, latitude, longitude, changeset_id, visible, "timestamp", tile, version) VALUES (3915, 185359610, -724760196, 3, true, (now() at time zone 'utc'), 1642347384, 1);
INSERT INTO current_node_tags (node_id, k, v) VALUES (3915, 'hoot:id', '3915');
INSERT INTO node_tags (node_id, k, v, version) VALUES (3915, 'hoot:id', '3915', 1);
INSERT INTO current_node_tags (node_id, k, v) VALUES (3915, 'hoot:status', '2');
INSERT INTO node_tags (node_id, k, v, version) VALUES (3915, 'hoot:status', '2', 1);
/* create node 3916*/
INSERT INTO nodes (node_id, latitude, longitude, changeset_id, visible, "timestamp", tile, version) VALUES (3916, 185357728, -724759454, 3, true, (now() at time zone 'utc'), 1642347384, 1);
INSERT INTO current_nodes (id, latitude, longitude, changeset_id, visible, "timestamp", tile, version) VALUES (3916, 185357728, -724759454, 3, true, (now() at time zone 'utc'), 1642347384, 1);
INSERT INTO current_node_tags (node_id, k, v) VALUES (3916, 'hoot:id', '3916');
INSERT INTO node_tags (node_id, k, v, version) VALUES (3916, 'hoot:id', '3916', 1);
INSERT INTO current_node_tags (node_id, k, v) VALUES (3916, 'hoot:status', '2');
INSERT INTO node_tags (node_id, k, v, version) VALUES (3916, 'hoot:status', '2', 1);
/* create node 3917*/
INSERT INTO nodes (node_id, latitude, longitude, changeset_id, visible, "timestamp", tile, version) VALUES (3917, 185355161, -724758085, 3, true, (now() at time zone 'utc'), 1642347384, 1);
INSERT INTO current_nodes (id, latitude, longitude, changeset_id, visible, "timestamp", tile, version) VALUES (3917, 185355161, -724758085, 3, true, (now() at time zone 'utc'), 1642347384, 1);
INSERT INTO current_node_tags (node_id, k, v) VALUES (3917, 'hoot:id', '3917');
INSERT INTO node_tags (node_id, k, v, version) VALUES (3917, 'hoot:id', '3917', 1);
INSERT INTO current_node_tags (node_id, k, v) VALUES (3917, 'hoot:status', '2');
INSERT INTO node_tags (node_id, k, v, version) VALUES (3917, 'hoot:status', '2', 1);
/* create node 3918*/
INSERT INTO nodes (node_id, latitude, longitude, changeset_id, visible, "timestamp", tile, version) VALUES (3918, 185354105, -724757657, 3, true, (now() at time zone 'utc'), 1642347384, 1);
INSERT INTO current_nodes (id, latitude, longitude, changeset_id, visible, "timestamp", tile, version) VALUES (3918, 185354105, -724757657, 3, true, (now() at time zone 'utc'), 1642347384, 1);
INSERT INTO current_node_tags (node_id, k, v) VALUES (3918, 'hoot:id', '3918');
INSERT INTO node_tags (node_id, k, v, version) VALUES (3918, 'hoot:id', '3918', 1);
INSERT INTO current_node_tags (node_id, k, v) VALUES (3918, 'hoot:status', '2');
INSERT INTO node_tags (node_id, k, v, version) VALUES (3918, 'hoot:status', '2', 1);
/* create node 3919*/
INSERT INTO nodes (node_id, latitude, longitude, changeset_id, visible, "timestamp", tile, version) VALUES (3919, 185352679, -724757743, 3, true, (now() at time zone 'utc'), 1642347384, 1);
INSERT INTO current_nodes (id, latitude, longitude, changeset_id, visible, "timestamp", tile, version) VALUES (3919, 185352679, -724757743, 3, true, (now() at time zone 'utc'), 1642347384, 1);
INSERT INTO current_node_tags (node_id, k, v) VALUES (3919, 'hoot:id', '3919');
INSERT INTO node_tags (node_id, k, v, version) VALUES (3919, 'hoot:id', '3919', 1);
INSERT INTO current_node_tags (node_id, k, v) VALUES (3919, 'hoot:status', '2');
INSERT INTO node_tags (node_id, k, v, version) VALUES (3919, 'hoot:status', '2', 1);
/* create node 3920*/
INSERT INTO nodes (node_id, latitude, longitude, changeset_id, visible, "timestamp", tile, version) VALUES (3920, 185350854, -724758085, 3, true, (now() at time zone 'utc'), 1642347384, 1);
INSERT INTO current_nodes (id, latitude, longitude, changeset_id, visible, "timestamp", tile, version) VALUES (3920, 185350854, -724758085, 3, true, (now() at time zone 'utc'), 1642347384, 1);
INSERT INTO current_node_tags (node_id, k, v) VALUES (3920, 'hoot:id', '3920');
INSERT INTO node_tags (node_id, k, v, version) VALUES (3920, 'hoot:id', '3920', 1);
INSERT INTO current_node_tags (node_id, k, v) VALUES (3920, 'hoot:status', '2');
INSERT INTO node_tags (node_id, k, v, version) VALUES (3920, 'hoot:status', '2', 1);
/* create node 3921*/
INSERT INTO nodes (node_id, latitude, longitude, changeset_id, visible, "timestamp", tile, version) VALUES (3921, 185348487, -724758827, 3, true, (now() at time zone 'utc'), 1642347384, 1);
INSERT INTO current_nodes (id, latitude, longitude, changeset_id, visible, "timestamp", tile, version) VALUES (3921, 185348487, -724758827, 3, true, (now() at time zone 'utc'), 1642347384, 1);
INSERT INTO current_node_tags (node_id, k, v) VALUES (3921, 'hoot:id', '3921');
INSERT INTO node_tags (node_id, k, v, version) VALUES (3921, 'hoot:id', '3921', 1);
INSERT INTO current_node_tags (node_id, k, v) VALUES (3921, 'hoot:status', '2');
INSERT INTO node_tags (node_id, k, v, version) VALUES (3921, 'hoot:status', '2', 1);
/* create node 3922*/
INSERT INTO nodes (node_id, latitude, longitude, changeset_id, visible, "timestamp", tile, version) VALUES (3922, 185346405, -724759426, 3, true, (now() at time zone 'utc'), 1642347384, 1);
INSERT INTO current_nodes (id, latitude, longitude, changeset_id, visible, "timestamp", tile, version) VALUES (3922, 185346405, -724759426, 3, true, (now() at time zone 'utc'), 1642347384, 1);
INSERT INTO current_node_tags (node_id, k, v) VALUES (3922, 'hoot:id', '3922');
INSERT INTO node_tags (node_id, k, v, version) VALUES (3922, 'hoot:id', '3922', 1);
INSERT INTO current_node_tags (node_id, k, v) VALUES (3922, 'hoot:status', '2');
INSERT INTO node_tags (node_id, k, v, version) VALUES (3922, 'hoot:status', '2', 1);
/* create node 3923*/
INSERT INTO nodes (node_id, latitude, longitude, changeset_id, visible, "timestamp", tile, version) VALUES (3923, 185344408, -724759825, 3, true, (now() at time zone 'utc'), 1642347384, 1);
INSERT INTO current_nodes (id, latitude, longitude, changeset_id, visible, "timestamp", tile, version) VALUES (3923, 185344408, -724759825, 3, true, (now() at time zone 'utc'), 1642347384, 1);
INSERT INTO current_node_tags (node_id, k, v) VALUES (3923, 'hoot:id', '3923');
INSERT INTO node_tags (node_id, k, v, version) VALUES (3923, 'hoot:id', '3923', 1);
INSERT INTO current_node_tags (node_id, k, v) VALUES (3923, 'hoot:status', '2');
INSERT INTO node_tags (node_id, k, v, version) VALUES (3923, 'hoot:status', '2', 1);
/* create node 3924*/
INSERT INTO nodes (node_id, latitude, longitude, changeset_id, visible, "timestamp", tile, version) VALUES (3924, 185342183, -724760253, 3, true, (now() at time zone 'utc'), 1642347373, 1);
INSERT INTO current_nodes (id, latitude, longitude, changeset_id, visible, "timestamp", tile, version) VALUES (3924, 185342183, -724760253, 3, true, (now() at time zone 'utc'), 1642347373, 1);
INSERT INTO current_node_tags (node_id, k, v) VALUES (3924, 'hoot:id', '3924');
INSERT INTO node_tags (node_id, k, v, version) VALUES (3924, 'hoot:id', '3924', 1);
INSERT INTO current_node_tags (node_id, k, v) VALUES (3924, 'hoot:status', '2');
INSERT INTO node_tags (node_id, k, v, version) VALUES (3924, 'hoot:status', '2', 1);
/* create node 3925*/
INSERT INTO nodes (node_id, latitude, longitude, changeset_id, visible, "timestamp", tile, version) VALUES (3925, 185341497, -724760286, 3, true, (now() at time zone 'utc'), 1642347373, 1);
INSERT INTO current_nodes (id, latitude, longitude, changeset_id, visible, "timestamp", tile, version) VALUES (3925, 185341497, -724760286, 3, true, (now() at time zone 'utc'), 1642347373, 1);
INSERT INTO current_node_tags (node_id, k, v) VALUES (3925, 'hoot:id', '3925');
INSERT INTO node_tags (node_id, k, v, version) VALUES (3925, 'hoot:id', '3925', 1);
INSERT INTO current_node_tags (node_id, k, v) VALUES (3925, 'hoot:status', '2');
INSERT INTO node_tags (node_id, k, v, version) VALUES (3925, 'hoot:status', '2', 1);
/* create node 3926*/
INSERT INTO nodes (node_id, latitude, longitude, changeset_id, visible, "timestamp", tile, version) VALUES (3926, 185339274, -724760395, 3, true, (now() at time zone 'utc'), 1642347373, 1);
INSERT INTO current_nodes (id, latitude, longitude, changeset_id, visible, "timestamp", tile, version) VALUES (3926, 185339274, -724760395, 3, true, (now() at time zone 'utc'), 1642347373, 1);
INSERT INTO current_node_tags (node_id, k, v) VALUES (3926, 'hoot:id', '3926');
INSERT INTO node_tags (node_id, k, v, version) VALUES (3926, 'hoot:id', '3926', 1);
INSERT INTO current_node_tags (node_id, k, v) VALUES (3926, 'hoot:status', '2');
INSERT INTO node_tags (node_id, k, v, version) VALUES (3926, 'hoot:status', '2', 1);
/* create node 3927*/
INSERT INTO nodes (node_id, latitude, longitude, changeset_id, visible, "timestamp", tile, version) VALUES (3927, 185338561, -724760110, 3, true, (now() at time zone 'utc'), 1642347373, 1);
INSERT INTO current_nodes (id, latitude, longitude, changeset_id, visible, "timestamp", tile, version) VALUES (3927, 185338561, -724760110, 3, true, (now() at time zone 'utc'), 1642347373, 1);
INSERT INTO current_node_tags (node_id, k, v) VALUES (3927, 'hoot:id', '3927');
INSERT INTO node_tags (node_id, k, v, version) VALUES (3927, 'hoot:id', '3927', 1);
INSERT INTO current_node_tags (node_id, k, v) VALUES (3927, 'hoot:status', '2');
INSERT INTO node_tags (node_id, k, v, version) VALUES (3927, 'hoot:status', '2', 1);
/* create node 3928*/
INSERT INTO nodes (node_id, latitude, longitude, changeset_id, visible, "timestamp", tile, version) VALUES (3928, 185338048, -724759682, 3, true, (now() at time zone 'utc'), 1642347373, 1);
INSERT INTO current_nodes (id, latitude, longitude, changeset_id, visible, "timestamp", tile, version) VALUES (3928, 185338048, -724759682, 3, true, (now() at time zone 'utc'), 1642347373, 1);
INSERT INTO current_node_tags (node_id, k, v) VALUES (3928, 'hoot:id', '3928');
INSERT INTO node_tags (node_id, k, v, version) VALUES (3928, 'hoot:id', '3928', 1);
INSERT INTO current_node_tags (node_id, k, v) VALUES (3928, 'hoot:status', '2');
INSERT INTO node_tags (node_id, k, v, version) VALUES (3928, 'hoot:status', '2', 1);
/* create node 3929*/
INSERT INTO nodes (node_id, latitude, longitude, changeset_id, visible, "timestamp", tile, version) VALUES (3929, 185337506, -724759426, 3, true, (now() at time zone 'utc'), 1642347373, 1);
INSERT INTO current_nodes (id, latitude, longitude, changeset_id, visible, "timestamp", tile, version) VALUES (3929, 185337506, -724759426, 3, true, (now() at time zone 'utc'), 1642347373, 1);
INSERT INTO current_node_tags (node_id, k, v) VALUES (3929, 'hoot:id', '3929');
INSERT INTO node_tags (node_id, k, v, version) VALUES (3929, 'hoot:id', '3929', 1);
INSERT INTO current_node_tags (node_id, k, v) VALUES (3929, 'hoot:status', '2');
INSERT INTO node_tags (node_id, k, v, version) VALUES (3929, 'hoot:status', '2', 1);
/* create node 3930*/
INSERT INTO nodes (node_id, latitude, longitude, changeset_id, visible, "timestamp", tile, version) VALUES (3930, 185336935, -724759254, 3, true, (now() at time zone 'utc'), 1642347373, 1);
INSERT INTO current_nodes (id, latitude, longitude, changeset_id, visible, "timestamp", tile, version) VALUES (3930, 185336935, -724759254, 3, true, (now() at time zone 'utc'), 1642347373, 1);
INSERT INTO current_node_tags (node_id, k, v) VALUES (3930, 'hoot:id', '3930');
INSERT INTO node_tags (node_id, k, v, version) VALUES (3930, 'hoot:id', '3930', 1);
INSERT INTO current_node_tags (node_id, k, v) VALUES (3930, 'hoot:status', '2');
INSERT INTO node_tags (node_id, k, v, version) VALUES (3930, 'hoot:status', '2', 1);
/* create node 3931*/
INSERT INTO nodes (node_id, latitude, longitude, changeset_id, visible, "timestamp", tile, version) VALUES (3931, 185336165, -724759083, 3, true, (now() at time zone 'utc'), 1642347373, 1);
INSERT INTO current_nodes (id, latitude, longitude, changeset_id, visible, "timestamp", tile, version) VALUES (3931, 185336165, -724759083, 3, true, (now() at time zone 'utc'), 1642347373, 1);
INSERT INTO current_node_tags (node_id, k, v) VALUES (3931, 'hoot:id', '3931');
INSERT INTO node_tags (node_id, k, v, version) VALUES (3931, 'hoot:id', '3931', 1);
INSERT INTO current_node_tags (node_id, k, v) VALUES (3931, 'hoot:status', '2');
INSERT INTO node_tags (node_id, k, v, version) VALUES (3931, 'hoot:status', '2', 1);
/* create node 3932*/
INSERT INTO nodes (node_id, latitude, longitude, changeset_id, visible, "timestamp", tile, version) VALUES (3932, 185335424, -724758969, 3, true, (now() at time zone 'utc'), 1642347373, 1);
INSERT INTO current_nodes (id, latitude, longitude, changeset_id, visible, "timestamp", tile, version) VALUES (3932, 185335424, -724758969, 3, true, (now() at time zone 'utc'), 1642347373, 1);
INSERT INTO current_node_tags (node_id, k, v) VALUES (3932, 'hoot:id', '3932');
INSERT INTO node_tags (node_id, k, v, version) VALUES (3932, 'hoot:id', '3932', 1);
INSERT INTO current_node_tags (node_id, k, v) VALUES (3932, 'hoot:status', '2');
INSERT INTO node_tags (node_id, k, v, version) VALUES (3932, 'hoot:status', '2', 1);
/* create node 3933*/
INSERT INTO nodes (node_id, latitude, longitude, changeset_id, visible, "timestamp", tile, version) VALUES (3933, 185334796, -724758855, 3, true, (now() at time zone 'utc'), 1642347373, 1);
INSERT INTO current_nodes (id, latitude, longitude, changeset_id, visible, "timestamp", tile, version) VALUES (3933, 185334796, -724758855, 3, true, (now() at time zone 'utc'), 1642347373, 1);
INSERT INTO current_node_tags (node_id, k, v) VALUES (3933, 'hoot:id', '3933');
INSERT INTO node_tags (node_id, k, v, version) VALUES (3933, 'hoot:id', '3933', 1);
INSERT INTO current_node_tags (node_id, k, v) VALUES (3933, 'hoot:status', '2');
INSERT INTO node_tags (node_id, k, v, version) VALUES (3933, 'hoot:status', '2', 1);
/* create node 3934*/
INSERT INTO nodes (node_id, latitude, longitude, changeset_id, visible, "timestamp", tile, version) VALUES (3934, 185334597, -724759254, 3, true, (now() at time zone 'utc'), 1642347373, 1);
INSERT INTO current_nodes (id, latitude, longitude, changeset_id, visible, "timestamp", tile, version) VALUES (3934, 185334597, -724759254, 3, true, (now() at time zone 'utc'), 1642347373, 1);
INSERT INTO current_node_tags (node_id, k, v) VALUES (3934, 'hoot:id', '3934');
INSERT INTO node_tags (node_id, k, v, version) VALUES (3934, 'hoot:id', '3934', 1);
INSERT INTO current_node_tags (node_id, k, v) VALUES (3934, 'hoot:status', '2');
INSERT INTO node_tags (node_id, k, v, version) VALUES (3934, 'hoot:status', '2', 1);
/* create node 3935*/
INSERT INTO nodes (node_id, latitude, longitude, changeset_id, visible, "timestamp", tile, version) VALUES (3935, 185334511, -724759996, 3, true, (now() at time zone 'utc'), 1642347373, 1);
INSERT INTO current_nodes (id, latitude, longitude, changeset_id, visible, "timestamp", tile, version) VALUES (3935, 185334511, -724759996, 3, true, (now() at time zone 'utc'), 1642347373, 1);
INSERT INTO current_node_tags (node_id, k, v) VALUES (3935, 'hoot:id', '3935');
INSERT INTO node_tags (node_id, k, v, version) VALUES (3935, 'hoot:id', '3935', 1);
INSERT INTO current_node_tags (node_id, k, v) VALUES (3935, 'hoot:status', '2');
INSERT INTO node_tags (node_id, k, v, version) VALUES (3935, 'hoot:status', '2', 1);
/* create node 3936*/
INSERT INTO nodes (node_id, latitude, longitude, changeset_id, visible, "timestamp", tile, version) VALUES (3936, 185334511, -724760852, 3, true, (now() at time zone 'utc'), 1642347373, 1);
INSERT INTO current_nodes (id, latitude, longitude, changeset_id, visible, "timestamp", tile, version) VALUES (3936, 185334511, -724760852, 3, true, (now() at time zone 'utc'), 1642347373, 1);
INSERT INTO current_node_tags (node_id, k, v) VALUES (3936, 'hoot:id', '3936');
INSERT INTO node_tags (node_id, k, v, version) VALUES (3936, 'hoot:id', '3936', 1);
INSERT INTO current_node_tags (node_id, k, v) VALUES (3936, 'hoot:status', '2');
INSERT INTO node_tags (node_id, k, v, version) VALUES (3936, 'hoot:status', '2', 1);
/* create node 3937*/
INSERT INTO nodes (node_id, latitude, longitude, changeset_id, visible, "timestamp", tile, version) VALUES (3937, 185334397, -724761736, 3, true, (now() at time zone 'utc'), 1642347373, 1);
INSERT INTO current_nodes (id, latitude, longitude, changeset_id, visible, "timestamp", tile, version) VALUES (3937, 185334397, -724761736, 3, true, (now() at time zone 'utc'), 1642347373, 1);
INSERT INTO current_node_tags (node_id, k, v) VALUES (3937, 'hoot:id', '3937');
INSERT INTO node_tags (node_id, k, v, version) VALUES (3937, 'hoot:id', '3937', 1);
INSERT INTO current_node_tags (node_id, k, v) VALUES (3937, 'hoot:status', '2');
INSERT INTO node_tags (node_id, k, v, version) VALUES (3937, 'hoot:status', '2', 1);
/* create node 3938*/
INSERT INTO nodes (node_id, latitude, longitude, changeset_id, visible, "timestamp", tile, version) VALUES (3938, 185334112, -724762477, 3, true, (now() at time zone 'utc'), 1642347373, 1);
INSERT INTO current_nodes (id, latitude, longitude, changeset_id, visible, "timestamp", tile, version) VALUES (3938, 185334112, -724762477, 3, true, (now() at time zone 'utc'), 1642347373, 1);
INSERT INTO current_node_tags (node_id, k, v) VALUES (3938, 'hoot:id', '3938');
INSERT INTO node_tags (node_id, k, v, version) VALUES (3938, 'hoot:id', '3938', 1);
INSERT INTO current_node_tags (node_id, k, v) VALUES (3938, 'hoot:status', '2');
INSERT INTO node_tags (node_id, k, v, version) VALUES (3938, 'hoot:status', '2', 1);
/* create node 3939*/
INSERT INTO nodes (node_id, latitude, longitude, changeset_id, visible, "timestamp", tile, version) VALUES (3939, 185333712, -724762905, 3, true, (now() at time zone 'utc'), 1642347373, 1);
INSERT INTO current_nodes (id, latitude, longitude, changeset_id, visible, "timestamp", tile, version) VALUES (3939, 185333712, -724762905, 3, true, (now() at time zone 'utc'), 1642347373, 1);
INSERT INTO current_node_tags (node_id, k, v) VALUES (3939, 'hoot:id', '3939');
INSERT INTO node_tags (node_id, k, v, version) VALUES (3939, 'hoot:id', '3939', 1);
INSERT INTO current_node_tags (node_id, k, v) VALUES (3939, 'hoot:status', '2');
INSERT INTO node_tags (node_id, k, v, version) VALUES (3939, 'hoot:status', '2', 1);
/* create node 3940*/
INSERT INTO nodes (node_id, latitude, longitude, changeset_id, visible, "timestamp", tile, version) VALUES (3940, 185333285, -724763076, 3, true, (now() at time zone 'utc'), 1642347373, 1);
INSERT INTO current_nodes (id, latitude, longitude, changeset_id, visible, "timestamp", tile, version) VALUES (3940, 185333285, -724763076, 3, true, (now() at time zone 'utc'), 1642347373, 1);
INSERT INTO current_node_tags (node_id, k, v) VALUES (3940, 'hoot:id', '3940');
INSERT INTO node_tags (node_id, k, v, version) VALUES (3940, 'hoot:id', '3940', 1);
INSERT INTO current_node_tags (node_id, k, v) VALUES (3940, 'hoot:status', '2');
INSERT INTO node_tags (node_id, k, v, version) VALUES (3940, 'hoot:status', '2', 1);
/* create node 3941*/
INSERT INTO nodes (node_id, latitude, longitude, changeset_id, visible, "timestamp", tile, version) VALUES (3941, 185332743, -724762962, 3, true, (now() at time zone 'utc'), 1642347373, 1);
INSERT INTO current_nodes (id, latitude, longitude, changeset_id, visible, "timestamp", tile, version) VALUES (3941, 185332743, -724762962, 3, true, (now() at time zone 'utc'), 1642347373, 1);
INSERT INTO current_node_tags (node_id, k, v) VALUES (3941, 'hoot:id', '3941');
INSERT INTO node_tags (node_id, k, v, version) VALUES (3941, 'hoot:id', '3941', 1);
INSERT INTO current_node_tags (node_id, k, v) VALUES (3941, 'hoot:status', '2');
INSERT INTO node_tags (node_id, k, v, version) VALUES (3941, 'hoot:status', '2', 1);
/* create node 3942*/
INSERT INTO nodes (node_id, latitude, longitude, changeset_id, visible, "timestamp", tile, version) VALUES (3942, 185332115, -724762791, 3, true, (now() at time zone 'utc'), 1642347373, 1);
INSERT INTO current_nodes (id, latitude, longitude, changeset_id, visible, "timestamp", tile, version) VALUES (3942, 185332115, -724762791, 3, true, (now() at time zone 'utc'), 1642347373, 1);
INSERT INTO current_node_tags (node_id, k, v) VALUES (3942, 'hoot:id', '3942');
INSERT INTO node_tags (node_id, k, v, version) VALUES (3942, 'hoot:id', '3942', 1);
INSERT INTO current_node_tags (node_id, k, v) VALUES (3942, 'hoot:status', '2');
INSERT INTO node_tags (node_id, k, v, version) VALUES (3942, 'hoot:status', '2', 1);
/* create node 3943*/
INSERT INTO nodes (node_id, latitude, longitude, changeset_id, visible, "timestamp", tile, version) VALUES (3943, 185331602, -724762877, 3, true, (now() at time zone 'utc'), 1642347373, 1);
INSERT INTO current_nodes (id, latitude, longitude, changeset_id, visible, "timestamp", tile, version) VALUES (3943, 185331602, -724762877, 3, true, (now() at time zone 'utc'), 1642347373, 1);
INSERT INTO current_node_tags (node_id, k, v) VALUES (3943, 'hoot:id', '3943');
INSERT INTO node_tags (node_id, k, v, version) VALUES (3943, 'hoot:id', '3943', 1);
INSERT INTO current_node_tags (node_id, k, v) VALUES (3943, 'hoot:status', '2');
INSERT INTO node_tags (node_id, k, v, version) VALUES (3943, 'hoot:status', '2', 1);
/* create node 3944*/
INSERT INTO nodes (node_id, latitude, longitude, changeset_id, visible, "timestamp", tile, version) VALUES (3944, 185331174, -724763419, 3, true, (now() at time zone 'utc'), 1642347373, 1);
INSERT INTO current_nodes (id, latitude, longitude, changeset_id, visible, "timestamp", tile, version) VALUES (3944, 185331174, -724763419, 3, true, (now() at time zone 'utc'), 1642347373, 1);
INSERT INTO current_node_tags (node_id, k, v) VALUES (3944, 'hoot:id', '3944');
INSERT INTO node_tags (node_id, k, v, version) VALUES (3944, 'hoot:id', '3944', 1);
INSERT INTO current_node_tags (node_id, k, v) VALUES (3944, 'hoot:status', '2');
INSERT INTO node_tags (node_id, k, v, version) VALUES (3944, 'hoot:status', '2', 1);
/* create node 3945*/
INSERT INTO nodes (node_id, latitude, longitude, changeset_id, visible, "timestamp", tile, version) VALUES (3945, 185330632, -724764474, 3, true, (now() at time zone 'utc'), 1642347373, 1);
INSERT INTO current_nodes (id, latitude, longitude, changeset_id, visible, "timestamp", tile, version) VALUES (3945, 185330632, -724764474, 3, true, (now() at time zone 'utc'), 1642347373, 1);
INSERT INTO current_node_tags (node_id, k, v) VALUES (3945, 'hoot:id', '3945');
INSERT INTO node_tags (node_id, k, v, version) VALUES (3945, 'hoot:id', '3945', 1);
INSERT INTO current_node_tags (node_id, k, v) VALUES (3945, 'hoot:status', '2');
INSERT INTO node_tags (node_id, k, v, version) VALUES (3945, 'hoot:status', '2', 1);
/* create node 3946*/
INSERT INTO nodes (node_id, latitude, longitude, changeset_id, visible, "timestamp", tile, version) VALUES (3946, 185330375, -724765301, 3, true, (now() at time zone 'utc'), 1642347373, 1);
INSERT INTO current_nodes (id, latitude, longitude, changeset_id, visible, "timestamp", tile, version) VALUES (3946, 185330375, -724765301, 3, true, (now() at time zone 'utc'), 1642347373, 1);
INSERT INTO current_node_tags (node_id, k, v) VALUES (3946, 'hoot:id', '3946');
INSERT INTO node_tags (node_id, k, v, version) VALUES (3946, 'hoot:id', '3946', 1);
INSERT INTO current_node_tags (node_id, k, v) VALUES (3946, 'hoot:status', '2');
INSERT INTO node_tags (node_id, k, v, version) VALUES (3946, 'hoot:status', '2', 1);
/* create node 3947*/
INSERT INTO nodes (node_id, latitude, longitude, changeset_id, visible, "timestamp", tile, version) VALUES (3947, 185330033, -724766242, 3, true, (now() at time zone 'utc'), 1642347373, 1);
INSERT INTO current_nodes (id, latitude, longitude, changeset_id, visible, "timestamp", tile, version) VALUES (3947, 185330033, -724766242, 3, true, (now() at time zone 'utc'), 1642347373, 1);
INSERT INTO current_node_tags (node_id, k, v) VALUES (3947, 'hoot:id', '3947');
INSERT INTO node_tags (node_id, k, v, version) VALUES (3947, 'hoot:id', '3947', 1);
INSERT INTO current_node_tags (node_id, k, v) VALUES (3947, 'hoot:status', '2');
INSERT INTO node_tags (node_id, k, v, version) VALUES (3947, 'hoot:status', '2', 1);
/* create node 3948*/
INSERT INTO nodes (node_id, latitude, longitude, changeset_id, visible, "timestamp", tile, version) VALUES (3948, 185328778, -724768125, 3, true, (now() at time zone 'utc'), 1642347373, 1);
INSERT INTO current_nodes (id, latitude, longitude, changeset_id, visible, "timestamp", tile, version) VALUES (3948, 185328778, -724768125, 3, true, (now() at time zone 'utc'), 1642347373, 1);
INSERT INTO current_node_tags (node_id, k, v) VALUES (3948, 'hoot:id', '3948');
INSERT INTO node_tags (node_id, k, v, version) VALUES (3948, 'hoot:id', '3948', 1);
INSERT INTO current_node_tags (node_id, k, v) VALUES (3948, 'hoot:status', '2');
INSERT INTO node_tags (node_id, k, v, version) VALUES (3948, 'hoot:status', '2', 1);
/* create node 3949*/
INSERT INTO nodes (node_id, latitude, longitude, changeset_id, visible, "timestamp", tile, version) VALUES (3949, 185327723, -724769979, 3, true, (now() at time zone 'utc'), 1642347373, 1);
INSERT INTO current_nodes (id, latitude, longitude, changeset_id, visible, "timestamp", tile, version) VALUES (3949, 185327723, -724769979, 3, true, (now() at time zone 'utc'), 1642347373, 1);
INSERT INTO current_node_tags (node_id, k, v) VALUES (3949, 'hoot:id', '3949');
INSERT INTO node_tags (node_id, k, v, version) VALUES (3949, 'hoot:id', '3949', 1);
INSERT INTO current_node_tags (node_id, k, v) VALUES (3949, 'hoot:status', '2');
INSERT INTO node_tags (node_id, k, v, version) VALUES (3949, 'hoot:status', '2', 1);
/* create node 3950*/
INSERT INTO nodes (node_id, latitude, longitude, changeset_id, visible, "timestamp", tile, version) VALUES (3950, 185326097, -724771576, 3, true, (now() at time zone 'utc'), 1642347373, 1);
INSERT INTO current_nodes (id, latitude, longitude, changeset_id, visible, "timestamp", tile, version) VALUES (3950, 185326097, -724771576, 3, true, (now() at time zone 'utc'), 1642347373, 1);
INSERT INTO current_node_tags (node_id, k, v) VALUES (3950, 'hoot:id', '3950');
INSERT INTO node_tags (node_id, k, v, version) VALUES (3950, 'hoot:id', '3950', 1);
INSERT INTO current_node_tags (node_id, k, v) VALUES (3950, 'hoot:status', '2');
INSERT INTO node_tags (node_id, k, v, version) VALUES (3950, 'hoot:status', '2', 1);
/* create node 3951*/
INSERT INTO nodes (node_id, latitude, longitude, changeset_id, visible, "timestamp", tile, version) VALUES (3951, 185325013, -724772745, 3, true, (now() at time zone 'utc'), 1642347373, 1);
INSERT INTO current_nodes (id, latitude, longitude, changeset_id, visible, "timestamp", tile, version) VALUES (3951, 185325013, -724772745, 3, true, (now() at time zone 'utc'), 1642347373, 1);
INSERT INTO current_node_tags (node_id, k, v) VALUES (3951, 'hoot:id', '3951');
INSERT INTO node_tags (node_id, k, v, version) VALUES (3951, 'hoot:id', '3951', 1);
INSERT INTO current_node_tags (node_id, k, v) VALUES (3951, 'hoot:status', '2');
INSERT INTO node_tags (node_id, k, v, version) VALUES (3951, 'hoot:status', '2', 1);
/* create node 3952*/
INSERT INTO nodes (node_id, latitude, longitude, changeset_id, visible, "timestamp", tile, version) VALUES (3952, 185324471, -724773972, 3, true, (now() at time zone 'utc'), 1642347373, 1);
INSERT INTO current_nodes (id, latitude, longitude, changeset_id, visible, "timestamp", tile, version) VALUES (3952, 185324471, -724773972, 3, true, (now() at time zone 'utc'), 1642347373, 1);
INSERT INTO current_node_tags (node_id, k, v) VALUES (3952, 'hoot:id', '3952');
INSERT INTO node_tags (node_id, k, v, version) VALUES (3952, 'hoot:id', '3952', 1);
INSERT INTO current_node_tags (node_id, k, v) VALUES (3952, 'hoot:status', '2');
INSERT INTO node_tags (node_id, k, v, version) VALUES (3952, 'hoot:status', '2', 1);
/* create node 3953*/
INSERT INTO nodes (node_id, latitude, longitude, changeset_id, visible, "timestamp", tile, version) VALUES (3953, 185323901, -724775341, 3, true, (now() at time zone 'utc'), 1642347373, 1);
INSERT INTO current_nodes (id, latitude, longitude, changeset_id, visible, "timestamp", tile, version) VALUES (3953, 185323901, -724775341, 3, true, (now() at time zone 'utc'), 1642347373, 1);
INSERT INTO current_node_tags (node_id, k, v) VALUES (3953, 'hoot:id', '3953');
INSERT INTO node_tags (node_id, k, v, version) VALUES (3953, 'hoot:id', '3953', 1);
INSERT INTO current_node_tags (node_id, k, v) VALUES (3953, 'hoot:status', '2');
INSERT INTO node_tags (node_id, k, v, version) VALUES (3953, 'hoot:status', '2', 1);
/* create node 3954*/
INSERT INTO nodes (node_id, latitude, longitude, changeset_id, visible, "timestamp", tile, version) VALUES (3954, 185323473, -724776054, 3, true, (now() at time zone 'utc'), 1642347373, 1);
INSERT INTO current_nodes (id, latitude, longitude, changeset_id, visible, "timestamp", tile, version) VALUES (3954, 185323473, -724776054, 3, true, (now() at time zone 'utc'), 1642347373, 1);
INSERT INTO current_node_tags (node_id, k, v) VALUES (3954, 'hoot:id', '3954');
INSERT INTO node_tags (node_id, k, v, version) VALUES (3954, 'hoot:id', '3954', 1);
INSERT INTO current_node_tags (node_id, k, v) VALUES (3954, 'hoot:status', '2');
INSERT INTO node_tags (node_id, k, v, version) VALUES (3954, 'hoot:status', '2', 1);
/* create node 3955*/
INSERT INTO nodes (node_id, latitude, longitude, changeset_id, visible, "timestamp", tile, version) VALUES (3955, 185322931, -724776681, 3, true, (now() at time zone 'utc'), 1642347373, 1);
INSERT INTO current_nodes (id, latitude, longitude, changeset_id, visible, "timestamp", tile, version) VALUES (3955, 185322931, -724776681, 3, true, (now() at time zone 'utc'), 1642347373, 1);
INSERT INTO current_node_tags (node_id, k, v) VALUES (3955, 'hoot:id', '3955');
INSERT INTO node_tags (node_id, k, v, version) VALUES (3955, 'hoot:id', '3955', 1);
INSERT INTO current_node_tags (node_id, k, v) VALUES (3955, 'hoot:status', '2');
INSERT INTO node_tags (node_id, k, v, version) VALUES (3955, 'hoot:status', '2', 1);
/* create node 3956*/
INSERT INTO nodes (node_id, latitude, longitude, changeset_id, visible, "timestamp", tile, version) VALUES (3956, 185321448, -724777508, 3, true, (now() at time zone 'utc'), 1642347373, 1);
INSERT INTO current_nodes (id, latitude, longitude, changeset_id, visible, "timestamp", tile, version) VALUES (3956, 185321448, -724777508, 3, true, (now() at time zone 'utc'), 1642347373, 1);
INSERT INTO current_node_tags (node_id, k, v) VALUES (3956, 'hoot:id', '3956');
INSERT INTO node_tags (node_id, k, v, version) VALUES (3956, 'hoot:id', '3956', 1);
INSERT INTO current_node_tags (node_id, k, v) VALUES (3956, 'hoot:status', '2');
INSERT INTO node_tags (node_id, k, v, version) VALUES (3956, 'hoot:status', '2', 1);
/* create node 3957*/
INSERT INTO nodes (node_id, latitude, longitude, changeset_id, visible, "timestamp", tile, version) VALUES (3957, 185319994, -724778307, 3, true, (now() at time zone 'utc'), 1642347373, 1);
INSERT INTO current_nodes (id, latitude, longitude, changeset_id, visible, "timestamp", tile, version) VALUES (3957, 185319994, -724778307, 3, true, (now() at time zone 'utc'), 1642347373, 1);
INSERT INTO current_node_tags (node_id, k, v) VALUES (3957, 'hoot:id', '3957');
INSERT INTO node_tags (node_id, k, v, version) VALUES (3957, 'hoot:id', '3957', 1);
INSERT INTO current_node_tags (node_id, k, v) VALUES (3957, 'hoot:status', '2');
INSERT INTO node_tags (node_id, k, v, version) VALUES (3957, 'hoot:status', '2', 1);
/* create node 3960*/
INSERT INTO nodes (node_id, latitude, longitude, changeset_id, visible, "timestamp", tile, version) VALUES (3960, 185274081, -724805939, 3, true, (now() at time zone 'utc'), 1642347363, 1);
INSERT INTO current_nodes (id, latitude, longitude, changeset_id, visible, "timestamp", tile, version) VALUES (3960, 185274081, -724805939, 3, true, (now() at time zone 'utc'), 1642347363, 1);
INSERT INTO current_node_tags (node_id, k, v) VALUES (3960, 'hoot:id', '3960');
INSERT INTO node_tags (node_id, k, v, version) VALUES (3960, 'hoot:id', '3960', 1);
INSERT INTO current_node_tags (node_id, k, v) VALUES (3960, 'hoot:status', '1');
INSERT INTO node_tags (node_id, k, v, version) VALUES (3960, 'hoot:status', '1', 1);
/* modify way 158*/
INSERT INTO ways (way_id, changeset_id, visible, "timestamp", version) VALUES (158, 3, true, (now() at time zone 'utc'), 2);
UPDATE current_ways SET changeset_id=3, visible=true, "timestamp"=(now() at time zone 'utc'), version=2 WHERE id=158;
DELETE FROM current_way_tags WHERE way_id = 158;
DELETE FROM way_tags WHERE way_id = 158;
INSERT INTO current_way_tags (way_id, k, v) VALUES (158, 'hoot:status', '3');
INSERT INTO way_tags (way_id, k, v, version) VALUES (158, 'hoot:status', '3', 2);
INSERT INTO current_way_tags (way_id, k, v) VALUES (158, 'source', 'geoeye');
INSERT INTO way_tags (way_id, k, v, version) VALUES (158, 'source', 'geoeye', 2);
INSERT INTO current_way_tags (way_id, k, v) VALUES (158, 'source:horiz_accuracy_cat', 'accurate');
INSERT INTO way_tags (way_id, k, v, version) VALUES (158, 'source:horiz_accuracy_cat', 'accurate', 2);
INSERT INTO current_way_tags (way_id, k, v) VALUES (158, 'status', 'functional');
INSERT INTO way_tags (way_id, k, v, version) VALUES (158, 'status', 'functional', 2);
INSERT INTO current_way_tags (way_id, k, v) VALUES (158, 'highway:min_width', '3');
INSERT INTO way_tags (way_id, k, v, version) VALUES (158, 'highway:min_width', '3', 2);
INSERT INTO current_way_tags (way_id, k, v) VALUES (158, 'source:date_time', '2010-01-13');
INSERT INTO way_tags (way_id, k, v, version) VALUES (158, 'source:date_time', '2010-01-13', 2);
INSERT INTO current_way_tags (way_id, k, v) VALUES (158, 'lanes', '1');
INSERT INTO way_tags (way_id, k, v, version) VALUES (158, 'lanes', '1', 2);
INSERT INTO current_way_tags (way_id, k, v) VALUES (158, 'seasonal', 'no');
INSERT INTO way_tags (way_id, k, v, version) VALUES (158, 'seasonal', 'no', 2);
INSERT INTO current_way_tags (way_id, k, v) VALUES (158, 'source:vertical_source_category', 'no_elevations');
INSERT INTO way_tags (way_id, k, v, version) VALUES (158, 'source:vertical_source_category', 'no_elevations', 2);
INSERT INTO current_way_tags (way_id, k, v) VALUES (158, 'source:name', 'very_high_resolution_commercial_monoscopic_imagery');
INSERT INTO way_tags (way_id, k, v, version) VALUES (158, 'source:name', 'very_high_resolution_commercial_monoscopic_imagery', 2);
INSERT INTO current_way_tags (way_id, k, v) VALUES (158, 'surface', 'unpaved');
INSERT INTO way_tags (way_id, k, v, version) VALUES (158, 'surface', 'unpaved', 2);
INSERT INTO current_way_tags (way_id, k, v) VALUES (158, 'source:abs_horiz_accuracy', '25');
INSERT INTO way_tags (way_id, k, v, version) VALUES (158, 'source:abs_horiz_accuracy', '25', 2);
INSERT INTO current_way_tags (way_id, k, v) VALUES (158, 'median', 'no');
INSERT INTO way_tags (way_id, k, v, version) VALUES (158, 'median', 'no', 2);
INSERT INTO current_way_tags (way_id, k, v) VALUES (158, 'source:copyright', ' 2010. Her Majesty the Queen in Right of Canada.');
INSERT INTO way_tags (way_id, k, v, version) VALUES (158, 'source:copyright', ' 2010. Her Majesty the Queen in Right of Canada.', 2);
INSERT INTO current_way_tags (way_id, k, v) VALUES (158, 'source:abs_vert_accuracy_eval', 'NA');
INSERT INTO way_tags (way_id, k, v, version) VALUES (158, 'source:abs_vert_accuracy_eval', 'NA', 2);
INSERT INTO current_way_tags (way_id, k, v) VALUES (158, 'source:description', 'IKONOS Imagery');
INSERT INTO way_tags (way_id, k, v, version) VALUES (158, 'source:description', 'IKONOS Imagery', 2);
INSERT INTO current_way_tags (way_id, k, v) VALUES (158, 'source:review_source_type', 'NA');
INSERT INTO way_tags (way_id, k, v, version) VALUES (158, 'source:review_source_type', 'NA', 2);
INSERT INTO current_way_tags (way_id, k, v) VALUES (158, 'REF2', 'todo');
INSERT INTO way_tags (way_id, k, v, version) VALUES (158, 'REF2', 'todo', 2);
INSERT INTO current_way_tags (way_id, k, v) VALUES (158, 'highway', 'path');
INSERT INTO way_tags (way_id, k, v, version) VALUES (158, 'highway', 'path', 2);
INSERT INTO current_way_tags (way_id, k, v) VALUES (158, 'source:datetime', '2010-01-18T18:46:23.000Z;2016-09-29T18:41:47Z');
INSERT INTO way_tags (way_id, k, v, version) VALUES (158, 'source:datetime', '2010-01-18T18:46:23.000Z;2016-09-29T18:41:47Z', 2);
INSERT INTO current_way_tags (way_id, k, v) VALUES (158, 'source:abs_horiz_accuracy_eval', 'emc_product_specification');
INSERT INTO way_tags (way_id, k, v, version) VALUES (158, 'source:abs_horiz_accuracy_eval', 'emc_product_specification', 2);
INSERT INTO current_way_tags (way_id, k, v) VALUES (158, 'location', 'surface');
INSERT INTO way_tags (way_id, k, v, version) VALUES (158, 'location', 'surface', 2);
INSERT INTO current_way_tags (way_id, k, v) VALUES (158, 'source:abs_vert_accuracy', '-32765');
INSERT INTO way_tags (way_id, k, v, version) VALUES (158, 'source:abs_vert_accuracy', '-32765', 2);
INSERT INTO current_way_tags (way_id, k, v) VALUES (158, 'hoot:id', '158');
INSERT INTO way_tags (way_id, k, v, version) VALUES (158, 'hoot:id', '158', 2);
DELETE FROM current_way_nodes WHERE way_id = 158;
DELETE FROM way_nodes WHERE way_id = 158;
INSERT INTO way_nodes (way_id, node_id, version, sequence_id) VALUES (158, 3960, 1, 1);
INSERT INTO current_way_nodes (way_id, node_id, sequence_id) VALUES (158, 3960, 1);
INSERT INTO way_nodes (way_id, node_id, version, sequence_id) VALUES (158, 1454, 1, 2);
INSERT INTO current_way_nodes (way_id, node_id, sequence_id) VALUES (158, 1454, 2);
INSERT INTO way_nodes (way_id, node_id, version, sequence_id) VALUES (158, 1455, 1, 3);
INSERT INTO current_way_nodes (way_id, node_id, sequence_id) VALUES (158, 1455, 3);
INSERT INTO way_nodes (way_id, node_id, version, sequence_id) VALUES (158, 1456, 1, 4);
INSERT INTO current_way_nodes (way_id, node_id, sequence_id) VALUES (158, 1456, 4);
INSERT INTO way_nodes (way_id, node_id, version, sequence_id) VALUES (158, 1457, 1, 5);
INSERT INTO current_way_nodes (way_id, node_id, sequence_id) VALUES (158, 1457, 5);
INSERT INTO way_nodes (way_id, node_id, version, sequence_id) VALUES (158, 1458, 1, 6);
INSERT INTO current_way_nodes (way_id, node_id, sequence_id) VALUES (158, 1458, 6);
INSERT INTO way_nodes (way_id, node_id, version, sequence_id) VALUES (158, 1459, 1, 7);
INSERT INTO current_way_nodes (way_id, node_id, sequence_id) VALUES (158, 1459, 7);
INSERT INTO way_nodes (way_id, node_id, version, sequence_id) VALUES (158, 1460, 1, 8);
INSERT INTO current_way_nodes (way_id, node_id, sequence_id) VALUES (158, 1460, 8);
INSERT INTO way_nodes (way_id, node_id, version, sequence_id) VALUES (158, 1461, 1, 9);
INSERT INTO current_way_nodes (way_id, node_id, sequence_id) VALUES (158, 1461, 9);
INSERT INTO way_nodes (way_id, node_id, version, sequence_id) VALUES (158, 1472, 1, 10);
INSERT INTO current_way_nodes (way_id, node_id, sequence_id) VALUES (158, 1472, 10);
INSERT INTO way_nodes (way_id, node_id, version, sequence_id) VALUES (158, 1473, 1, 11);
INSERT INTO current_way_nodes (way_id, node_id, sequence_id) VALUES (158, 1473, 11);
INSERT INTO way_nodes (way_id, node_id, version, sequence_id) VALUES (158, 1474, 1, 12);
INSERT INTO current_way_nodes (way_id, node_id, sequence_id) VALUES (158, 1474, 12);
INSERT INTO way_nodes (way_id, node_id, version, sequence_id) VALUES (158, 1475, 1, 13);
INSERT INTO current_way_nodes (way_id, node_id, sequence_id) VALUES (158, 1475, 13);
INSERT INTO way_nodes (way_id, node_id, version, sequence_id) VALUES (158, 1476, 1, 14);
INSERT INTO current_way_nodes (way_id, node_id, sequence_id) VALUES (158, 1476, 14);
INSERT INTO way_nodes (way_id, node_id, version, sequence_id) VALUES (158, 1477, 1, 15);
INSERT INTO current_way_nodes (way_id, node_id, sequence_id) VALUES (158, 1477, 15);
INSERT INTO way_nodes (way_id, node_id, version, sequence_id) VALUES (158, 1478, 1, 16);
INSERT INTO current_way_nodes (way_id, node_id, sequence_id) VALUES (158, 1478, 16);
INSERT INTO way_nodes (way_id, node_id, version, sequence_id) VALUES (158, 1479, 1, 17);
INSERT INTO current_way_nodes (way_id, node_id, sequence_id) VALUES (158, 1479, 17);
INSERT INTO way_nodes (way_id, node_id, version, sequence_id) VALUES (158, 1480, 1, 18);
INSERT INTO current_way_nodes (way_id, node_id, sequence_id) VALUES (158, 1480, 18);
INSERT INTO way_nodes (way_id, node_id, version, sequence_id) VALUES (158, 1481, 1, 19);
INSERT INTO current_way_nodes (way_id, node_id, sequence_id) VALUES (158, 1481, 19);
INSERT INTO way_nodes (way_id, node_id, version, sequence_id) VALUES (158, 1482, 1, 20);
INSERT INTO current_way_nodes (way_id, node_id, sequence_id) VALUES (158, 1482, 20);
INSERT INTO way_nodes (way_id, node_id, version, sequence_id) VALUES (158, 1483, 1, 21);
INSERT INTO current_way_nodes (way_id, node_id, sequence_id) VALUES (158, 1483, 21);
INSERT INTO way_nodes (way_id, node_id, version, sequence_id) VALUES (158, 1484, 1, 22);
INSERT INTO current_way_nodes (way_id, node_id, sequence_id) VALUES (158, 1484, 22);
INSERT INTO way_nodes (way_id, node_id, version, sequence_id) VALUES (158, 1485, 1, 23);
INSERT INTO current_way_nodes (way_id, node_id, sequence_id) VALUES (158, 1485, 23);
INSERT INTO way_nodes (way_id, node_id, version, sequence_id) VALUES (158, 1486, 1, 24);
INSERT INTO current_way_nodes (way_id, node_id, sequence_id) VALUES (158, 1486, 24);
INSERT INTO way_nodes (way_id, node_id, version, sequence_id) VALUES (158, 1487, 1, 25);
INSERT INTO current_way_nodes (way_id, node_id, sequence_id) VALUES (158, 1487, 25);
INSERT INTO way_nodes (way_id, node_id, version, sequence_id) VALUES (158, 1488, 1, 26);
INSERT INTO current_way_nodes (way_id, node_id, sequence_id) VALUES (158, 1488, 26);
INSERT INTO way_nodes (way_id, node_id, version, sequence_id) VALUES (158, 1489, 1, 27);
INSERT INTO current_way_nodes (way_id, node_id, sequence_id) VALUES (158, 1489, 27);
INSERT INTO way_nodes (way_id, node_id, version, sequence_id) VALUES (158, 1490, 1, 28);
INSERT INTO current_way_nodes (way_id, node_id, sequence_id) VALUES (158, 1490, 28);
INSERT INTO way_nodes (way_id, node_id, version, sequence_id) VALUES (158, 1491, 1, 29);
INSERT INTO current_way_nodes (way_id, node_id, sequence_id) VALUES (158, 1491, 29);
INSERT INTO way_nodes (way_id, node_id, version, sequence_id) VALUES (158, 1492, 1, 30);
INSERT INTO current_way_nodes (way_id, node_id, sequence_id) VALUES (158, 1492, 30);
INSERT INTO way_nodes (way_id, node_id, version, sequence_id) VALUES (158, 1493, 1, 31);
INSERT INTO current_way_nodes (way_id, node_id, sequence_id) VALUES (158, 1493, 31);
INSERT INTO way_nodes (way_id, node_id, version, sequence_id) VALUES (158, 1494, 1, 32);
INSERT INTO current_way_nodes (way_id, node_id, sequence_id) VALUES (158, 1494, 32);
INSERT INTO way_nodes (way_id, node_id, version, sequence_id) VALUES (158, 1495, 1, 33);
INSERT INTO current_way_nodes (way_id, node_id, sequence_id) VALUES (158, 1495, 33);
INSERT INTO way_nodes (way_id, node_id, version, sequence_id) VALUES (158, 1496, 1, 34);
INSERT INTO current_way_nodes (way_id, node_id, sequence_id) VALUES (158, 1496, 34);
INSERT INTO way_nodes (way_id, node_id, version, sequence_id) VALUES (158, 1497, 1, 35);
INSERT INTO current_way_nodes (way_id, node_id, sequence_id) VALUES (158, 1497, 35);
INSERT INTO way_nodes (way_id, node_id, version, sequence_id) VALUES (158, 1498, 1, 36);
INSERT INTO current_way_nodes (way_id, node_id, sequence_id) VALUES (158, 1498, 36);
INSERT INTO way_nodes (way_id, node_id, version, sequence_id) VALUES (158, 1499, 1, 37);
INSERT INTO current_way_nodes (way_id, node_id, sequence_id) VALUES (158, 1499, 37);
INSERT INTO way_nodes (way_id, node_id, version, sequence_id) VALUES (158, 1500, 1, 38);
INSERT INTO current_way_nodes (way_id, node_id, sequence_id) VALUES (158, 1500, 38);
INSERT INTO way_nodes (way_id, node_id, version, sequence_id) VALUES (158, 1501, 1, 39);
INSERT INTO current_way_nodes (way_id, node_id, sequence_id) VALUES (158, 1501, 39);
INSERT INTO way_nodes (way_id, node_id, version, sequence_id) VALUES (158, 1502, 1, 40);
INSERT INTO current_way_nodes (way_id, node_id, sequence_id) VALUES (158, 1502, 40);
INSERT INTO way_nodes (way_id, node_id, version, sequence_id) VALUES (158, 1503, 1, 41);
INSERT INTO current_way_nodes (way_id, node_id, sequence_id) VALUES (158, 1503, 41);
INSERT INTO way_nodes (way_id, node_id, version, sequence_id) VALUES (158, 1504, 1, 42);
INSERT INTO current_way_nodes (way_id, node_id, sequence_id) VALUES (158, 1504, 42);
INSERT INTO way_nodes (way_id, node_id, version, sequence_id) VALUES (158, 1505, 1, 43);
INSERT INTO current_way_nodes (way_id, node_id, sequence_id) VALUES (158, 1505, 43);
INSERT INTO way_nodes (way_id, node_id, version, sequence_id) VALUES (158, 1506, 1, 44);
INSERT INTO current_way_nodes (way_id, node_id, sequence_id) VALUES (158, 1506, 44);
INSERT INTO way_nodes (way_id, node_id, version, sequence_id) VALUES (158, 1507, 1, 45);
INSERT INTO current_way_nodes (way_id, node_id, sequence_id) VALUES (158, 1507, 45);
INSERT INTO way_nodes (way_id, node_id, version, sequence_id) VALUES (158, 1508, 1, 46);
INSERT INTO current_way_nodes (way_id, node_id, sequence_id) VALUES (158, 1508, 46);
INSERT INTO way_nodes (way_id, node_id, version, sequence_id) VALUES (158, 1509, 1, 47);
INSERT INTO current_way_nodes (way_id, node_id, sequence_id) VALUES (158, 1509, 47);
/* create way 380*/
INSERT INTO ways (way_id, changeset_id, visible, "timestamp", version) VALUES (380, 3, true, (now() at time zone 'utc'), 1);
INSERT INTO current_ways (id, changeset_id, visible, "timestamp", version) VALUES (380, 3, true, (now() at time zone 'utc'), 1);
INSERT INTO current_way_tags (way_id, k, v) VALUES (380, 'hoot:status', '2');
INSERT INTO way_tags (way_id, k, v, version) VALUES (380, 'hoot:status', '2', 1);
INSERT INTO current_way_tags (way_id, k, v) VALUES (380, 'source:horiz_accuracy_cat', 'accurate');
INSERT INTO way_tags (way_id, k, v, version) VALUES (380, 'source:horiz_accuracy_cat', 'accurate', 1);
INSERT INTO current_way_tags (way_id, k, v) VALUES (380, 'status', 'functional');
INSERT INTO way_tags (way_id, k, v, version) VALUES (380, 'status', 'functional', 1);
INSERT INTO current_way_tags (way_id, k, v) VALUES (380, 'highway:min_width', '3');
INSERT INTO way_tags (way_id, k, v, version) VALUES (380, 'highway:min_width', '3', 1);
INSERT INTO current_way_tags (way_id, k, v) VALUES (380, 'source:date_time', '2010-01-13');
INSERT INTO way_tags (way_id, k, v, version) VALUES (380, 'source:date_time', '2010-01-13', 1);
INSERT INTO current_way_tags (way_id, k, v) VALUES (380, 'lanes', '1');
INSERT INTO way_tags (way_id, k, v, version) VALUES (380, 'lanes', '1', 1);
INSERT INTO current_way_tags (way_id, k, v) VALUES (380, 'seasonal', 'no');
INSERT INTO way_tags (way_id, k, v, version) VALUES (380, 'seasonal', 'no', 1);
INSERT INTO current_way_tags (way_id, k, v) VALUES (380, 'source:vertical_source_category', 'no_elevations');
INSERT INTO way_tags (way_id, k, v, version) VALUES (380, 'source:vertical_source_category', 'no_elevations', 1);
INSERT INTO current_way_tags (way_id, k, v) VALUES (380, 'source:name', 'very_high_resolution_commercial_monoscopic_imagery');
INSERT INTO way_tags (way_id, k, v, version) VALUES (380, 'source:name', 'very_high_resolution_commercial_monoscopic_imagery', 1);
INSERT INTO current_way_tags (way_id, k, v) VALUES (380, 'surface', 'unpaved');
INSERT INTO way_tags (way_id, k, v, version) VALUES (380, 'surface', 'unpaved', 1);
INSERT INTO current_way_tags (way_id, k, v) VALUES (380, 'source:abs_horiz_accuracy', '25');
INSERT INTO way_tags (way_id, k, v, version) VALUES (380, 'source:abs_horiz_accuracy', '25', 1);
INSERT INTO current_way_tags (way_id, k, v) VALUES (380, 'median', 'no');
INSERT INTO way_tags (way_id, k, v, version) VALUES (380, 'median', 'no', 1);
INSERT INTO current_way_tags (way_id, k, v) VALUES (380, 'source:copyright', ' 2010. Her Majesty the Queen in Right of Canada.');
INSERT INTO way_tags (way_id, k, v, version) VALUES (380, 'source:copyright', ' 2010. Her Majesty the Queen in Right of Canada.', 1);
INSERT INTO current_way_tags (way_id, k, v) VALUES (380, 'source:abs_vert_accuracy_eval', 'NA');
INSERT INTO way_tags (way_id, k, v, version) VALUES (380, 'source:abs_vert_accuracy_eval', 'NA', 1);
INSERT INTO current_way_tags (way_id, k, v) VALUES (380, 'source:description', 'IKONOS Imagery');
INSERT INTO way_tags (way_id, k, v, version) VALUES (380, 'source:description', 'IKONOS Imagery', 1);
INSERT INTO current_way_tags (way_id, k, v) VALUES (380, 'source:review_source_type', 'NA');
INSERT INTO way_tags (way_id, k, v, version) VALUES (380, 'source:review_source_type', 'NA', 1);
INSERT INTO current_way_tags (way_id, k, v) VALUES (380, 'REF2', 'todo');
INSERT INTO way_tags (way_id, k, v, version) VALUES (380, 'REF2', 'todo', 1);
INSERT INTO current_way_tags (way_id, k, v) VALUES (380, 'highway', 'road');
INSERT INTO way_tags (way_id, k, v, version) VALUES (380, 'highway', 'road', 1);
INSERT INTO current_way_tags (way_id, k, v) VALUES (380, 'source:datetime', '2016-09-29T18:41:47Z');
INSERT INTO way_tags (way_id, k, v, version) VALUES (380, 'source:datetime', '2016-09-29T18:41:47Z', 1);
INSERT INTO current_way_tags (way_id, k, v) VALUES (380, 'source:abs_horiz_accuracy_eval', 'emc_product_specification');
INSERT INTO way_tags (way_id, k, v, version) VALUES (380, 'source:abs_horiz_accuracy_eval', 'emc_product_specification', 1);
INSERT INTO current_way_tags (way_id, k, v) VALUES (380, 'location', 'surface');
INSERT INTO way_tags (way_id, k, v, version) VALUES (380, 'location', 'surface', 1);
INSERT INTO current_way_tags (way_id, k, v) VALUES (380, 'source:abs_vert_accuracy', '-32765');
INSERT INTO way_tags (way_id, k, v, version) VALUES (380, 'source:abs_vert_accuracy', '-32765', 1);
INSERT INTO current_way_tags (way_id, k, v) VALUES (380, 'hoot:id', '380');
INSERT INTO way_tags (way_id, k, v, version) VALUES (380, 'hoot:id', '380', 1);
INSERT INTO way_nodes (way_id, node_id, version, sequence_id) VALUES (380, 3960, 1, 1);
INSERT INTO current_way_nodes (way_id, node_id, sequence_id) VALUES (380, 3960, 1);
INSERT INTO way_nodes (way_id, node_id, version, sequence_id) VALUES (380, 3823, 1, 2);
INSERT INTO current_way_nodes (way_id, node_id, sequence_id) VALUES (380, 3823, 2);
/* create way 381*/
INSERT INTO ways (way_id, changeset_id, visible, "timestamp", version) VALUES (381, 3, true, (now() at time zone 'utc'), 1);
INSERT INTO current_ways (id, changeset_id, visible, "timestamp", version) VALUES (381, 3, true, (now() at time zone 'utc'), 1);
INSERT INTO current_way_tags (way_id, k, v) VALUES (381, 'hoot:status', '2');
INSERT INTO way_tags (way_id, k, v, version) VALUES (381, 'hoot:status', '2', 1);
INSERT INTO current_way_tags (way_id, k, v) VALUES (381, 'source:horiz_accuracy_cat', 'accurate');
INSERT INTO way_tags (way_id, k, v, version) VALUES (381, 'source:horiz_accuracy_cat', 'accurate', 1);
INSERT INTO current_way_tags (way_id, k, v) VALUES (381, 'status', 'functional');
INSERT INTO way_tags (way_id, k, v, version) VALUES (381, 'status', 'functional', 1);
INSERT INTO current_way_tags (way_id, k, v) VALUES (381, 'highway:min_width', '3');
INSERT INTO way_tags (way_id, k, v, version) VALUES (381, 'highway:min_width', '3', 1);
INSERT INTO current_way_tags (way_id, k, v) VALUES (381, 'source:date_time', '2010-01-13');
INSERT INTO way_tags (way_id, k, v, version) VALUES (381, 'source:date_time', '2010-01-13', 1);
INSERT INTO current_way_tags (way_id, k, v) VALUES (381, 'lanes', '1');
INSERT INTO way_tags (way_id, k, v, version) VALUES (381, 'lanes', '1', 1);
INSERT INTO current_way_tags (way_id, k, v) VALUES (381, 'seasonal', 'no');
INSERT INTO way_tags (way_id, k, v, version) VALUES (381, 'seasonal', 'no', 1);
INSERT INTO current_way_tags (way_id, k, v) VALUES (381, 'source:vertical_source_category', 'no_elevations');
INSERT INTO way_tags (way_id, k, v, version) VALUES (381, 'source:vertical_source_category', 'no_elevations', 1);
INSERT INTO current_way_tags (way_id, k, v) VALUES (381, 'source:name', 'very_high_resolution_commercial_monoscopic_imagery');
INSERT INTO way_tags (way_id, k, v, version) VALUES (381, 'source:name', 'very_high_resolution_commercial_monoscopic_imagery', 1);
INSERT INTO current_way_tags (way_id, k, v) VALUES (381, 'surface', 'unpaved');
INSERT INTO way_tags (way_id, k, v, version) VALUES (381, 'surface', 'unpaved', 1);
INSERT INTO current_way_tags (way_id, k, v) VALUES (381, 'source:abs_horiz_accuracy', '25');
INSERT INTO way_tags (way_id, k, v, version) VALUES (381, 'source:abs_horiz_accuracy', '25', 1);
INSERT INTO current_way_tags (way_id, k, v) VALUES (381, 'median', 'no');
INSERT INTO way_tags (way_id, k, v, version) VALUES (381, 'median', 'no', 1);
INSERT INTO current_way_tags (way_id, k, v) VALUES (381, 'source:copyright', ' 2010. Her Majesty the Queen in Right of Canada.');
INSERT INTO way_tags (way_id, k, v, version) VALUES (381, 'source:copyright', ' 2010. Her Majesty the Queen in Right of Canada.', 1);
INSERT INTO current_way_tags (way_id, k, v) VALUES (381, 'source:abs_vert_accuracy_eval', 'NA');
INSERT INTO way_tags (way_id, k, v, version) VALUES (381, 'source:abs_vert_accuracy_eval', 'NA', 1);
INSERT INTO current_way_tags (way_id, k, v) VALUES (381, 'source:description', 'IKONOS Imagery');
INSERT INTO way_tags (way_id, k, v, version) VALUES (381, 'source:description', 'IKONOS Imagery', 1);
INSERT INTO current_way_tags (way_id, k, v) VALUES (381, 'source:review_source_type', 'NA');
INSERT INTO way_tags (way_id, k, v, version) VALUES (381, 'source:review_source_type', 'NA', 1);
INSERT INTO current_way_tags (way_id, k, v) VALUES (381, 'REF2', 'todo');
INSERT INTO way_tags (way_id, k, v, version) VALUES (381, 'REF2', 'todo', 1);
INSERT INTO current_way_tags (way_id, k, v) VALUES (381, 'highway', 'road');
INSERT INTO way_tags (way_id, k, v, version) VALUES (381, 'highway', 'road', 1);
INSERT INTO current_way_tags (way_id, k, v) VALUES (381, 'source:datetime', '2016-09-29T18:41:47Z');
INSERT INTO way_tags (way_id, k, v, version) VALUES (381, 'source:datetime', '2016-09-29T18:41:47Z', 1);
INSERT INTO current_way_tags (way_id, k, v) VALUES (381, 'source:abs_horiz_accuracy_eval', 'emc_product_specification');
INSERT INTO way_tags (way_id, k, v, version) VALUES (381, 'source:abs_horiz_accuracy_eval', 'emc_product_specification', 1);
INSERT INTO current_way_tags (way_id, k, v) VALUES (381, 'location', 'surface');
INSERT INTO way_tags (way_id, k, v, version) VALUES (381, 'location', 'surface', 1);
INSERT INTO current_way_tags (way_id, k, v) VALUES (381, 'source:abs_vert_accuracy', '-32765');
INSERT INTO way_tags (way_id, k, v, version) VALUES (381, 'source:abs_vert_accuracy', '-32765', 1);
INSERT INTO current_way_tags (way_id, k, v) VALUES (381, 'hoot:id', '381');
INSERT INTO way_tags (way_id, k, v, version) VALUES (381, 'hoot:id', '381', 1);
INSERT INTO way_nodes (way_id, node_id, version, sequence_id) VALUES (381, 3893, 1, 1);
INSERT INTO current_way_nodes (way_id, node_id, sequence_id) VALUES (381, 3893, 1);
INSERT INTO way_nodes (way_id, node_id, version, sequence_id) VALUES (381, 3894, 1, 2);
INSERT INTO current_way_nodes (way_id, node_id, sequence_id) VALUES (381, 3894, 2);
INSERT INTO way_nodes (way_id, node_id, version, sequence_id) VALUES (381, 3895, 1, 3);
INSERT INTO current_way_nodes (way_id, node_id, sequence_id) VALUES (381, 3895, 3);
INSERT INTO way_nodes (way_id, node_id, version, sequence_id) VALUES (381, 3896, 1, 4);
INSERT INTO current_way_nodes (way_id, node_id, sequence_id) VALUES (381, 3896, 4);
INSERT INTO way_nodes (way_id, node_id, version, sequence_id) VALUES (381, 3897, 1, 5);
INSERT INTO current_way_nodes (way_id, node_id, sequence_id) VALUES (381, 3897, 5);
INSERT INTO way_nodes (way_id, node_id, version, sequence_id) VALUES (381, 3898, 1, 6);
INSERT INTO current_way_nodes (way_id, node_id, sequence_id) VALUES (381, 3898, 6);
INSERT INTO way_nodes (way_id, node_id, version, sequence_id) VALUES (381, 3899, 1, 7);
INSERT INTO current_way_nodes (way_id, node_id, sequence_id) VALUES (381, 3899, 7);
INSERT INTO way_nodes (way_id, node_id, version, sequence_id) VALUES (381, 3900, 1, 8);
INSERT INTO current_way_nodes (way_id, node_id, sequence_id) VALUES (381, 3900, 8);
INSERT INTO way_nodes (way_id, node_id, version, sequence_id) VALUES (381, 3901, 1, 9);
INSERT INTO current_way_nodes (way_id, node_id, sequence_id) VALUES (381, 3901, 9);
INSERT INTO way_nodes (way_id, node_id, version, sequence_id) VALUES (381, 3902, 1, 10);
INSERT INTO current_way_nodes (way_id, node_id, sequence_id) VALUES (381, 3902, 10);
INSERT INTO way_nodes (way_id, node_id, version, sequence_id) VALUES (381, 3903, 1, 11);
INSERT INTO current_way_nodes (way_id, node_id, sequence_id) VALUES (381, 3903, 11);
INSERT INTO way_nodes (way_id, node_id, version, sequence_id) VALUES (381, 3904, 1, 12);
INSERT INTO current_way_nodes (way_id, node_id, sequence_id) VALUES (381, 3904, 12);
INSERT INTO way_nodes (way_id, node_id, version, sequence_id) VALUES (381, 3905, 1, 13);
INSERT INTO current_way_nodes (way_id, node_id, sequence_id) VALUES (381, 3905, 13);
INSERT INTO way_nodes (way_id, node_id, version, sequence_id) VALUES (381, 3906, 1, 14);
INSERT INTO current_way_nodes (way_id, node_id, sequence_id) VALUES (381, 3906, 14);
INSERT INTO way_nodes (way_id, node_id, version, sequence_id) VALUES (381, 3907, 1, 15);
INSERT INTO current_way_nodes (way_id, node_id, sequence_id) VALUES (381, 3907, 15);
INSERT INTO way_nodes (way_id, node_id, version, sequence_id) VALUES (381, 3908, 1, 16);
INSERT INTO current_way_nodes (way_id, node_id, sequence_id) VALUES (381, 3908, 16);
INSERT INTO way_nodes (way_id, node_id, version, sequence_id) VALUES (381, 3909, 1, 17);
INSERT INTO current_way_nodes (way_id, node_id, sequence_id) VALUES (381, 3909, 17);
INSERT INTO way_nodes (way_id, node_id, version, sequence_id) VALUES (381, 3910, 1, 18);
INSERT INTO current_way_nodes (way_id, node_id, sequence_id) VALUES (381, 3910, 18);
INSERT INTO way_nodes (way_id, node_id, version, sequence_id) VALUES (381, 3911, 1, 19);
INSERT INTO current_way_nodes (way_id, node_id, sequence_id) VALUES (381, 3911, 19);
INSERT INTO way_nodes (way_id, node_id, version, sequence_id) VALUES (381, 3912, 1, 20);
INSERT INTO current_way_nodes (way_id, node_id, sequence_id) VALUES (381, 3912, 20);
INSERT INTO way_nodes (way_id, node_id, version, sequence_id) VALUES (381, 3913, 1, 21);
INSERT INTO current_way_nodes (way_id, node_id, sequence_id) VALUES (381, 3913, 21);
INSERT INTO way_nodes (way_id, node_id, version, sequence_id) VALUES (381, 3914, 1, 22);
INSERT INTO current_way_nodes (way_id, node_id, sequence_id) VALUES (381, 3914, 22);
INSERT INTO way_nodes (way_id, node_id, version, sequence_id) VALUES (381, 3915, 1, 23);
INSERT INTO current_way_nodes (way_id, node_id, sequence_id) VALUES (381, 3915, 23);
INSERT INTO way_nodes (way_id, node_id, version, sequence_id) VALUES (381, 3916, 1, 24);
INSERT INTO current_way_nodes (way_id, node_id, sequence_id) VALUES (381, 3916, 24);
INSERT INTO way_nodes (way_id, node_id, version, sequence_id) VALUES (381, 3917, 1, 25);
INSERT INTO current_way_nodes (way_id, node_id, sequence_id) VALUES (381, 3917, 25);
INSERT INTO way_nodes (way_id, node_id, version, sequence_id) VALUES (381, 3918, 1, 26);
INSERT INTO current_way_nodes (way_id, node_id, sequence_id) VALUES (381, 3918, 26);
INSERT INTO way_nodes (way_id, node_id, version, sequence_id) VALUES (381, 3919, 1, 27);
INSERT INTO current_way_nodes (way_id, node_id, sequence_id) VALUES (381, 3919, 27);
INSERT INTO way_nodes (way_id, node_id, version, sequence_id) VALUES (381, 3920, 1, 28);
INSERT INTO current_way_nodes (way_id, node_id, sequence_id) VALUES (381, 3920, 28);
INSERT INTO way_nodes (way_id, node_id, version, sequence_id) VALUES (381, 3921, 1, 29);
INSERT INTO current_way_nodes (way_id, node_id, sequence_id) VALUES (381, 3921, 29);
INSERT INTO way_nodes (way_id, node_id, version, sequence_id) VALUES (381, 3922, 1, 30);
INSERT INTO current_way_nodes (way_id, node_id, sequence_id) VALUES (381, 3922, 30);
INSERT INTO way_nodes (way_id, node_id, version, sequence_id) VALUES (381, 3923, 1, 31);
INSERT INTO current_way_nodes (way_id, node_id, sequence_id) VALUES (381, 3923, 31);
INSERT INTO way_nodes (way_id, node_id, version, sequence_id) VALUES (381, 3924, 1, 32);
INSERT INTO current_way_nodes (way_id, node_id, sequence_id) VALUES (381, 3924, 32);
INSERT INTO way_nodes (way_id, node_id, version, sequence_id) VALUES (381, 3925, 1, 33);
INSERT INTO current_way_nodes (way_id, node_id, sequence_id) VALUES (381, 3925, 33);
INSERT INTO way_nodes (way_id, node_id, version, sequence_id) VALUES (381, 3926, 1, 34);
INSERT INTO current_way_nodes (way_id, node_id, sequence_id) VALUES (381, 3926, 34);
INSERT INTO way_nodes (way_id, node_id, version, sequence_id) VALUES (381, 3927, 1, 35);
INSERT INTO current_way_nodes (way_id, node_id, sequence_id) VALUES (381, 3927, 35);
INSERT INTO way_nodes (way_id, node_id, version, sequence_id) VALUES (381, 3928, 1, 36);
INSERT INTO current_way_nodes (way_id, node_id, sequence_id) VALUES (381, 3928, 36);
INSERT INTO way_nodes (way_id, node_id, version, sequence_id) VALUES (381, 3929, 1, 37);
INSERT INTO current_way_nodes (way_id, node_id, sequence_id) VALUES (381, 3929, 37);
INSERT INTO way_nodes (way_id, node_id, version, sequence_id) VALUES (381, 3930, 1, 38);
INSERT INTO current_way_nodes (way_id, node_id, sequence_id) VALUES (381, 3930, 38);
INSERT INTO way_nodes (way_id, node_id, version, sequence_id) VALUES (381, 3931, 1, 39);
INSERT INTO current_way_nodes (way_id, node_id, sequence_id) VALUES (381, 3931, 39);
INSERT INTO way_nodes (way_id, node_id, version, sequence_id) VALUES (381, 3932, 1, 40);
INSERT INTO current_way_nodes (way_id, node_id, sequence_id) VALUES (381, 3932, 40);
INSERT INTO way_nodes (way_id, node_id, version, sequence_id) VALUES (381, 3933, 1, 41);
INSERT INTO current_way_nodes (way_id, node_id, sequence_id) VALUES (381, 3933, 41);
INSERT INTO way_nodes (way_id, node_id, version, sequence_id) VALUES (381, 3934, 1, 42);
INSERT INTO current_way_nodes (way_id, node_id, sequence_id) VALUES (381, 3934, 42);
INSERT INTO way_nodes (way_id, node_id, version, sequence_id) VALUES (381, 3935, 1, 43);
INSERT INTO current_way_nodes (way_id, node_id, sequence_id) VALUES (381, 3935, 43);
INSERT INTO way_nodes (way_id, node_id, version, sequence_id) VALUES (381, 3936, 1, 44);
INSERT INTO current_way_nodes (way_id, node_id, sequence_id) VALUES (381, 3936, 44);
INSERT INTO way_nodes (way_id, node_id, version, sequence_id) VALUES (381, 3937, 1, 45);
INSERT INTO current_way_nodes (way_id, node_id, sequence_id) VALUES (381, 3937, 45);
INSERT INTO way_nodes (way_id, node_id, version, sequence_id) VALUES (381, 3938, 1, 46);
INSERT INTO current_way_nodes (way_id, node_id, sequence_id) VALUES (381, 3938, 46);
INSERT INTO way_nodes (way_id, node_id, version, sequence_id) VALUES (381, 3939, 1, 47);
INSERT INTO current_way_nodes (way_id, node_id, sequence_id) VALUES (381, 3939, 47);
INSERT INTO way_nodes (way_id, node_id, version, sequence_id) VALUES (381, 3940, 1, 48);
INSERT INTO current_way_nodes (way_id, node_id, sequence_id) VALUES (381, 3940, 48);
INSERT INTO way_nodes (way_id, node_id, version, sequence_id) VALUES (381, 3941, 1, 49);
INSERT INTO current_way_nodes (way_id, node_id, sequence_id) VALUES (381, 3941, 49);
INSERT INTO way_nodes (way_id, node_id, version, sequence_id) VALUES (381, 3942, 1, 50);
INSERT INTO current_way_nodes (way_id, node_id, sequence_id) VALUES (381, 3942, 50);
INSERT INTO way_nodes (way_id, node_id, version, sequence_id) VALUES (381, 3943, 1, 51);
INSERT INTO current_way_nodes (way_id, node_id, sequence_id) VALUES (381, 3943, 51);
INSERT INTO way_nodes (way_id, node_id, version, sequence_id) VALUES (381, 3944, 1, 52);
INSERT INTO current_way_nodes (way_id, node_id, sequence_id) VALUES (381, 3944, 52);
INSERT INTO way_nodes (way_id, node_id, version, sequence_id) VALUES (381, 3945, 1, 53);
INSERT INTO current_way_nodes (way_id, node_id, sequence_id) VALUES (381, 3945, 53);
INSERT INTO way_nodes (way_id, node_id, version, sequence_id) VALUES (381, 3946, 1, 54);
INSERT INTO current_way_nodes (way_id, node_id, sequence_id) VALUES (381, 3946, 54);
INSERT INTO way_nodes (way_id, node_id, version, sequence_id) VALUES (381, 3947, 1, 55);
INSERT INTO current_way_nodes (way_id, node_id, sequence_id) VALUES (381, 3947, 55);
INSERT INTO way_nodes (way_id, node_id, version, sequence_id) VALUES (381, 3948, 1, 56);
INSERT INTO current_way_nodes (way_id, node_id, sequence_id) VALUES (381, 3948, 56);
INSERT INTO way_nodes (way_id, node_id, version, sequence_id) VALUES (381, 3949, 1, 57);
INSERT INTO current_way_nodes (way_id, node_id, sequence_id) VALUES (381, 3949, 57);
INSERT INTO way_nodes (way_id, node_id, version, sequence_id) VALUES (381, 3950, 1, 58);
INSERT INTO current_way_nodes (way_id, node_id, sequence_id) VALUES (381, 3950, 58);
INSERT INTO way_nodes (way_id, node_id, version, sequence_id) VALUES (381, 3951, 1, 59);
INSERT INTO current_way_nodes (way_id, node_id, sequence_id) VALUES (381, 3951, 59);
INSERT INTO way_nodes (way_id, node_id, version, sequence_id) VALUES (381, 3952, 1, 60);
INSERT INTO current_way_nodes (way_id, node_id, sequence_id) VALUES (381, 3952, 60);
INSERT INTO way_nodes (way_id, node_id, version, sequence_id) VALUES (381, 3953, 1, 61);
INSERT INTO current_way_nodes (way_id, node_id, sequence_id) VALUES (381, 3953, 61);
INSERT INTO way_nodes (way_id, node_id, version, sequence_id) VALUES (381, 3954, 1, 62);
INSERT INTO current_way_nodes (way_id, node_id, sequence_id) VALUES (381, 3954, 62);
INSERT INTO way_nodes (way_id, node_id, version, sequence_id) VALUES (381, 3955, 1, 63);
INSERT INTO current_way_nodes (way_id, node_id, sequence_id) VALUES (381, 3955, 63);
INSERT INTO way_nodes (way_id, node_id, version, sequence_id) VALUES (381, 3956, 1, 64);
INSERT INTO current_way_nodes (way_id, node_id, sequence_id) VALUES (381, 3956, 64);
INSERT INTO way_nodes (way_id, node_id, version, sequence_id) VALUES (381, 3957, 1, 65);
INSERT INTO current_way_nodes (way_id, node_id, sequence_id) VALUES (381, 3957, 65);
INSERT INTO way_nodes (way_id, node_id, version, sequence_id) VALUES (381, 1509, 1, 66);
INSERT INTO current_way_nodes (way_id, node_id, sequence_id) VALUES (381, 1509, 66);
/* create way 382*/
INSERT INTO ways (way_id, changeset_id, visible, "timestamp", version) VALUES (382, 3, true, (now() at time zone 'utc'), 1);
INSERT INTO current_ways (id, changeset_id, visible, "timestamp", version) VALUES (382, 3, true, (now() at time zone 'utc'), 1);
INSERT INTO current_way_tags (way_id, k, v) VALUES (382, 'hoot:id', '382');
INSERT INTO way_tags (way_id, k, v, version) VALUES (382, 'hoot:id', '382', 1);
INSERT INTO current_way_tags (way_id, k, v) VALUES (382, 'hoot:status', '1');
INSERT INTO way_tags (way_id, k, v, version) VALUES (382, 'hoot:status', '1', 1);
INSERT INTO current_way_tags (way_id, k, v) VALUES (382, 'source', 'geoeye');
INSERT INTO way_tags (way_id, k, v, version) VALUES (382, 'source', 'geoeye', 1);
INSERT INTO current_way_tags (way_id, k, v) VALUES (382, 'highway', 'path');
INSERT INTO way_tags (way_id, k, v, version) VALUES (382, 'highway', 'path', 1);
INSERT INTO current_way_tags (way_id, k, v) VALUES (382, 'source:datetime', '2010-01-18T18:46:23.000Z');
INSERT INTO way_tags (way_id, k, v, version) VALUES (382, 'source:datetime', '2010-01-18T18:46:23.000Z', 1);
INSERT INTO way_nodes (way_id, node_id, version, sequence_id) VALUES (382, 1509, 1, 1);
INSERT INTO current_way_nodes (way_id, node_id, sequence_id) VALUES (382, 1509, 1);
INSERT INTO way_nodes (way_id, node_id, version, sequence_id) VALUES (382, 1510, 1, 2);
INSERT INTO current_way_nodes (way_id, node_id, sequence_id) VALUES (382, 1510, 2);
INSERT INTO way_nodes (way_id, node_id, version, sequence_id) VALUES (382, 1511, 1, 3);
INSERT INTO current_way_nodes (way_id, node_id, sequence_id) VALUES (382, 1511, 3);
INSERT INTO way_nodes (way_id, node_id, version, sequence_id) VALUES (382, 1512, 1, 4);
INSERT INTO current_way_nodes (way_id, node_id, sequence_id) VALUES (382, 1512, 4);
INSERT INTO way_nodes (way_id, node_id, version, sequence_id) VALUES (382, 1513, 1, 5);
INSERT INTO current_way_nodes (way_id, node_id, sequence_id) VALUES (382, 1513, 5);
INSERT INTO way_nodes (way_id, node_id, version, sequence_id) VALUES (382, 1514, 1, 6);
INSERT INTO current_way_nodes (way_id, node_id, sequence_id) VALUES (382, 1514, 6);
INSERT INTO way_nodes (way_id, node_id, version, sequence_id) VALUES (382, 1515, 1, 7);
INSERT INTO current_way_nodes (way_id, node_id, sequence_id) VALUES (382, 1515, 7);
INSERT INTO way_nodes (way_id, node_id, version, sequence_id) VALUES (382, 1516, 1, 8);
INSERT INTO current_way_nodes (way_id, node_id, sequence_id) VALUES (382, 1516, 8);
INSERT INTO way_nodes (way_id, node_id, version, sequence_id) VALUES (382, 1517, 1, 9);
INSERT INTO current_way_nodes (way_id, node_id, sequence_id) VALUES (382, 1517, 9);
INSERT INTO way_nodes (way_id, node_id, version, sequence_id) VALUES (382, 1518, 1, 10);
INSERT INTO current_way_nodes (way_id, node_id, sequence_id) VALUES (382, 1518, 10);
INSERT INTO way_nodes (way_id, node_id, version, sequence_id) VALUES (382, 1540, 1, 11);
INSERT INTO current_way_nodes (way_id, node_id, sequence_id) VALUES (382, 1540, 11);
INSERT INTO way_nodes (way_id, node_id, version, sequence_id) VALUES (382, 1541, 1, 12);
INSERT INTO current_way_nodes (way_id, node_id, sequence_id) VALUES (382, 1541, 12);
INSERT INTO way_nodes (way_id, node_id, version, sequence_id) VALUES (382, 1542, 1, 13);
INSERT INTO current_way_nodes (way_id, node_id, sequence_id) VALUES (382, 1542, 13);
INSERT INTO way_nodes (way_id, node_id, version, sequence_id) VALUES (382, 1544, 1, 14);
INSERT INTO current_way_nodes (way_id, node_id, sequence_id) VALUES (382, 1544, 14);
INSERT INTO way_nodes (way_id, node_id, version, sequence_id) VALUES (382, 1545, 1, 15);
INSERT INTO current_way_nodes (way_id, node_id, sequence_id) VALUES (382, 1545, 15);
INSERT INTO way_nodes (way_id, node_id, version, sequence_id) VALUES (382, 1546, 1, 16);
INSERT INTO current_way_nodes (way_id, node_id, sequence_id) VALUES (382, 1546, 16);
INSERT INTO way_nodes (way_id, node_id, version, sequence_id) VALUES (382, 1543, 1, 17);
INSERT INTO current_way_nodes (way_id, node_id, sequence_id) VALUES (382, 1543, 17);
/* create way 383*/
INSERT INTO ways (way_id, changeset_id, visible, "timestamp", version) VALUES (383, 3, true, (now() at time zone 'utc'), 1);
INSERT INTO current_ways (id, changeset_id, visible, "timestamp", version) VALUES (383, 3, true, (now() at time zone 'utc'), 1);
INSERT INTO current_way_tags (way_id, k, v) VALUES (383, 'hoot:id', '383');
INSERT INTO way_tags (way_id, k, v, version) VALUES (383, 'hoot:id', '383', 1);
INSERT INTO current_way_tags (way_id, k, v) VALUES (383, 'hoot:status', '1');
INSERT INTO way_tags (way_id, k, v, version) VALUES (383, 'hoot:status', '1', 1);
INSERT INTO current_way_tags (way_id, k, v) VALUES (383, 'source', 'geoeye');
INSERT INTO way_tags (way_id, k, v, version) VALUES (383, 'source', 'geoeye', 1);
INSERT INTO current_way_tags (way_id, k, v) VALUES (383, 'highway', 'path');
INSERT INTO way_tags (way_id, k, v, version) VALUES (383, 'highway', 'path', 1);
INSERT INTO current_way_tags (way_id, k, v) VALUES (383, 'source:datetime', '2010-01-18T18:46:23.000Z');
INSERT INTO way_tags (way_id, k, v, version) VALUES (383, 'source:datetime', '2010-01-18T18:46:23.000Z', 1);
INSERT INTO way_nodes (way_id, node_id, version, sequence_id) VALUES (383, 1415, 1, 1);
INSERT INTO current_way_nodes (way_id, node_id, sequence_id) VALUES (383, 1415, 1);
INSERT INTO way_nodes (way_id, node_id, version, sequence_id) VALUES (383, 1420, 1, 2);
INSERT INTO current_way_nodes (way_id, node_id, sequence_id) VALUES (383, 1420, 2);
INSERT INTO way_nodes (way_id, node_id, version, sequence_id) VALUES (383, 1429, 1, 3);
INSERT INTO current_way_nodes (way_id, node_id, sequence_id) VALUES (383, 1429, 3);
INSERT INTO way_nodes (way_id, node_id, version, sequence_id) VALUES (383, 1430, 1, 4);
INSERT INTO current_way_nodes (way_id, node_id, sequence_id) VALUES (383, 1430, 4);
INSERT INTO way_nodes (way_id, node_id, version, sequence_id) VALUES (383, 1431, 1, 5);
INSERT INTO current_way_nodes (way_id, node_id, sequence_id) VALUES (383, 1431, 5);
INSERT INTO way_nodes (way_id, node_id, version, sequence_id) VALUES (383, 1432, 1, 6);
INSERT INTO current_way_nodes (way_id, node_id, sequence_id) VALUES (383, 1432, 6);
INSERT INTO way_nodes (way_id, node_id, version, sequence_id) VALUES (383, 1433, 1, 7);
INSERT INTO current_way_nodes (way_id, node_id, sequence_id) VALUES (383, 1433, 7);
INSERT INTO way_nodes (way_id, node_id, version, sequence_id) VALUES (383, 1434, 1, 8);
INSERT INTO current_way_nodes (way_id, node_id, sequence_id) VALUES (383, 1434, 8);
INSERT INTO way_nodes (way_id, node_id, version, sequence_id) VALUES (383, 1435, 1, 9);
INSERT INTO current_way_nodes (way_id, node_id, sequence_id) VALUES (383, 1435, 9);
INSERT INTO way_nodes (way_id, node_id, version, sequence_id) VALUES (383, 1436, 1, 10);
INSERT INTO current_way_nodes (way_id, node_id, sequence_id) VALUES (383, 1436, 10);
INSERT INTO way_nodes (way_id, node_id, version, sequence_id) VALUES (383, 1437, 1, 11);
INSERT INTO current_way_nodes (way_id, node_id, sequence_id) VALUES (383, 1437, 11);
INSERT INTO way_nodes (way_id, node_id, version, sequence_id) VALUES (383, 1438, 1, 12);
INSERT INTO current_way_nodes (way_id, node_id, sequence_id) VALUES (383, 1438, 12);
INSERT INTO way_nodes (way_id, node_id, version, sequence_id) VALUES (383, 1439, 1, 13);
INSERT INTO current_way_nodes (way_id, node_id, sequence_id) VALUES (383, 1439, 13);
INSERT INTO way_nodes (way_id, node_id, version, sequence_id) VALUES (383, 1440, 1, 14);
INSERT INTO current_way_nodes (way_id, node_id, sequence_id) VALUES (383, 1440, 14);
INSERT INTO way_nodes (way_id, node_id, version, sequence_id) VALUES (383, 1441, 1, 15);
INSERT INTO current_way_nodes (way_id, node_id, sequence_id) VALUES (383, 1441, 15);
INSERT INTO way_nodes (way_id, node_id, version, sequence_id) VALUES (383, 1442, 1, 16);
INSERT INTO current_way_nodes (way_id, node_id, sequence_id) VALUES (383, 1442, 16);
INSERT INTO way_nodes (way_id, node_id, version, sequence_id) VALUES (383, 1412, 1, 17);
INSERT INTO current_way_nodes (way_id, node_id, sequence_id) VALUES (383, 1412, 17);
INSERT INTO way_nodes (way_id, node_id, version, sequence_id) VALUES (383, 1462, 1, 18);
INSERT INTO current_way_nodes (way_id, node_id, sequence_id) VALUES (383, 1462, 18);
INSERT INTO way_nodes (way_id, node_id, version, sequence_id) VALUES (383, 1443, 1, 19);
INSERT INTO current_way_nodes (way_id, node_id, sequence_id) VALUES (383, 1443, 19);
INSERT INTO way_nodes (way_id, node_id, version, sequence_id) VALUES (383, 1444, 1, 20);
INSERT INTO current_way_nodes (way_id, node_id, sequence_id) VALUES (383, 1444, 20);
INSERT INTO way_nodes (way_id, node_id, version, sequence_id) VALUES (383, 1445, 1, 21);
INSERT INTO current_way_nodes (way_id, node_id, sequence_id) VALUES (383, 1445, 21);
INSERT INTO way_nodes (way_id, node_id, version, sequence_id) VALUES (383, 1446, 1, 22);
INSERT INTO current_way_nodes (way_id, node_id, sequence_id) VALUES (383, 1446, 22);
INSERT INTO way_nodes (way_id, node_id, version, sequence_id) VALUES (383, 1447, 1, 23);
INSERT INTO current_way_nodes (way_id, node_id, sequence_id) VALUES (383, 1447, 23);
INSERT INTO way_nodes (way_id, node_id, version, sequence_id) VALUES (383, 1448, 1, 24);
INSERT INTO current_way_nodes (way_id, node_id, sequence_id) VALUES (383, 1448, 24);
INSERT INTO way_nodes (way_id, node_id, version, sequence_id) VALUES (383, 1449, 1, 25);
INSERT INTO current_way_nodes (way_id, node_id, sequence_id) VALUES (383, 1449, 25);
INSERT INTO way_nodes (way_id, node_id, version, sequence_id) VALUES (383, 1450, 1, 26);
INSERT INTO current_way_nodes (way_id, node_id, sequence_id) VALUES (383, 1450, 26);
INSERT INTO way_nodes (way_id, node_id, version, sequence_id) VALUES (383, 1451, 1, 27);
INSERT INTO current_way_nodes (way_id, node_id, sequence_id) VALUES (383, 1451, 27);
INSERT INTO way_nodes (way_id, node_id, version, sequence_id) VALUES (383, 1452, 1, 28);
INSERT INTO current_way_nodes (way_id, node_id, sequence_id) VALUES (383, 1452, 28);
INSERT INTO way_nodes (way_id, node_id, version, sequence_id) VALUES (383, 1453, 1, 29);
INSERT INTO current_way_nodes (way_id, node_id, sequence_id) VALUES (383, 1453, 29);
INSERT INTO way_nodes (way_id, node_id, version, sequence_id) VALUES (383, 3960, 1, 30);
INSERT INTO current_way_nodes (way_id, node_id, sequence_id) VALUES (383, 3960, 30);
UPDATE changesets SET min_lat=185274010, max_lat=185388103, min_lon=-724805939, max_lon=-724757657, num_changes=72 WHERE id=3;
