INSERT INTO changesets (id, user_id, created_at, closed_at) VALUES (3, 1, (now() at time zone 'utc'), (now() at time zone 'utc'));
INSERT INTO changeset_tags (changeset_id, k, v) VALUES (3, 'written_by', 'Hootenanny');
/* modify node 65*/
INSERT INTO nodes (node_id, latitude, longitude, changeset_id, visible, "timestamp", tile, version) VALUES (65, 389109693, -1047145693, 3, true, (now() at time zone 'utc'), 1329041814, 2);
UPDATE current_nodes SET latitude=389109693, longitude=-1047145693, changeset_id=3, visible=true, "timestamp"=(now() at time zone 'utc'), tile=1329041814, version=2 WHERE id=65;
DELETE FROM current_node_tags WHERE node_id = 65;
DELETE FROM node_tags WHERE node_id = 65;
INSERT INTO current_node_tags (node_id, k, v) VALUES (65, 'accuracy', '100');
INSERT INTO node_tags (node_id, k, v, version) VALUES (65, 'accuracy', '100', 2);
INSERT INTO current_node_tags (node_id, k, v) VALUES (65, 'note', '1-a;2-a');
INSERT INTO node_tags (node_id, k, v, version) VALUES (65, 'note', '1-a;2-a', 2);
INSERT INTO current_node_tags (node_id, k, v) VALUES (65, 'poi', 'yes');
INSERT INTO node_tags (node_id, k, v, version) VALUES (65, 'poi', 'yes', 2);
INSERT INTO current_node_tags (node_id, k, v) VALUES (65, 'hoot:id', '65');
INSERT INTO node_tags (node_id, k, v, version) VALUES (65, 'hoot:id', '65', 2);
INSERT INTO current_node_tags (node_id, k, v) VALUES (65, 'hoot:status', '3');
INSERT INTO node_tags (node_id, k, v, version) VALUES (65, 'hoot:status', '3', 2);
INSERT INTO current_node_tags (node_id, k, v) VALUES (65, 'name', 'Starbucks');
INSERT INTO node_tags (node_id, k, v, version) VALUES (65, 'name', 'Starbucks', 2);
INSERT INTO current_node_tags (node_id, k, v) VALUES (65, 'amenity', 'cafe');
INSERT INTO node_tags (node_id, k, v, version) VALUES (65, 'amenity', 'cafe', 2);
/* create node 119*/
INSERT INTO nodes (node_id, latitude, longitude, changeset_id, visible, "timestamp", tile, version) VALUES (119, 388887009, -1047187702, 3, true, (now() at time zone 'utc'), 1329041620, 1);
INSERT INTO current_nodes (id, latitude, longitude, changeset_id, visible, "timestamp", tile, version) VALUES (119, 388887009, -1047187702, 3, true, (now() at time zone 'utc'), 1329041620, 1);
INSERT INTO current_node_tags (node_id, k, v) VALUES (119, 'accuracy', '1000');
INSERT INTO node_tags (node_id, k, v, version) VALUES (119, 'accuracy', '1000', 1);
INSERT INTO current_node_tags (node_id, k, v) VALUES (119, 'note', '2-c');
INSERT INTO node_tags (node_id, k, v, version) VALUES (119, 'note', '2-c', 1);
INSERT INTO current_node_tags (node_id, k, v) VALUES (119, 'poi', 'yes');
INSERT INTO node_tags (node_id, k, v, version) VALUES (119, 'poi', 'yes', 1);
INSERT INTO current_node_tags (node_id, k, v) VALUES (119, 'hoot:id', '119');
INSERT INTO node_tags (node_id, k, v, version) VALUES (119, 'hoot:id', '119', 1);
INSERT INTO current_node_tags (node_id, k, v) VALUES (119, 'hoot:status', '2');
INSERT INTO node_tags (node_id, k, v, version) VALUES (119, 'hoot:status', '2', 1);
INSERT INTO current_node_tags (node_id, k, v) VALUES (119, 'name', 'Starbucks');
INSERT INTO node_tags (node_id, k, v, version) VALUES (119, 'name', 'Starbucks', 1);
INSERT INTO current_node_tags (node_id, k, v) VALUES (119, 'amenity', 'cafe');
INSERT INTO node_tags (node_id, k, v, version) VALUES (119, 'amenity', 'cafe', 1);
/* create node 121*/
INSERT INTO nodes (node_id, latitude, longitude, changeset_id, visible, "timestamp", tile, version) VALUES (121, 388942750, -1047187095, 3, true, (now() at time zone 'utc'), 1329041792, 1);
INSERT INTO current_nodes (id, latitude, longitude, changeset_id, visible, "timestamp", tile, version) VALUES (121, 388942750, -1047187095, 3, true, (now() at time zone 'utc'), 1329041792, 1);
INSERT INTO current_node_tags (node_id, k, v) VALUES (121, 'accuracy', '1000');
INSERT INTO node_tags (node_id, k, v, version) VALUES (121, 'accuracy', '1000', 1);
INSERT INTO current_node_tags (node_id, k, v) VALUES (121, 'note', '2-b');
INSERT INTO node_tags (node_id, k, v, version) VALUES (121, 'note', '2-b', 1);
INSERT INTO current_node_tags (node_id, k, v) VALUES (121, 'poi', 'yes');
INSERT INTO node_tags (node_id, k, v, version) VALUES (121, 'poi', 'yes', 1);
INSERT INTO current_node_tags (node_id, k, v) VALUES (121, 'hoot:id', '121');
INSERT INTO node_tags (node_id, k, v, version) VALUES (121, 'hoot:id', '121', 1);
INSERT INTO current_node_tags (node_id, k, v) VALUES (121, 'hoot:status', '2');
INSERT INTO node_tags (node_id, k, v, version) VALUES (121, 'hoot:status', '2', 1);
INSERT INTO current_node_tags (node_id, k, v) VALUES (121, 'name', 'Starbucks');
INSERT INTO node_tags (node_id, k, v, version) VALUES (121, 'name', 'Starbucks', 1);
INSERT INTO current_node_tags (node_id, k, v) VALUES (121, 'amenity', 'cafe');
INSERT INTO node_tags (node_id, k, v, version) VALUES (121, 'amenity', 'cafe', 1);
/* create node 122*/
INSERT INTO nodes (node_id, latitude, longitude, changeset_id, visible, "timestamp", tile, version) VALUES (122, 388747831, -1047208596, 3, true, (now() at time zone 'utc'), 1329041601, 1);
INSERT INTO current_nodes (id, latitude, longitude, changeset_id, visible, "timestamp", tile, version) VALUES (122, 388747831, -1047208596, 3, true, (now() at time zone 'utc'), 1329041601, 1);
INSERT INTO current_node_tags (node_id, k, v) VALUES (122, 'accuracy', '150');
INSERT INTO node_tags (node_id, k, v, version) VALUES (122, 'accuracy', '150', 1);
INSERT INTO current_node_tags (node_id, k, v) VALUES (122, 'note', '2-e');
INSERT INTO node_tags (node_id, k, v, version) VALUES (122, 'note', '2-e', 1);
INSERT INTO current_node_tags (node_id, k, v) VALUES (122, 'poi', 'yes');
INSERT INTO node_tags (node_id, k, v, version) VALUES (122, 'poi', 'yes', 1);
INSERT INTO current_node_tags (node_id, k, v) VALUES (122, 'hoot:id', '122');
INSERT INTO node_tags (node_id, k, v, version) VALUES (122, 'hoot:id', '122', 1);
INSERT INTO current_node_tags (node_id, k, v) VALUES (122, 'hoot:status', '2');
INSERT INTO node_tags (node_id, k, v, version) VALUES (122, 'hoot:status', '2', 1);
INSERT INTO current_node_tags (node_id, k, v) VALUES (122, 'name', 'Starbucks');
INSERT INTO node_tags (node_id, k, v, version) VALUES (122, 'name', 'Starbucks', 1);
INSERT INTO current_node_tags (node_id, k, v) VALUES (122, 'amenity', 'cafe');
INSERT INTO node_tags (node_id, k, v, version) VALUES (122, 'amenity', 'cafe', 1);
/* create node 124*/
INSERT INTO nodes (node_id, latitude, longitude, changeset_id, visible, "timestamp", tile, version) VALUES (124, 388753845, -1047191537, 3, true, (now() at time zone 'utc'), 1329041601, 1);
INSERT INTO current_nodes (id, latitude, longitude, changeset_id, visible, "timestamp", tile, version) VALUES (124, 388753845, -1047191537, 3, true, (now() at time zone 'utc'), 1329041601, 1);
INSERT INTO current_node_tags (node_id, k, v) VALUES (124, 'accuracy', '1000');
INSERT INTO node_tags (node_id, k, v, version) VALUES (124, 'accuracy', '1000', 1);
INSERT INTO current_node_tags (node_id, k, v) VALUES (124, 'note', '2-d');
INSERT INTO node_tags (node_id, k, v, version) VALUES (124, 'note', '2-d', 1);
INSERT INTO current_node_tags (node_id, k, v) VALUES (124, 'poi', 'yes');
INSERT INTO node_tags (node_id, k, v, version) VALUES (124, 'poi', 'yes', 1);
INSERT INTO current_node_tags (node_id, k, v) VALUES (124, 'hoot:id', '124');
INSERT INTO node_tags (node_id, k, v, version) VALUES (124, 'hoot:id', '124', 1);
INSERT INTO current_node_tags (node_id, k, v) VALUES (124, 'hoot:status', '2');
INSERT INTO node_tags (node_id, k, v, version) VALUES (124, 'hoot:status', '2', 1);
INSERT INTO current_node_tags (node_id, k, v) VALUES (124, 'name', 'Starbucks');
INSERT INTO node_tags (node_id, k, v, version) VALUES (124, 'name', 'Starbucks', 1);
INSERT INTO current_node_tags (node_id, k, v) VALUES (124, 'amenity', 'cafe');
INSERT INTO node_tags (node_id, k, v, version) VALUES (124, 'amenity', 'cafe', 1);
UPDATE changesets SET min_lat=388747831, max_lat=389109693, min_lon=-1047208596, max_lon=-1047145693, num_changes=5 WHERE id=3;
