INSERT INTO changesets (id, user_id, created_at, closed_at) VALUES (3, 1, (now() at time zone 'utc'), (now() at time zone 'utc'));
INSERT INTO changeset_tags (changeset_id, k, v) VALUES (3, 'written_by', 'Hootenanny');
/* modify node 65*/
INSERT INTO nodes (node_id, latitude, longitude, changeset_id, visible, "timestamp", tile, version) VALUES (65, 389109693, -1047145693, 3, true, (now() at time zone 'utc'), 1329041814, 2);
UPDATE current_nodes SET latitude=389109693, longitude=-1047145693, changeset_id=3, visible=true, "timestamp"=(now() at time zone 'utc'), tile=1329041814, version=2 WHERE id=65;
DELETE FROM current_node_tags WHERE node_id = 65;
DELETE FROM node_tags WHERE node_id = 65;
INSERT INTO current_node_tags (node_id, k, v) VALUES (65, 'accuracy', '100');
INSERT INTO node_tags (node_id, k, v, version) VALUES (65, 'accuracy', '100', 2);
INSERT INTO current_node_tags (node_id, k, v) VALUES (65, 'note', '1-a;2-a');
INSERT INTO node_tags (node_id, k, v, version) VALUES (65, 'note', '1-a;2-a', 2);
INSERT INTO current_node_tags (node_id, k, v) VALUES (65, 'poi', 'yes');
INSERT INTO node_tags (node_id, k, v, version) VALUES (65, 'poi', 'yes', 2);
INSERT INTO current_node_tags (node_id, k, v) VALUES (65, 'hoot:id', '65');
INSERT INTO node_tags (node_id, k, v, version) VALUES (65, 'hoot:id', '65', 2);
INSERT INTO current_node_tags (node_id, k, v) VALUES (65, 'name', 'Starbucks');
INSERT INTO node_tags (node_id, k, v, version) VALUES (65, 'name', 'Starbucks', 2);
INSERT INTO current_node_tags (node_id, k, v) VALUES (65, 'amenity', 'cafe');
INSERT INTO node_tags (node_id, k, v, version) VALUES (65, 'amenity', 'cafe', 2);
/* modify node 70*/
INSERT INTO nodes (node_id, latitude, longitude, changeset_id, visible, "timestamp", tile, version) VALUES (70, 388580512, -1047869287, 3, true, (now() at time zone 'utc'), 1329019557, 2);
UPDATE current_nodes SET latitude=388580512, longitude=-1047869287, changeset_id=3, visible=true, "timestamp"=(now() at time zone 'utc'), tile=1329019557, version=2 WHERE id=70;
DELETE FROM current_node_tags WHERE node_id = 70;
DELETE FROM node_tags WHERE node_id = 70;
INSERT INTO current_node_tags (node_id, k, v) VALUES (70, 'place', 'city');
INSERT INTO node_tags (node_id, k, v, version) VALUES (70, 'place', 'city', 2);
INSERT INTO current_node_tags (node_id, k, v) VALUES (70, 'accuracy', '20000');
INSERT INTO node_tags (node_id, k, v, version) VALUES (70, 'accuracy', '20000', 2);
INSERT INTO current_node_tags (node_id, k, v) VALUES (70, 'poi', 'yes');
INSERT INTO node_tags (node_id, k, v, version) VALUES (70, 'poi', 'yes', 2);
INSERT INTO current_node_tags (node_id, k, v) VALUES (70, 'hoot:id', '70');
INSERT INTO node_tags (node_id, k, v, version) VALUES (70, 'hoot:id', '70', 2);
INSERT INTO current_node_tags (node_id, k, v) VALUES (70, 'name', 'Colorado Springs');
INSERT INTO node_tags (node_id, k, v, version) VALUES (70, 'name', 'Colorado Springs', 2);
/* modify node 71*/
INSERT INTO nodes (node_id, latitude, longitude, changeset_id, visible, "timestamp", tile, version) VALUES (71, 388745941, -1047196458, 3, true, (now() at time zone 'utc'), 1329041601, 2);
UPDATE current_nodes SET latitude=388745941, longitude=-1047196458, changeset_id=3, visible=true, "timestamp"=(now() at time zone 'utc'), tile=1329041601, version=2 WHERE id=71;
DELETE FROM current_node_tags WHERE node_id = 71;
DELETE FROM node_tags WHERE node_id = 71;
INSERT INTO current_node_tags (node_id, k, v) VALUES (71, 'accuracy', '1000');
INSERT INTO node_tags (node_id, k, v, version) VALUES (71, 'accuracy', '1000', 2);
INSERT INTO current_node_tags (node_id, k, v) VALUES (71, 'note', '1-e');
INSERT INTO node_tags (node_id, k, v, version) VALUES (71, 'note', '1-e', 2);
INSERT INTO current_node_tags (node_id, k, v) VALUES (71, 'poi', 'yes');
INSERT INTO node_tags (node_id, k, v, version) VALUES (71, 'poi', 'yes', 2);
INSERT INTO current_node_tags (node_id, k, v) VALUES (71, 'hoot:id', '71');
INSERT INTO node_tags (node_id, k, v, version) VALUES (71, 'hoot:id', '71', 2);
INSERT INTO current_node_tags (node_id, k, v) VALUES (71, 'name', 'Starbucks');
INSERT INTO node_tags (node_id, k, v, version) VALUES (71, 'name', 'Starbucks', 2);
INSERT INTO current_node_tags (node_id, k, v) VALUES (71, 'amenity', 'cafe');
INSERT INTO node_tags (node_id, k, v, version) VALUES (71, 'amenity', 'cafe', 2);
/* modify node 74*/
INSERT INTO nodes (node_id, latitude, longitude, changeset_id, visible, "timestamp", tile, version) VALUES (74, 388940861, -1047174957, 3, true, (now() at time zone 'utc'), 1329041794, 2);
UPDATE current_nodes SET latitude=388940861, longitude=-1047174957, changeset_id=3, visible=true, "timestamp"=(now() at time zone 'utc'), tile=1329041794, version=2 WHERE id=74;
DELETE FROM current_node_tags WHERE node_id = 74;
DELETE FROM node_tags WHERE node_id = 74;
INSERT INTO current_node_tags (node_id, k, v) VALUES (74, 'accuracy', '200');
INSERT INTO node_tags (node_id, k, v, version) VALUES (74, 'accuracy', '200', 2);
INSERT INTO current_node_tags (node_id, k, v) VALUES (74, 'note', '1-b');
INSERT INTO node_tags (node_id, k, v, version) VALUES (74, 'note', '1-b', 2);
INSERT INTO current_node_tags (node_id, k, v) VALUES (74, 'poi', 'yes');
INSERT INTO node_tags (node_id, k, v, version) VALUES (74, 'poi', 'yes', 2);
INSERT INTO current_node_tags (node_id, k, v) VALUES (74, 'hoot:id', '74');
INSERT INTO node_tags (node_id, k, v, version) VALUES (74, 'hoot:id', '74', 2);
INSERT INTO current_node_tags (node_id, k, v) VALUES (74, 'name', 'Starbucks');
INSERT INTO node_tags (node_id, k, v, version) VALUES (74, 'name', 'Starbucks', 2);
INSERT INTO current_node_tags (node_id, k, v) VALUES (74, 'amenity', 'cafe');
INSERT INTO node_tags (node_id, k, v, version) VALUES (74, 'amenity', 'cafe', 2);
/* modify node 77*/
INSERT INTO nodes (node_id, latitude, longitude, changeset_id, visible, "timestamp", tile, version) VALUES (77, 388751955, -1047179399, 3, true, (now() at time zone 'utc'), 1329041601, 2);
UPDATE current_nodes SET latitude=388751955, longitude=-1047179399, changeset_id=3, visible=true, "timestamp"=(now() at time zone 'utc'), tile=1329041601, version=2 WHERE id=77;
DELETE FROM current_node_tags WHERE node_id = 77;
DELETE FROM node_tags WHERE node_id = 77;
INSERT INTO current_node_tags (node_id, k, v) VALUES (77, 'accuracy', '1000');
INSERT INTO node_tags (node_id, k, v, version) VALUES (77, 'accuracy', '1000', 2);
INSERT INTO current_node_tags (node_id, k, v) VALUES (77, 'note', '1-d');
INSERT INTO node_tags (node_id, k, v, version) VALUES (77, 'note', '1-d', 2);
INSERT INTO current_node_tags (node_id, k, v) VALUES (77, 'poi', 'yes');
INSERT INTO node_tags (node_id, k, v, version) VALUES (77, 'poi', 'yes', 2);
INSERT INTO current_node_tags (node_id, k, v) VALUES (77, 'hoot:id', '77');
INSERT INTO node_tags (node_id, k, v, version) VALUES (77, 'hoot:id', '77', 2);
INSERT INTO current_node_tags (node_id, k, v) VALUES (77, 'name', 'Starbucks');
INSERT INTO node_tags (node_id, k, v, version) VALUES (77, 'name', 'Starbucks', 2);
INSERT INTO current_node_tags (node_id, k, v) VALUES (77, 'amenity', 'cafe');
INSERT INTO node_tags (node_id, k, v, version) VALUES (77, 'amenity', 'cafe', 2);
/* modify node 79*/
INSERT INTO nodes (node_id, latitude, longitude, changeset_id, visible, "timestamp", tile, version) VALUES (79, 388885119, -1047175564, 3, true, (now() at time zone 'utc'), 1329041622, 2);
UPDATE current_nodes SET latitude=388885119, longitude=-1047175564, changeset_id=3, visible=true, "timestamp"=(now() at time zone 'utc'), tile=1329041622, version=2 WHERE id=79;
DELETE FROM current_node_tags WHERE node_id = 79;
DELETE FROM node_tags WHERE node_id = 79;
INSERT INTO current_node_tags (node_id, k, v) VALUES (79, 'accuracy', '1000');
INSERT INTO node_tags (node_id, k, v, version) VALUES (79, 'accuracy', '1000', 2);
INSERT INTO current_node_tags (node_id, k, v) VALUES (79, 'note', '1-c');
INSERT INTO node_tags (node_id, k, v, version) VALUES (79, 'note', '1-c', 2);
INSERT INTO current_node_tags (node_id, k, v) VALUES (79, 'poi', 'yes');
INSERT INTO node_tags (node_id, k, v, version) VALUES (79, 'poi', 'yes', 2);
INSERT INTO current_node_tags (node_id, k, v) VALUES (79, 'hoot:id', '79');
INSERT INTO node_tags (node_id, k, v, version) VALUES (79, 'hoot:id', '79', 2);
INSERT INTO current_node_tags (node_id, k, v) VALUES (79, 'name', 'Starbucks');
INSERT INTO node_tags (node_id, k, v, version) VALUES (79, 'name', 'Starbucks', 2);
INSERT INTO current_node_tags (node_id, k, v) VALUES (79, 'amenity', 'cafe');
INSERT INTO node_tags (node_id, k, v, version) VALUES (79, 'amenity', 'cafe', 2);
/* create node 235*/
INSERT INTO nodes (node_id, latitude, longitude, changeset_id, visible, "timestamp", tile, version) VALUES (235, 388753845, -1047191537, 3, true, (now() at time zone 'utc'), 1329041601, 1);
INSERT INTO current_nodes (id, latitude, longitude, changeset_id, visible, "timestamp", tile, version) VALUES (235, 388753845, -1047191537, 3, true, (now() at time zone 'utc'), 1329041601, 1);
INSERT INTO current_node_tags (node_id, k, v) VALUES (235, 'accuracy', '1000');
INSERT INTO node_tags (node_id, k, v, version) VALUES (235, 'accuracy', '1000', 1);
INSERT INTO current_node_tags (node_id, k, v) VALUES (235, 'note', '2-d');
INSERT INTO node_tags (node_id, k, v, version) VALUES (235, 'note', '2-d', 1);
INSERT INTO current_node_tags (node_id, k, v) VALUES (235, 'poi', 'yes');
INSERT INTO node_tags (node_id, k, v, version) VALUES (235, 'poi', 'yes', 1);
INSERT INTO current_node_tags (node_id, k, v) VALUES (235, 'hoot:id', '127');
INSERT INTO node_tags (node_id, k, v, version) VALUES (235, 'hoot:id', '127', 1);
INSERT INTO current_node_tags (node_id, k, v) VALUES (235, 'name', 'Starbucks');
INSERT INTO node_tags (node_id, k, v, version) VALUES (235, 'name', 'Starbucks', 1);
INSERT INTO current_node_tags (node_id, k, v) VALUES (235, 'amenity', 'cafe');
INSERT INTO node_tags (node_id, k, v, version) VALUES (235, 'amenity', 'cafe', 1);
/* create node 236*/
INSERT INTO nodes (node_id, latitude, longitude, changeset_id, visible, "timestamp", tile, version) VALUES (236, 388747831, -1047208596, 3, true, (now() at time zone 'utc'), 1329041601, 1);
INSERT INTO current_nodes (id, latitude, longitude, changeset_id, visible, "timestamp", tile, version) VALUES (236, 388747831, -1047208596, 3, true, (now() at time zone 'utc'), 1329041601, 1);
INSERT INTO current_node_tags (node_id, k, v) VALUES (236, 'accuracy', '150');
INSERT INTO node_tags (node_id, k, v, version) VALUES (236, 'accuracy', '150', 1);
INSERT INTO current_node_tags (node_id, k, v) VALUES (236, 'note', '2-e');
INSERT INTO node_tags (node_id, k, v, version) VALUES (236, 'note', '2-e', 1);
INSERT INTO current_node_tags (node_id, k, v) VALUES (236, 'poi', 'yes');
INSERT INTO node_tags (node_id, k, v, version) VALUES (236, 'poi', 'yes', 1);
INSERT INTO current_node_tags (node_id, k, v) VALUES (236, 'hoot:id', '129');
INSERT INTO node_tags (node_id, k, v, version) VALUES (236, 'hoot:id', '129', 1);
INSERT INTO current_node_tags (node_id, k, v) VALUES (236, 'name', 'Starbucks');
INSERT INTO node_tags (node_id, k, v, version) VALUES (236, 'name', 'Starbucks', 1);
INSERT INTO current_node_tags (node_id, k, v) VALUES (236, 'amenity', 'cafe');
INSERT INTO node_tags (node_id, k, v, version) VALUES (236, 'amenity', 'cafe', 1);
/* create node 237*/
INSERT INTO nodes (node_id, latitude, longitude, changeset_id, visible, "timestamp", tile, version) VALUES (237, 388942750, -1047187095, 3, true, (now() at time zone 'utc'), 1329041792, 1);
INSERT INTO current_nodes (id, latitude, longitude, changeset_id, visible, "timestamp", tile, version) VALUES (237, 388942750, -1047187095, 3, true, (now() at time zone 'utc'), 1329041792, 1);
INSERT INTO current_node_tags (node_id, k, v) VALUES (237, 'accuracy', '1000');
INSERT INTO node_tags (node_id, k, v, version) VALUES (237, 'accuracy', '1000', 1);
INSERT INTO current_node_tags (node_id, k, v) VALUES (237, 'note', '2-b');
INSERT INTO node_tags (node_id, k, v, version) VALUES (237, 'note', '2-b', 1);
INSERT INTO current_node_tags (node_id, k, v) VALUES (237, 'poi', 'yes');
INSERT INTO node_tags (node_id, k, v, version) VALUES (237, 'poi', 'yes', 1);
INSERT INTO current_node_tags (node_id, k, v) VALUES (237, 'hoot:id', '130');
INSERT INTO node_tags (node_id, k, v, version) VALUES (237, 'hoot:id', '130', 1);
INSERT INTO current_node_tags (node_id, k, v) VALUES (237, 'name', 'Starbucks');
INSERT INTO node_tags (node_id, k, v, version) VALUES (237, 'name', 'Starbucks', 1);
INSERT INTO current_node_tags (node_id, k, v) VALUES (237, 'amenity', 'cafe');
INSERT INTO node_tags (node_id, k, v, version) VALUES (237, 'amenity', 'cafe', 1);
/* create node 238*/
INSERT INTO nodes (node_id, latitude, longitude, changeset_id, visible, "timestamp", tile, version) VALUES (238, 388887009, -1047187702, 3, true, (now() at time zone 'utc'), 1329041620, 1);
INSERT INTO current_nodes (id, latitude, longitude, changeset_id, visible, "timestamp", tile, version) VALUES (238, 388887009, -1047187702, 3, true, (now() at time zone 'utc'), 1329041620, 1);
INSERT INTO current_node_tags (node_id, k, v) VALUES (238, 'accuracy', '1000');
INSERT INTO node_tags (node_id, k, v, version) VALUES (238, 'accuracy', '1000', 1);
INSERT INTO current_node_tags (node_id, k, v) VALUES (238, 'note', '2-c');
INSERT INTO node_tags (node_id, k, v, version) VALUES (238, 'note', '2-c', 1);
INSERT INTO current_node_tags (node_id, k, v) VALUES (238, 'poi', 'yes');
INSERT INTO node_tags (node_id, k, v, version) VALUES (238, 'poi', 'yes', 1);
INSERT INTO current_node_tags (node_id, k, v) VALUES (238, 'hoot:id', '133');
INSERT INTO node_tags (node_id, k, v, version) VALUES (238, 'hoot:id', '133', 1);
INSERT INTO current_node_tags (node_id, k, v) VALUES (238, 'name', 'Starbucks');
INSERT INTO node_tags (node_id, k, v, version) VALUES (238, 'name', 'Starbucks', 1);
INSERT INTO current_node_tags (node_id, k, v) VALUES (238, 'amenity', 'cafe');
INSERT INTO node_tags (node_id, k, v, version) VALUES (238, 'amenity', 'cafe', 1);
/* create relation 2*/
INSERT INTO relations (relation_id, changeset_id, visible, "timestamp", version) VALUES (2, 3, true, (now() at time zone 'utc'), 1);
INSERT INTO current_relations (id, changeset_id, visible, "timestamp", version) VALUES (2, 3, true, (now() at time zone 'utc'), 1);
INSERT INTO current_relation_tags (relation_id, k, v) VALUES (2, 'hoot:review:needs', 'yes');
INSERT INTO relation_tags (relation_id, k, v, version) VALUES (2, 'hoot:review:needs', 'yes', 1);
INSERT INTO current_relation_tags (relation_id, k, v) VALUES (2, 'hoot:review:members', '2');
INSERT INTO relation_tags (relation_id, k, v, version) VALUES (2, 'hoot:review:members', '2', 1);
INSERT INTO current_relation_tags (relation_id, k, v) VALUES (2, 'hoot:id', '-6');
INSERT INTO relation_tags (relation_id, k, v, version) VALUES (2, 'hoot:id', '-6', 1);
INSERT INTO current_relation_tags (relation_id, k, v) VALUES (2, 'hoot:review:score', '1');
INSERT INTO relation_tags (relation_id, k, v, version) VALUES (2, 'hoot:review:score', '1', 1);
INSERT INTO current_relation_tags (relation_id, k, v) VALUES (2, 'hoot:review:note', 'Overlapping matches');
INSERT INTO relation_tags (relation_id, k, v, version) VALUES (2, 'hoot:review:note', 'Overlapping matches', 1);
INSERT INTO current_relation_tags (relation_id, k, v) VALUES (2, 'type', 'review');
INSERT INTO relation_tags (relation_id, k, v, version) VALUES (2, 'type', 'review', 1);
INSERT INTO current_relation_tags (relation_id, k, v) VALUES (2, 'hoot:review:sort_order', '1');
INSERT INTO relation_tags (relation_id, k, v, version) VALUES (2, 'hoot:review:sort_order', '1', 1);
INSERT INTO relation_members (relation_id, member_type, member_id, member_role, version, sequence_id) VALUES (2, 'Node', 79, 'reviewee', 1, 1);
INSERT INTO current_relation_members (relation_id, member_type, member_id, member_role, sequence_id) VALUES (2, 'Node', 79, 'reviewee', 1);
INSERT INTO relation_members (relation_id, member_type, member_id, member_role, version, sequence_id) VALUES (2, 'Node', 238, 'reviewee', 1, 2);
INSERT INTO current_relation_members (relation_id, member_type, member_id, member_role, sequence_id) VALUES (2, 'Node', 238, 'reviewee', 2);
/* create relation 3*/
INSERT INTO relations (relation_id, changeset_id, visible, "timestamp", version) VALUES (3, 3, true, (now() at time zone 'utc'), 1);
INSERT INTO current_relations (id, changeset_id, visible, "timestamp", version) VALUES (3, 3, true, (now() at time zone 'utc'), 1);
INSERT INTO current_relation_tags (relation_id, k, v) VALUES (3, 'hoot:review:needs', 'yes');
INSERT INTO relation_tags (relation_id, k, v, version) VALUES (3, 'hoot:review:needs', 'yes', 1);
INSERT INTO current_relation_tags (relation_id, k, v) VALUES (3, 'hoot:review:members', '2');
INSERT INTO relation_tags (relation_id, k, v, version) VALUES (3, 'hoot:review:members', '2', 1);
INSERT INTO current_relation_tags (relation_id, k, v) VALUES (3, 'hoot:id', '-5');
INSERT INTO relation_tags (relation_id, k, v, version) VALUES (3, 'hoot:id', '-5', 1);
INSERT INTO current_relation_tags (relation_id, k, v) VALUES (3, 'hoot:review:score', '1');
INSERT INTO relation_tags (relation_id, k, v, version) VALUES (3, 'hoot:review:score', '1', 1);
INSERT INTO current_relation_tags (relation_id, k, v) VALUES (3, 'hoot:review:note', 'Overlapping matches');
INSERT INTO relation_tags (relation_id, k, v, version) VALUES (3, 'hoot:review:note', 'Overlapping matches', 1);
INSERT INTO current_relation_tags (relation_id, k, v) VALUES (3, 'type', 'review');
INSERT INTO relation_tags (relation_id, k, v, version) VALUES (3, 'type', 'review', 1);
INSERT INTO current_relation_tags (relation_id, k, v) VALUES (3, 'hoot:review:sort_order', '2');
INSERT INTO relation_tags (relation_id, k, v, version) VALUES (3, 'hoot:review:sort_order', '2', 1);
INSERT INTO relation_members (relation_id, member_type, member_id, member_role, version, sequence_id) VALUES (3, 'Node', 79, 'reviewee', 1, 1);
INSERT INTO current_relation_members (relation_id, member_type, member_id, member_role, sequence_id) VALUES (3, 'Node', 79, 'reviewee', 1);
INSERT INTO relation_members (relation_id, member_type, member_id, member_role, version, sequence_id) VALUES (3, 'Node', 237, 'reviewee', 1, 2);
INSERT INTO current_relation_members (relation_id, member_type, member_id, member_role, sequence_id) VALUES (3, 'Node', 237, 'reviewee', 2);
/* create relation 4*/
INSERT INTO relations (relation_id, changeset_id, visible, "timestamp", version) VALUES (4, 3, true, (now() at time zone 'utc'), 1);
INSERT INTO current_relations (id, changeset_id, visible, "timestamp", version) VALUES (4, 3, true, (now() at time zone 'utc'), 1);
INSERT INTO current_relation_tags (relation_id, k, v) VALUES (4, 'hoot:review:needs', 'yes');
INSERT INTO relation_tags (relation_id, k, v, version) VALUES (4, 'hoot:review:needs', 'yes', 1);
INSERT INTO current_relation_tags (relation_id, k, v) VALUES (4, 'hoot:review:members', '2');
INSERT INTO relation_tags (relation_id, k, v, version) VALUES (4, 'hoot:review:members', '2', 1);
INSERT INTO current_relation_tags (relation_id, k, v) VALUES (4, 'hoot:id', '-4');
INSERT INTO relation_tags (relation_id, k, v, version) VALUES (4, 'hoot:id', '-4', 1);
INSERT INTO current_relation_tags (relation_id, k, v) VALUES (4, 'hoot:review:score', '1');
INSERT INTO relation_tags (relation_id, k, v, version) VALUES (4, 'hoot:review:score', '1', 1);
INSERT INTO current_relation_tags (relation_id, k, v) VALUES (4, 'hoot:review:note', 'Overlapping matches');
INSERT INTO relation_tags (relation_id, k, v, version) VALUES (4, 'hoot:review:note', 'Overlapping matches', 1);
INSERT INTO current_relation_tags (relation_id, k, v) VALUES (4, 'type', 'review');
INSERT INTO relation_tags (relation_id, k, v, version) VALUES (4, 'type', 'review', 1);
INSERT INTO current_relation_tags (relation_id, k, v) VALUES (4, 'hoot:review:sort_order', '0');
INSERT INTO relation_tags (relation_id, k, v, version) VALUES (4, 'hoot:review:sort_order', '0', 1);
INSERT INTO relation_members (relation_id, member_type, member_id, member_role, version, sequence_id) VALUES (4, 'Node', 74, 'reviewee', 1, 1);
INSERT INTO current_relation_members (relation_id, member_type, member_id, member_role, sequence_id) VALUES (4, 'Node', 74, 'reviewee', 1);
INSERT INTO relation_members (relation_id, member_type, member_id, member_role, version, sequence_id) VALUES (4, 'Node', 237, 'reviewee', 1, 2);
INSERT INTO current_relation_members (relation_id, member_type, member_id, member_role, sequence_id) VALUES (4, 'Node', 237, 'reviewee', 2);
/* create relation 5*/
INSERT INTO relations (relation_id, changeset_id, visible, "timestamp", version) VALUES (5, 3, true, (now() at time zone 'utc'), 1);
INSERT INTO current_relations (id, changeset_id, visible, "timestamp", version) VALUES (5, 3, true, (now() at time zone 'utc'), 1);
INSERT INTO current_relation_tags (relation_id, k, v) VALUES (5, 'hoot:review:needs', 'yes');
INSERT INTO relation_tags (relation_id, k, v, version) VALUES (5, 'hoot:review:needs', 'yes', 1);
INSERT INTO current_relation_tags (relation_id, k, v) VALUES (5, 'hoot:review:members', '2');
INSERT INTO relation_tags (relation_id, k, v, version) VALUES (5, 'hoot:review:members', '2', 1);
INSERT INTO current_relation_tags (relation_id, k, v) VALUES (5, 'hoot:id', '-3');
INSERT INTO relation_tags (relation_id, k, v, version) VALUES (5, 'hoot:id', '-3', 1);
INSERT INTO current_relation_tags (relation_id, k, v) VALUES (5, 'hoot:review:score', '1');
INSERT INTO relation_tags (relation_id, k, v, version) VALUES (5, 'hoot:review:score', '1', 1);
INSERT INTO current_relation_tags (relation_id, k, v) VALUES (5, 'hoot:review:note', 'Overlapping matches');
INSERT INTO relation_tags (relation_id, k, v, version) VALUES (5, 'hoot:review:note', 'Overlapping matches', 1);
INSERT INTO current_relation_tags (relation_id, k, v) VALUES (5, 'type', 'review');
INSERT INTO relation_tags (relation_id, k, v, version) VALUES (5, 'type', 'review', 1);
INSERT INTO current_relation_tags (relation_id, k, v) VALUES (5, 'hoot:review:sort_order', '3');
INSERT INTO relation_tags (relation_id, k, v, version) VALUES (5, 'hoot:review:sort_order', '3', 1);
INSERT INTO relation_members (relation_id, member_type, member_id, member_role, version, sequence_id) VALUES (5, 'Node', 77, 'reviewee', 1, 1);
INSERT INTO current_relation_members (relation_id, member_type, member_id, member_role, sequence_id) VALUES (5, 'Node', 77, 'reviewee', 1);
INSERT INTO relation_members (relation_id, member_type, member_id, member_role, version, sequence_id) VALUES (5, 'Node', 235, 'reviewee', 1, 2);
INSERT INTO current_relation_members (relation_id, member_type, member_id, member_role, sequence_id) VALUES (5, 'Node', 235, 'reviewee', 2);
/* create relation 6*/
INSERT INTO relations (relation_id, changeset_id, visible, "timestamp", version) VALUES (6, 3, true, (now() at time zone 'utc'), 1);
INSERT INTO current_relations (id, changeset_id, visible, "timestamp", version) VALUES (6, 3, true, (now() at time zone 'utc'), 1);
INSERT INTO current_relation_tags (relation_id, k, v) VALUES (6, 'hoot:review:needs', 'yes');
INSERT INTO relation_tags (relation_id, k, v, version) VALUES (6, 'hoot:review:needs', 'yes', 1);
INSERT INTO current_relation_tags (relation_id, k, v) VALUES (6, 'hoot:review:members', '2');
INSERT INTO relation_tags (relation_id, k, v, version) VALUES (6, 'hoot:review:members', '2', 1);
INSERT INTO current_relation_tags (relation_id, k, v) VALUES (6, 'hoot:id', '-2');
INSERT INTO relation_tags (relation_id, k, v, version) VALUES (6, 'hoot:id', '-2', 1);
INSERT INTO current_relation_tags (relation_id, k, v) VALUES (6, 'hoot:review:score', '1');
INSERT INTO relation_tags (relation_id, k, v, version) VALUES (6, 'hoot:review:score', '1', 1);
INSERT INTO current_relation_tags (relation_id, k, v) VALUES (6, 'hoot:review:note', 'Overlapping matches');
INSERT INTO relation_tags (relation_id, k, v, version) VALUES (6, 'hoot:review:note', 'Overlapping matches', 1);
INSERT INTO current_relation_tags (relation_id, k, v) VALUES (6, 'type', 'review');
INSERT INTO relation_tags (relation_id, k, v, version) VALUES (6, 'type', 'review', 1);
INSERT INTO current_relation_tags (relation_id, k, v) VALUES (6, 'hoot:review:sort_order', '4');
INSERT INTO relation_tags (relation_id, k, v, version) VALUES (6, 'hoot:review:sort_order', '4', 1);
INSERT INTO relation_members (relation_id, member_type, member_id, member_role, version, sequence_id) VALUES (6, 'Node', 71, 'reviewee', 1, 1);
INSERT INTO current_relation_members (relation_id, member_type, member_id, member_role, sequence_id) VALUES (6, 'Node', 71, 'reviewee', 1);
INSERT INTO relation_members (relation_id, member_type, member_id, member_role, version, sequence_id) VALUES (6, 'Node', 236, 'reviewee', 1, 2);
INSERT INTO current_relation_members (relation_id, member_type, member_id, member_role, sequence_id) VALUES (6, 'Node', 236, 'reviewee', 2);
/* create relation 7*/
INSERT INTO relations (relation_id, changeset_id, visible, "timestamp", version) VALUES (7, 3, true, (now() at time zone 'utc'), 1);
INSERT INTO current_relations (id, changeset_id, visible, "timestamp", version) VALUES (7, 3, true, (now() at time zone 'utc'), 1);
INSERT INTO current_relation_tags (relation_id, k, v) VALUES (7, 'hoot:review:needs', 'yes');
INSERT INTO relation_tags (relation_id, k, v, version) VALUES (7, 'hoot:review:needs', 'yes', 1);
INSERT INTO current_relation_tags (relation_id, k, v) VALUES (7, 'hoot:review:members', '2');
INSERT INTO relation_tags (relation_id, k, v, version) VALUES (7, 'hoot:review:members', '2', 1);
INSERT INTO current_relation_tags (relation_id, k, v) VALUES (7, 'hoot:id', '-1');
INSERT INTO relation_tags (relation_id, k, v, version) VALUES (7, 'hoot:id', '-1', 1);
INSERT INTO current_relation_tags (relation_id, k, v) VALUES (7, 'hoot:review:score', '1');
INSERT INTO relation_tags (relation_id, k, v, version) VALUES (7, 'hoot:review:score', '1', 1);
INSERT INTO current_relation_tags (relation_id, k, v) VALUES (7, 'hoot:review:note', 'Overlapping matches');
INSERT INTO relation_tags (relation_id, k, v, version) VALUES (7, 'hoot:review:note', 'Overlapping matches', 1);
INSERT INTO current_relation_tags (relation_id, k, v) VALUES (7, 'type', 'review');
INSERT INTO relation_tags (relation_id, k, v, version) VALUES (7, 'type', 'review', 1);
INSERT INTO current_relation_tags (relation_id, k, v) VALUES (7, 'hoot:review:sort_order', '5');
INSERT INTO relation_tags (relation_id, k, v, version) VALUES (7, 'hoot:review:sort_order', '5', 1);
INSERT INTO relation_members (relation_id, member_type, member_id, member_role, version, sequence_id) VALUES (7, 'Node', 71, 'reviewee', 1, 1);
INSERT INTO current_relation_members (relation_id, member_type, member_id, member_role, sequence_id) VALUES (7, 'Node', 71, 'reviewee', 1);
INSERT INTO relation_members (relation_id, member_type, member_id, member_role, version, sequence_id) VALUES (7, 'Node', 235, 'reviewee', 1, 2);
INSERT INTO current_relation_members (relation_id, member_type, member_id, member_role, sequence_id) VALUES (7, 'Node', 235, 'reviewee', 2);
UPDATE changesets SET min_lat=388580512, max_lat=389109693, min_lon=-1047869287, max_lon=-1047145693, num_changes=16 WHERE id=3;
