INSERT INTO changesets (id, user_id, created_at, closed_at) VALUES (3, 1, (now() at time zone 'utc'), (now() at time zone 'utc'));
INSERT INTO changeset_tags (changeset_id, k, v) VALUES (3, 'written_by', 'Hootenanny');
/* modify node 65*/
INSERT INTO nodes (node_id, latitude, longitude, changeset_id, visible, "timestamp", tile, version) VALUES (65, 389109693, -1047145693, 3, true, (now() at time zone 'utc'), 1329041814, 2);
UPDATE current_nodes SET latitude=389109693, longitude=-1047145693, changeset_id=3, visible=true, "timestamp"=(now() at time zone 'utc'), tile=1329041814, version=2 WHERE id=65;
DELETE FROM current_node_tags WHERE node_id = 65;
DELETE FROM node_tags WHERE node_id = 65;
INSERT INTO current_node_tags (node_id, k, v) VALUES (65, 'accuracy', '100');
INSERT INTO node_tags (node_id, k, v, version) VALUES (65, 'accuracy', '100', 2);
INSERT INTO current_node_tags (node_id, k, v) VALUES (65, 'note', '1-a;2-a');
INSERT INTO node_tags (node_id, k, v, version) VALUES (65, 'note', '1-a;2-a', 2);
INSERT INTO current_node_tags (node_id, k, v) VALUES (65, 'poi', 'yes');
INSERT INTO node_tags (node_id, k, v, version) VALUES (65, 'poi', 'yes', 2);
INSERT INTO current_node_tags (node_id, k, v) VALUES (65, 'hoot:id', '65');
INSERT INTO node_tags (node_id, k, v, version) VALUES (65, 'hoot:id', '65', 2);
INSERT INTO current_node_tags (node_id, k, v) VALUES (65, 'hoot:status', '3');
INSERT INTO node_tags (node_id, k, v, version) VALUES (65, 'hoot:status', '3', 2);
INSERT INTO current_node_tags (node_id, k, v) VALUES (65, 'name', 'Starbucks');
INSERT INTO node_tags (node_id, k, v, version) VALUES (65, 'name', 'Starbucks', 2);
INSERT INTO current_node_tags (node_id, k, v) VALUES (65, 'amenity', 'cafe');
INSERT INTO node_tags (node_id, k, v, version) VALUES (65, 'amenity', 'cafe', 2);
/* modify node 67*/
INSERT INTO nodes (node_id, latitude, longitude, changeset_id, visible, "timestamp", tile, version) VALUES (67, 388467218, -1048852147, 3, true, (now() at time zone 'utc'), 1329016285, 2);
UPDATE current_nodes SET latitude=388467218, longitude=-1048852147, changeset_id=3, visible=true, "timestamp"=(now() at time zone 'utc'), tile=1329016285, version=2 WHERE id=67;
DELETE FROM current_node_tags WHERE node_id = 67;
DELETE FROM node_tags WHERE node_id = 67;
INSERT INTO current_node_tags (node_id, k, v) VALUES (67, 'accuracy', '1000');
INSERT INTO node_tags (node_id, k, v, version) VALUES (67, 'accuracy', '1000', 2);
INSERT INTO current_node_tags (node_id, k, v) VALUES (67, 'poi', 'yes');
INSERT INTO node_tags (node_id, k, v, version) VALUES (67, 'poi', 'yes', 2);
INSERT INTO current_node_tags (node_id, k, v) VALUES (67, 'hoot:id', '67');
INSERT INTO node_tags (node_id, k, v, version) VALUES (67, 'hoot:id', '67', 2);
INSERT INTO current_node_tags (node_id, k, v) VALUES (67, 'leisure', 'park');
INSERT INTO node_tags (node_id, k, v, version) VALUES (67, 'leisure', 'park', 2);
INSERT INTO current_node_tags (node_id, k, v) VALUES (67, 'hoot:status', '3');
INSERT INTO node_tags (node_id, k, v, version) VALUES (67, 'hoot:status', '3', 2);
INSERT INTO current_node_tags (node_id, k, v) VALUES (67, 'alt_name', 'Red Rock Canyons');
INSERT INTO node_tags (node_id, k, v, version) VALUES (67, 'alt_name', 'Red Rock Canyons', 2);
INSERT INTO current_node_tags (node_id, k, v) VALUES (67, 'name', 'Red Rock Canyon');
INSERT INTO node_tags (node_id, k, v, version) VALUES (67, 'name', 'Red Rock Canyon', 2);
/* create node 124*/
INSERT INTO nodes (node_id, latitude, longitude, changeset_id, visible, "timestamp", tile, version) VALUES (124, 388549614, -1048999832, 3, true, (now() at time zone 'utc'), 1329018926, 1);
INSERT INTO current_nodes (id, latitude, longitude, changeset_id, visible, "timestamp", tile, version) VALUES (124, 388549614, -1048999832, 3, true, (now() at time zone 'utc'), 1329018926, 1);
INSERT INTO current_node_tags (node_id, k, v) VALUES (124, 'hoot:id', '124');
INSERT INTO node_tags (node_id, k, v, version) VALUES (124, 'hoot:id', '124', 1);
INSERT INTO current_node_tags (node_id, k, v) VALUES (124, 'hoot:status', '2');
INSERT INTO node_tags (node_id, k, v, version) VALUES (124, 'hoot:status', '2', 1);
/* create node 185*/
INSERT INTO nodes (node_id, latitude, longitude, changeset_id, visible, "timestamp", tile, version) VALUES (185, 388887009, -1047187702, 3, true, (now() at time zone 'utc'), 1329041620, 1);
INSERT INTO current_nodes (id, latitude, longitude, changeset_id, visible, "timestamp", tile, version) VALUES (185, 388887009, -1047187702, 3, true, (now() at time zone 'utc'), 1329041620, 1);
INSERT INTO current_node_tags (node_id, k, v) VALUES (185, 'accuracy', '1000');
INSERT INTO node_tags (node_id, k, v, version) VALUES (185, 'accuracy', '1000', 1);
INSERT INTO current_node_tags (node_id, k, v) VALUES (185, 'note', '2-c');
INSERT INTO node_tags (node_id, k, v, version) VALUES (185, 'note', '2-c', 1);
INSERT INTO current_node_tags (node_id, k, v) VALUES (185, 'poi', 'yes');
INSERT INTO node_tags (node_id, k, v, version) VALUES (185, 'poi', 'yes', 1);
INSERT INTO current_node_tags (node_id, k, v) VALUES (185, 'hoot:id', '185');
INSERT INTO node_tags (node_id, k, v, version) VALUES (185, 'hoot:id', '185', 1);
INSERT INTO current_node_tags (node_id, k, v) VALUES (185, 'hoot:status', '2');
INSERT INTO node_tags (node_id, k, v, version) VALUES (185, 'hoot:status', '2', 1);
INSERT INTO current_node_tags (node_id, k, v) VALUES (185, 'name', 'Starbucks');
INSERT INTO node_tags (node_id, k, v, version) VALUES (185, 'name', 'Starbucks', 1);
INSERT INTO current_node_tags (node_id, k, v) VALUES (185, 'amenity', 'cafe');
INSERT INTO node_tags (node_id, k, v, version) VALUES (185, 'amenity', 'cafe', 1);
/* create node 188*/
INSERT INTO nodes (node_id, latitude, longitude, changeset_id, visible, "timestamp", tile, version) VALUES (188, 388942750, -1047187095, 3, true, (now() at time zone 'utc'), 1329041792, 1);
INSERT INTO current_nodes (id, latitude, longitude, changeset_id, visible, "timestamp", tile, version) VALUES (188, 388942750, -1047187095, 3, true, (now() at time zone 'utc'), 1329041792, 1);
INSERT INTO current_node_tags (node_id, k, v) VALUES (188, 'accuracy', '1000');
INSERT INTO node_tags (node_id, k, v, version) VALUES (188, 'accuracy', '1000', 1);
INSERT INTO current_node_tags (node_id, k, v) VALUES (188, 'note', '2-b');
INSERT INTO node_tags (node_id, k, v, version) VALUES (188, 'note', '2-b', 1);
INSERT INTO current_node_tags (node_id, k, v) VALUES (188, 'poi', 'yes');
INSERT INTO node_tags (node_id, k, v, version) VALUES (188, 'poi', 'yes', 1);
INSERT INTO current_node_tags (node_id, k, v) VALUES (188, 'hoot:id', '188');
INSERT INTO node_tags (node_id, k, v, version) VALUES (188, 'hoot:id', '188', 1);
INSERT INTO current_node_tags (node_id, k, v) VALUES (188, 'hoot:status', '2');
INSERT INTO node_tags (node_id, k, v, version) VALUES (188, 'hoot:status', '2', 1);
INSERT INTO current_node_tags (node_id, k, v) VALUES (188, 'name', 'Starbucks');
INSERT INTO node_tags (node_id, k, v, version) VALUES (188, 'name', 'Starbucks', 1);
INSERT INTO current_node_tags (node_id, k, v) VALUES (188, 'amenity', 'cafe');
INSERT INTO node_tags (node_id, k, v, version) VALUES (188, 'amenity', 'cafe', 1);
/* create node 189*/
INSERT INTO nodes (node_id, latitude, longitude, changeset_id, visible, "timestamp", tile, version) VALUES (189, 388747831, -1047208596, 3, true, (now() at time zone 'utc'), 1329041601, 1);
INSERT INTO current_nodes (id, latitude, longitude, changeset_id, visible, "timestamp", tile, version) VALUES (189, 388747831, -1047208596, 3, true, (now() at time zone 'utc'), 1329041601, 1);
INSERT INTO current_node_tags (node_id, k, v) VALUES (189, 'accuracy', '150');
INSERT INTO node_tags (node_id, k, v, version) VALUES (189, 'accuracy', '150', 1);
INSERT INTO current_node_tags (node_id, k, v) VALUES (189, 'note', '2-e');
INSERT INTO node_tags (node_id, k, v, version) VALUES (189, 'note', '2-e', 1);
INSERT INTO current_node_tags (node_id, k, v) VALUES (189, 'poi', 'yes');
INSERT INTO node_tags (node_id, k, v, version) VALUES (189, 'poi', 'yes', 1);
INSERT INTO current_node_tags (node_id, k, v) VALUES (189, 'hoot:id', '189');
INSERT INTO node_tags (node_id, k, v, version) VALUES (189, 'hoot:id', '189', 1);
INSERT INTO current_node_tags (node_id, k, v) VALUES (189, 'hoot:status', '2');
INSERT INTO node_tags (node_id, k, v, version) VALUES (189, 'hoot:status', '2', 1);
INSERT INTO current_node_tags (node_id, k, v) VALUES (189, 'name', 'Starbucks');
INSERT INTO node_tags (node_id, k, v, version) VALUES (189, 'name', 'Starbucks', 1);
INSERT INTO current_node_tags (node_id, k, v) VALUES (189, 'amenity', 'cafe');
INSERT INTO node_tags (node_id, k, v, version) VALUES (189, 'amenity', 'cafe', 1);
/* create node 191*/
INSERT INTO nodes (node_id, latitude, longitude, changeset_id, visible, "timestamp", tile, version) VALUES (191, 388753845, -1047191537, 3, true, (now() at time zone 'utc'), 1329041601, 1);
INSERT INTO current_nodes (id, latitude, longitude, changeset_id, visible, "timestamp", tile, version) VALUES (191, 388753845, -1047191537, 3, true, (now() at time zone 'utc'), 1329041601, 1);
INSERT INTO current_node_tags (node_id, k, v) VALUES (191, 'accuracy', '1000');
INSERT INTO node_tags (node_id, k, v, version) VALUES (191, 'accuracy', '1000', 1);
INSERT INTO current_node_tags (node_id, k, v) VALUES (191, 'note', '2-d');
INSERT INTO node_tags (node_id, k, v, version) VALUES (191, 'note', '2-d', 1);
INSERT INTO current_node_tags (node_id, k, v) VALUES (191, 'poi', 'yes');
INSERT INTO node_tags (node_id, k, v, version) VALUES (191, 'poi', 'yes', 1);
INSERT INTO current_node_tags (node_id, k, v) VALUES (191, 'hoot:id', '191');
INSERT INTO node_tags (node_id, k, v, version) VALUES (191, 'hoot:id', '191', 1);
INSERT INTO current_node_tags (node_id, k, v) VALUES (191, 'hoot:status', '2');
INSERT INTO node_tags (node_id, k, v, version) VALUES (191, 'hoot:status', '2', 1);
INSERT INTO current_node_tags (node_id, k, v) VALUES (191, 'name', 'Starbucks');
INSERT INTO node_tags (node_id, k, v, version) VALUES (191, 'name', 'Starbucks', 1);
INSERT INTO current_node_tags (node_id, k, v) VALUES (191, 'amenity', 'cafe');
INSERT INTO node_tags (node_id, k, v, version) VALUES (191, 'amenity', 'cafe', 1);
/* create node 193*/
INSERT INTO nodes (node_id, latitude, longitude, changeset_id, visible, "timestamp", tile, version) VALUES (193, 388532642, -1048997532, 3, true, (now() at time zone 'utc'), 1329018923, 1);
INSERT INTO current_nodes (id, latitude, longitude, changeset_id, visible, "timestamp", tile, version) VALUES (193, 388532642, -1048997532, 3, true, (now() at time zone 'utc'), 1329018923, 1);
INSERT INTO current_node_tags (node_id, k, v) VALUES (193, 'hoot:id', '193');
INSERT INTO node_tags (node_id, k, v, version) VALUES (193, 'hoot:id', '193', 1);
INSERT INTO current_node_tags (node_id, k, v) VALUES (193, 'hoot:status', '1');
INSERT INTO node_tags (node_id, k, v, version) VALUES (193, 'hoot:status', '1', 1);
/* create node 194*/
INSERT INTO nodes (node_id, latitude, longitude, changeset_id, visible, "timestamp", tile, version) VALUES (194, 388549875, -1048999879, 3, true, (now() at time zone 'utc'), 1329018926, 1);
INSERT INTO current_nodes (id, latitude, longitude, changeset_id, visible, "timestamp", tile, version) VALUES (194, 388549875, -1048999879, 3, true, (now() at time zone 'utc'), 1329018926, 1);
INSERT INTO current_node_tags (node_id, k, v) VALUES (194, 'hoot:id', '194');
INSERT INTO node_tags (node_id, k, v, version) VALUES (194, 'hoot:id', '194', 1);
INSERT INTO current_node_tags (node_id, k, v) VALUES (194, 'hoot:status', '1');
INSERT INTO node_tags (node_id, k, v, version) VALUES (194, 'hoot:status', '1', 1);
/* create node 195*/
INSERT INTO nodes (node_id, latitude, longitude, changeset_id, visible, "timestamp", tile, version) VALUES (195, 388543678, -1048997170, 3, true, (now() at time zone 'utc'), 1329018926, 1);
INSERT INTO current_nodes (id, latitude, longitude, changeset_id, visible, "timestamp", tile, version) VALUES (195, 388543678, -1048997170, 3, true, (now() at time zone 'utc'), 1329018926, 1);
INSERT INTO current_node_tags (node_id, k, v) VALUES (195, 'hoot:id', '195');
INSERT INTO node_tags (node_id, k, v, version) VALUES (195, 'hoot:id', '195', 1);
INSERT INTO current_node_tags (node_id, k, v) VALUES (195, 'hoot:status', '1');
INSERT INTO node_tags (node_id, k, v, version) VALUES (195, 'hoot:status', '1', 1);
/* create node 196*/
INSERT INTO nodes (node_id, latitude, longitude, changeset_id, visible, "timestamp", tile, version) VALUES (196, 388549053, -1048997129, 3, true, (now() at time zone 'utc'), 1329018926, 1);
INSERT INTO current_nodes (id, latitude, longitude, changeset_id, visible, "timestamp", tile, version) VALUES (196, 388549053, -1048997129, 3, true, (now() at time zone 'utc'), 1329018926, 1);
INSERT INTO current_node_tags (node_id, k, v) VALUES (196, 'hoot:id', '196');
INSERT INTO node_tags (node_id, k, v, version) VALUES (196, 'hoot:id', '196', 1);
INSERT INTO current_node_tags (node_id, k, v) VALUES (196, 'hoot:status', '1');
INSERT INTO node_tags (node_id, k, v, version) VALUES (196, 'hoot:status', '1', 1);
/* create node 197*/
INSERT INTO nodes (node_id, latitude, longitude, changeset_id, visible, "timestamp", tile, version) VALUES (197, 388543654, -1049003410, 3, true, (now() at time zone 'utc'), 1329018926, 1);
INSERT INTO current_nodes (id, latitude, longitude, changeset_id, visible, "timestamp", tile, version) VALUES (197, 388543654, -1049003410, 3, true, (now() at time zone 'utc'), 1329018926, 1);
INSERT INTO current_node_tags (node_id, k, v) VALUES (197, 'hoot:id', '197');
INSERT INTO node_tags (node_id, k, v, version) VALUES (197, 'hoot:id', '197', 1);
INSERT INTO current_node_tags (node_id, k, v) VALUES (197, 'hoot:status', '2');
INSERT INTO node_tags (node_id, k, v, version) VALUES (197, 'hoot:status', '2', 1);
/* create node 198*/
INSERT INTO nodes (node_id, latitude, longitude, changeset_id, visible, "timestamp", tile, version) VALUES (198, 388543654, -1049003436, 3, true, (now() at time zone 'utc'), 1329018926, 1);
INSERT INTO current_nodes (id, latitude, longitude, changeset_id, visible, "timestamp", tile, version) VALUES (198, 388543654, -1049003436, 3, true, (now() at time zone 'utc'), 1329018926, 1);
INSERT INTO current_node_tags (node_id, k, v) VALUES (198, 'hoot:id', '198');
INSERT INTO node_tags (node_id, k, v, version) VALUES (198, 'hoot:id', '198', 1);
INSERT INTO current_node_tags (node_id, k, v) VALUES (198, 'hoot:status', '2');
INSERT INTO node_tags (node_id, k, v, version) VALUES (198, 'hoot:status', '2', 1);
/* create node 199*/
INSERT INTO nodes (node_id, latitude, longitude, changeset_id, visible, "timestamp", tile, version) VALUES (199, 388543418, -1049010910, 3, true, (now() at time zone 'utc'), 1329018926, 1);
INSERT INTO current_nodes (id, latitude, longitude, changeset_id, visible, "timestamp", tile, version) VALUES (199, 388543418, -1049010910, 3, true, (now() at time zone 'utc'), 1329018926, 1);
INSERT INTO current_node_tags (node_id, k, v) VALUES (199, 'hoot:id', '199');
INSERT INTO node_tags (node_id, k, v, version) VALUES (199, 'hoot:id', '199', 1);
INSERT INTO current_node_tags (node_id, k, v) VALUES (199, 'hoot:status', '2');
INSERT INTO node_tags (node_id, k, v, version) VALUES (199, 'hoot:status', '2', 1);
/* create node 200*/
INSERT INTO nodes (node_id, latitude, longitude, changeset_id, visible, "timestamp", tile, version) VALUES (200, 388543399, -1049011072, 3, true, (now() at time zone 'utc'), 1329018926, 1);
INSERT INTO current_nodes (id, latitude, longitude, changeset_id, visible, "timestamp", tile, version) VALUES (200, 388543399, -1049011072, 3, true, (now() at time zone 'utc'), 1329018926, 1);
INSERT INTO current_node_tags (node_id, k, v) VALUES (200, 'hoot:id', '200');
INSERT INTO node_tags (node_id, k, v, version) VALUES (200, 'hoot:id', '200', 1);
INSERT INTO current_node_tags (node_id, k, v) VALUES (200, 'hoot:status', '2');
INSERT INTO node_tags (node_id, k, v, version) VALUES (200, 'hoot:status', '2', 1);
/* create node 201*/
INSERT INTO nodes (node_id, latitude, longitude, changeset_id, visible, "timestamp", tile, version) VALUES (201, 388543351, -1049011224, 3, true, (now() at time zone 'utc'), 1329018926, 1);
INSERT INTO current_nodes (id, latitude, longitude, changeset_id, visible, "timestamp", tile, version) VALUES (201, 388543351, -1049011224, 3, true, (now() at time zone 'utc'), 1329018926, 1);
INSERT INTO current_node_tags (node_id, k, v) VALUES (201, 'hoot:id', '201');
INSERT INTO node_tags (node_id, k, v, version) VALUES (201, 'hoot:id', '201', 1);
INSERT INTO current_node_tags (node_id, k, v) VALUES (201, 'hoot:status', '2');
INSERT INTO node_tags (node_id, k, v, version) VALUES (201, 'hoot:status', '2', 1);
/* create node 202*/
INSERT INTO nodes (node_id, latitude, longitude, changeset_id, visible, "timestamp", tile, version) VALUES (202, 388543278, -1049011359, 3, true, (now() at time zone 'utc'), 1329018926, 1);
INSERT INTO current_nodes (id, latitude, longitude, changeset_id, visible, "timestamp", tile, version) VALUES (202, 388543278, -1049011359, 3, true, (now() at time zone 'utc'), 1329018926, 1);
INSERT INTO current_node_tags (node_id, k, v) VALUES (202, 'hoot:id', '202');
INSERT INTO node_tags (node_id, k, v, version) VALUES (202, 'hoot:id', '202', 1);
INSERT INTO current_node_tags (node_id, k, v) VALUES (202, 'hoot:status', '2');
INSERT INTO node_tags (node_id, k, v, version) VALUES (202, 'hoot:status', '2', 1);
/* create node 203*/
INSERT INTO nodes (node_id, latitude, longitude, changeset_id, visible, "timestamp", tile, version) VALUES (203, 388540921, -1049014778, 3, true, (now() at time zone 'utc'), 1329018926, 1);
INSERT INTO current_nodes (id, latitude, longitude, changeset_id, visible, "timestamp", tile, version) VALUES (203, 388540921, -1049014778, 3, true, (now() at time zone 'utc'), 1329018926, 1);
INSERT INTO current_node_tags (node_id, k, v) VALUES (203, 'hoot:id', '203');
INSERT INTO node_tags (node_id, k, v, version) VALUES (203, 'hoot:id', '203', 1);
INSERT INTO current_node_tags (node_id, k, v) VALUES (203, 'hoot:status', '2');
INSERT INTO node_tags (node_id, k, v, version) VALUES (203, 'hoot:status', '2', 1);
/* create node 204*/
INSERT INTO nodes (node_id, latitude, longitude, changeset_id, visible, "timestamp", tile, version) VALUES (204, 388549053, -1048997132, 3, true, (now() at time zone 'utc'), 1329018926, 1);
INSERT INTO current_nodes (id, latitude, longitude, changeset_id, visible, "timestamp", tile, version) VALUES (204, 388549053, -1048997132, 3, true, (now() at time zone 'utc'), 1329018926, 1);
INSERT INTO current_node_tags (node_id, k, v) VALUES (204, 'hoot:id', '204');
INSERT INTO node_tags (node_id, k, v, version) VALUES (204, 'hoot:id', '204', 1);
INSERT INTO current_node_tags (node_id, k, v) VALUES (204, 'hoot:status', '1');
INSERT INTO node_tags (node_id, k, v, version) VALUES (204, 'hoot:status', '1', 1);
/* create node 205*/
INSERT INTO nodes (node_id, latitude, longitude, changeset_id, visible, "timestamp", tile, version) VALUES (205, 388548963, -1048987404, 3, true, (now() at time zone 'utc'), 1329019012, 1);
INSERT INTO current_nodes (id, latitude, longitude, changeset_id, visible, "timestamp", tile, version) VALUES (205, 388548963, -1048987404, 3, true, (now() at time zone 'utc'), 1329019012, 1);
INSERT INTO current_node_tags (node_id, k, v) VALUES (205, 'hoot:id', '205');
INSERT INTO node_tags (node_id, k, v, version) VALUES (205, 'hoot:id', '205', 1);
INSERT INTO current_node_tags (node_id, k, v) VALUES (205, 'hoot:status', '1');
INSERT INTO node_tags (node_id, k, v, version) VALUES (205, 'hoot:status', '1', 1);
/* create node 206*/
INSERT INTO nodes (node_id, latitude, longitude, changeset_id, visible, "timestamp", tile, version) VALUES (206, 388548760, -1048979072, 3, true, (now() at time zone 'utc'), 1329019012, 1);
INSERT INTO current_nodes (id, latitude, longitude, changeset_id, visible, "timestamp", tile, version) VALUES (206, 388548760, -1048979072, 3, true, (now() at time zone 'utc'), 1329019012, 1);
INSERT INTO current_node_tags (node_id, k, v) VALUES (206, 'hoot:id', '206');
INSERT INTO node_tags (node_id, k, v, version) VALUES (206, 'hoot:id', '206', 1);
INSERT INTO current_node_tags (node_id, k, v) VALUES (206, 'hoot:status', '1');
INSERT INTO node_tags (node_id, k, v, version) VALUES (206, 'hoot:status', '1', 1);
/* create node 207*/
INSERT INTO nodes (node_id, latitude, longitude, changeset_id, visible, "timestamp", tile, version) VALUES (207, 388549882, -1048979026, 3, true, (now() at time zone 'utc'), 1329019012, 1);
INSERT INTO current_nodes (id, latitude, longitude, changeset_id, visible, "timestamp", tile, version) VALUES (207, 388549882, -1048979026, 3, true, (now() at time zone 'utc'), 1329019012, 1);
INSERT INTO current_node_tags (node_id, k, v) VALUES (207, 'hoot:id', '207');
INSERT INTO node_tags (node_id, k, v, version) VALUES (207, 'hoot:id', '207', 1);
INSERT INTO current_node_tags (node_id, k, v) VALUES (207, 'hoot:status', '1');
INSERT INTO node_tags (node_id, k, v, version) VALUES (207, 'hoot:status', '1', 1);
/* create node 208*/
INSERT INTO nodes (node_id, latitude, longitude, changeset_id, visible, "timestamp", tile, version) VALUES (208, 388550085, -1048987365, 3, true, (now() at time zone 'utc'), 1329019012, 1);
INSERT INTO current_nodes (id, latitude, longitude, changeset_id, visible, "timestamp", tile, version) VALUES (208, 388550085, -1048987365, 3, true, (now() at time zone 'utc'), 1329019012, 1);
INSERT INTO current_node_tags (node_id, k, v) VALUES (208, 'hoot:id', '208');
INSERT INTO node_tags (node_id, k, v, version) VALUES (208, 'hoot:id', '208', 1);
INSERT INTO current_node_tags (node_id, k, v) VALUES (208, 'hoot:status', '1');
INSERT INTO node_tags (node_id, k, v, version) VALUES (208, 'hoot:status', '1', 1);
/* create node 209*/
INSERT INTO nodes (node_id, latitude, longitude, changeset_id, visible, "timestamp", tile, version) VALUES (209, 388550085, -1048987379, 3, true, (now() at time zone 'utc'), 1329019012, 1);
INSERT INTO current_nodes (id, latitude, longitude, changeset_id, visible, "timestamp", tile, version) VALUES (209, 388550085, -1048987379, 3, true, (now() at time zone 'utc'), 1329019012, 1);
INSERT INTO current_node_tags (node_id, k, v) VALUES (209, 'hoot:id', '209');
INSERT INTO node_tags (node_id, k, v, version) VALUES (209, 'hoot:id', '209', 1);
INSERT INTO current_node_tags (node_id, k, v) VALUES (209, 'hoot:status', '1');
INSERT INTO node_tags (node_id, k, v, version) VALUES (209, 'hoot:status', '1', 1);
/* create node 210*/
INSERT INTO nodes (node_id, latitude, longitude, changeset_id, visible, "timestamp", tile, version) VALUES (210, 388550175, -1048997114, 3, true, (now() at time zone 'utc'), 1329018926, 1);
INSERT INTO current_nodes (id, latitude, longitude, changeset_id, visible, "timestamp", tile, version) VALUES (210, 388550175, -1048997114, 3, true, (now() at time zone 'utc'), 1329018926, 1);
INSERT INTO current_node_tags (node_id, k, v) VALUES (210, 'hoot:id', '210');
INSERT INTO node_tags (node_id, k, v, version) VALUES (210, 'hoot:id', '210', 1);
INSERT INTO current_node_tags (node_id, k, v) VALUES (210, 'hoot:status', '1');
INSERT INTO node_tags (node_id, k, v, version) VALUES (210, 'hoot:status', '1', 1);
/* modify way 3*/
INSERT INTO ways (way_id, changeset_id, visible, "timestamp", version) VALUES (3, 3, true, (now() at time zone 'utc'), 2);
UPDATE current_ways SET changeset_id=3, visible=true, "timestamp"=(now() at time zone 'utc'), version=2 WHERE id=3;
DELETE FROM current_way_tags WHERE way_id = 3;
DELETE FROM way_tags WHERE way_id = 3;
INSERT INTO current_way_tags (way_id, k, v) VALUES (3, 'note', '2');
INSERT INTO way_tags (way_id, k, v, version) VALUES (3, 'note', '2', 2);
INSERT INTO current_way_tags (way_id, k, v) VALUES (3, 'oneway', 'yes');
INSERT INTO way_tags (way_id, k, v, version) VALUES (3, 'oneway', 'yes', 2);
INSERT INTO current_way_tags (way_id, k, v) VALUES (3, 'hoot:id', '3');
INSERT INTO way_tags (way_id, k, v, version) VALUES (3, 'hoot:id', '3', 2);
INSERT INTO current_way_tags (way_id, k, v) VALUES (3, 'hoot:status', '3');
INSERT INTO way_tags (way_id, k, v, version) VALUES (3, 'hoot:status', '3', 2);
INSERT INTO current_way_tags (way_id, k, v) VALUES (3, 'highway', 'road');
INSERT INTO way_tags (way_id, k, v, version) VALUES (3, 'highway', 'road', 2);
DELETE FROM current_way_nodes WHERE way_id = 3;
DELETE FROM way_nodes WHERE way_id = 3;
INSERT INTO way_nodes (way_id, node_id, version, sequence_id) VALUES (3, 35, 1, 1);
INSERT INTO current_way_nodes (way_id, node_id, sequence_id) VALUES (3, 35, 1);
INSERT INTO way_nodes (way_id, node_id, version, sequence_id) VALUES (3, 17, 1, 2);
INSERT INTO current_way_nodes (way_id, node_id, sequence_id) VALUES (3, 17, 2);
INSERT INTO way_nodes (way_id, node_id, version, sequence_id) VALUES (3, 44, 1, 3);
INSERT INTO current_way_nodes (way_id, node_id, sequence_id) VALUES (3, 44, 3);
/* modify way 4*/
INSERT INTO ways (way_id, changeset_id, visible, "timestamp", version) VALUES (4, 3, true, (now() at time zone 'utc'), 2);
UPDATE current_ways SET changeset_id=3, visible=true, "timestamp"=(now() at time zone 'utc'), version=2 WHERE id=4;
DELETE FROM current_way_tags WHERE way_id = 4;
DELETE FROM way_tags WHERE way_id = 4;
INSERT INTO current_way_tags (way_id, k, v) VALUES (4, 'note', '1');
INSERT INTO way_tags (way_id, k, v, version) VALUES (4, 'note', '1', 2);
INSERT INTO current_way_tags (way_id, k, v) VALUES (4, 'oneway', 'yes');
INSERT INTO way_tags (way_id, k, v, version) VALUES (4, 'oneway', 'yes', 2);
INSERT INTO current_way_tags (way_id, k, v) VALUES (4, 'hoot:id', '4');
INSERT INTO way_tags (way_id, k, v, version) VALUES (4, 'hoot:id', '4', 2);
INSERT INTO current_way_tags (way_id, k, v) VALUES (4, 'hoot:status', '1');
INSERT INTO way_tags (way_id, k, v, version) VALUES (4, 'hoot:status', '1', 2);
INSERT INTO current_way_tags (way_id, k, v) VALUES (4, 'highway', 'road');
INSERT INTO way_tags (way_id, k, v, version) VALUES (4, 'highway', 'road', 2);
DELETE FROM current_way_nodes WHERE way_id = 4;
DELETE FROM way_nodes WHERE way_id = 4;
INSERT INTO way_nodes (way_id, node_id, version, sequence_id) VALUES (4, 207, 1, 1);
INSERT INTO current_way_nodes (way_id, node_id, sequence_id) VALUES (4, 207, 1);
INSERT INTO way_nodes (way_id, node_id, version, sequence_id) VALUES (4, 208, 1, 2);
INSERT INTO current_way_nodes (way_id, node_id, sequence_id) VALUES (4, 208, 2);
INSERT INTO way_nodes (way_id, node_id, version, sequence_id) VALUES (4, 209, 1, 3);
INSERT INTO current_way_nodes (way_id, node_id, sequence_id) VALUES (4, 209, 3);
INSERT INTO way_nodes (way_id, node_id, version, sequence_id) VALUES (4, 210, 1, 4);
INSERT INTO current_way_nodes (way_id, node_id, sequence_id) VALUES (4, 210, 4);
/* modify way 5*/
INSERT INTO ways (way_id, changeset_id, visible, "timestamp", version) VALUES (5, 3, true, (now() at time zone 'utc'), 2);
UPDATE current_ways SET changeset_id=3, visible=true, "timestamp"=(now() at time zone 'utc'), version=2 WHERE id=5;
DELETE FROM current_way_tags WHERE way_id = 5;
DELETE FROM way_tags WHERE way_id = 5;
INSERT INTO current_way_tags (way_id, k, v) VALUES (5, 'note', '0');
INSERT INTO way_tags (way_id, k, v, version) VALUES (5, 'note', '0', 2);
INSERT INTO current_way_tags (way_id, k, v) VALUES (5, 'hoot:id', '5');
INSERT INTO way_tags (way_id, k, v, version) VALUES (5, 'hoot:id', '5', 2);
INSERT INTO current_way_tags (way_id, k, v) VALUES (5, 'hoot:status', '3');
INSERT INTO way_tags (way_id, k, v, version) VALUES (5, 'hoot:status', '3', 2);
INSERT INTO current_way_tags (way_id, k, v) VALUES (5, 'highway', 'road');
INSERT INTO way_tags (way_id, k, v, version) VALUES (5, 'highway', 'road', 2);
DELETE FROM current_way_nodes WHERE way_id = 5;
DELETE FROM way_nodes WHERE way_id = 5;
INSERT INTO way_nodes (way_id, node_id, version, sequence_id) VALUES (5, 6, 1, 1);
INSERT INTO current_way_nodes (way_id, node_id, sequence_id) VALUES (5, 6, 1);
INSERT INTO way_nodes (way_id, node_id, version, sequence_id) VALUES (5, 22, 1, 2);
INSERT INTO current_way_nodes (way_id, node_id, sequence_id) VALUES (5, 22, 2);
INSERT INTO way_nodes (way_id, node_id, version, sequence_id) VALUES (5, 2, 1, 3);
INSERT INTO current_way_nodes (way_id, node_id, sequence_id) VALUES (5, 2, 3);
INSERT INTO way_nodes (way_id, node_id, version, sequence_id) VALUES (5, 18, 1, 4);
INSERT INTO current_way_nodes (way_id, node_id, sequence_id) VALUES (5, 18, 4);
INSERT INTO way_nodes (way_id, node_id, version, sequence_id) VALUES (5, 36, 1, 5);
INSERT INTO current_way_nodes (way_id, node_id, sequence_id) VALUES (5, 36, 5);
/* create way 20*/
INSERT INTO ways (way_id, changeset_id, visible, "timestamp", version) VALUES (20, 3, true, (now() at time zone 'utc'), 1);
INSERT INTO current_ways (id, changeset_id, visible, "timestamp", version) VALUES (20, 3, true, (now() at time zone 'utc'), 1);
INSERT INTO current_way_tags (way_id, k, v) VALUES (20, 'oneway', 'yes');
INSERT INTO way_tags (way_id, k, v, version) VALUES (20, 'oneway', 'yes', 1);
INSERT INTO current_way_tags (way_id, k, v) VALUES (20, 'hoot:id', '20');
INSERT INTO way_tags (way_id, k, v, version) VALUES (20, 'hoot:id', '20', 1);
INSERT INTO current_way_tags (way_id, k, v) VALUES (20, 'hoot:status', '2');
INSERT INTO way_tags (way_id, k, v, version) VALUES (20, 'hoot:status', '2', 1);
INSERT INTO current_way_tags (way_id, k, v) VALUES (20, 'highway', 'road');
INSERT INTO way_tags (way_id, k, v, version) VALUES (20, 'highway', 'road', 1);
INSERT INTO way_nodes (way_id, node_id, version, sequence_id) VALUES (20, 195, 1, 1);
INSERT INTO current_way_nodes (way_id, node_id, sequence_id) VALUES (20, 195, 1);
INSERT INTO way_nodes (way_id, node_id, version, sequence_id) VALUES (20, 197, 1, 2);
INSERT INTO current_way_nodes (way_id, node_id, sequence_id) VALUES (20, 197, 2);
INSERT INTO way_nodes (way_id, node_id, version, sequence_id) VALUES (20, 198, 1, 3);
INSERT INTO current_way_nodes (way_id, node_id, sequence_id) VALUES (20, 198, 3);
INSERT INTO way_nodes (way_id, node_id, version, sequence_id) VALUES (20, 199, 1, 4);
INSERT INTO current_way_nodes (way_id, node_id, sequence_id) VALUES (20, 199, 4);
INSERT INTO way_nodes (way_id, node_id, version, sequence_id) VALUES (20, 200, 1, 5);
INSERT INTO current_way_nodes (way_id, node_id, sequence_id) VALUES (20, 200, 5);
INSERT INTO way_nodes (way_id, node_id, version, sequence_id) VALUES (20, 201, 1, 6);
INSERT INTO current_way_nodes (way_id, node_id, sequence_id) VALUES (20, 201, 6);
INSERT INTO way_nodes (way_id, node_id, version, sequence_id) VALUES (20, 202, 1, 7);
INSERT INTO current_way_nodes (way_id, node_id, sequence_id) VALUES (20, 202, 7);
INSERT INTO way_nodes (way_id, node_id, version, sequence_id) VALUES (20, 203, 1, 8);
INSERT INTO current_way_nodes (way_id, node_id, sequence_id) VALUES (20, 203, 8);
/* create way 21*/
INSERT INTO ways (way_id, changeset_id, visible, "timestamp", version) VALUES (21, 3, true, (now() at time zone 'utc'), 1);
INSERT INTO current_ways (id, changeset_id, visible, "timestamp", version) VALUES (21, 3, true, (now() at time zone 'utc'), 1);
INSERT INTO current_way_tags (way_id, k, v) VALUES (21, 'note', '1');
INSERT INTO way_tags (way_id, k, v, version) VALUES (21, 'note', '1', 1);
INSERT INTO current_way_tags (way_id, k, v) VALUES (21, 'oneway', 'yes');
INSERT INTO way_tags (way_id, k, v, version) VALUES (21, 'oneway', 'yes', 1);
INSERT INTO current_way_tags (way_id, k, v) VALUES (21, 'hoot:id', '21');
INSERT INTO way_tags (way_id, k, v, version) VALUES (21, 'hoot:id', '21', 1);
INSERT INTO current_way_tags (way_id, k, v) VALUES (21, 'hoot:status', '3');
INSERT INTO way_tags (way_id, k, v, version) VALUES (21, 'hoot:status', '3', 1);
INSERT INTO current_way_tags (way_id, k, v) VALUES (21, 'highway', 'road');
INSERT INTO way_tags (way_id, k, v, version) VALUES (21, 'highway', 'road', 1);
INSERT INTO way_nodes (way_id, node_id, version, sequence_id) VALUES (21, 204, 1, 1);
INSERT INTO current_way_nodes (way_id, node_id, sequence_id) VALUES (21, 204, 1);
INSERT INTO way_nodes (way_id, node_id, version, sequence_id) VALUES (21, 205, 1, 2);
INSERT INTO current_way_nodes (way_id, node_id, sequence_id) VALUES (21, 205, 2);
INSERT INTO way_nodes (way_id, node_id, version, sequence_id) VALUES (21, 206, 1, 3);
INSERT INTO current_way_nodes (way_id, node_id, sequence_id) VALUES (21, 206, 3);
/* create way 22*/
INSERT INTO ways (way_id, changeset_id, visible, "timestamp", version) VALUES (22, 3, true, (now() at time zone 'utc'), 1);
INSERT INTO current_ways (id, changeset_id, visible, "timestamp", version) VALUES (22, 3, true, (now() at time zone 'utc'), 1);
INSERT INTO current_way_tags (way_id, k, v) VALUES (22, 'note', '2');
INSERT INTO way_tags (way_id, k, v, version) VALUES (22, 'note', '2', 1);
INSERT INTO current_way_tags (way_id, k, v) VALUES (22, 'oneway', 'yes');
INSERT INTO way_tags (way_id, k, v, version) VALUES (22, 'oneway', 'yes', 1);
INSERT INTO current_way_tags (way_id, k, v) VALUES (22, 'hoot:id', '22');
INSERT INTO way_tags (way_id, k, v, version) VALUES (22, 'hoot:id', '22', 1);
INSERT INTO current_way_tags (way_id, k, v) VALUES (22, 'hoot:status', '3');
INSERT INTO way_tags (way_id, k, v, version) VALUES (22, 'hoot:status', '3', 1);
INSERT INTO current_way_tags (way_id, k, v) VALUES (22, 'highway', 'road');
INSERT INTO way_tags (way_id, k, v, version) VALUES (22, 'highway', 'road', 1);
INSERT INTO way_nodes (way_id, node_id, version, sequence_id) VALUES (22, 44, 1, 1);
INSERT INTO current_way_nodes (way_id, node_id, sequence_id) VALUES (22, 44, 1);
INSERT INTO way_nodes (way_id, node_id, version, sequence_id) VALUES (22, 21, 1, 2);
INSERT INTO current_way_nodes (way_id, node_id, sequence_id) VALUES (22, 21, 2);
/* create way 23*/
INSERT INTO ways (way_id, changeset_id, visible, "timestamp", version) VALUES (23, 3, true, (now() at time zone 'utc'), 1);
INSERT INTO current_ways (id, changeset_id, visible, "timestamp", version) VALUES (23, 3, true, (now() at time zone 'utc'), 1);
INSERT INTO current_way_tags (way_id, k, v) VALUES (23, 'note', '0');
INSERT INTO way_tags (way_id, k, v, version) VALUES (23, 'note', '0', 1);
INSERT INTO current_way_tags (way_id, k, v) VALUES (23, 'hoot:id', '23');
INSERT INTO way_tags (way_id, k, v, version) VALUES (23, 'hoot:id', '23', 1);
INSERT INTO current_way_tags (way_id, k, v) VALUES (23, 'hoot:status', '3');
INSERT INTO way_tags (way_id, k, v, version) VALUES (23, 'hoot:status', '3', 1);
INSERT INTO current_way_tags (way_id, k, v) VALUES (23, 'highway', 'road');
INSERT INTO way_tags (way_id, k, v, version) VALUES (23, 'highway', 'road', 1);
INSERT INTO way_nodes (way_id, node_id, version, sequence_id) VALUES (23, 193, 1, 1);
INSERT INTO current_way_nodes (way_id, node_id, sequence_id) VALUES (23, 193, 1);
INSERT INTO way_nodes (way_id, node_id, version, sequence_id) VALUES (23, 9, 1, 2);
INSERT INTO current_way_nodes (way_id, node_id, sequence_id) VALUES (23, 9, 2);
INSERT INTO way_nodes (way_id, node_id, version, sequence_id) VALUES (23, 33, 1, 3);
INSERT INTO current_way_nodes (way_id, node_id, sequence_id) VALUES (23, 33, 3);
INSERT INTO way_nodes (way_id, node_id, version, sequence_id) VALUES (23, 16, 1, 4);
INSERT INTO current_way_nodes (way_id, node_id, sequence_id) VALUES (23, 16, 4);
INSERT INTO way_nodes (way_id, node_id, version, sequence_id) VALUES (23, 27, 1, 5);
INSERT INTO current_way_nodes (way_id, node_id, sequence_id) VALUES (23, 27, 5);
INSERT INTO way_nodes (way_id, node_id, version, sequence_id) VALUES (23, 12, 1, 6);
INSERT INTO current_way_nodes (way_id, node_id, sequence_id) VALUES (23, 12, 6);
INSERT INTO way_nodes (way_id, node_id, version, sequence_id) VALUES (23, 38, 1, 7);
INSERT INTO current_way_nodes (way_id, node_id, sequence_id) VALUES (23, 38, 7);
INSERT INTO way_nodes (way_id, node_id, version, sequence_id) VALUES (23, 19, 1, 8);
INSERT INTO current_way_nodes (way_id, node_id, sequence_id) VALUES (23, 19, 8);
INSERT INTO way_nodes (way_id, node_id, version, sequence_id) VALUES (23, 3, 1, 9);
INSERT INTO current_way_nodes (way_id, node_id, sequence_id) VALUES (23, 3, 9);
INSERT INTO way_nodes (way_id, node_id, version, sequence_id) VALUES (23, 23, 1, 10);
INSERT INTO current_way_nodes (way_id, node_id, sequence_id) VALUES (23, 23, 10);
INSERT INTO way_nodes (way_id, node_id, version, sequence_id) VALUES (23, 7, 1, 11);
INSERT INTO current_way_nodes (way_id, node_id, sequence_id) VALUES (23, 7, 11);
INSERT INTO way_nodes (way_id, node_id, version, sequence_id) VALUES (23, 30, 1, 12);
INSERT INTO current_way_nodes (way_id, node_id, sequence_id) VALUES (23, 30, 12);
INSERT INTO way_nodes (way_id, node_id, version, sequence_id) VALUES (23, 39, 1, 13);
INSERT INTO current_way_nodes (way_id, node_id, sequence_id) VALUES (23, 39, 13);
INSERT INTO way_nodes (way_id, node_id, version, sequence_id) VALUES (23, 20, 1, 14);
INSERT INTO current_way_nodes (way_id, node_id, sequence_id) VALUES (23, 20, 14);
INSERT INTO way_nodes (way_id, node_id, version, sequence_id) VALUES (23, 4, 1, 15);
INSERT INTO current_way_nodes (way_id, node_id, sequence_id) VALUES (23, 4, 15);
INSERT INTO way_nodes (way_id, node_id, version, sequence_id) VALUES (23, 24, 1, 16);
INSERT INTO current_way_nodes (way_id, node_id, sequence_id) VALUES (23, 24, 16);
INSERT INTO way_nodes (way_id, node_id, version, sequence_id) VALUES (23, 8, 1, 17);
INSERT INTO current_way_nodes (way_id, node_id, sequence_id) VALUES (23, 8, 17);
INSERT INTO way_nodes (way_id, node_id, version, sequence_id) VALUES (23, 32, 1, 18);
INSERT INTO current_way_nodes (way_id, node_id, sequence_id) VALUES (23, 32, 18);
INSERT INTO way_nodes (way_id, node_id, version, sequence_id) VALUES (23, 15, 1, 19);
INSERT INTO current_way_nodes (way_id, node_id, sequence_id) VALUES (23, 15, 19);
INSERT INTO way_nodes (way_id, node_id, version, sequence_id) VALUES (23, 42, 1, 20);
INSERT INTO current_way_nodes (way_id, node_id, sequence_id) VALUES (23, 42, 20);
/* create way 24*/
INSERT INTO ways (way_id, changeset_id, visible, "timestamp", version) VALUES (24, 3, true, (now() at time zone 'utc'), 1);
INSERT INTO current_ways (id, changeset_id, visible, "timestamp", version) VALUES (24, 3, true, (now() at time zone 'utc'), 1);
INSERT INTO current_way_tags (way_id, k, v) VALUES (24, 'note', '0');
INSERT INTO way_tags (way_id, k, v, version) VALUES (24, 'note', '0', 1);
INSERT INTO current_way_tags (way_id, k, v) VALUES (24, 'hoot:id', '24');
INSERT INTO way_tags (way_id, k, v, version) VALUES (24, 'hoot:id', '24', 1);
INSERT INTO current_way_tags (way_id, k, v) VALUES (24, 'hoot:status', '3');
INSERT INTO way_tags (way_id, k, v, version) VALUES (24, 'hoot:status', '3', 1);
INSERT INTO current_way_tags (way_id, k, v) VALUES (24, 'highway', 'road');
INSERT INTO way_tags (way_id, k, v, version) VALUES (24, 'highway', 'road', 1);
INSERT INTO way_nodes (way_id, node_id, version, sequence_id) VALUES (24, 196, 1, 1);
INSERT INTO current_way_nodes (way_id, node_id, sequence_id) VALUES (24, 196, 1);
INSERT INTO way_nodes (way_id, node_id, version, sequence_id) VALUES (24, 41, 1, 2);
INSERT INTO current_way_nodes (way_id, node_id, sequence_id) VALUES (24, 41, 2);
INSERT INTO way_nodes (way_id, node_id, version, sequence_id) VALUES (24, 195, 1, 3);
INSERT INTO current_way_nodes (way_id, node_id, sequence_id) VALUES (24, 195, 3);
/* create way 25*/
INSERT INTO ways (way_id, changeset_id, visible, "timestamp", version) VALUES (25, 3, true, (now() at time zone 'utc'), 1);
INSERT INTO current_ways (id, changeset_id, visible, "timestamp", version) VALUES (25, 3, true, (now() at time zone 'utc'), 1);
INSERT INTO current_way_tags (way_id, k, v) VALUES (25, 'note', '0');
INSERT INTO way_tags (way_id, k, v, version) VALUES (25, 'note', '0', 1);
INSERT INTO current_way_tags (way_id, k, v) VALUES (25, 'hoot:id', '25');
INSERT INTO way_tags (way_id, k, v, version) VALUES (25, 'hoot:id', '25', 1);
INSERT INTO current_way_tags (way_id, k, v) VALUES (25, 'hoot:status', '3');
INSERT INTO way_tags (way_id, k, v, version) VALUES (25, 'hoot:status', '3', 1);
INSERT INTO current_way_tags (way_id, k, v) VALUES (25, 'highway', 'road');
INSERT INTO way_tags (way_id, k, v, version) VALUES (25, 'highway', 'road', 1);
INSERT INTO way_nodes (way_id, node_id, version, sequence_id) VALUES (25, 21, 1, 1);
INSERT INTO current_way_nodes (way_id, node_id, sequence_id) VALUES (25, 21, 1);
INSERT INTO way_nodes (way_id, node_id, version, sequence_id) VALUES (25, 10, 1, 2);
INSERT INTO current_way_nodes (way_id, node_id, sequence_id) VALUES (25, 10, 2);
INSERT INTO way_nodes (way_id, node_id, version, sequence_id) VALUES (25, 5, 1, 3);
INSERT INTO current_way_nodes (way_id, node_id, sequence_id) VALUES (25, 5, 3);
INSERT INTO way_nodes (way_id, node_id, version, sequence_id) VALUES (25, 26, 1, 4);
INSERT INTO current_way_nodes (way_id, node_id, sequence_id) VALUES (25, 26, 4);
INSERT INTO way_nodes (way_id, node_id, version, sequence_id) VALUES (25, 193, 1, 5);
INSERT INTO current_way_nodes (way_id, node_id, sequence_id) VALUES (25, 193, 5);
/* create way 26*/
INSERT INTO ways (way_id, changeset_id, visible, "timestamp", version) VALUES (26, 3, true, (now() at time zone 'utc'), 1);
INSERT INTO current_ways (id, changeset_id, visible, "timestamp", version) VALUES (26, 3, true, (now() at time zone 'utc'), 1);
INSERT INTO current_way_tags (way_id, k, v) VALUES (26, 'hoot:id', '26');
INSERT INTO way_tags (way_id, k, v, version) VALUES (26, 'hoot:id', '26', 1);
INSERT INTO current_way_tags (way_id, k, v) VALUES (26, 'hoot:status', '2');
INSERT INTO way_tags (way_id, k, v, version) VALUES (26, 'hoot:status', '2', 1);
INSERT INTO current_way_tags (way_id, k, v) VALUES (26, 'highway', 'road');
INSERT INTO way_tags (way_id, k, v, version) VALUES (26, 'highway', 'road', 1);
INSERT INTO way_nodes (way_id, node_id, version, sequence_id) VALUES (26, 194, 1, 1);
INSERT INTO current_way_nodes (way_id, node_id, sequence_id) VALUES (26, 194, 1);
INSERT INTO way_nodes (way_id, node_id, version, sequence_id) VALUES (26, 124, 1, 2);
INSERT INTO current_way_nodes (way_id, node_id, sequence_id) VALUES (26, 124, 2);
INSERT INTO way_nodes (way_id, node_id, version, sequence_id) VALUES (26, 196, 1, 3);
INSERT INTO current_way_nodes (way_id, node_id, sequence_id) VALUES (26, 196, 3);
/* create way 27*/
INSERT INTO ways (way_id, changeset_id, visible, "timestamp", version) VALUES (27, 3, true, (now() at time zone 'utc'), 1);
INSERT INTO current_ways (id, changeset_id, visible, "timestamp", version) VALUES (27, 3, true, (now() at time zone 'utc'), 1);
INSERT INTO current_way_tags (way_id, k, v) VALUES (27, 'note', '0');
INSERT INTO way_tags (way_id, k, v, version) VALUES (27, 'note', '0', 1);
INSERT INTO current_way_tags (way_id, k, v) VALUES (27, 'hoot:id', '27');
INSERT INTO way_tags (way_id, k, v, version) VALUES (27, 'hoot:id', '27', 1);
INSERT INTO current_way_tags (way_id, k, v) VALUES (27, 'hoot:status', '1');
INSERT INTO way_tags (way_id, k, v, version) VALUES (27, 'hoot:status', '1', 1);
INSERT INTO current_way_tags (way_id, k, v) VALUES (27, 'highway', 'road');
INSERT INTO way_tags (way_id, k, v, version) VALUES (27, 'highway', 'road', 1);
INSERT INTO way_nodes (way_id, node_id, version, sequence_id) VALUES (27, 194, 1, 1);
INSERT INTO current_way_nodes (way_id, node_id, sequence_id) VALUES (27, 194, 1);
INSERT INTO way_nodes (way_id, node_id, version, sequence_id) VALUES (27, 210, 1, 2);
INSERT INTO current_way_nodes (way_id, node_id, sequence_id) VALUES (27, 210, 2);
INSERT INTO way_nodes (way_id, node_id, version, sequence_id) VALUES (27, 196, 1, 3);
INSERT INTO current_way_nodes (way_id, node_id, sequence_id) VALUES (27, 196, 3);
/* create way 28*/
INSERT INTO ways (way_id, changeset_id, visible, "timestamp", version) VALUES (28, 3, true, (now() at time zone 'utc'), 1);
INSERT INTO current_ways (id, changeset_id, visible, "timestamp", version) VALUES (28, 3, true, (now() at time zone 'utc'), 1);
INSERT INTO current_way_tags (way_id, k, v) VALUES (28, 'note', '0');
INSERT INTO way_tags (way_id, k, v, version) VALUES (28, 'note', '0', 1);
INSERT INTO current_way_tags (way_id, k, v) VALUES (28, 'hoot:id', '28');
INSERT INTO way_tags (way_id, k, v, version) VALUES (28, 'hoot:id', '28', 1);
INSERT INTO current_way_tags (way_id, k, v) VALUES (28, 'hoot:status', '3');
INSERT INTO way_tags (way_id, k, v, version) VALUES (28, 'hoot:status', '3', 1);
INSERT INTO current_way_tags (way_id, k, v) VALUES (28, 'highway', 'road');
INSERT INTO way_tags (way_id, k, v, version) VALUES (28, 'highway', 'road', 1);
INSERT INTO way_nodes (way_id, node_id, version, sequence_id) VALUES (28, 36, 1, 1);
INSERT INTO current_way_nodes (way_id, node_id, sequence_id) VALUES (28, 36, 1);
INSERT INTO way_nodes (way_id, node_id, version, sequence_id) VALUES (28, 194, 1, 2);
INSERT INTO current_way_nodes (way_id, node_id, sequence_id) VALUES (28, 194, 2);
/* create way 29*/
INSERT INTO ways (way_id, changeset_id, visible, "timestamp", version) VALUES (29, 3, true, (now() at time zone 'utc'), 1);
INSERT INTO current_ways (id, changeset_id, visible, "timestamp", version) VALUES (29, 3, true, (now() at time zone 'utc'), 1);
INSERT INTO current_way_tags (way_id, k, v) VALUES (29, 'note', '0');
INSERT INTO way_tags (way_id, k, v, version) VALUES (29, 'note', '0', 1);
INSERT INTO current_way_tags (way_id, k, v) VALUES (29, 'hoot:id', '29');
INSERT INTO way_tags (way_id, k, v, version) VALUES (29, 'hoot:id', '29', 1);
INSERT INTO current_way_tags (way_id, k, v) VALUES (29, 'hoot:status', '1');
INSERT INTO way_tags (way_id, k, v, version) VALUES (29, 'hoot:status', '1', 1);
INSERT INTO current_way_tags (way_id, k, v) VALUES (29, 'highway', 'road');
INSERT INTO way_tags (way_id, k, v, version) VALUES (29, 'highway', 'road', 1);
INSERT INTO way_nodes (way_id, node_id, version, sequence_id) VALUES (29, 195, 1, 1);
INSERT INTO current_way_nodes (way_id, node_id, sequence_id) VALUES (29, 195, 1);
INSERT INTO way_nodes (way_id, node_id, version, sequence_id) VALUES (29, 21, 1, 2);
INSERT INTO current_way_nodes (way_id, node_id, sequence_id) VALUES (29, 21, 2);
UPDATE changesets SET min_lat=388467218, max_lat=389109693, min_lon=-1049014778, max_lon=-1047145693, num_changes=38 WHERE id=3;
