INSERT INTO changesets (id, user_id, created_at, closed_at) VALUES (3, 1, (now() at time zone 'utc'), (now() at time zone 'utc'));
INSERT INTO changeset_tags (changeset_id, k, v) VALUES (3, 'written_by', 'Hootenanny');
/* create node 4337*/
INSERT INTO nodes (node_id, latitude, longitude, changeset_id, visible, "timestamp", tile, version) VALUES (4337, 388865100, -770503119, 3, true, (now() at time zone 'utc'), 1704401523, 1);
INSERT INTO current_nodes (id, latitude, longitude, changeset_id, visible, "timestamp", tile, version) VALUES (4337, 388865100, -770503119, 3, true, (now() at time zone 'utc'), 1704401523, 1);
INSERT INTO current_node_tags (node_id, k, v) VALUES (4337, 'hoot:id', '4337');
INSERT INTO node_tags (node_id, k, v, version) VALUES (4337, 'hoot:id', '4337', 1);
INSERT INTO current_node_tags (node_id, k, v) VALUES (4337, 'hoot:status', '2');
INSERT INTO node_tags (node_id, k, v, version) VALUES (4337, 'hoot:status', '2', 1);
/* create node 4338*/
INSERT INTO nodes (node_id, latitude, longitude, changeset_id, visible, "timestamp", tile, version) VALUES (4338, 388865230, -770503319, 3, true, (now() at time zone 'utc'), 1704401523, 1);
INSERT INTO current_nodes (id, latitude, longitude, changeset_id, visible, "timestamp", tile, version) VALUES (4338, 388865230, -770503319, 3, true, (now() at time zone 'utc'), 1704401523, 1);
INSERT INTO current_node_tags (node_id, k, v) VALUES (4338, 'hoot:id', '4338');
INSERT INTO node_tags (node_id, k, v, version) VALUES (4338, 'hoot:id', '4338', 1);
INSERT INTO current_node_tags (node_id, k, v) VALUES (4338, 'hoot:status', '2');
INSERT INTO node_tags (node_id, k, v, version) VALUES (4338, 'hoot:status', '2', 1);
/* create node 4349*/
INSERT INTO nodes (node_id, latitude, longitude, changeset_id, visible, "timestamp", tile, version) VALUES (4349, 388865180, -770500819, 3, true, (now() at time zone 'utc'), 1704401523, 1);
INSERT INTO current_nodes (id, latitude, longitude, changeset_id, visible, "timestamp", tile, version) VALUES (4349, 388865180, -770500819, 3, true, (now() at time zone 'utc'), 1704401523, 1);
INSERT INTO current_node_tags (node_id, k, v) VALUES (4349, 'hoot:id', '4349');
INSERT INTO node_tags (node_id, k, v, version) VALUES (4349, 'hoot:id', '4349', 1);
INSERT INTO current_node_tags (node_id, k, v) VALUES (4349, 'hoot:status', '2');
INSERT INTO node_tags (node_id, k, v, version) VALUES (4349, 'hoot:status', '2', 1);
/* create node 4350*/
INSERT INTO nodes (node_id, latitude, longitude, changeset_id, visible, "timestamp", tile, version) VALUES (4350, 388865380, -770500559, 3, true, (now() at time zone 'utc'), 1704401523, 1);
INSERT INTO current_nodes (id, latitude, longitude, changeset_id, visible, "timestamp", tile, version) VALUES (4350, 388865380, -770500559, 3, true, (now() at time zone 'utc'), 1704401523, 1);
INSERT INTO current_node_tags (node_id, k, v) VALUES (4350, 'hoot:id', '4350');
INSERT INTO node_tags (node_id, k, v, version) VALUES (4350, 'hoot:id', '4350', 1);
INSERT INTO current_node_tags (node_id, k, v) VALUES (4350, 'hoot:status', '2');
INSERT INTO node_tags (node_id, k, v, version) VALUES (4350, 'hoot:status', '2', 1);
/* create node 4351*/
INSERT INTO nodes (node_id, latitude, longitude, changeset_id, visible, "timestamp", tile, version) VALUES (4351, 388865590, -770500329, 3, true, (now() at time zone 'utc'), 1704401523, 1);
INSERT INTO current_nodes (id, latitude, longitude, changeset_id, visible, "timestamp", tile, version) VALUES (4351, 388865590, -770500329, 3, true, (now() at time zone 'utc'), 1704401523, 1);
INSERT INTO current_node_tags (node_id, k, v) VALUES (4351, 'hoot:id', '4351');
INSERT INTO node_tags (node_id, k, v, version) VALUES (4351, 'hoot:id', '4351', 1);
INSERT INTO current_node_tags (node_id, k, v) VALUES (4351, 'hoot:status', '2');
INSERT INTO node_tags (node_id, k, v, version) VALUES (4351, 'hoot:status', '2', 1);
/* create node 4352*/
INSERT INTO nodes (node_id, latitude, longitude, changeset_id, visible, "timestamp", tile, version) VALUES (4352, 388865830, -770500119, 3, true, (now() at time zone 'utc'), 1704401523, 1);
INSERT INTO current_nodes (id, latitude, longitude, changeset_id, visible, "timestamp", tile, version) VALUES (4352, 388865830, -770500119, 3, true, (now() at time zone 'utc'), 1704401523, 1);
INSERT INTO current_node_tags (node_id, k, v) VALUES (4352, 'hoot:id', '4352');
INSERT INTO node_tags (node_id, k, v, version) VALUES (4352, 'hoot:id', '4352', 1);
INSERT INTO current_node_tags (node_id, k, v) VALUES (4352, 'hoot:status', '2');
INSERT INTO node_tags (node_id, k, v, version) VALUES (4352, 'hoot:status', '2', 1);
/* create node 4353*/
INSERT INTO nodes (node_id, latitude, longitude, changeset_id, visible, "timestamp", tile, version) VALUES (4353, 388866080, -770499949, 3, true, (now() at time zone 'utc'), 1704401523, 1);
INSERT INTO current_nodes (id, latitude, longitude, changeset_id, visible, "timestamp", tile, version) VALUES (4353, 388866080, -770499949, 3, true, (now() at time zone 'utc'), 1704401523, 1);
INSERT INTO current_node_tags (node_id, k, v) VALUES (4353, 'hoot:id', '4353');
INSERT INTO node_tags (node_id, k, v, version) VALUES (4353, 'hoot:id', '4353', 1);
INSERT INTO current_node_tags (node_id, k, v) VALUES (4353, 'hoot:status', '2');
INSERT INTO node_tags (node_id, k, v, version) VALUES (4353, 'hoot:status', '2', 1);
/* create node 4354*/
INSERT INTO nodes (node_id, latitude, longitude, changeset_id, visible, "timestamp", tile, version) VALUES (4354, 388866510, -770499779, 3, true, (now() at time zone 'utc'), 1704401523, 1);
INSERT INTO current_nodes (id, latitude, longitude, changeset_id, visible, "timestamp", tile, version) VALUES (4354, 388866510, -770499779, 3, true, (now() at time zone 'utc'), 1704401523, 1);
INSERT INTO current_node_tags (node_id, k, v) VALUES (4354, 'hoot:id', '4354');
INSERT INTO node_tags (node_id, k, v, version) VALUES (4354, 'hoot:id', '4354', 1);
INSERT INTO current_node_tags (node_id, k, v) VALUES (4354, 'hoot:status', '2');
INSERT INTO node_tags (node_id, k, v, version) VALUES (4354, 'hoot:status', '2', 1);
/* create node 4355*/
INSERT INTO nodes (node_id, latitude, longitude, changeset_id, visible, "timestamp", tile, version) VALUES (4355, 388866940, -770499789, 3, true, (now() at time zone 'utc'), 1704401523, 1);
INSERT INTO current_nodes (id, latitude, longitude, changeset_id, visible, "timestamp", tile, version) VALUES (4355, 388866940, -770499789, 3, true, (now() at time zone 'utc'), 1704401523, 1);
INSERT INTO current_node_tags (node_id, k, v) VALUES (4355, 'hoot:id', '4355');
INSERT INTO node_tags (node_id, k, v, version) VALUES (4355, 'hoot:id', '4355', 1);
INSERT INTO current_node_tags (node_id, k, v) VALUES (4355, 'hoot:status', '2');
INSERT INTO node_tags (node_id, k, v, version) VALUES (4355, 'hoot:status', '2', 1);
/* create node 4363*/
INSERT INTO nodes (node_id, latitude, longitude, changeset_id, visible, "timestamp", tile, version) VALUES (4363, 388866150, -770504209, 3, true, (now() at time zone 'utc'), 1704401523, 1);
INSERT INTO current_nodes (id, latitude, longitude, changeset_id, visible, "timestamp", tile, version) VALUES (4363, 388866150, -770504209, 3, true, (now() at time zone 'utc'), 1704401523, 1);
INSERT INTO current_node_tags (node_id, k, v) VALUES (4363, 'hoot:id', '4363');
INSERT INTO node_tags (node_id, k, v, version) VALUES (4363, 'hoot:id', '4363', 1);
INSERT INTO current_node_tags (node_id, k, v) VALUES (4363, 'hoot:status', '2');
INSERT INTO node_tags (node_id, k, v, version) VALUES (4363, 'hoot:status', '2', 1);
/* create node 4365*/
INSERT INTO nodes (node_id, latitude, longitude, changeset_id, visible, "timestamp", tile, version) VALUES (4365, 388866490, -770504449, 3, true, (now() at time zone 'utc'), 1704401523, 1);
INSERT INTO current_nodes (id, latitude, longitude, changeset_id, visible, "timestamp", tile, version) VALUES (4365, 388866490, -770504449, 3, true, (now() at time zone 'utc'), 1704401523, 1);
INSERT INTO current_node_tags (node_id, k, v) VALUES (4365, 'hoot:id', '4365');
INSERT INTO node_tags (node_id, k, v, version) VALUES (4365, 'hoot:id', '4365', 1);
INSERT INTO current_node_tags (node_id, k, v) VALUES (4365, 'hoot:status', '2');
INSERT INTO node_tags (node_id, k, v, version) VALUES (4365, 'hoot:status', '2', 1);
/* create node 4367*/
INSERT INTO nodes (node_id, latitude, longitude, changeset_id, visible, "timestamp", tile, version) VALUES (4367, 388866660, -770504559, 3, true, (now() at time zone 'utc'), 1704401523, 1);
INSERT INTO current_nodes (id, latitude, longitude, changeset_id, visible, "timestamp", tile, version) VALUES (4367, 388866660, -770504559, 3, true, (now() at time zone 'utc'), 1704401523, 1);
INSERT INTO current_node_tags (node_id, k, v) VALUES (4367, 'hoot:id', '4367');
INSERT INTO node_tags (node_id, k, v, version) VALUES (4367, 'hoot:id', '4367', 1);
INSERT INTO current_node_tags (node_id, k, v) VALUES (4367, 'hoot:status', '2');
INSERT INTO node_tags (node_id, k, v, version) VALUES (4367, 'hoot:status', '2', 1);
/* create node 4369*/
INSERT INTO nodes (node_id, latitude, longitude, changeset_id, visible, "timestamp", tile, version) VALUES (4369, 388867010, -770504749, 3, true, (now() at time zone 'utc'), 1704401523, 1);
INSERT INTO current_nodes (id, latitude, longitude, changeset_id, visible, "timestamp", tile, version) VALUES (4369, 388867010, -770504749, 3, true, (now() at time zone 'utc'), 1704401523, 1);
INSERT INTO current_node_tags (node_id, k, v) VALUES (4369, 'hoot:id', '4369');
INSERT INTO node_tags (node_id, k, v, version) VALUES (4369, 'hoot:id', '4369', 1);
INSERT INTO current_node_tags (node_id, k, v) VALUES (4369, 'hoot:status', '2');
INSERT INTO node_tags (node_id, k, v, version) VALUES (4369, 'hoot:status', '2', 1);
/* create node 4371*/
INSERT INTO nodes (node_id, latitude, longitude, changeset_id, visible, "timestamp", tile, version) VALUES (4371, 388867500, -770504959, 3, true, (now() at time zone 'utc'), 1704401526, 1);
INSERT INTO current_nodes (id, latitude, longitude, changeset_id, visible, "timestamp", tile, version) VALUES (4371, 388867500, -770504959, 3, true, (now() at time zone 'utc'), 1704401526, 1);
INSERT INTO current_node_tags (node_id, k, v) VALUES (4371, 'hoot:id', '4371');
INSERT INTO node_tags (node_id, k, v, version) VALUES (4371, 'hoot:id', '4371', 1);
INSERT INTO current_node_tags (node_id, k, v) VALUES (4371, 'hoot:status', '2');
INSERT INTO node_tags (node_id, k, v, version) VALUES (4371, 'hoot:status', '2', 1);
/* create node 4372*/
INSERT INTO nodes (node_id, latitude, longitude, changeset_id, visible, "timestamp", tile, version) VALUES (4372, 388867820, -770505149, 3, true, (now() at time zone 'utc'), 1704401526, 1);
INSERT INTO current_nodes (id, latitude, longitude, changeset_id, visible, "timestamp", tile, version) VALUES (4372, 388867820, -770505149, 3, true, (now() at time zone 'utc'), 1704401526, 1);
INSERT INTO current_node_tags (node_id, k, v) VALUES (4372, 'hoot:id', '4372');
INSERT INTO node_tags (node_id, k, v, version) VALUES (4372, 'hoot:id', '4372', 1);
INSERT INTO current_node_tags (node_id, k, v) VALUES (4372, 'hoot:status', '2');
INSERT INTO node_tags (node_id, k, v, version) VALUES (4372, 'hoot:status', '2', 1);
/* create node 4373*/
INSERT INTO nodes (node_id, latitude, longitude, changeset_id, visible, "timestamp", tile, version) VALUES (4373, 388868130, -770505359, 3, true, (now() at time zone 'utc'), 1704401526, 1);
INSERT INTO current_nodes (id, latitude, longitude, changeset_id, visible, "timestamp", tile, version) VALUES (4373, 388868130, -770505359, 3, true, (now() at time zone 'utc'), 1704401526, 1);
INSERT INTO current_node_tags (node_id, k, v) VALUES (4373, 'hoot:id', '4373');
INSERT INTO node_tags (node_id, k, v, version) VALUES (4373, 'hoot:id', '4373', 1);
INSERT INTO current_node_tags (node_id, k, v) VALUES (4373, 'hoot:status', '2');
INSERT INTO node_tags (node_id, k, v, version) VALUES (4373, 'hoot:status', '2', 1);
/* create node 4374*/
INSERT INTO nodes (node_id, latitude, longitude, changeset_id, visible, "timestamp", tile, version) VALUES (4374, 388868560, -770505749, 3, true, (now() at time zone 'utc'), 1704401526, 1);
INSERT INTO current_nodes (id, latitude, longitude, changeset_id, visible, "timestamp", tile, version) VALUES (4374, 388868560, -770505749, 3, true, (now() at time zone 'utc'), 1704401526, 1);
INSERT INTO current_node_tags (node_id, k, v) VALUES (4374, 'hoot:id', '4374');
INSERT INTO node_tags (node_id, k, v, version) VALUES (4374, 'hoot:id', '4374', 1);
INSERT INTO current_node_tags (node_id, k, v) VALUES (4374, 'hoot:status', '2');
INSERT INTO node_tags (node_id, k, v, version) VALUES (4374, 'hoot:status', '2', 1);
/* create node 4375*/
INSERT INTO nodes (node_id, latitude, longitude, changeset_id, visible, "timestamp", tile, version) VALUES (4375, 388868830, -770506039, 3, true, (now() at time zone 'utc'), 1704401526, 1);
INSERT INTO current_nodes (id, latitude, longitude, changeset_id, visible, "timestamp", tile, version) VALUES (4375, 388868830, -770506039, 3, true, (now() at time zone 'utc'), 1704401526, 1);
INSERT INTO current_node_tags (node_id, k, v) VALUES (4375, 'hoot:id', '4375');
INSERT INTO node_tags (node_id, k, v, version) VALUES (4375, 'hoot:id', '4375', 1);
INSERT INTO current_node_tags (node_id, k, v) VALUES (4375, 'hoot:status', '2');
INSERT INTO node_tags (node_id, k, v, version) VALUES (4375, 'hoot:status', '2', 1);
/* create node 4376*/
INSERT INTO nodes (node_id, latitude, longitude, changeset_id, visible, "timestamp", tile, version) VALUES (4376, 388868960, -770506199, 3, true, (now() at time zone 'utc'), 1704401526, 1);
INSERT INTO current_nodes (id, latitude, longitude, changeset_id, visible, "timestamp", tile, version) VALUES (4376, 388868960, -770506199, 3, true, (now() at time zone 'utc'), 1704401526, 1);
INSERT INTO current_node_tags (node_id, k, v) VALUES (4376, 'hoot:id', '4376');
INSERT INTO node_tags (node_id, k, v, version) VALUES (4376, 'hoot:id', '4376', 1);
INSERT INTO current_node_tags (node_id, k, v) VALUES (4376, 'hoot:status', '2');
INSERT INTO node_tags (node_id, k, v, version) VALUES (4376, 'hoot:status', '2', 1);
/* create node 4377*/
INSERT INTO nodes (node_id, latitude, longitude, changeset_id, visible, "timestamp", tile, version) VALUES (4377, 388869200, -770506539, 3, true, (now() at time zone 'utc'), 1704401526, 1);
INSERT INTO current_nodes (id, latitude, longitude, changeset_id, visible, "timestamp", tile, version) VALUES (4377, 388869200, -770506539, 3, true, (now() at time zone 'utc'), 1704401526, 1);
INSERT INTO current_node_tags (node_id, k, v) VALUES (4377, 'hoot:id', '4377');
INSERT INTO node_tags (node_id, k, v, version) VALUES (4377, 'hoot:id', '4377', 1);
INSERT INTO current_node_tags (node_id, k, v) VALUES (4377, 'hoot:status', '2');
INSERT INTO node_tags (node_id, k, v, version) VALUES (4377, 'hoot:status', '2', 1);
/* create node 4378*/
INSERT INTO nodes (node_id, latitude, longitude, changeset_id, visible, "timestamp", tile, version) VALUES (4378, 388870330, -770508459, 3, true, (now() at time zone 'utc'), 1704401526, 1);
INSERT INTO current_nodes (id, latitude, longitude, changeset_id, visible, "timestamp", tile, version) VALUES (4378, 388870330, -770508459, 3, true, (now() at time zone 'utc'), 1704401526, 1);
INSERT INTO current_node_tags (node_id, k, v) VALUES (4378, 'hoot:id', '4378');
INSERT INTO node_tags (node_id, k, v, version) VALUES (4378, 'hoot:id', '4378', 1);
INSERT INTO current_node_tags (node_id, k, v) VALUES (4378, 'hoot:status', '2');
INSERT INTO node_tags (node_id, k, v, version) VALUES (4378, 'hoot:status', '2', 1);
/* create node 4379*/
INSERT INTO nodes (node_id, latitude, longitude, changeset_id, visible, "timestamp", tile, version) VALUES (4379, 388871780, -770510649, 3, true, (now() at time zone 'utc'), 1704401526, 1);
INSERT INTO current_nodes (id, latitude, longitude, changeset_id, visible, "timestamp", tile, version) VALUES (4379, 388871780, -770510649, 3, true, (now() at time zone 'utc'), 1704401526, 1);
INSERT INTO current_node_tags (node_id, k, v) VALUES (4379, 'hoot:id', '4379');
INSERT INTO node_tags (node_id, k, v, version) VALUES (4379, 'hoot:id', '4379', 1);
INSERT INTO current_node_tags (node_id, k, v) VALUES (4379, 'hoot:status', '2');
INSERT INTO node_tags (node_id, k, v, version) VALUES (4379, 'hoot:status', '2', 1);
/* create node 4380*/
INSERT INTO nodes (node_id, latitude, longitude, changeset_id, visible, "timestamp", tile, version) VALUES (4380, 388874210, -770514259, 3, true, (now() at time zone 'utc'), 1704401526, 1);
INSERT INTO current_nodes (id, latitude, longitude, changeset_id, visible, "timestamp", tile, version) VALUES (4380, 388874210, -770514259, 3, true, (now() at time zone 'utc'), 1704401526, 1);
INSERT INTO current_node_tags (node_id, k, v) VALUES (4380, 'hoot:id', '4380');
INSERT INTO node_tags (node_id, k, v, version) VALUES (4380, 'hoot:id', '4380', 1);
INSERT INTO current_node_tags (node_id, k, v) VALUES (4380, 'hoot:status', '2');
INSERT INTO node_tags (node_id, k, v, version) VALUES (4380, 'hoot:status', '2', 1);
/* create node 4381*/
INSERT INTO nodes (node_id, latitude, longitude, changeset_id, visible, "timestamp", tile, version) VALUES (4381, 388874560, -770514759, 3, true, (now() at time zone 'utc'), 1704401526, 1);
INSERT INTO current_nodes (id, latitude, longitude, changeset_id, visible, "timestamp", tile, version) VALUES (4381, 388874560, -770514759, 3, true, (now() at time zone 'utc'), 1704401526, 1);
INSERT INTO current_node_tags (node_id, k, v) VALUES (4381, 'hoot:id', '4381');
INSERT INTO node_tags (node_id, k, v, version) VALUES (4381, 'hoot:id', '4381', 1);
INSERT INTO current_node_tags (node_id, k, v) VALUES (4381, 'hoot:status', '2');
INSERT INTO node_tags (node_id, k, v, version) VALUES (4381, 'hoot:status', '2', 1);
/* create node 4382*/
INSERT INTO nodes (node_id, latitude, longitude, changeset_id, visible, "timestamp", tile, version) VALUES (4382, 388875290, -770515739, 3, true, (now() at time zone 'utc'), 1704401526, 1);
INSERT INTO current_nodes (id, latitude, longitude, changeset_id, visible, "timestamp", tile, version) VALUES (4382, 388875290, -770515739, 3, true, (now() at time zone 'utc'), 1704401526, 1);
INSERT INTO current_node_tags (node_id, k, v) VALUES (4382, 'hoot:id', '4382');
INSERT INTO node_tags (node_id, k, v, version) VALUES (4382, 'hoot:id', '4382', 1);
INSERT INTO current_node_tags (node_id, k, v) VALUES (4382, 'hoot:status', '2');
INSERT INTO node_tags (node_id, k, v, version) VALUES (4382, 'hoot:status', '2', 1);
/* create node 4383*/
INSERT INTO nodes (node_id, latitude, longitude, changeset_id, visible, "timestamp", tile, version) VALUES (4383, 388875660, -770516219, 3, true, (now() at time zone 'utc'), 1704401526, 1);
INSERT INTO current_nodes (id, latitude, longitude, changeset_id, visible, "timestamp", tile, version) VALUES (4383, 388875660, -770516219, 3, true, (now() at time zone 'utc'), 1704401526, 1);
INSERT INTO current_node_tags (node_id, k, v) VALUES (4383, 'hoot:id', '4383');
INSERT INTO node_tags (node_id, k, v, version) VALUES (4383, 'hoot:id', '4383', 1);
INSERT INTO current_node_tags (node_id, k, v) VALUES (4383, 'hoot:status', '2');
INSERT INTO node_tags (node_id, k, v, version) VALUES (4383, 'hoot:status', '2', 1);
/* create node 4384*/
INSERT INTO nodes (node_id, latitude, longitude, changeset_id, visible, "timestamp", tile, version) VALUES (4384, 388876420, -770517159, 3, true, (now() at time zone 'utc'), 1704401526, 1);
INSERT INTO current_nodes (id, latitude, longitude, changeset_id, visible, "timestamp", tile, version) VALUES (4384, 388876420, -770517159, 3, true, (now() at time zone 'utc'), 1704401526, 1);
INSERT INTO current_node_tags (node_id, k, v) VALUES (4384, 'hoot:id', '4384');
INSERT INTO node_tags (node_id, k, v, version) VALUES (4384, 'hoot:id', '4384', 1);
INSERT INTO current_node_tags (node_id, k, v) VALUES (4384, 'hoot:status', '2');
INSERT INTO node_tags (node_id, k, v, version) VALUES (4384, 'hoot:status', '2', 1);
/* create node 4385*/
INSERT INTO nodes (node_id, latitude, longitude, changeset_id, visible, "timestamp", tile, version) VALUES (4385, 388877200, -770518069, 3, true, (now() at time zone 'utc'), 1704401526, 1);
INSERT INTO current_nodes (id, latitude, longitude, changeset_id, visible, "timestamp", tile, version) VALUES (4385, 388877200, -770518069, 3, true, (now() at time zone 'utc'), 1704401526, 1);
INSERT INTO current_node_tags (node_id, k, v) VALUES (4385, 'hoot:id', '4385');
INSERT INTO node_tags (node_id, k, v, version) VALUES (4385, 'hoot:id', '4385', 1);
INSERT INTO current_node_tags (node_id, k, v) VALUES (4385, 'hoot:status', '2');
INSERT INTO node_tags (node_id, k, v, version) VALUES (4385, 'hoot:status', '2', 1);
/* create node 4386*/
INSERT INTO nodes (node_id, latitude, longitude, changeset_id, visible, "timestamp", tile, version) VALUES (4386, 388878490, -770519029, 3, true, (now() at time zone 'utc'), 1704401526, 1);
INSERT INTO current_nodes (id, latitude, longitude, changeset_id, visible, "timestamp", tile, version) VALUES (4386, 388878490, -770519029, 3, true, (now() at time zone 'utc'), 1704401526, 1);
INSERT INTO current_node_tags (node_id, k, v) VALUES (4386, 'hoot:id', '4386');
INSERT INTO node_tags (node_id, k, v, version) VALUES (4386, 'hoot:id', '4386', 1);
INSERT INTO current_node_tags (node_id, k, v) VALUES (4386, 'hoot:status', '2');
INSERT INTO node_tags (node_id, k, v, version) VALUES (4386, 'hoot:status', '2', 1);
/* create node 4387*/
INSERT INTO nodes (node_id, latitude, longitude, changeset_id, visible, "timestamp", tile, version) VALUES (4387, 388878070, -770517609, 3, true, (now() at time zone 'utc'), 1704401526, 1);
INSERT INTO current_nodes (id, latitude, longitude, changeset_id, visible, "timestamp", tile, version) VALUES (4387, 388878070, -770517609, 3, true, (now() at time zone 'utc'), 1704401526, 1);
INSERT INTO current_node_tags (node_id, k, v) VALUES (4387, 'hoot:id', '4387');
INSERT INTO node_tags (node_id, k, v, version) VALUES (4387, 'hoot:id', '4387', 1);
INSERT INTO current_node_tags (node_id, k, v) VALUES (4387, 'hoot:status', '2');
INSERT INTO node_tags (node_id, k, v, version) VALUES (4387, 'hoot:status', '2', 1);
/* create node 4388*/
INSERT INTO nodes (node_id, latitude, longitude, changeset_id, visible, "timestamp", tile, version) VALUES (4388, 388877860, -770517379, 3, true, (now() at time zone 'utc'), 1704401526, 1);
INSERT INTO current_nodes (id, latitude, longitude, changeset_id, visible, "timestamp", tile, version) VALUES (4388, 388877860, -770517379, 3, true, (now() at time zone 'utc'), 1704401526, 1);
INSERT INTO current_node_tags (node_id, k, v) VALUES (4388, 'hoot:id', '4388');
INSERT INTO node_tags (node_id, k, v, version) VALUES (4388, 'hoot:id', '4388', 1);
INSERT INTO current_node_tags (node_id, k, v) VALUES (4388, 'hoot:status', '2');
INSERT INTO node_tags (node_id, k, v, version) VALUES (4388, 'hoot:status', '2', 1);
/* create node 4389*/
INSERT INTO nodes (node_id, latitude, longitude, changeset_id, visible, "timestamp", tile, version) VALUES (4389, 388877630, -770517089, 3, true, (now() at time zone 'utc'), 1704401526, 1);
INSERT INTO current_nodes (id, latitude, longitude, changeset_id, visible, "timestamp", tile, version) VALUES (4389, 388877630, -770517089, 3, true, (now() at time zone 'utc'), 1704401526, 1);
INSERT INTO current_node_tags (node_id, k, v) VALUES (4389, 'hoot:id', '4389');
INSERT INTO node_tags (node_id, k, v, version) VALUES (4389, 'hoot:id', '4389', 1);
INSERT INTO current_node_tags (node_id, k, v) VALUES (4389, 'hoot:status', '2');
INSERT INTO node_tags (node_id, k, v, version) VALUES (4389, 'hoot:status', '2', 1);
/* create node 4390*/
INSERT INTO nodes (node_id, latitude, longitude, changeset_id, visible, "timestamp", tile, version) VALUES (4390, 388877420, -770516769, 3, true, (now() at time zone 'utc'), 1704401526, 1);
INSERT INTO current_nodes (id, latitude, longitude, changeset_id, visible, "timestamp", tile, version) VALUES (4390, 388877420, -770516769, 3, true, (now() at time zone 'utc'), 1704401526, 1);
INSERT INTO current_node_tags (node_id, k, v) VALUES (4390, 'hoot:id', '4390');
INSERT INTO node_tags (node_id, k, v, version) VALUES (4390, 'hoot:id', '4390', 1);
INSERT INTO current_node_tags (node_id, k, v) VALUES (4390, 'hoot:status', '2');
INSERT INTO node_tags (node_id, k, v, version) VALUES (4390, 'hoot:status', '2', 1);
/* create node 4391*/
INSERT INTO nodes (node_id, latitude, longitude, changeset_id, visible, "timestamp", tile, version) VALUES (4391, 388877230, -770516429, 3, true, (now() at time zone 'utc'), 1704401526, 1);
INSERT INTO current_nodes (id, latitude, longitude, changeset_id, visible, "timestamp", tile, version) VALUES (4391, 388877230, -770516429, 3, true, (now() at time zone 'utc'), 1704401526, 1);
INSERT INTO current_node_tags (node_id, k, v) VALUES (4391, 'hoot:id', '4391');
INSERT INTO node_tags (node_id, k, v, version) VALUES (4391, 'hoot:id', '4391', 1);
INSERT INTO current_node_tags (node_id, k, v) VALUES (4391, 'hoot:status', '2');
INSERT INTO node_tags (node_id, k, v, version) VALUES (4391, 'hoot:status', '2', 1);
/* create node 4392*/
INSERT INTO nodes (node_id, latitude, longitude, changeset_id, visible, "timestamp", tile, version) VALUES (4392, 388876970, -770515829, 3, true, (now() at time zone 'utc'), 1704401526, 1);
INSERT INTO current_nodes (id, latitude, longitude, changeset_id, visible, "timestamp", tile, version) VALUES (4392, 388876970, -770515829, 3, true, (now() at time zone 'utc'), 1704401526, 1);
INSERT INTO current_node_tags (node_id, k, v) VALUES (4392, 'hoot:id', '4392');
INSERT INTO node_tags (node_id, k, v, version) VALUES (4392, 'hoot:id', '4392', 1);
INSERT INTO current_node_tags (node_id, k, v) VALUES (4392, 'hoot:status', '2');
INSERT INTO node_tags (node_id, k, v, version) VALUES (4392, 'hoot:status', '2', 1);
/* create node 4393*/
INSERT INTO nodes (node_id, latitude, longitude, changeset_id, visible, "timestamp", tile, version) VALUES (4393, 388876820, -770515459, 3, true, (now() at time zone 'utc'), 1704401526, 1);
INSERT INTO current_nodes (id, latitude, longitude, changeset_id, visible, "timestamp", tile, version) VALUES (4393, 388876820, -770515459, 3, true, (now() at time zone 'utc'), 1704401526, 1);
INSERT INTO current_node_tags (node_id, k, v) VALUES (4393, 'hoot:id', '4393');
INSERT INTO node_tags (node_id, k, v, version) VALUES (4393, 'hoot:id', '4393', 1);
INSERT INTO current_node_tags (node_id, k, v) VALUES (4393, 'hoot:status', '2');
INSERT INTO node_tags (node_id, k, v, version) VALUES (4393, 'hoot:status', '2', 1);
/* create node 4394*/
INSERT INTO nodes (node_id, latitude, longitude, changeset_id, visible, "timestamp", tile, version) VALUES (4394, 388876700, -770515069, 3, true, (now() at time zone 'utc'), 1704401526, 1);
INSERT INTO current_nodes (id, latitude, longitude, changeset_id, visible, "timestamp", tile, version) VALUES (4394, 388876700, -770515069, 3, true, (now() at time zone 'utc'), 1704401526, 1);
INSERT INTO current_node_tags (node_id, k, v) VALUES (4394, 'hoot:id', '4394');
INSERT INTO node_tags (node_id, k, v, version) VALUES (4394, 'hoot:id', '4394', 1);
INSERT INTO current_node_tags (node_id, k, v) VALUES (4394, 'hoot:status', '2');
INSERT INTO node_tags (node_id, k, v, version) VALUES (4394, 'hoot:status', '2', 1);
/* create node 4395*/
INSERT INTO nodes (node_id, latitude, longitude, changeset_id, visible, "timestamp", tile, version) VALUES (4395, 388876600, -770514679, 3, true, (now() at time zone 'utc'), 1704401526, 1);
INSERT INTO current_nodes (id, latitude, longitude, changeset_id, visible, "timestamp", tile, version) VALUES (4395, 388876600, -770514679, 3, true, (now() at time zone 'utc'), 1704401526, 1);
INSERT INTO current_node_tags (node_id, k, v) VALUES (4395, 'hoot:id', '4395');
INSERT INTO node_tags (node_id, k, v, version) VALUES (4395, 'hoot:id', '4395', 1);
INSERT INTO current_node_tags (node_id, k, v) VALUES (4395, 'hoot:status', '2');
INSERT INTO node_tags (node_id, k, v, version) VALUES (4395, 'hoot:status', '2', 1);
/* create node 4396*/
INSERT INTO nodes (node_id, latitude, longitude, changeset_id, visible, "timestamp", tile, version) VALUES (4396, 388876530, -770514269, 3, true, (now() at time zone 'utc'), 1704401526, 1);
INSERT INTO current_nodes (id, latitude, longitude, changeset_id, visible, "timestamp", tile, version) VALUES (4396, 388876530, -770514269, 3, true, (now() at time zone 'utc'), 1704401526, 1);
INSERT INTO current_node_tags (node_id, k, v) VALUES (4396, 'hoot:id', '4396');
INSERT INTO node_tags (node_id, k, v, version) VALUES (4396, 'hoot:id', '4396', 1);
INSERT INTO current_node_tags (node_id, k, v) VALUES (4396, 'hoot:status', '2');
INSERT INTO node_tags (node_id, k, v, version) VALUES (4396, 'hoot:status', '2', 1);
/* create node 4397*/
INSERT INTO nodes (node_id, latitude, longitude, changeset_id, visible, "timestamp", tile, version) VALUES (4397, 388876490, -770513859, 3, true, (now() at time zone 'utc'), 1704401526, 1);
INSERT INTO current_nodes (id, latitude, longitude, changeset_id, visible, "timestamp", tile, version) VALUES (4397, 388876490, -770513859, 3, true, (now() at time zone 'utc'), 1704401526, 1);
INSERT INTO current_node_tags (node_id, k, v) VALUES (4397, 'hoot:id', '4397');
INSERT INTO node_tags (node_id, k, v, version) VALUES (4397, 'hoot:id', '4397', 1);
INSERT INTO current_node_tags (node_id, k, v) VALUES (4397, 'hoot:status', '2');
INSERT INTO node_tags (node_id, k, v, version) VALUES (4397, 'hoot:status', '2', 1);
/* create node 4398*/
INSERT INTO nodes (node_id, latitude, longitude, changeset_id, visible, "timestamp", tile, version) VALUES (4398, 388876480, -770513419, 3, true, (now() at time zone 'utc'), 1704401526, 1);
INSERT INTO current_nodes (id, latitude, longitude, changeset_id, visible, "timestamp", tile, version) VALUES (4398, 388876480, -770513419, 3, true, (now() at time zone 'utc'), 1704401526, 1);
INSERT INTO current_node_tags (node_id, k, v) VALUES (4398, 'hoot:id', '4398');
INSERT INTO node_tags (node_id, k, v, version) VALUES (4398, 'hoot:id', '4398', 1);
INSERT INTO current_node_tags (node_id, k, v) VALUES (4398, 'hoot:status', '2');
INSERT INTO node_tags (node_id, k, v, version) VALUES (4398, 'hoot:status', '2', 1);
/* create node 4399*/
INSERT INTO nodes (node_id, latitude, longitude, changeset_id, visible, "timestamp", tile, version) VALUES (4399, 388876460, -770512989, 3, true, (now() at time zone 'utc'), 1704401526, 1);
INSERT INTO current_nodes (id, latitude, longitude, changeset_id, visible, "timestamp", tile, version) VALUES (4399, 388876460, -770512989, 3, true, (now() at time zone 'utc'), 1704401526, 1);
INSERT INTO current_node_tags (node_id, k, v) VALUES (4399, 'hoot:id', '4399');
INSERT INTO node_tags (node_id, k, v, version) VALUES (4399, 'hoot:id', '4399', 1);
INSERT INTO current_node_tags (node_id, k, v) VALUES (4399, 'hoot:status', '2');
INSERT INTO node_tags (node_id, k, v, version) VALUES (4399, 'hoot:status', '2', 1);
/* create node 4400*/
INSERT INTO nodes (node_id, latitude, longitude, changeset_id, visible, "timestamp", tile, version) VALUES (4400, 388876470, -770512549, 3, true, (now() at time zone 'utc'), 1704401526, 1);
INSERT INTO current_nodes (id, latitude, longitude, changeset_id, visible, "timestamp", tile, version) VALUES (4400, 388876470, -770512549, 3, true, (now() at time zone 'utc'), 1704401526, 1);
INSERT INTO current_node_tags (node_id, k, v) VALUES (4400, 'hoot:id', '4400');
INSERT INTO node_tags (node_id, k, v, version) VALUES (4400, 'hoot:id', '4400', 1);
INSERT INTO current_node_tags (node_id, k, v) VALUES (4400, 'hoot:status', '2');
INSERT INTO node_tags (node_id, k, v, version) VALUES (4400, 'hoot:status', '2', 1);
/* create node 4401*/
INSERT INTO nodes (node_id, latitude, longitude, changeset_id, visible, "timestamp", tile, version) VALUES (4401, 388876500, -770512109, 3, true, (now() at time zone 'utc'), 1704401526, 1);
INSERT INTO current_nodes (id, latitude, longitude, changeset_id, visible, "timestamp", tile, version) VALUES (4401, 388876500, -770512109, 3, true, (now() at time zone 'utc'), 1704401526, 1);
INSERT INTO current_node_tags (node_id, k, v) VALUES (4401, 'hoot:id', '4401');
INSERT INTO node_tags (node_id, k, v, version) VALUES (4401, 'hoot:id', '4401', 1);
INSERT INTO current_node_tags (node_id, k, v) VALUES (4401, 'hoot:status', '2');
INSERT INTO node_tags (node_id, k, v, version) VALUES (4401, 'hoot:status', '2', 1);
/* create node 4402*/
INSERT INTO nodes (node_id, latitude, longitude, changeset_id, visible, "timestamp", tile, version) VALUES (4402, 388876570, -770511679, 3, true, (now() at time zone 'utc'), 1704401526, 1);
INSERT INTO current_nodes (id, latitude, longitude, changeset_id, visible, "timestamp", tile, version) VALUES (4402, 388876570, -770511679, 3, true, (now() at time zone 'utc'), 1704401526, 1);
INSERT INTO current_node_tags (node_id, k, v) VALUES (4402, 'hoot:id', '4402');
INSERT INTO node_tags (node_id, k, v, version) VALUES (4402, 'hoot:id', '4402', 1);
INSERT INTO current_node_tags (node_id, k, v) VALUES (4402, 'hoot:status', '2');
INSERT INTO node_tags (node_id, k, v, version) VALUES (4402, 'hoot:status', '2', 1);
/* create node 4403*/
INSERT INTO nodes (node_id, latitude, longitude, changeset_id, visible, "timestamp", tile, version) VALUES (4403, 388876660, -770511259, 3, true, (now() at time zone 'utc'), 1704401526, 1);
INSERT INTO current_nodes (id, latitude, longitude, changeset_id, visible, "timestamp", tile, version) VALUES (4403, 388876660, -770511259, 3, true, (now() at time zone 'utc'), 1704401526, 1);
INSERT INTO current_node_tags (node_id, k, v) VALUES (4403, 'hoot:id', '4403');
INSERT INTO node_tags (node_id, k, v, version) VALUES (4403, 'hoot:id', '4403', 1);
INSERT INTO current_node_tags (node_id, k, v) VALUES (4403, 'hoot:status', '2');
INSERT INTO node_tags (node_id, k, v, version) VALUES (4403, 'hoot:status', '2', 1);
/* create node 4404*/
INSERT INTO nodes (node_id, latitude, longitude, changeset_id, visible, "timestamp", tile, version) VALUES (4404, 388876780, -770510849, 3, true, (now() at time zone 'utc'), 1704401526, 1);
INSERT INTO current_nodes (id, latitude, longitude, changeset_id, visible, "timestamp", tile, version) VALUES (4404, 388876780, -770510849, 3, true, (now() at time zone 'utc'), 1704401526, 1);
INSERT INTO current_node_tags (node_id, k, v) VALUES (4404, 'hoot:id', '4404');
INSERT INTO node_tags (node_id, k, v, version) VALUES (4404, 'hoot:id', '4404', 1);
INSERT INTO current_node_tags (node_id, k, v) VALUES (4404, 'hoot:status', '2');
INSERT INTO node_tags (node_id, k, v, version) VALUES (4404, 'hoot:status', '2', 1);
/* create node 4405*/
INSERT INTO nodes (node_id, latitude, longitude, changeset_id, visible, "timestamp", tile, version) VALUES (4405, 388876930, -770510449, 3, true, (now() at time zone 'utc'), 1704401526, 1);
INSERT INTO current_nodes (id, latitude, longitude, changeset_id, visible, "timestamp", tile, version) VALUES (4405, 388876930, -770510449, 3, true, (now() at time zone 'utc'), 1704401526, 1);
INSERT INTO current_node_tags (node_id, k, v) VALUES (4405, 'hoot:id', '4405');
INSERT INTO node_tags (node_id, k, v, version) VALUES (4405, 'hoot:id', '4405', 1);
INSERT INTO current_node_tags (node_id, k, v) VALUES (4405, 'hoot:status', '2');
INSERT INTO node_tags (node_id, k, v, version) VALUES (4405, 'hoot:status', '2', 1);
/* create node 4406*/
INSERT INTO nodes (node_id, latitude, longitude, changeset_id, visible, "timestamp", tile, version) VALUES (4406, 388877050, -770510159, 3, true, (now() at time zone 'utc'), 1704401526, 1);
INSERT INTO current_nodes (id, latitude, longitude, changeset_id, visible, "timestamp", tile, version) VALUES (4406, 388877050, -770510159, 3, true, (now() at time zone 'utc'), 1704401526, 1);
INSERT INTO current_node_tags (node_id, k, v) VALUES (4406, 'hoot:id', '4406');
INSERT INTO node_tags (node_id, k, v, version) VALUES (4406, 'hoot:id', '4406', 1);
INSERT INTO current_node_tags (node_id, k, v) VALUES (4406, 'hoot:status', '2');
INSERT INTO node_tags (node_id, k, v, version) VALUES (4406, 'hoot:status', '2', 1);
/* create node 4407*/
INSERT INTO nodes (node_id, latitude, longitude, changeset_id, visible, "timestamp", tile, version) VALUES (4407, 388877240, -770509769, 3, true, (now() at time zone 'utc'), 1704401526, 1);
INSERT INTO current_nodes (id, latitude, longitude, changeset_id, visible, "timestamp", tile, version) VALUES (4407, 388877240, -770509769, 3, true, (now() at time zone 'utc'), 1704401526, 1);
INSERT INTO current_node_tags (node_id, k, v) VALUES (4407, 'hoot:id', '4407');
INSERT INTO node_tags (node_id, k, v, version) VALUES (4407, 'hoot:id', '4407', 1);
INSERT INTO current_node_tags (node_id, k, v) VALUES (4407, 'hoot:status', '2');
INSERT INTO node_tags (node_id, k, v, version) VALUES (4407, 'hoot:status', '2', 1);
/* create node 4408*/
INSERT INTO nodes (node_id, latitude, longitude, changeset_id, visible, "timestamp", tile, version) VALUES (4408, 388877460, -770509399, 3, true, (now() at time zone 'utc'), 1704401526, 1);
INSERT INTO current_nodes (id, latitude, longitude, changeset_id, visible, "timestamp", tile, version) VALUES (4408, 388877460, -770509399, 3, true, (now() at time zone 'utc'), 1704401526, 1);
INSERT INTO current_node_tags (node_id, k, v) VALUES (4408, 'hoot:id', '4408');
INSERT INTO node_tags (node_id, k, v, version) VALUES (4408, 'hoot:id', '4408', 1);
INSERT INTO current_node_tags (node_id, k, v) VALUES (4408, 'hoot:status', '2');
INSERT INTO node_tags (node_id, k, v, version) VALUES (4408, 'hoot:status', '2', 1);
/* create node 4409*/
INSERT INTO nodes (node_id, latitude, longitude, changeset_id, visible, "timestamp", tile, version) VALUES (4409, 388877690, -770509059, 3, true, (now() at time zone 'utc'), 1704401526, 1);
INSERT INTO current_nodes (id, latitude, longitude, changeset_id, visible, "timestamp", tile, version) VALUES (4409, 388877690, -770509059, 3, true, (now() at time zone 'utc'), 1704401526, 1);
INSERT INTO current_node_tags (node_id, k, v) VALUES (4409, 'hoot:id', '4409');
INSERT INTO node_tags (node_id, k, v, version) VALUES (4409, 'hoot:id', '4409', 1);
INSERT INTO current_node_tags (node_id, k, v) VALUES (4409, 'hoot:status', '2');
INSERT INTO node_tags (node_id, k, v, version) VALUES (4409, 'hoot:status', '2', 1);
/* create node 4410*/
INSERT INTO nodes (node_id, latitude, longitude, changeset_id, visible, "timestamp", tile, version) VALUES (4410, 388877950, -770508739, 3, true, (now() at time zone 'utc'), 1704401526, 1);
INSERT INTO current_nodes (id, latitude, longitude, changeset_id, visible, "timestamp", tile, version) VALUES (4410, 388877950, -770508739, 3, true, (now() at time zone 'utc'), 1704401526, 1);
INSERT INTO current_node_tags (node_id, k, v) VALUES (4410, 'hoot:id', '4410');
INSERT INTO node_tags (node_id, k, v, version) VALUES (4410, 'hoot:id', '4410', 1);
INSERT INTO current_node_tags (node_id, k, v) VALUES (4410, 'hoot:status', '2');
INSERT INTO node_tags (node_id, k, v, version) VALUES (4410, 'hoot:status', '2', 1);
/* create node 4411*/
INSERT INTO nodes (node_id, latitude, longitude, changeset_id, visible, "timestamp", tile, version) VALUES (4411, 388878220, -770508449, 3, true, (now() at time zone 'utc'), 1704401526, 1);
INSERT INTO current_nodes (id, latitude, longitude, changeset_id, visible, "timestamp", tile, version) VALUES (4411, 388878220, -770508449, 3, true, (now() at time zone 'utc'), 1704401526, 1);
INSERT INTO current_node_tags (node_id, k, v) VALUES (4411, 'hoot:id', '4411');
INSERT INTO node_tags (node_id, k, v, version) VALUES (4411, 'hoot:id', '4411', 1);
INSERT INTO current_node_tags (node_id, k, v) VALUES (4411, 'hoot:status', '2');
INSERT INTO node_tags (node_id, k, v, version) VALUES (4411, 'hoot:status', '2', 1);
/* create node 4412*/
INSERT INTO nodes (node_id, latitude, longitude, changeset_id, visible, "timestamp", tile, version) VALUES (4412, 388878510, -770508189, 3, true, (now() at time zone 'utc'), 1704401526, 1);
INSERT INTO current_nodes (id, latitude, longitude, changeset_id, visible, "timestamp", tile, version) VALUES (4412, 388878510, -770508189, 3, true, (now() at time zone 'utc'), 1704401526, 1);
INSERT INTO current_node_tags (node_id, k, v) VALUES (4412, 'hoot:id', '4412');
INSERT INTO node_tags (node_id, k, v, version) VALUES (4412, 'hoot:id', '4412', 1);
INSERT INTO current_node_tags (node_id, k, v) VALUES (4412, 'hoot:status', '2');
INSERT INTO node_tags (node_id, k, v, version) VALUES (4412, 'hoot:status', '2', 1);
/* create node 4413*/
INSERT INTO nodes (node_id, latitude, longitude, changeset_id, visible, "timestamp", tile, version) VALUES (4413, 388878820, -770507959, 3, true, (now() at time zone 'utc'), 1704401526, 1);
INSERT INTO current_nodes (id, latitude, longitude, changeset_id, visible, "timestamp", tile, version) VALUES (4413, 388878820, -770507959, 3, true, (now() at time zone 'utc'), 1704401526, 1);
INSERT INTO current_node_tags (node_id, k, v) VALUES (4413, 'hoot:id', '4413');
INSERT INTO node_tags (node_id, k, v, version) VALUES (4413, 'hoot:id', '4413', 1);
INSERT INTO current_node_tags (node_id, k, v) VALUES (4413, 'hoot:status', '2');
INSERT INTO node_tags (node_id, k, v, version) VALUES (4413, 'hoot:status', '2', 1);
/* create node 4414*/
INSERT INTO nodes (node_id, latitude, longitude, changeset_id, visible, "timestamp", tile, version) VALUES (4414, 388879100, -770507779, 3, true, (now() at time zone 'utc'), 1704401526, 1);
INSERT INTO current_nodes (id, latitude, longitude, changeset_id, visible, "timestamp", tile, version) VALUES (4414, 388879100, -770507779, 3, true, (now() at time zone 'utc'), 1704401526, 1);
INSERT INTO current_node_tags (node_id, k, v) VALUES (4414, 'hoot:id', '4414');
INSERT INTO node_tags (node_id, k, v, version) VALUES (4414, 'hoot:id', '4414', 1);
INSERT INTO current_node_tags (node_id, k, v) VALUES (4414, 'hoot:status', '2');
INSERT INTO node_tags (node_id, k, v, version) VALUES (4414, 'hoot:status', '2', 1);
/* create node 4415*/
INSERT INTO nodes (node_id, latitude, longitude, changeset_id, visible, "timestamp", tile, version) VALUES (4415, 388879440, -770507599, 3, true, (now() at time zone 'utc'), 1704401526, 1);
INSERT INTO current_nodes (id, latitude, longitude, changeset_id, visible, "timestamp", tile, version) VALUES (4415, 388879440, -770507599, 3, true, (now() at time zone 'utc'), 1704401526, 1);
INSERT INTO current_node_tags (node_id, k, v) VALUES (4415, 'hoot:id', '4415');
INSERT INTO node_tags (node_id, k, v, version) VALUES (4415, 'hoot:id', '4415', 1);
INSERT INTO current_node_tags (node_id, k, v) VALUES (4415, 'hoot:status', '2');
INSERT INTO node_tags (node_id, k, v, version) VALUES (4415, 'hoot:status', '2', 1);
/* create node 4416*/
INSERT INTO nodes (node_id, latitude, longitude, changeset_id, visible, "timestamp", tile, version) VALUES (4416, 388879780, -770507459, 3, true, (now() at time zone 'utc'), 1704401526, 1);
INSERT INTO current_nodes (id, latitude, longitude, changeset_id, visible, "timestamp", tile, version) VALUES (4416, 388879780, -770507459, 3, true, (now() at time zone 'utc'), 1704401526, 1);
INSERT INTO current_node_tags (node_id, k, v) VALUES (4416, 'hoot:id', '4416');
INSERT INTO node_tags (node_id, k, v, version) VALUES (4416, 'hoot:id', '4416', 1);
INSERT INTO current_node_tags (node_id, k, v) VALUES (4416, 'hoot:status', '2');
INSERT INTO node_tags (node_id, k, v, version) VALUES (4416, 'hoot:status', '2', 1);
/* create node 4417*/
INSERT INTO nodes (node_id, latitude, longitude, changeset_id, visible, "timestamp", tile, version) VALUES (4417, 388879960, -770507399, 3, true, (now() at time zone 'utc'), 1704401526, 1);
INSERT INTO current_nodes (id, latitude, longitude, changeset_id, visible, "timestamp", tile, version) VALUES (4417, 388879960, -770507399, 3, true, (now() at time zone 'utc'), 1704401526, 1);
INSERT INTO current_node_tags (node_id, k, v) VALUES (4417, 'hoot:id', '4417');
INSERT INTO node_tags (node_id, k, v, version) VALUES (4417, 'hoot:id', '4417', 1);
INSERT INTO current_node_tags (node_id, k, v) VALUES (4417, 'hoot:status', '2');
INSERT INTO node_tags (node_id, k, v, version) VALUES (4417, 'hoot:status', '2', 1);
/* create node 4418*/
INSERT INTO nodes (node_id, latitude, longitude, changeset_id, visible, "timestamp", tile, version) VALUES (4418, 388880310, -770507309, 3, true, (now() at time zone 'utc'), 1704401526, 1);
INSERT INTO current_nodes (id, latitude, longitude, changeset_id, visible, "timestamp", tile, version) VALUES (4418, 388880310, -770507309, 3, true, (now() at time zone 'utc'), 1704401526, 1);
INSERT INTO current_node_tags (node_id, k, v) VALUES (4418, 'hoot:id', '4418');
INSERT INTO node_tags (node_id, k, v, version) VALUES (4418, 'hoot:id', '4418', 1);
INSERT INTO current_node_tags (node_id, k, v) VALUES (4418, 'hoot:status', '2');
INSERT INTO node_tags (node_id, k, v, version) VALUES (4418, 'hoot:status', '2', 1);
/* create node 4419*/
INSERT INTO nodes (node_id, latitude, longitude, changeset_id, visible, "timestamp", tile, version) VALUES (4419, 388880490, -770507279, 3, true, (now() at time zone 'utc'), 1704401526, 1);
INSERT INTO current_nodes (id, latitude, longitude, changeset_id, visible, "timestamp", tile, version) VALUES (4419, 388880490, -770507279, 3, true, (now() at time zone 'utc'), 1704401526, 1);
INSERT INTO current_node_tags (node_id, k, v) VALUES (4419, 'hoot:id', '4419');
INSERT INTO node_tags (node_id, k, v, version) VALUES (4419, 'hoot:id', '4419', 1);
INSERT INTO current_node_tags (node_id, k, v) VALUES (4419, 'hoot:status', '2');
INSERT INTO node_tags (node_id, k, v, version) VALUES (4419, 'hoot:status', '2', 1);
/* create node 4420*/
INSERT INTO nodes (node_id, latitude, longitude, changeset_id, visible, "timestamp", tile, version) VALUES (4420, 388880980, -770507219, 3, true, (now() at time zone 'utc'), 1704401526, 1);
INSERT INTO current_nodes (id, latitude, longitude, changeset_id, visible, "timestamp", tile, version) VALUES (4420, 388880980, -770507219, 3, true, (now() at time zone 'utc'), 1704401526, 1);
INSERT INTO current_node_tags (node_id, k, v) VALUES (4420, 'hoot:id', '4420');
INSERT INTO node_tags (node_id, k, v, version) VALUES (4420, 'hoot:id', '4420', 1);
INSERT INTO current_node_tags (node_id, k, v) VALUES (4420, 'hoot:status', '2');
INSERT INTO node_tags (node_id, k, v, version) VALUES (4420, 'hoot:status', '2', 1);
/* create node 4421*/
INSERT INTO nodes (node_id, latitude, longitude, changeset_id, visible, "timestamp", tile, version) VALUES (4421, 388881620, -770507289, 3, true, (now() at time zone 'utc'), 1704401526, 1);
INSERT INTO current_nodes (id, latitude, longitude, changeset_id, visible, "timestamp", tile, version) VALUES (4421, 388881620, -770507289, 3, true, (now() at time zone 'utc'), 1704401526, 1);
INSERT INTO current_node_tags (node_id, k, v) VALUES (4421, 'hoot:id', '4421');
INSERT INTO node_tags (node_id, k, v, version) VALUES (4421, 'hoot:id', '4421', 1);
INSERT INTO current_node_tags (node_id, k, v) VALUES (4421, 'hoot:status', '2');
INSERT INTO node_tags (node_id, k, v, version) VALUES (4421, 'hoot:status', '2', 1);
/* create node 4422*/
INSERT INTO nodes (node_id, latitude, longitude, changeset_id, visible, "timestamp", tile, version) VALUES (4422, 388881950, -770507359, 3, true, (now() at time zone 'utc'), 1704401526, 1);
INSERT INTO current_nodes (id, latitude, longitude, changeset_id, visible, "timestamp", tile, version) VALUES (4422, 388881950, -770507359, 3, true, (now() at time zone 'utc'), 1704401526, 1);
INSERT INTO current_node_tags (node_id, k, v) VALUES (4422, 'hoot:id', '4422');
INSERT INTO node_tags (node_id, k, v, version) VALUES (4422, 'hoot:id', '4422', 1);
INSERT INTO current_node_tags (node_id, k, v) VALUES (4422, 'hoot:status', '2');
INSERT INTO node_tags (node_id, k, v, version) VALUES (4422, 'hoot:status', '2', 1);
/* create node 4423*/
INSERT INTO nodes (node_id, latitude, longitude, changeset_id, visible, "timestamp", tile, version) VALUES (4423, 388882280, -770507459, 3, true, (now() at time zone 'utc'), 1704401526, 1);
INSERT INTO current_nodes (id, latitude, longitude, changeset_id, visible, "timestamp", tile, version) VALUES (4423, 388882280, -770507459, 3, true, (now() at time zone 'utc'), 1704401526, 1);
INSERT INTO current_node_tags (node_id, k, v) VALUES (4423, 'hoot:id', '4423');
INSERT INTO node_tags (node_id, k, v, version) VALUES (4423, 'hoot:id', '4423', 1);
INSERT INTO current_node_tags (node_id, k, v) VALUES (4423, 'hoot:status', '2');
INSERT INTO node_tags (node_id, k, v, version) VALUES (4423, 'hoot:status', '2', 1);
/* create node 4424*/
INSERT INTO nodes (node_id, latitude, longitude, changeset_id, visible, "timestamp", tile, version) VALUES (4424, 388882750, -770507689, 3, true, (now() at time zone 'utc'), 1704401526, 1);
INSERT INTO current_nodes (id, latitude, longitude, changeset_id, visible, "timestamp", tile, version) VALUES (4424, 388882750, -770507689, 3, true, (now() at time zone 'utc'), 1704401526, 1);
INSERT INTO current_node_tags (node_id, k, v) VALUES (4424, 'hoot:id', '4424');
INSERT INTO node_tags (node_id, k, v, version) VALUES (4424, 'hoot:id', '4424', 1);
INSERT INTO current_node_tags (node_id, k, v) VALUES (4424, 'hoot:status', '2');
INSERT INTO node_tags (node_id, k, v, version) VALUES (4424, 'hoot:status', '2', 1);
/* create node 4425*/
INSERT INTO nodes (node_id, latitude, longitude, changeset_id, visible, "timestamp", tile, version) VALUES (4425, 388883050, -770507879, 3, true, (now() at time zone 'utc'), 1704401526, 1);
INSERT INTO current_nodes (id, latitude, longitude, changeset_id, visible, "timestamp", tile, version) VALUES (4425, 388883050, -770507879, 3, true, (now() at time zone 'utc'), 1704401526, 1);
INSERT INTO current_node_tags (node_id, k, v) VALUES (4425, 'hoot:id', '4425');
INSERT INTO node_tags (node_id, k, v, version) VALUES (4425, 'hoot:id', '4425', 1);
INSERT INTO current_node_tags (node_id, k, v) VALUES (4425, 'hoot:status', '2');
INSERT INTO node_tags (node_id, k, v, version) VALUES (4425, 'hoot:status', '2', 1);
/* create node 4426*/
INSERT INTO nodes (node_id, latitude, longitude, changeset_id, visible, "timestamp", tile, version) VALUES (4426, 388883340, -770508099, 3, true, (now() at time zone 'utc'), 1704401526, 1);
INSERT INTO current_nodes (id, latitude, longitude, changeset_id, visible, "timestamp", tile, version) VALUES (4426, 388883340, -770508099, 3, true, (now() at time zone 'utc'), 1704401526, 1);
INSERT INTO current_node_tags (node_id, k, v) VALUES (4426, 'hoot:id', '4426');
INSERT INTO node_tags (node_id, k, v, version) VALUES (4426, 'hoot:id', '4426', 1);
INSERT INTO current_node_tags (node_id, k, v) VALUES (4426, 'hoot:status', '2');
INSERT INTO node_tags (node_id, k, v, version) VALUES (4426, 'hoot:status', '2', 1);
/* create node 4427*/
INSERT INTO nodes (node_id, latitude, longitude, changeset_id, visible, "timestamp", tile, version) VALUES (4427, 388912370, -770522749, 3, true, (now() at time zone 'utc'), 1704401527, 1);
INSERT INTO current_nodes (id, latitude, longitude, changeset_id, visible, "timestamp", tile, version) VALUES (4427, 388912370, -770522749, 3, true, (now() at time zone 'utc'), 1704401527, 1);
INSERT INTO current_node_tags (node_id, k, v) VALUES (4427, 'hoot:id', '4427');
INSERT INTO node_tags (node_id, k, v, version) VALUES (4427, 'hoot:id', '4427', 1);
INSERT INTO current_node_tags (node_id, k, v) VALUES (4427, 'hoot:status', '2');
INSERT INTO node_tags (node_id, k, v, version) VALUES (4427, 'hoot:status', '2', 1);
/* create node 4428*/
INSERT INTO nodes (node_id, latitude, longitude, changeset_id, visible, "timestamp", tile, version) VALUES (4428, 388911850, -770521799, 3, true, (now() at time zone 'utc'), 1704401527, 1);
INSERT INTO current_nodes (id, latitude, longitude, changeset_id, visible, "timestamp", tile, version) VALUES (4428, 388911850, -770521799, 3, true, (now() at time zone 'utc'), 1704401527, 1);
INSERT INTO current_node_tags (node_id, k, v) VALUES (4428, 'hoot:id', '4428');
INSERT INTO node_tags (node_id, k, v, version) VALUES (4428, 'hoot:id', '4428', 1);
INSERT INTO current_node_tags (node_id, k, v) VALUES (4428, 'hoot:status', '2');
INSERT INTO node_tags (node_id, k, v, version) VALUES (4428, 'hoot:status', '2', 1);
/* create node 4429*/
INSERT INTO nodes (node_id, latitude, longitude, changeset_id, visible, "timestamp", tile, version) VALUES (4429, 388910820, -770520759, 3, true, (now() at time zone 'utc'), 1704401527, 1);
INSERT INTO current_nodes (id, latitude, longitude, changeset_id, visible, "timestamp", tile, version) VALUES (4429, 388910820, -770520759, 3, true, (now() at time zone 'utc'), 1704401527, 1);
INSERT INTO current_node_tags (node_id, k, v) VALUES (4429, 'hoot:id', '4429');
INSERT INTO node_tags (node_id, k, v, version) VALUES (4429, 'hoot:id', '4429', 1);
INSERT INTO current_node_tags (node_id, k, v) VALUES (4429, 'hoot:status', '2');
INSERT INTO node_tags (node_id, k, v, version) VALUES (4429, 'hoot:status', '2', 1);
/* create node 4444*/
INSERT INTO nodes (node_id, latitude, longitude, changeset_id, visible, "timestamp", tile, version) VALUES (4444, 388871600, -770505949, 3, true, (now() at time zone 'utc'), 1704401526, 1);
INSERT INTO current_nodes (id, latitude, longitude, changeset_id, visible, "timestamp", tile, version) VALUES (4444, 388871600, -770505949, 3, true, (now() at time zone 'utc'), 1704401526, 1);
INSERT INTO current_node_tags (node_id, k, v) VALUES (4444, 'hoot:id', '4444');
INSERT INTO node_tags (node_id, k, v, version) VALUES (4444, 'hoot:id', '4444', 1);
INSERT INTO current_node_tags (node_id, k, v) VALUES (4444, 'hoot:status', '2');
INSERT INTO node_tags (node_id, k, v, version) VALUES (4444, 'hoot:status', '2', 1);
/* create node 4446*/
INSERT INTO nodes (node_id, latitude, longitude, changeset_id, visible, "timestamp", tile, version) VALUES (4446, 388870000, -770496479, 3, true, (now() at time zone 'utc'), 1704401526, 1);
INSERT INTO current_nodes (id, latitude, longitude, changeset_id, visible, "timestamp", tile, version) VALUES (4446, 388870000, -770496479, 3, true, (now() at time zone 'utc'), 1704401526, 1);
INSERT INTO current_node_tags (node_id, k, v) VALUES (4446, 'hoot:id', '4446');
INSERT INTO node_tags (node_id, k, v, version) VALUES (4446, 'hoot:id', '4446', 1);
INSERT INTO current_node_tags (node_id, k, v) VALUES (4446, 'hoot:status', '2');
INSERT INTO node_tags (node_id, k, v, version) VALUES (4446, 'hoot:status', '2', 1);
/* create node 4448*/
INSERT INTO nodes (node_id, latitude, longitude, changeset_id, visible, "timestamp", tile, version) VALUES (4448, 388907400, -770520169, 3, true, (now() at time zone 'utc'), 1704401527, 1);
INSERT INTO current_nodes (id, latitude, longitude, changeset_id, visible, "timestamp", tile, version) VALUES (4448, 388907400, -770520169, 3, true, (now() at time zone 'utc'), 1704401527, 1);
INSERT INTO current_node_tags (node_id, k, v) VALUES (4448, 'hoot:id', '4448');
INSERT INTO node_tags (node_id, k, v, version) VALUES (4448, 'hoot:id', '4448', 1);
INSERT INTO current_node_tags (node_id, k, v) VALUES (4448, 'hoot:status', '2');
INSERT INTO node_tags (node_id, k, v, version) VALUES (4448, 'hoot:status', '2', 1);
/* create node 4449*/
INSERT INTO nodes (node_id, latitude, longitude, changeset_id, visible, "timestamp", tile, version) VALUES (4449, 388906650, -770520479, 3, true, (now() at time zone 'utc'), 1704401527, 1);
INSERT INTO current_nodes (id, latitude, longitude, changeset_id, visible, "timestamp", tile, version) VALUES (4449, 388906650, -770520479, 3, true, (now() at time zone 'utc'), 1704401527, 1);
INSERT INTO current_node_tags (node_id, k, v) VALUES (4449, 'hoot:id', '4449');
INSERT INTO node_tags (node_id, k, v, version) VALUES (4449, 'hoot:id', '4449', 1);
INSERT INTO current_node_tags (node_id, k, v) VALUES (4449, 'hoot:status', '2');
INSERT INTO node_tags (node_id, k, v, version) VALUES (4449, 'hoot:status', '2', 1);
/* create node 4450*/
INSERT INTO nodes (node_id, latitude, longitude, changeset_id, visible, "timestamp", tile, version) VALUES (4450, 388905700, -770520909, 3, true, (now() at time zone 'utc'), 1704401527, 1);
INSERT INTO current_nodes (id, latitude, longitude, changeset_id, visible, "timestamp", tile, version) VALUES (4450, 388905700, -770520909, 3, true, (now() at time zone 'utc'), 1704401527, 1);
INSERT INTO current_node_tags (node_id, k, v) VALUES (4450, 'hoot:id', '4450');
INSERT INTO node_tags (node_id, k, v, version) VALUES (4450, 'hoot:id', '4450', 1);
INSERT INTO current_node_tags (node_id, k, v) VALUES (4450, 'hoot:status', '2');
INSERT INTO node_tags (node_id, k, v, version) VALUES (4450, 'hoot:status', '2', 1);
/* create node 4521*/
INSERT INTO nodes (node_id, latitude, longitude, changeset_id, visible, "timestamp", tile, version) VALUES (4521, 388893950, -770514899, 3, true, (now() at time zone 'utc'), 1704401526, 1);
INSERT INTO current_nodes (id, latitude, longitude, changeset_id, visible, "timestamp", tile, version) VALUES (4521, 388893950, -770514899, 3, true, (now() at time zone 'utc'), 1704401526, 1);
INSERT INTO current_node_tags (node_id, k, v) VALUES (4521, 'hoot:id', '4521');
INSERT INTO node_tags (node_id, k, v, version) VALUES (4521, 'hoot:id', '4521', 1);
INSERT INTO current_node_tags (node_id, k, v) VALUES (4521, 'hoot:status', '2');
INSERT INTO node_tags (node_id, k, v, version) VALUES (4521, 'hoot:status', '2', 1);
/* create node 4522*/
INSERT INTO nodes (node_id, latitude, longitude, changeset_id, visible, "timestamp", tile, version) VALUES (4522, 388894370, -770515079, 3, true, (now() at time zone 'utc'), 1704401526, 1);
INSERT INTO current_nodes (id, latitude, longitude, changeset_id, visible, "timestamp", tile, version) VALUES (4522, 388894370, -770515079, 3, true, (now() at time zone 'utc'), 1704401526, 1);
INSERT INTO current_node_tags (node_id, k, v) VALUES (4522, 'hoot:id', '4522');
INSERT INTO node_tags (node_id, k, v, version) VALUES (4522, 'hoot:id', '4522', 1);
INSERT INTO current_node_tags (node_id, k, v) VALUES (4522, 'hoot:status', '2');
INSERT INTO node_tags (node_id, k, v, version) VALUES (4522, 'hoot:status', '2', 1);
/* create node 4523*/
INSERT INTO nodes (node_id, latitude, longitude, changeset_id, visible, "timestamp", tile, version) VALUES (4523, 388894790, -770515299, 3, true, (now() at time zone 'utc'), 1704401527, 1);
INSERT INTO current_nodes (id, latitude, longitude, changeset_id, visible, "timestamp", tile, version) VALUES (4523, 388894790, -770515299, 3, true, (now() at time zone 'utc'), 1704401527, 1);
INSERT INTO current_node_tags (node_id, k, v) VALUES (4523, 'hoot:id', '4523');
INSERT INTO node_tags (node_id, k, v, version) VALUES (4523, 'hoot:id', '4523', 1);
INSERT INTO current_node_tags (node_id, k, v) VALUES (4523, 'hoot:status', '2');
INSERT INTO node_tags (node_id, k, v, version) VALUES (4523, 'hoot:status', '2', 1);
/* create node 4524*/
INSERT INTO nodes (node_id, latitude, longitude, changeset_id, visible, "timestamp", tile, version) VALUES (4524, 388895200, -770515539, 3, true, (now() at time zone 'utc'), 1704401527, 1);
INSERT INTO current_nodes (id, latitude, longitude, changeset_id, visible, "timestamp", tile, version) VALUES (4524, 388895200, -770515539, 3, true, (now() at time zone 'utc'), 1704401527, 1);
INSERT INTO current_node_tags (node_id, k, v) VALUES (4524, 'hoot:id', '4524');
INSERT INTO node_tags (node_id, k, v, version) VALUES (4524, 'hoot:id', '4524', 1);
INSERT INTO current_node_tags (node_id, k, v) VALUES (4524, 'hoot:status', '2');
INSERT INTO node_tags (node_id, k, v, version) VALUES (4524, 'hoot:status', '2', 1);
/* create node 4525*/
INSERT INTO nodes (node_id, latitude, longitude, changeset_id, visible, "timestamp", tile, version) VALUES (4525, 388895590, -770515819, 3, true, (now() at time zone 'utc'), 1704401527, 1);
INSERT INTO current_nodes (id, latitude, longitude, changeset_id, visible, "timestamp", tile, version) VALUES (4525, 388895590, -770515819, 3, true, (now() at time zone 'utc'), 1704401527, 1);
INSERT INTO current_node_tags (node_id, k, v) VALUES (4525, 'hoot:id', '4525');
INSERT INTO node_tags (node_id, k, v, version) VALUES (4525, 'hoot:id', '4525', 1);
INSERT INTO current_node_tags (node_id, k, v) VALUES (4525, 'hoot:status', '2');
INSERT INTO node_tags (node_id, k, v, version) VALUES (4525, 'hoot:status', '2', 1);
/* create node 4526*/
INSERT INTO nodes (node_id, latitude, longitude, changeset_id, visible, "timestamp", tile, version) VALUES (4526, 388895970, -770516129, 3, true, (now() at time zone 'utc'), 1704401527, 1);
INSERT INTO current_nodes (id, latitude, longitude, changeset_id, visible, "timestamp", tile, version) VALUES (4526, 388895970, -770516129, 3, true, (now() at time zone 'utc'), 1704401527, 1);
INSERT INTO current_node_tags (node_id, k, v) VALUES (4526, 'hoot:id', '4526');
INSERT INTO node_tags (node_id, k, v, version) VALUES (4526, 'hoot:id', '4526', 1);
INSERT INTO current_node_tags (node_id, k, v) VALUES (4526, 'hoot:status', '2');
INSERT INTO node_tags (node_id, k, v, version) VALUES (4526, 'hoot:status', '2', 1);
/* create node 4527*/
INSERT INTO nodes (node_id, latitude, longitude, changeset_id, visible, "timestamp", tile, version) VALUES (4527, 388896330, -770516479, 3, true, (now() at time zone 'utc'), 1704401527, 1);
INSERT INTO current_nodes (id, latitude, longitude, changeset_id, visible, "timestamp", tile, version) VALUES (4527, 388896330, -770516479, 3, true, (now() at time zone 'utc'), 1704401527, 1);
INSERT INTO current_node_tags (node_id, k, v) VALUES (4527, 'hoot:id', '4527');
INSERT INTO node_tags (node_id, k, v, version) VALUES (4527, 'hoot:id', '4527', 1);
INSERT INTO current_node_tags (node_id, k, v) VALUES (4527, 'hoot:status', '2');
INSERT INTO node_tags (node_id, k, v, version) VALUES (4527, 'hoot:status', '2', 1);
/* create node 4528*/
INSERT INTO nodes (node_id, latitude, longitude, changeset_id, visible, "timestamp", tile, version) VALUES (4528, 388896680, -770516849, 3, true, (now() at time zone 'utc'), 1704401527, 1);
INSERT INTO current_nodes (id, latitude, longitude, changeset_id, visible, "timestamp", tile, version) VALUES (4528, 388896680, -770516849, 3, true, (now() at time zone 'utc'), 1704401527, 1);
INSERT INTO current_node_tags (node_id, k, v) VALUES (4528, 'hoot:id', '4528');
INSERT INTO node_tags (node_id, k, v, version) VALUES (4528, 'hoot:id', '4528', 1);
INSERT INTO current_node_tags (node_id, k, v) VALUES (4528, 'hoot:status', '2');
INSERT INTO node_tags (node_id, k, v, version) VALUES (4528, 'hoot:status', '2', 1);
/* create node 4529*/
INSERT INTO nodes (node_id, latitude, longitude, changeset_id, visible, "timestamp", tile, version) VALUES (4529, 388897000, -770517249, 3, true, (now() at time zone 'utc'), 1704401527, 1);
INSERT INTO current_nodes (id, latitude, longitude, changeset_id, visible, "timestamp", tile, version) VALUES (4529, 388897000, -770517249, 3, true, (now() at time zone 'utc'), 1704401527, 1);
INSERT INTO current_node_tags (node_id, k, v) VALUES (4529, 'hoot:id', '4529');
INSERT INTO node_tags (node_id, k, v, version) VALUES (4529, 'hoot:id', '4529', 1);
INSERT INTO current_node_tags (node_id, k, v) VALUES (4529, 'hoot:status', '2');
INSERT INTO node_tags (node_id, k, v, version) VALUES (4529, 'hoot:status', '2', 1);
/* create node 4530*/
INSERT INTO nodes (node_id, latitude, longitude, changeset_id, visible, "timestamp", tile, version) VALUES (4530, 388897310, -770517669, 3, true, (now() at time zone 'utc'), 1704401527, 1);
INSERT INTO current_nodes (id, latitude, longitude, changeset_id, visible, "timestamp", tile, version) VALUES (4530, 388897310, -770517669, 3, true, (now() at time zone 'utc'), 1704401527, 1);
INSERT INTO current_node_tags (node_id, k, v) VALUES (4530, 'hoot:id', '4530');
INSERT INTO node_tags (node_id, k, v, version) VALUES (4530, 'hoot:id', '4530', 1);
INSERT INTO current_node_tags (node_id, k, v) VALUES (4530, 'hoot:status', '2');
INSERT INTO node_tags (node_id, k, v, version) VALUES (4530, 'hoot:status', '2', 1);
/* create node 4531*/
INSERT INTO nodes (node_id, latitude, longitude, changeset_id, visible, "timestamp", tile, version) VALUES (4531, 388898950, -770519879, 3, true, (now() at time zone 'utc'), 1704401527, 1);
INSERT INTO current_nodes (id, latitude, longitude, changeset_id, visible, "timestamp", tile, version) VALUES (4531, 388898950, -770519879, 3, true, (now() at time zone 'utc'), 1704401527, 1);
INSERT INTO current_node_tags (node_id, k, v) VALUES (4531, 'hoot:id', '4531');
INSERT INTO node_tags (node_id, k, v, version) VALUES (4531, 'hoot:id', '4531', 1);
INSERT INTO current_node_tags (node_id, k, v) VALUES (4531, 'hoot:status', '2');
INSERT INTO node_tags (node_id, k, v, version) VALUES (4531, 'hoot:status', '2', 1);
/* create node 4532*/
INSERT INTO nodes (node_id, latitude, longitude, changeset_id, visible, "timestamp", tile, version) VALUES (4532, 388898700, -770516859, 3, true, (now() at time zone 'utc'), 1704401527, 1);
INSERT INTO current_nodes (id, latitude, longitude, changeset_id, visible, "timestamp", tile, version) VALUES (4532, 388898700, -770516859, 3, true, (now() at time zone 'utc'), 1704401527, 1);
INSERT INTO current_node_tags (node_id, k, v) VALUES (4532, 'hoot:id', '4532');
INSERT INTO node_tags (node_id, k, v, version) VALUES (4532, 'hoot:id', '4532', 1);
INSERT INTO current_node_tags (node_id, k, v) VALUES (4532, 'hoot:status', '2');
INSERT INTO node_tags (node_id, k, v, version) VALUES (4532, 'hoot:status', '2', 1);
/* create node 4533*/
INSERT INTO nodes (node_id, latitude, longitude, changeset_id, visible, "timestamp", tile, version) VALUES (4533, 388898700, -770516079, 3, true, (now() at time zone 'utc'), 1704401527, 1);
INSERT INTO current_nodes (id, latitude, longitude, changeset_id, visible, "timestamp", tile, version) VALUES (4533, 388898700, -770516079, 3, true, (now() at time zone 'utc'), 1704401527, 1);
INSERT INTO current_node_tags (node_id, k, v) VALUES (4533, 'hoot:id', '4533');
INSERT INTO node_tags (node_id, k, v, version) VALUES (4533, 'hoot:id', '4533', 1);
INSERT INTO current_node_tags (node_id, k, v) VALUES (4533, 'hoot:status', '2');
INSERT INTO node_tags (node_id, k, v, version) VALUES (4533, 'hoot:status', '2', 1);
/* create node 4534*/
INSERT INTO nodes (node_id, latitude, longitude, changeset_id, visible, "timestamp", tile, version) VALUES (4534, 388898740, -770515289, 3, true, (now() at time zone 'utc'), 1704401527, 1);
INSERT INTO current_nodes (id, latitude, longitude, changeset_id, visible, "timestamp", tile, version) VALUES (4534, 388898740, -770515289, 3, true, (now() at time zone 'utc'), 1704401527, 1);
INSERT INTO current_node_tags (node_id, k, v) VALUES (4534, 'hoot:id', '4534');
INSERT INTO node_tags (node_id, k, v, version) VALUES (4534, 'hoot:id', '4534', 1);
INSERT INTO current_node_tags (node_id, k, v) VALUES (4534, 'hoot:status', '2');
INSERT INTO node_tags (node_id, k, v, version) VALUES (4534, 'hoot:status', '2', 1);
/* create node 4535*/
INSERT INTO nodes (node_id, latitude, longitude, changeset_id, visible, "timestamp", tile, version) VALUES (4535, 388898800, -770514509, 3, true, (now() at time zone 'utc'), 1704401527, 1);
INSERT INTO current_nodes (id, latitude, longitude, changeset_id, visible, "timestamp", tile, version) VALUES (4535, 388898800, -770514509, 3, true, (now() at time zone 'utc'), 1704401527, 1);
INSERT INTO current_node_tags (node_id, k, v) VALUES (4535, 'hoot:id', '4535');
INSERT INTO node_tags (node_id, k, v, version) VALUES (4535, 'hoot:id', '4535', 1);
INSERT INTO current_node_tags (node_id, k, v) VALUES (4535, 'hoot:status', '2');
INSERT INTO node_tags (node_id, k, v, version) VALUES (4535, 'hoot:status', '2', 1);
/* create node 4536*/
INSERT INTO nodes (node_id, latitude, longitude, changeset_id, visible, "timestamp", tile, version) VALUES (4536, 388898930, -770513449, 3, true, (now() at time zone 'utc'), 1704401527, 1);
INSERT INTO current_nodes (id, latitude, longitude, changeset_id, visible, "timestamp", tile, version) VALUES (4536, 388898930, -770513449, 3, true, (now() at time zone 'utc'), 1704401527, 1);
INSERT INTO current_node_tags (node_id, k, v) VALUES (4536, 'hoot:id', '4536');
INSERT INTO node_tags (node_id, k, v, version) VALUES (4536, 'hoot:id', '4536', 1);
INSERT INTO current_node_tags (node_id, k, v) VALUES (4536, 'hoot:status', '2');
INSERT INTO node_tags (node_id, k, v, version) VALUES (4536, 'hoot:status', '2', 1);
/* create node 4537*/
INSERT INTO nodes (node_id, latitude, longitude, changeset_id, visible, "timestamp", tile, version) VALUES (4537, 388899050, -770512709, 3, true, (now() at time zone 'utc'), 1704401527, 1);
INSERT INTO current_nodes (id, latitude, longitude, changeset_id, visible, "timestamp", tile, version) VALUES (4537, 388899050, -770512709, 3, true, (now() at time zone 'utc'), 1704401527, 1);
INSERT INTO current_node_tags (node_id, k, v) VALUES (4537, 'hoot:id', '4537');
INSERT INTO node_tags (node_id, k, v, version) VALUES (4537, 'hoot:id', '4537', 1);
INSERT INTO current_node_tags (node_id, k, v) VALUES (4537, 'hoot:status', '2');
INSERT INTO node_tags (node_id, k, v, version) VALUES (4537, 'hoot:status', '2', 1);
/* create node 4538*/
INSERT INTO nodes (node_id, latitude, longitude, changeset_id, visible, "timestamp", tile, version) VALUES (4538, 388899120, -770512349, 3, true, (now() at time zone 'utc'), 1704401527, 1);
INSERT INTO current_nodes (id, latitude, longitude, changeset_id, visible, "timestamp", tile, version) VALUES (4538, 388899120, -770512349, 3, true, (now() at time zone 'utc'), 1704401527, 1);
INSERT INTO current_node_tags (node_id, k, v) VALUES (4538, 'hoot:id', '4538');
INSERT INTO node_tags (node_id, k, v, version) VALUES (4538, 'hoot:id', '4538', 1);
INSERT INTO current_node_tags (node_id, k, v) VALUES (4538, 'hoot:status', '2');
INSERT INTO node_tags (node_id, k, v, version) VALUES (4538, 'hoot:status', '2', 1);
/* create node 4539*/
INSERT INTO nodes (node_id, latitude, longitude, changeset_id, visible, "timestamp", tile, version) VALUES (4539, 388899280, -770511619, 3, true, (now() at time zone 'utc'), 1704401527, 1);
INSERT INTO current_nodes (id, latitude, longitude, changeset_id, visible, "timestamp", tile, version) VALUES (4539, 388899280, -770511619, 3, true, (now() at time zone 'utc'), 1704401527, 1);
INSERT INTO current_node_tags (node_id, k, v) VALUES (4539, 'hoot:id', '4539');
INSERT INTO node_tags (node_id, k, v, version) VALUES (4539, 'hoot:id', '4539', 1);
INSERT INTO current_node_tags (node_id, k, v) VALUES (4539, 'hoot:status', '2');
INSERT INTO node_tags (node_id, k, v, version) VALUES (4539, 'hoot:status', '2', 1);
/* create node 4540*/
INSERT INTO nodes (node_id, latitude, longitude, changeset_id, visible, "timestamp", tile, version) VALUES (4540, 388899450, -770510929, 3, true, (now() at time zone 'utc'), 1704401527, 1);
INSERT INTO current_nodes (id, latitude, longitude, changeset_id, visible, "timestamp", tile, version) VALUES (4540, 388899450, -770510929, 3, true, (now() at time zone 'utc'), 1704401527, 1);
INSERT INTO current_node_tags (node_id, k, v) VALUES (4540, 'hoot:id', '4540');
INSERT INTO node_tags (node_id, k, v, version) VALUES (4540, 'hoot:id', '4540', 1);
INSERT INTO current_node_tags (node_id, k, v) VALUES (4540, 'hoot:status', '2');
INSERT INTO node_tags (node_id, k, v, version) VALUES (4540, 'hoot:status', '2', 1);
/* create node 4541*/
INSERT INTO nodes (node_id, latitude, longitude, changeset_id, visible, "timestamp", tile, version) VALUES (4541, 388899540, -770510629, 3, true, (now() at time zone 'utc'), 1704401527, 1);
INSERT INTO current_nodes (id, latitude, longitude, changeset_id, visible, "timestamp", tile, version) VALUES (4541, 388899540, -770510629, 3, true, (now() at time zone 'utc'), 1704401527, 1);
INSERT INTO current_node_tags (node_id, k, v) VALUES (4541, 'hoot:id', '4541');
INSERT INTO node_tags (node_id, k, v, version) VALUES (4541, 'hoot:id', '4541', 1);
INSERT INTO current_node_tags (node_id, k, v) VALUES (4541, 'hoot:status', '2');
INSERT INTO node_tags (node_id, k, v, version) VALUES (4541, 'hoot:status', '2', 1);
/* create node 4543*/
INSERT INTO nodes (node_id, latitude, longitude, changeset_id, visible, "timestamp", tile, version) VALUES (4543, 388903000, -770507869, 3, true, (now() at time zone 'utc'), 1704401527, 1);
INSERT INTO current_nodes (id, latitude, longitude, changeset_id, visible, "timestamp", tile, version) VALUES (4543, 388903000, -770507869, 3, true, (now() at time zone 'utc'), 1704401527, 1);
INSERT INTO current_node_tags (node_id, k, v) VALUES (4543, 'hoot:id', '4543');
INSERT INTO node_tags (node_id, k, v, version) VALUES (4543, 'hoot:id', '4543', 1);
INSERT INTO current_node_tags (node_id, k, v) VALUES (4543, 'hoot:status', '2');
INSERT INTO node_tags (node_id, k, v, version) VALUES (4543, 'hoot:status', '2', 1);
/* create node 4544*/
INSERT INTO nodes (node_id, latitude, longitude, changeset_id, visible, "timestamp", tile, version) VALUES (4544, 388904090, -770507589, 3, true, (now() at time zone 'utc'), 1704401527, 1);
INSERT INTO current_nodes (id, latitude, longitude, changeset_id, visible, "timestamp", tile, version) VALUES (4544, 388904090, -770507589, 3, true, (now() at time zone 'utc'), 1704401527, 1);
INSERT INTO current_node_tags (node_id, k, v) VALUES (4544, 'hoot:id', '4544');
INSERT INTO node_tags (node_id, k, v, version) VALUES (4544, 'hoot:id', '4544', 1);
INSERT INTO current_node_tags (node_id, k, v) VALUES (4544, 'hoot:status', '2');
INSERT INTO node_tags (node_id, k, v, version) VALUES (4544, 'hoot:status', '2', 1);
/* create node 4545*/
INSERT INTO nodes (node_id, latitude, longitude, changeset_id, visible, "timestamp", tile, version) VALUES (4545, 388904890, -770507539, 3, true, (now() at time zone 'utc'), 1704401527, 1);
INSERT INTO current_nodes (id, latitude, longitude, changeset_id, visible, "timestamp", tile, version) VALUES (4545, 388904890, -770507539, 3, true, (now() at time zone 'utc'), 1704401527, 1);
INSERT INTO current_node_tags (node_id, k, v) VALUES (4545, 'hoot:id', '4545');
INSERT INTO node_tags (node_id, k, v, version) VALUES (4545, 'hoot:id', '4545', 1);
INSERT INTO current_node_tags (node_id, k, v) VALUES (4545, 'hoot:status', '2');
INSERT INTO node_tags (node_id, k, v, version) VALUES (4545, 'hoot:status', '2', 1);
/* create node 4546*/
INSERT INTO nodes (node_id, latitude, longitude, changeset_id, visible, "timestamp", tile, version) VALUES (4546, 388905830, -770507789, 3, true, (now() at time zone 'utc'), 1704401527, 1);
INSERT INTO current_nodes (id, latitude, longitude, changeset_id, visible, "timestamp", tile, version) VALUES (4546, 388905830, -770507789, 3, true, (now() at time zone 'utc'), 1704401527, 1);
INSERT INTO current_node_tags (node_id, k, v) VALUES (4546, 'hoot:id', '4546');
INSERT INTO node_tags (node_id, k, v, version) VALUES (4546, 'hoot:id', '4546', 1);
INSERT INTO current_node_tags (node_id, k, v) VALUES (4546, 'hoot:status', '2');
INSERT INTO node_tags (node_id, k, v, version) VALUES (4546, 'hoot:status', '2', 1);
/* create node 4547*/
INSERT INTO nodes (node_id, latitude, longitude, changeset_id, visible, "timestamp", tile, version) VALUES (4547, 388906820, -770508449, 3, true, (now() at time zone 'utc'), 1704401527, 1);
INSERT INTO current_nodes (id, latitude, longitude, changeset_id, visible, "timestamp", tile, version) VALUES (4547, 388906820, -770508449, 3, true, (now() at time zone 'utc'), 1704401527, 1);
INSERT INTO current_node_tags (node_id, k, v) VALUES (4547, 'hoot:id', '4547');
INSERT INTO node_tags (node_id, k, v, version) VALUES (4547, 'hoot:id', '4547', 1);
INSERT INTO current_node_tags (node_id, k, v) VALUES (4547, 'hoot:status', '2');
INSERT INTO node_tags (node_id, k, v, version) VALUES (4547, 'hoot:status', '2', 1);
/* create node 4548*/
INSERT INTO nodes (node_id, latitude, longitude, changeset_id, visible, "timestamp", tile, version) VALUES (4548, 388907490, -770509149, 3, true, (now() at time zone 'utc'), 1704401527, 1);
INSERT INTO current_nodes (id, latitude, longitude, changeset_id, visible, "timestamp", tile, version) VALUES (4548, 388907490, -770509149, 3, true, (now() at time zone 'utc'), 1704401527, 1);
INSERT INTO current_node_tags (node_id, k, v) VALUES (4548, 'hoot:id', '4548');
INSERT INTO node_tags (node_id, k, v, version) VALUES (4548, 'hoot:id', '4548', 1);
INSERT INTO current_node_tags (node_id, k, v) VALUES (4548, 'hoot:status', '2');
INSERT INTO node_tags (node_id, k, v, version) VALUES (4548, 'hoot:status', '2', 1);
/* create node 4549*/
INSERT INTO nodes (node_id, latitude, longitude, changeset_id, visible, "timestamp", tile, version) VALUES (4549, 388908130, -770510199, 3, true, (now() at time zone 'utc'), 1704401527, 1);
INSERT INTO current_nodes (id, latitude, longitude, changeset_id, visible, "timestamp", tile, version) VALUES (4549, 388908130, -770510199, 3, true, (now() at time zone 'utc'), 1704401527, 1);
INSERT INTO current_node_tags (node_id, k, v) VALUES (4549, 'hoot:id', '4549');
INSERT INTO node_tags (node_id, k, v, version) VALUES (4549, 'hoot:id', '4549', 1);
INSERT INTO current_node_tags (node_id, k, v) VALUES (4549, 'hoot:status', '2');
INSERT INTO node_tags (node_id, k, v, version) VALUES (4549, 'hoot:status', '2', 1);
/* create node 4550*/
INSERT INTO nodes (node_id, latitude, longitude, changeset_id, visible, "timestamp", tile, version) VALUES (4550, 388908620, -770511529, 3, true, (now() at time zone 'utc'), 1704401527, 1);
INSERT INTO current_nodes (id, latitude, longitude, changeset_id, visible, "timestamp", tile, version) VALUES (4550, 388908620, -770511529, 3, true, (now() at time zone 'utc'), 1704401527, 1);
INSERT INTO current_node_tags (node_id, k, v) VALUES (4550, 'hoot:id', '4550');
INSERT INTO node_tags (node_id, k, v, version) VALUES (4550, 'hoot:id', '4550', 1);
INSERT INTO current_node_tags (node_id, k, v) VALUES (4550, 'hoot:status', '2');
INSERT INTO node_tags (node_id, k, v, version) VALUES (4550, 'hoot:status', '2', 1);
/* create node 4551*/
INSERT INTO nodes (node_id, latitude, longitude, changeset_id, visible, "timestamp", tile, version) VALUES (4551, 388908830, -770512829, 3, true, (now() at time zone 'utc'), 1704401527, 1);
INSERT INTO current_nodes (id, latitude, longitude, changeset_id, visible, "timestamp", tile, version) VALUES (4551, 388908830, -770512829, 3, true, (now() at time zone 'utc'), 1704401527, 1);
INSERT INTO current_node_tags (node_id, k, v) VALUES (4551, 'hoot:id', '4551');
INSERT INTO node_tags (node_id, k, v, version) VALUES (4551, 'hoot:id', '4551', 1);
INSERT INTO current_node_tags (node_id, k, v) VALUES (4551, 'hoot:status', '2');
INSERT INTO node_tags (node_id, k, v, version) VALUES (4551, 'hoot:status', '2', 1);
/* create node 4552*/
INSERT INTO nodes (node_id, latitude, longitude, changeset_id, visible, "timestamp", tile, version) VALUES (4552, 388908820, -770513939, 3, true, (now() at time zone 'utc'), 1704401527, 1);
INSERT INTO current_nodes (id, latitude, longitude, changeset_id, visible, "timestamp", tile, version) VALUES (4552, 388908820, -770513939, 3, true, (now() at time zone 'utc'), 1704401527, 1);
INSERT INTO current_node_tags (node_id, k, v) VALUES (4552, 'hoot:id', '4552');
INSERT INTO node_tags (node_id, k, v, version) VALUES (4552, 'hoot:id', '4552', 1);
INSERT INTO current_node_tags (node_id, k, v) VALUES (4552, 'hoot:status', '2');
INSERT INTO node_tags (node_id, k, v, version) VALUES (4552, 'hoot:status', '2', 1);
/* create node 4553*/
INSERT INTO nodes (node_id, latitude, longitude, changeset_id, visible, "timestamp", tile, version) VALUES (4553, 388908520, -770515549, 3, true, (now() at time zone 'utc'), 1704401527, 1);
INSERT INTO current_nodes (id, latitude, longitude, changeset_id, visible, "timestamp", tile, version) VALUES (4553, 388908520, -770515549, 3, true, (now() at time zone 'utc'), 1704401527, 1);
INSERT INTO current_node_tags (node_id, k, v) VALUES (4553, 'hoot:id', '4553');
INSERT INTO node_tags (node_id, k, v, version) VALUES (4553, 'hoot:id', '4553', 1);
INSERT INTO current_node_tags (node_id, k, v) VALUES (4553, 'hoot:status', '2');
INSERT INTO node_tags (node_id, k, v, version) VALUES (4553, 'hoot:status', '2', 1);
/* create node 4554*/
INSERT INTO nodes (node_id, latitude, longitude, changeset_id, visible, "timestamp", tile, version) VALUES (4554, 388908180, -770516569, 3, true, (now() at time zone 'utc'), 1704401527, 1);
INSERT INTO current_nodes (id, latitude, longitude, changeset_id, visible, "timestamp", tile, version) VALUES (4554, 388908180, -770516569, 3, true, (now() at time zone 'utc'), 1704401527, 1);
INSERT INTO current_node_tags (node_id, k, v) VALUES (4554, 'hoot:id', '4554');
INSERT INTO node_tags (node_id, k, v, version) VALUES (4554, 'hoot:id', '4554', 1);
INSERT INTO current_node_tags (node_id, k, v) VALUES (4554, 'hoot:status', '2');
INSERT INTO node_tags (node_id, k, v, version) VALUES (4554, 'hoot:status', '2', 1);
/* create node 4555*/
INSERT INTO nodes (node_id, latitude, longitude, changeset_id, visible, "timestamp", tile, version) VALUES (4555, 388907560, -770517899, 3, true, (now() at time zone 'utc'), 1704401527, 1);
INSERT INTO current_nodes (id, latitude, longitude, changeset_id, visible, "timestamp", tile, version) VALUES (4555, 388907560, -770517899, 3, true, (now() at time zone 'utc'), 1704401527, 1);
INSERT INTO current_node_tags (node_id, k, v) VALUES (4555, 'hoot:id', '4555');
INSERT INTO node_tags (node_id, k, v, version) VALUES (4555, 'hoot:id', '4555', 1);
INSERT INTO current_node_tags (node_id, k, v) VALUES (4555, 'hoot:status', '2');
INSERT INTO node_tags (node_id, k, v, version) VALUES (4555, 'hoot:status', '2', 1);
/* create node 4556*/
INSERT INTO nodes (node_id, latitude, longitude, changeset_id, visible, "timestamp", tile, version) VALUES (4556, 388905480, -770520369, 3, true, (now() at time zone 'utc'), 1704401527, 1);
INSERT INTO current_nodes (id, latitude, longitude, changeset_id, visible, "timestamp", tile, version) VALUES (4556, 388905480, -770520369, 3, true, (now() at time zone 'utc'), 1704401527, 1);
INSERT INTO current_node_tags (node_id, k, v) VALUES (4556, 'hoot:id', '4556');
INSERT INTO node_tags (node_id, k, v, version) VALUES (4556, 'hoot:id', '4556', 1);
INSERT INTO current_node_tags (node_id, k, v) VALUES (4556, 'hoot:status', '2');
INSERT INTO node_tags (node_id, k, v, version) VALUES (4556, 'hoot:status', '2', 1);
/* create node 4599*/
INSERT INTO nodes (node_id, latitude, longitude, changeset_id, visible, "timestamp", tile, version) VALUES (4599, 388888800, -770511919, 3, true, (now() at time zone 'utc'), 1704401526, 1);
INSERT INTO current_nodes (id, latitude, longitude, changeset_id, visible, "timestamp", tile, version) VALUES (4599, 388888800, -770511919, 3, true, (now() at time zone 'utc'), 1704401526, 1);
INSERT INTO current_node_tags (node_id, k, v) VALUES (4599, 'hoot:id', '4599');
INSERT INTO node_tags (node_id, k, v, version) VALUES (4599, 'hoot:id', '4599', 1);
INSERT INTO current_node_tags (node_id, k, v) VALUES (4599, 'hoot:status', '2');
INSERT INTO node_tags (node_id, k, v, version) VALUES (4599, 'hoot:status', '2', 1);
/* create node 4600*/
INSERT INTO nodes (node_id, latitude, longitude, changeset_id, visible, "timestamp", tile, version) VALUES (4600, 388885140, -770509389, 3, true, (now() at time zone 'utc'), 1704401526, 1);
INSERT INTO current_nodes (id, latitude, longitude, changeset_id, visible, "timestamp", tile, version) VALUES (4600, 388885140, -770509389, 3, true, (now() at time zone 'utc'), 1704401526, 1);
INSERT INTO current_node_tags (node_id, k, v) VALUES (4600, 'hoot:id', '4600');
INSERT INTO node_tags (node_id, k, v, version) VALUES (4600, 'hoot:id', '4600', 1);
INSERT INTO current_node_tags (node_id, k, v) VALUES (4600, 'hoot:status', '2');
INSERT INTO node_tags (node_id, k, v, version) VALUES (4600, 'hoot:status', '2', 1);
/* create node 4601*/
INSERT INTO nodes (node_id, latitude, longitude, changeset_id, visible, "timestamp", tile, version) VALUES (4601, 388885000, -770508909, 3, true, (now() at time zone 'utc'), 1704401526, 1);
INSERT INTO current_nodes (id, latitude, longitude, changeset_id, visible, "timestamp", tile, version) VALUES (4601, 388885000, -770508909, 3, true, (now() at time zone 'utc'), 1704401526, 1);
INSERT INTO current_node_tags (node_id, k, v) VALUES (4601, 'hoot:id', '4601');
INSERT INTO node_tags (node_id, k, v, version) VALUES (4601, 'hoot:id', '4601', 1);
INSERT INTO current_node_tags (node_id, k, v) VALUES (4601, 'hoot:status', '2');
INSERT INTO node_tags (node_id, k, v, version) VALUES (4601, 'hoot:status', '2', 1);
/* create node 4602*/
INSERT INTO nodes (node_id, latitude, longitude, changeset_id, visible, "timestamp", tile, version) VALUES (4602, 388884870, -770508419, 3, true, (now() at time zone 'utc'), 1704401526, 1);
INSERT INTO current_nodes (id, latitude, longitude, changeset_id, visible, "timestamp", tile, version) VALUES (4602, 388884870, -770508419, 3, true, (now() at time zone 'utc'), 1704401526, 1);
INSERT INTO current_node_tags (node_id, k, v) VALUES (4602, 'hoot:id', '4602');
INSERT INTO node_tags (node_id, k, v, version) VALUES (4602, 'hoot:id', '4602', 1);
INSERT INTO current_node_tags (node_id, k, v) VALUES (4602, 'hoot:status', '2');
INSERT INTO node_tags (node_id, k, v, version) VALUES (4602, 'hoot:status', '2', 1);
/* create node 4618*/
INSERT INTO nodes (node_id, latitude, longitude, changeset_id, visible, "timestamp", tile, version) VALUES (4618, 388885430, -770493509, 3, true, (now() at time zone 'utc'), 1704401526, 1);
INSERT INTO current_nodes (id, latitude, longitude, changeset_id, visible, "timestamp", tile, version) VALUES (4618, 388885430, -770493509, 3, true, (now() at time zone 'utc'), 1704401526, 1);
INSERT INTO current_node_tags (node_id, k, v) VALUES (4618, 'hoot:id', '4618');
INSERT INTO node_tags (node_id, k, v, version) VALUES (4618, 'hoot:id', '4618', 1);
INSERT INTO current_node_tags (node_id, k, v) VALUES (4618, 'hoot:status', '2');
INSERT INTO node_tags (node_id, k, v, version) VALUES (4618, 'hoot:status', '2', 1);
/* create node 4619*/
INSERT INTO nodes (node_id, latitude, longitude, changeset_id, visible, "timestamp", tile, version) VALUES (4619, 388885580, -770493319, 3, true, (now() at time zone 'utc'), 1704401526, 1);
INSERT INTO current_nodes (id, latitude, longitude, changeset_id, visible, "timestamp", tile, version) VALUES (4619, 388885580, -770493319, 3, true, (now() at time zone 'utc'), 1704401526, 1);
INSERT INTO current_node_tags (node_id, k, v) VALUES (4619, 'hoot:id', '4619');
INSERT INTO node_tags (node_id, k, v, version) VALUES (4619, 'hoot:id', '4619', 1);
INSERT INTO current_node_tags (node_id, k, v) VALUES (4619, 'hoot:status', '2');
INSERT INTO node_tags (node_id, k, v, version) VALUES (4619, 'hoot:status', '2', 1);
/* create node 4620*/
INSERT INTO nodes (node_id, latitude, longitude, changeset_id, visible, "timestamp", tile, version) VALUES (4620, 388886080, -770492809, 3, true, (now() at time zone 'utc'), 1704401526, 1);
INSERT INTO current_nodes (id, latitude, longitude, changeset_id, visible, "timestamp", tile, version) VALUES (4620, 388886080, -770492809, 3, true, (now() at time zone 'utc'), 1704401526, 1);
INSERT INTO current_node_tags (node_id, k, v) VALUES (4620, 'hoot:id', '4620');
INSERT INTO node_tags (node_id, k, v, version) VALUES (4620, 'hoot:id', '4620', 1);
INSERT INTO current_node_tags (node_id, k, v) VALUES (4620, 'hoot:status', '2');
INSERT INTO node_tags (node_id, k, v, version) VALUES (4620, 'hoot:status', '2', 1);
/* create node 4621*/
INSERT INTO nodes (node_id, latitude, longitude, changeset_id, visible, "timestamp", tile, version) VALUES (4621, 388886210, -770492619, 3, true, (now() at time zone 'utc'), 1704401526, 1);
INSERT INTO current_nodes (id, latitude, longitude, changeset_id, visible, "timestamp", tile, version) VALUES (4621, 388886210, -770492619, 3, true, (now() at time zone 'utc'), 1704401526, 1);
INSERT INTO current_node_tags (node_id, k, v) VALUES (4621, 'hoot:id', '4621');
INSERT INTO node_tags (node_id, k, v, version) VALUES (4621, 'hoot:id', '4621', 1);
INSERT INTO current_node_tags (node_id, k, v) VALUES (4621, 'hoot:status', '2');
INSERT INTO node_tags (node_id, k, v, version) VALUES (4621, 'hoot:status', '2', 1);
/* create node 4622*/
INSERT INTO nodes (node_id, latitude, longitude, changeset_id, visible, "timestamp", tile, version) VALUES (4622, 388886370, -770492409, 3, true, (now() at time zone 'utc'), 1704401526, 1);
INSERT INTO current_nodes (id, latitude, longitude, changeset_id, visible, "timestamp", tile, version) VALUES (4622, 388886370, -770492409, 3, true, (now() at time zone 'utc'), 1704401526, 1);
INSERT INTO current_node_tags (node_id, k, v) VALUES (4622, 'hoot:id', '4622');
INSERT INTO node_tags (node_id, k, v, version) VALUES (4622, 'hoot:id', '4622', 1);
INSERT INTO current_node_tags (node_id, k, v) VALUES (4622, 'hoot:status', '2');
INSERT INTO node_tags (node_id, k, v, version) VALUES (4622, 'hoot:status', '2', 1);
/* create node 4623*/
INSERT INTO nodes (node_id, latitude, longitude, changeset_id, visible, "timestamp", tile, version) VALUES (4623, 388886880, -770491819, 3, true, (now() at time zone 'utc'), 1704401526, 1);
INSERT INTO current_nodes (id, latitude, longitude, changeset_id, visible, "timestamp", tile, version) VALUES (4623, 388886880, -770491819, 3, true, (now() at time zone 'utc'), 1704401526, 1);
INSERT INTO current_node_tags (node_id, k, v) VALUES (4623, 'hoot:id', '4623');
INSERT INTO node_tags (node_id, k, v, version) VALUES (4623, 'hoot:id', '4623', 1);
INSERT INTO current_node_tags (node_id, k, v) VALUES (4623, 'hoot:status', '2');
INSERT INTO node_tags (node_id, k, v, version) VALUES (4623, 'hoot:status', '2', 1);
/* create node 4624*/
INSERT INTO nodes (node_id, latitude, longitude, changeset_id, visible, "timestamp", tile, version) VALUES (4624, 388887630, -770491129, 3, true, (now() at time zone 'utc'), 1704401526, 1);
INSERT INTO current_nodes (id, latitude, longitude, changeset_id, visible, "timestamp", tile, version) VALUES (4624, 388887630, -770491129, 3, true, (now() at time zone 'utc'), 1704401526, 1);
INSERT INTO current_node_tags (node_id, k, v) VALUES (4624, 'hoot:id', '4624');
INSERT INTO node_tags (node_id, k, v, version) VALUES (4624, 'hoot:id', '4624', 1);
INSERT INTO current_node_tags (node_id, k, v) VALUES (4624, 'hoot:status', '2');
INSERT INTO node_tags (node_id, k, v, version) VALUES (4624, 'hoot:status', '2', 1);
/* create node 4625*/
INSERT INTO nodes (node_id, latitude, longitude, changeset_id, visible, "timestamp", tile, version) VALUES (4625, 388888640, -770490439, 3, true, (now() at time zone 'utc'), 1704401526, 1);
INSERT INTO current_nodes (id, latitude, longitude, changeset_id, visible, "timestamp", tile, version) VALUES (4625, 388888640, -770490439, 3, true, (now() at time zone 'utc'), 1704401526, 1);
INSERT INTO current_node_tags (node_id, k, v) VALUES (4625, 'hoot:id', '4625');
INSERT INTO node_tags (node_id, k, v, version) VALUES (4625, 'hoot:id', '4625', 1);
INSERT INTO current_node_tags (node_id, k, v) VALUES (4625, 'hoot:status', '2');
INSERT INTO node_tags (node_id, k, v, version) VALUES (4625, 'hoot:status', '2', 1);
/* create node 4626*/
INSERT INTO nodes (node_id, latitude, longitude, changeset_id, visible, "timestamp", tile, version) VALUES (4626, 388889510, -770490039, 3, true, (now() at time zone 'utc'), 1704401526, 1);
INSERT INTO current_nodes (id, latitude, longitude, changeset_id, visible, "timestamp", tile, version) VALUES (4626, 388889510, -770490039, 3, true, (now() at time zone 'utc'), 1704401526, 1);
INSERT INTO current_node_tags (node_id, k, v) VALUES (4626, 'hoot:id', '4626');
INSERT INTO node_tags (node_id, k, v, version) VALUES (4626, 'hoot:id', '4626', 1);
INSERT INTO current_node_tags (node_id, k, v) VALUES (4626, 'hoot:status', '2');
INSERT INTO node_tags (node_id, k, v, version) VALUES (4626, 'hoot:status', '2', 1);
/* create node 4627*/
INSERT INTO nodes (node_id, latitude, longitude, changeset_id, visible, "timestamp", tile, version) VALUES (4627, 388890150, -770489859, 3, true, (now() at time zone 'utc'), 1704401526, 1);
INSERT INTO current_nodes (id, latitude, longitude, changeset_id, visible, "timestamp", tile, version) VALUES (4627, 388890150, -770489859, 3, true, (now() at time zone 'utc'), 1704401526, 1);
INSERT INTO current_node_tags (node_id, k, v) VALUES (4627, 'hoot:id', '4627');
INSERT INTO node_tags (node_id, k, v, version) VALUES (4627, 'hoot:id', '4627', 1);
INSERT INTO current_node_tags (node_id, k, v) VALUES (4627, 'hoot:status', '2');
INSERT INTO node_tags (node_id, k, v, version) VALUES (4627, 'hoot:status', '2', 1);
/* create node 4628*/
INSERT INTO nodes (node_id, latitude, longitude, changeset_id, visible, "timestamp", tile, version) VALUES (4628, 388890960, -770489749, 3, true, (now() at time zone 'utc'), 1704401526, 1);
INSERT INTO current_nodes (id, latitude, longitude, changeset_id, visible, "timestamp", tile, version) VALUES (4628, 388890960, -770489749, 3, true, (now() at time zone 'utc'), 1704401526, 1);
INSERT INTO current_node_tags (node_id, k, v) VALUES (4628, 'hoot:id', '4628');
INSERT INTO node_tags (node_id, k, v, version) VALUES (4628, 'hoot:id', '4628', 1);
INSERT INTO current_node_tags (node_id, k, v) VALUES (4628, 'hoot:status', '2');
INSERT INTO node_tags (node_id, k, v, version) VALUES (4628, 'hoot:status', '2', 1);
/* create node 4629*/
INSERT INTO nodes (node_id, latitude, longitude, changeset_id, visible, "timestamp", tile, version) VALUES (4629, 388891770, -770489679, 3, true, (now() at time zone 'utc'), 1704401526, 1);
INSERT INTO current_nodes (id, latitude, longitude, changeset_id, visible, "timestamp", tile, version) VALUES (4629, 388891770, -770489679, 3, true, (now() at time zone 'utc'), 1704401526, 1);
INSERT INTO current_node_tags (node_id, k, v) VALUES (4629, 'hoot:id', '4629');
INSERT INTO node_tags (node_id, k, v, version) VALUES (4629, 'hoot:id', '4629', 1);
INSERT INTO current_node_tags (node_id, k, v) VALUES (4629, 'hoot:status', '2');
INSERT INTO node_tags (node_id, k, v, version) VALUES (4629, 'hoot:status', '2', 1);
/* create node 4630*/
INSERT INTO nodes (node_id, latitude, longitude, changeset_id, visible, "timestamp", tile, version) VALUES (4630, 388892180, -770489659, 3, true, (now() at time zone 'utc'), 1704401526, 1);
INSERT INTO current_nodes (id, latitude, longitude, changeset_id, visible, "timestamp", tile, version) VALUES (4630, 388892180, -770489659, 3, true, (now() at time zone 'utc'), 1704401526, 1);
INSERT INTO current_node_tags (node_id, k, v) VALUES (4630, 'hoot:id', '4630');
INSERT INTO node_tags (node_id, k, v, version) VALUES (4630, 'hoot:id', '4630', 1);
INSERT INTO current_node_tags (node_id, k, v) VALUES (4630, 'hoot:status', '2');
INSERT INTO node_tags (node_id, k, v, version) VALUES (4630, 'hoot:status', '2', 1);
/* create node 4631*/
INSERT INTO nodes (node_id, latitude, longitude, changeset_id, visible, "timestamp", tile, version) VALUES (4631, 388892990, -770489639, 3, true, (now() at time zone 'utc'), 1704401526, 1);
INSERT INTO current_nodes (id, latitude, longitude, changeset_id, visible, "timestamp", tile, version) VALUES (4631, 388892990, -770489639, 3, true, (now() at time zone 'utc'), 1704401526, 1);
INSERT INTO current_node_tags (node_id, k, v) VALUES (4631, 'hoot:id', '4631');
INSERT INTO node_tags (node_id, k, v, version) VALUES (4631, 'hoot:id', '4631', 1);
INSERT INTO current_node_tags (node_id, k, v) VALUES (4631, 'hoot:status', '2');
INSERT INTO node_tags (node_id, k, v, version) VALUES (4631, 'hoot:status', '2', 1);
/* create node 4632*/
INSERT INTO nodes (node_id, latitude, longitude, changeset_id, visible, "timestamp", tile, version) VALUES (4632, 388894210, -770489679, 3, true, (now() at time zone 'utc'), 1704401526, 1);
INSERT INTO current_nodes (id, latitude, longitude, changeset_id, visible, "timestamp", tile, version) VALUES (4632, 388894210, -770489679, 3, true, (now() at time zone 'utc'), 1704401526, 1);
INSERT INTO current_node_tags (node_id, k, v) VALUES (4632, 'hoot:id', '4632');
INSERT INTO node_tags (node_id, k, v, version) VALUES (4632, 'hoot:id', '4632', 1);
INSERT INTO current_node_tags (node_id, k, v) VALUES (4632, 'hoot:status', '2');
INSERT INTO node_tags (node_id, k, v, version) VALUES (4632, 'hoot:status', '2', 1);
/* create node 4633*/
INSERT INTO nodes (node_id, latitude, longitude, changeset_id, visible, "timestamp", tile, version) VALUES (4633, 388895090, -770489759, 3, true, (now() at time zone 'utc'), 1704401527, 1);
INSERT INTO current_nodes (id, latitude, longitude, changeset_id, visible, "timestamp", tile, version) VALUES (4633, 388895090, -770489759, 3, true, (now() at time zone 'utc'), 1704401527, 1);
INSERT INTO current_node_tags (node_id, k, v) VALUES (4633, 'hoot:id', '4633');
INSERT INTO node_tags (node_id, k, v, version) VALUES (4633, 'hoot:id', '4633', 1);
INSERT INTO current_node_tags (node_id, k, v) VALUES (4633, 'hoot:status', '2');
INSERT INTO node_tags (node_id, k, v, version) VALUES (4633, 'hoot:status', '2', 1);
/* create node 4634*/
INSERT INTO nodes (node_id, latitude, longitude, changeset_id, visible, "timestamp", tile, version) VALUES (4634, 388895740, -770489879, 3, true, (now() at time zone 'utc'), 1704401527, 1);
INSERT INTO current_nodes (id, latitude, longitude, changeset_id, visible, "timestamp", tile, version) VALUES (4634, 388895740, -770489879, 3, true, (now() at time zone 'utc'), 1704401527, 1);
INSERT INTO current_node_tags (node_id, k, v) VALUES (4634, 'hoot:id', '4634');
INSERT INTO node_tags (node_id, k, v, version) VALUES (4634, 'hoot:id', '4634', 1);
INSERT INTO current_node_tags (node_id, k, v) VALUES (4634, 'hoot:status', '2');
INSERT INTO node_tags (node_id, k, v, version) VALUES (4634, 'hoot:status', '2', 1);
/* create node 4635*/
INSERT INTO nodes (node_id, latitude, longitude, changeset_id, visible, "timestamp", tile, version) VALUES (4635, 388896380, -770490079, 3, true, (now() at time zone 'utc'), 1704401527, 1);
INSERT INTO current_nodes (id, latitude, longitude, changeset_id, visible, "timestamp", tile, version) VALUES (4635, 388896380, -770490079, 3, true, (now() at time zone 'utc'), 1704401527, 1);
INSERT INTO current_node_tags (node_id, k, v) VALUES (4635, 'hoot:id', '4635');
INSERT INTO node_tags (node_id, k, v, version) VALUES (4635, 'hoot:id', '4635', 1);
INSERT INTO current_node_tags (node_id, k, v) VALUES (4635, 'hoot:status', '2');
INSERT INTO node_tags (node_id, k, v, version) VALUES (4635, 'hoot:status', '2', 1);
/* create node 4636*/
INSERT INTO nodes (node_id, latitude, longitude, changeset_id, visible, "timestamp", tile, version) VALUES (4636, 388896590, -770490169, 3, true, (now() at time zone 'utc'), 1704401527, 1);
INSERT INTO current_nodes (id, latitude, longitude, changeset_id, visible, "timestamp", tile, version) VALUES (4636, 388896590, -770490169, 3, true, (now() at time zone 'utc'), 1704401527, 1);
INSERT INTO current_node_tags (node_id, k, v) VALUES (4636, 'hoot:id', '4636');
INSERT INTO node_tags (node_id, k, v, version) VALUES (4636, 'hoot:id', '4636', 1);
INSERT INTO current_node_tags (node_id, k, v) VALUES (4636, 'hoot:status', '2');
INSERT INTO node_tags (node_id, k, v, version) VALUES (4636, 'hoot:status', '2', 1);
/* create node 4637*/
INSERT INTO nodes (node_id, latitude, longitude, changeset_id, visible, "timestamp", tile, version) VALUES (4637, 388897600, -770490729, 3, true, (now() at time zone 'utc'), 1704401527, 1);
INSERT INTO current_nodes (id, latitude, longitude, changeset_id, visible, "timestamp", tile, version) VALUES (4637, 388897600, -770490729, 3, true, (now() at time zone 'utc'), 1704401527, 1);
INSERT INTO current_node_tags (node_id, k, v) VALUES (4637, 'hoot:id', '4637');
INSERT INTO node_tags (node_id, k, v, version) VALUES (4637, 'hoot:id', '4637', 1);
INSERT INTO current_node_tags (node_id, k, v) VALUES (4637, 'hoot:status', '2');
INSERT INTO node_tags (node_id, k, v, version) VALUES (4637, 'hoot:status', '2', 1);
/* create node 4638*/
INSERT INTO nodes (node_id, latitude, longitude, changeset_id, visible, "timestamp", tile, version) VALUES (4638, 388898160, -770491159, 3, true, (now() at time zone 'utc'), 1704401527, 1);
INSERT INTO current_nodes (id, latitude, longitude, changeset_id, visible, "timestamp", tile, version) VALUES (4638, 388898160, -770491159, 3, true, (now() at time zone 'utc'), 1704401527, 1);
INSERT INTO current_node_tags (node_id, k, v) VALUES (4638, 'hoot:id', '4638');
INSERT INTO node_tags (node_id, k, v, version) VALUES (4638, 'hoot:id', '4638', 1);
INSERT INTO current_node_tags (node_id, k, v) VALUES (4638, 'hoot:status', '2');
INSERT INTO node_tags (node_id, k, v, version) VALUES (4638, 'hoot:status', '2', 1);
/* create node 4639*/
INSERT INTO nodes (node_id, latitude, longitude, changeset_id, visible, "timestamp", tile, version) VALUES (4639, 388898520, -770491489, 3, true, (now() at time zone 'utc'), 1704401527, 1);
INSERT INTO current_nodes (id, latitude, longitude, changeset_id, visible, "timestamp", tile, version) VALUES (4639, 388898520, -770491489, 3, true, (now() at time zone 'utc'), 1704401527, 1);
INSERT INTO current_node_tags (node_id, k, v) VALUES (4639, 'hoot:id', '4639');
INSERT INTO node_tags (node_id, k, v, version) VALUES (4639, 'hoot:id', '4639', 1);
INSERT INTO current_node_tags (node_id, k, v) VALUES (4639, 'hoot:status', '2');
INSERT INTO node_tags (node_id, k, v, version) VALUES (4639, 'hoot:status', '2', 1);
/* create node 4640*/
INSERT INTO nodes (node_id, latitude, longitude, changeset_id, visible, "timestamp", tile, version) VALUES (4640, 388898860, -770491839, 3, true, (now() at time zone 'utc'), 1704401527, 1);
INSERT INTO current_nodes (id, latitude, longitude, changeset_id, visible, "timestamp", tile, version) VALUES (4640, 388898860, -770491839, 3, true, (now() at time zone 'utc'), 1704401527, 1);
INSERT INTO current_node_tags (node_id, k, v) VALUES (4640, 'hoot:id', '4640');
INSERT INTO node_tags (node_id, k, v, version) VALUES (4640, 'hoot:id', '4640', 1);
INSERT INTO current_node_tags (node_id, k, v) VALUES (4640, 'hoot:status', '2');
INSERT INTO node_tags (node_id, k, v, version) VALUES (4640, 'hoot:status', '2', 1);
/* create node 4641*/
INSERT INTO nodes (node_id, latitude, longitude, changeset_id, visible, "timestamp", tile, version) VALUES (4641, 388899770, -770492899, 3, true, (now() at time zone 'utc'), 1704401527, 1);
INSERT INTO current_nodes (id, latitude, longitude, changeset_id, visible, "timestamp", tile, version) VALUES (4641, 388899770, -770492899, 3, true, (now() at time zone 'utc'), 1704401527, 1);
INSERT INTO current_node_tags (node_id, k, v) VALUES (4641, 'hoot:id', '4641');
INSERT INTO node_tags (node_id, k, v, version) VALUES (4641, 'hoot:id', '4641', 1);
INSERT INTO current_node_tags (node_id, k, v) VALUES (4641, 'hoot:status', '2');
INSERT INTO node_tags (node_id, k, v, version) VALUES (4641, 'hoot:status', '2', 1);
/* create node 4642*/
INSERT INTO nodes (node_id, latitude, longitude, changeset_id, visible, "timestamp", tile, version) VALUES (4642, 388900590, -770494229, 3, true, (now() at time zone 'utc'), 1704401527, 1);
INSERT INTO current_nodes (id, latitude, longitude, changeset_id, visible, "timestamp", tile, version) VALUES (4642, 388900590, -770494229, 3, true, (now() at time zone 'utc'), 1704401527, 1);
INSERT INTO current_node_tags (node_id, k, v) VALUES (4642, 'hoot:id', '4642');
INSERT INTO node_tags (node_id, k, v, version) VALUES (4642, 'hoot:id', '4642', 1);
INSERT INTO current_node_tags (node_id, k, v) VALUES (4642, 'hoot:status', '2');
INSERT INTO node_tags (node_id, k, v, version) VALUES (4642, 'hoot:status', '2', 1);
/* create node 4643*/
INSERT INTO nodes (node_id, latitude, longitude, changeset_id, visible, "timestamp", tile, version) VALUES (4643, 388900700, -770494479, 3, true, (now() at time zone 'utc'), 1704401527, 1);
INSERT INTO current_nodes (id, latitude, longitude, changeset_id, visible, "timestamp", tile, version) VALUES (4643, 388900700, -770494479, 3, true, (now() at time zone 'utc'), 1704401527, 1);
INSERT INTO current_node_tags (node_id, k, v) VALUES (4643, 'hoot:id', '4643');
INSERT INTO node_tags (node_id, k, v, version) VALUES (4643, 'hoot:id', '4643', 1);
INSERT INTO current_node_tags (node_id, k, v) VALUES (4643, 'hoot:status', '2');
INSERT INTO node_tags (node_id, k, v, version) VALUES (4643, 'hoot:status', '2', 1);
/* create node 4644*/
INSERT INTO nodes (node_id, latitude, longitude, changeset_id, visible, "timestamp", tile, version) VALUES (4644, 388900820, -770494719, 3, true, (now() at time zone 'utc'), 1704401527, 1);
INSERT INTO current_nodes (id, latitude, longitude, changeset_id, visible, "timestamp", tile, version) VALUES (4644, 388900820, -770494719, 3, true, (now() at time zone 'utc'), 1704401527, 1);
INSERT INTO current_node_tags (node_id, k, v) VALUES (4644, 'hoot:id', '4644');
INSERT INTO node_tags (node_id, k, v, version) VALUES (4644, 'hoot:id', '4644', 1);
INSERT INTO current_node_tags (node_id, k, v) VALUES (4644, 'hoot:status', '2');
INSERT INTO node_tags (node_id, k, v, version) VALUES (4644, 'hoot:status', '2', 1);
/* create node 4646*/
INSERT INTO nodes (node_id, latitude, longitude, changeset_id, visible, "timestamp", tile, version) VALUES (4646, 388883720, -770507599, 3, true, (now() at time zone 'utc'), 1704401526, 1);
INSERT INTO current_nodes (id, latitude, longitude, changeset_id, visible, "timestamp", tile, version) VALUES (4646, 388883720, -770507599, 3, true, (now() at time zone 'utc'), 1704401526, 1);
INSERT INTO current_node_tags (node_id, k, v) VALUES (4646, 'hoot:id', '4646');
INSERT INTO node_tags (node_id, k, v, version) VALUES (4646, 'hoot:id', '4646', 1);
INSERT INTO current_node_tags (node_id, k, v) VALUES (4646, 'hoot:status', '2');
INSERT INTO node_tags (node_id, k, v, version) VALUES (4646, 'hoot:status', '2', 1);
/* create node 4647*/
INSERT INTO nodes (node_id, latitude, longitude, changeset_id, visible, "timestamp", tile, version) VALUES (4647, 388882550, -770503559, 3, true, (now() at time zone 'utc'), 1704401526, 1);
INSERT INTO current_nodes (id, latitude, longitude, changeset_id, visible, "timestamp", tile, version) VALUES (4647, 388882550, -770503559, 3, true, (now() at time zone 'utc'), 1704401526, 1);
INSERT INTO current_node_tags (node_id, k, v) VALUES (4647, 'hoot:id', '4647');
INSERT INTO node_tags (node_id, k, v, version) VALUES (4647, 'hoot:id', '4647', 1);
INSERT INTO current_node_tags (node_id, k, v) VALUES (4647, 'hoot:status', '2');
INSERT INTO node_tags (node_id, k, v, version) VALUES (4647, 'hoot:status', '2', 1);
/* create node 4648*/
INSERT INTO nodes (node_id, latitude, longitude, changeset_id, visible, "timestamp", tile, version) VALUES (4648, 388882130, -770502829, 3, true, (now() at time zone 'utc'), 1704401526, 1);
INSERT INTO current_nodes (id, latitude, longitude, changeset_id, visible, "timestamp", tile, version) VALUES (4648, 388882130, -770502829, 3, true, (now() at time zone 'utc'), 1704401526, 1);
INSERT INTO current_node_tags (node_id, k, v) VALUES (4648, 'hoot:id', '4648');
INSERT INTO node_tags (node_id, k, v, version) VALUES (4648, 'hoot:id', '4648', 1);
INSERT INTO current_node_tags (node_id, k, v) VALUES (4648, 'hoot:status', '2');
INSERT INTO node_tags (node_id, k, v, version) VALUES (4648, 'hoot:status', '2', 1);
/* create node 4649*/
INSERT INTO nodes (node_id, latitude, longitude, changeset_id, visible, "timestamp", tile, version) VALUES (4649, 388881680, -770502459, 3, true, (now() at time zone 'utc'), 1704401526, 1);
INSERT INTO current_nodes (id, latitude, longitude, changeset_id, visible, "timestamp", tile, version) VALUES (4649, 388881680, -770502459, 3, true, (now() at time zone 'utc'), 1704401526, 1);
INSERT INTO current_node_tags (node_id, k, v) VALUES (4649, 'hoot:id', '4649');
INSERT INTO node_tags (node_id, k, v, version) VALUES (4649, 'hoot:id', '4649', 1);
INSERT INTO current_node_tags (node_id, k, v) VALUES (4649, 'hoot:status', '2');
INSERT INTO node_tags (node_id, k, v, version) VALUES (4649, 'hoot:status', '2', 1);
/* create node 4650*/
INSERT INTO nodes (node_id, latitude, longitude, changeset_id, visible, "timestamp", tile, version) VALUES (4650, 388881170, -770502409, 3, true, (now() at time zone 'utc'), 1704401526, 1);
INSERT INTO current_nodes (id, latitude, longitude, changeset_id, visible, "timestamp", tile, version) VALUES (4650, 388881170, -770502409, 3, true, (now() at time zone 'utc'), 1704401526, 1);
INSERT INTO current_node_tags (node_id, k, v) VALUES (4650, 'hoot:id', '4650');
INSERT INTO node_tags (node_id, k, v, version) VALUES (4650, 'hoot:id', '4650', 1);
INSERT INTO current_node_tags (node_id, k, v) VALUES (4650, 'hoot:status', '2');
INSERT INTO node_tags (node_id, k, v, version) VALUES (4650, 'hoot:status', '2', 1);
/* create node 4651*/
INSERT INTO nodes (node_id, latitude, longitude, changeset_id, visible, "timestamp", tile, version) VALUES (4651, 388876010, -770502419, 3, true, (now() at time zone 'utc'), 1704401526, 1);
INSERT INTO current_nodes (id, latitude, longitude, changeset_id, visible, "timestamp", tile, version) VALUES (4651, 388876010, -770502419, 3, true, (now() at time zone 'utc'), 1704401526, 1);
INSERT INTO current_node_tags (node_id, k, v) VALUES (4651, 'hoot:id', '4651');
INSERT INTO node_tags (node_id, k, v, version) VALUES (4651, 'hoot:id', '4651', 1);
INSERT INTO current_node_tags (node_id, k, v) VALUES (4651, 'hoot:status', '2');
INSERT INTO node_tags (node_id, k, v, version) VALUES (4651, 'hoot:status', '2', 1);
/* create node 4653*/
INSERT INTO nodes (node_id, latitude, longitude, changeset_id, visible, "timestamp", tile, version) VALUES (4653, 388870460, -770502109, 3, true, (now() at time zone 'utc'), 1704401526, 1);
INSERT INTO current_nodes (id, latitude, longitude, changeset_id, visible, "timestamp", tile, version) VALUES (4653, 388870460, -770502109, 3, true, (now() at time zone 'utc'), 1704401526, 1);
INSERT INTO current_node_tags (node_id, k, v) VALUES (4653, 'hoot:id', '4653');
INSERT INTO node_tags (node_id, k, v, version) VALUES (4653, 'hoot:id', '4653', 1);
INSERT INTO current_node_tags (node_id, k, v) VALUES (4653, 'hoot:status', '2');
INSERT INTO node_tags (node_id, k, v, version) VALUES (4653, 'hoot:status', '2', 1);
/* create node 4654*/
INSERT INTO nodes (node_id, latitude, longitude, changeset_id, visible, "timestamp", tile, version) VALUES (4654, 388869510, -770502459, 3, true, (now() at time zone 'utc'), 1704401526, 1);
INSERT INTO current_nodes (id, latitude, longitude, changeset_id, visible, "timestamp", tile, version) VALUES (4654, 388869510, -770502459, 3, true, (now() at time zone 'utc'), 1704401526, 1);
INSERT INTO current_node_tags (node_id, k, v) VALUES (4654, 'hoot:id', '4654');
INSERT INTO node_tags (node_id, k, v, version) VALUES (4654, 'hoot:id', '4654', 1);
INSERT INTO current_node_tags (node_id, k, v) VALUES (4654, 'hoot:status', '2');
INSERT INTO node_tags (node_id, k, v, version) VALUES (4654, 'hoot:status', '2', 1);
/* create node 4655*/
INSERT INTO nodes (node_id, latitude, longitude, changeset_id, visible, "timestamp", tile, version) VALUES (4655, 388867170, -770503689, 3, true, (now() at time zone 'utc'), 1704401526, 1);
INSERT INTO current_nodes (id, latitude, longitude, changeset_id, visible, "timestamp", tile, version) VALUES (4655, 388867170, -770503689, 3, true, (now() at time zone 'utc'), 1704401526, 1);
INSERT INTO current_node_tags (node_id, k, v) VALUES (4655, 'hoot:id', '4655');
INSERT INTO node_tags (node_id, k, v, version) VALUES (4655, 'hoot:id', '4655', 1);
INSERT INTO current_node_tags (node_id, k, v) VALUES (4655, 'hoot:status', '2');
INSERT INTO node_tags (node_id, k, v, version) VALUES (4655, 'hoot:status', '2', 1);
/* create node 4656*/
INSERT INTO nodes (node_id, latitude, longitude, changeset_id, visible, "timestamp", tile, version) VALUES (4656, 388866700, -770503909, 3, true, (now() at time zone 'utc'), 1704401523, 1);
INSERT INTO current_nodes (id, latitude, longitude, changeset_id, visible, "timestamp", tile, version) VALUES (4656, 388866700, -770503909, 3, true, (now() at time zone 'utc'), 1704401523, 1);
INSERT INTO current_node_tags (node_id, k, v) VALUES (4656, 'hoot:id', '4656');
INSERT INTO node_tags (node_id, k, v, version) VALUES (4656, 'hoot:id', '4656', 1);
INSERT INTO current_node_tags (node_id, k, v) VALUES (4656, 'hoot:status', '2');
INSERT INTO node_tags (node_id, k, v, version) VALUES (4656, 'hoot:status', '2', 1);
/* create node 4657*/
INSERT INTO nodes (node_id, latitude, longitude, changeset_id, visible, "timestamp", tile, version) VALUES (4657, 388866290, -770503949, 3, true, (now() at time zone 'utc'), 1704401523, 1);
INSERT INTO current_nodes (id, latitude, longitude, changeset_id, visible, "timestamp", tile, version) VALUES (4657, 388866290, -770503949, 3, true, (now() at time zone 'utc'), 1704401523, 1);
INSERT INTO current_node_tags (node_id, k, v) VALUES (4657, 'hoot:id', '4657');
INSERT INTO node_tags (node_id, k, v, version) VALUES (4657, 'hoot:id', '4657', 1);
INSERT INTO current_node_tags (node_id, k, v) VALUES (4657, 'hoot:status', '2');
INSERT INTO node_tags (node_id, k, v, version) VALUES (4657, 'hoot:status', '2', 1);
/* create node 4658*/
INSERT INTO nodes (node_id, latitude, longitude, changeset_id, visible, "timestamp", tile, version) VALUES (4658, 388866080, -770503919, 3, true, (now() at time zone 'utc'), 1704401523, 1);
INSERT INTO current_nodes (id, latitude, longitude, changeset_id, visible, "timestamp", tile, version) VALUES (4658, 388866080, -770503919, 3, true, (now() at time zone 'utc'), 1704401523, 1);
INSERT INTO current_node_tags (node_id, k, v) VALUES (4658, 'hoot:id', '4658');
INSERT INTO node_tags (node_id, k, v, version) VALUES (4658, 'hoot:id', '4658', 1);
INSERT INTO current_node_tags (node_id, k, v) VALUES (4658, 'hoot:status', '2');
INSERT INTO node_tags (node_id, k, v, version) VALUES (4658, 'hoot:status', '2', 1);
/* create node 4659*/
INSERT INTO nodes (node_id, latitude, longitude, changeset_id, visible, "timestamp", tile, version) VALUES (4659, 388865880, -770503849, 3, true, (now() at time zone 'utc'), 1704401523, 1);
INSERT INTO current_nodes (id, latitude, longitude, changeset_id, visible, "timestamp", tile, version) VALUES (4659, 388865880, -770503849, 3, true, (now() at time zone 'utc'), 1704401523, 1);
INSERT INTO current_node_tags (node_id, k, v) VALUES (4659, 'hoot:id', '4659');
INSERT INTO node_tags (node_id, k, v, version) VALUES (4659, 'hoot:id', '4659', 1);
INSERT INTO current_node_tags (node_id, k, v) VALUES (4659, 'hoot:status', '2');
INSERT INTO node_tags (node_id, k, v, version) VALUES (4659, 'hoot:status', '2', 1);
/* create node 4660*/
INSERT INTO nodes (node_id, latitude, longitude, changeset_id, visible, "timestamp", tile, version) VALUES (4660, 388865440, -770503539, 3, true, (now() at time zone 'utc'), 1704401523, 1);
INSERT INTO current_nodes (id, latitude, longitude, changeset_id, visible, "timestamp", tile, version) VALUES (4660, 388865440, -770503539, 3, true, (now() at time zone 'utc'), 1704401523, 1);
INSERT INTO current_node_tags (node_id, k, v) VALUES (4660, 'hoot:id', '4660');
INSERT INTO node_tags (node_id, k, v, version) VALUES (4660, 'hoot:id', '4660', 1);
INSERT INTO current_node_tags (node_id, k, v) VALUES (4660, 'hoot:status', '2');
INSERT INTO node_tags (node_id, k, v, version) VALUES (4660, 'hoot:status', '2', 1);
/* create node 4677*/
INSERT INTO nodes (node_id, latitude, longitude, changeset_id, visible, "timestamp", tile, version) VALUES (4677, 388864850, -770502379, 3, true, (now() at time zone 'utc'), 1704401523, 1);
INSERT INTO current_nodes (id, latitude, longitude, changeset_id, visible, "timestamp", tile, version) VALUES (4677, 388864850, -770502379, 3, true, (now() at time zone 'utc'), 1704401523, 1);
INSERT INTO current_node_tags (node_id, k, v) VALUES (4677, 'hoot:id', '4677');
INSERT INTO node_tags (node_id, k, v, version) VALUES (4677, 'hoot:id', '4677', 1);
INSERT INTO current_node_tags (node_id, k, v) VALUES (4677, 'hoot:status', '2');
INSERT INTO node_tags (node_id, k, v, version) VALUES (4677, 'hoot:status', '2', 1);
/* create node 4678*/
INSERT INTO nodes (node_id, latitude, longitude, changeset_id, visible, "timestamp", tile, version) VALUES (4678, 388864910, -770502659, 3, true, (now() at time zone 'utc'), 1704401523, 1);
INSERT INTO current_nodes (id, latitude, longitude, changeset_id, visible, "timestamp", tile, version) VALUES (4678, 388864910, -770502659, 3, true, (now() at time zone 'utc'), 1704401523, 1);
INSERT INTO current_node_tags (node_id, k, v) VALUES (4678, 'hoot:id', '4678');
INSERT INTO node_tags (node_id, k, v, version) VALUES (4678, 'hoot:id', '4678', 1);
INSERT INTO current_node_tags (node_id, k, v) VALUES (4678, 'hoot:status', '2');
INSERT INTO node_tags (node_id, k, v, version) VALUES (4678, 'hoot:status', '2', 1);
/* create node 4679*/
INSERT INTO nodes (node_id, latitude, longitude, changeset_id, visible, "timestamp", tile, version) VALUES (4679, 388864990, -770502899, 3, true, (now() at time zone 'utc'), 1704401523, 1);
INSERT INTO current_nodes (id, latitude, longitude, changeset_id, visible, "timestamp", tile, version) VALUES (4679, 388864990, -770502899, 3, true, (now() at time zone 'utc'), 1704401523, 1);
INSERT INTO current_node_tags (node_id, k, v) VALUES (4679, 'hoot:id', '4679');
INSERT INTO node_tags (node_id, k, v, version) VALUES (4679, 'hoot:id', '4679', 1);
INSERT INTO current_node_tags (node_id, k, v) VALUES (4679, 'hoot:status', '2');
INSERT INTO node_tags (node_id, k, v, version) VALUES (4679, 'hoot:status', '2', 1);
/* create node 4680*/
INSERT INTO nodes (node_id, latitude, longitude, changeset_id, visible, "timestamp", tile, version) VALUES (4680, 388883010, -770397599, 3, true, (now() at time zone 'utc'), 1704401534, 1);
INSERT INTO current_nodes (id, latitude, longitude, changeset_id, visible, "timestamp", tile, version) VALUES (4680, 388883010, -770397599, 3, true, (now() at time zone 'utc'), 1704401534, 1);
INSERT INTO current_node_tags (node_id, k, v) VALUES (4680, 'hoot:id', '4680');
INSERT INTO node_tags (node_id, k, v, version) VALUES (4680, 'hoot:id', '4680', 1);
INSERT INTO current_node_tags (node_id, k, v) VALUES (4680, 'hoot:status', '2');
INSERT INTO node_tags (node_id, k, v, version) VALUES (4680, 'hoot:status', '2', 1);
/* create node 4683*/
INSERT INTO nodes (node_id, latitude, longitude, changeset_id, visible, "timestamp", tile, version) VALUES (4683, 388864830, -770501899, 3, true, (now() at time zone 'utc'), 1704401523, 1);
INSERT INTO current_nodes (id, latitude, longitude, changeset_id, visible, "timestamp", tile, version) VALUES (4683, 388864830, -770501899, 3, true, (now() at time zone 'utc'), 1704401523, 1);
INSERT INTO current_node_tags (node_id, k, v) VALUES (4683, 'hoot:id', '4683');
INSERT INTO node_tags (node_id, k, v, version) VALUES (4683, 'hoot:id', '4683', 1);
INSERT INTO current_node_tags (node_id, k, v) VALUES (4683, 'hoot:status', '2');
INSERT INTO node_tags (node_id, k, v, version) VALUES (4683, 'hoot:status', '2', 1);
/* create node 4684*/
INSERT INTO nodes (node_id, latitude, longitude, changeset_id, visible, "timestamp", tile, version) VALUES (4684, 388864910, -770501389, 3, true, (now() at time zone 'utc'), 1704401523, 1);
INSERT INTO current_nodes (id, latitude, longitude, changeset_id, visible, "timestamp", tile, version) VALUES (4684, 388864910, -770501389, 3, true, (now() at time zone 'utc'), 1704401523, 1);
INSERT INTO current_node_tags (node_id, k, v) VALUES (4684, 'hoot:id', '4684');
INSERT INTO node_tags (node_id, k, v, version) VALUES (4684, 'hoot:id', '4684', 1);
INSERT INTO current_node_tags (node_id, k, v) VALUES (4684, 'hoot:status', '2');
INSERT INTO node_tags (node_id, k, v, version) VALUES (4684, 'hoot:status', '2', 1);
/* create node 4693*/
INSERT INTO nodes (node_id, latitude, longitude, changeset_id, visible, "timestamp", tile, version) VALUES (4693, 388894480, -770355369, 3, true, (now() at time zone 'utc'), 1704401620, 1);
INSERT INTO current_nodes (id, latitude, longitude, changeset_id, visible, "timestamp", tile, version) VALUES (4693, 388894480, -770355369, 3, true, (now() at time zone 'utc'), 1704401620, 1);
INSERT INTO current_node_tags (node_id, k, v) VALUES (4693, 'hoot:id', '4693');
INSERT INTO node_tags (node_id, k, v, version) VALUES (4693, 'hoot:id', '4693', 1);
INSERT INTO current_node_tags (node_id, k, v) VALUES (4693, 'hoot:status', '2');
INSERT INTO node_tags (node_id, k, v, version) VALUES (4693, 'hoot:status', '2', 1);
/* create node 4694*/
INSERT INTO nodes (node_id, latitude, longitude, changeset_id, visible, "timestamp", tile, version) VALUES (4694, 388896600, -770363189, 3, true, (now() at time zone 'utc'), 1704401621, 1);
INSERT INTO current_nodes (id, latitude, longitude, changeset_id, visible, "timestamp", tile, version) VALUES (4694, 388896600, -770363189, 3, true, (now() at time zone 'utc'), 1704401621, 1);
INSERT INTO current_node_tags (node_id, k, v) VALUES (4694, 'hoot:id', '4694');
INSERT INTO node_tags (node_id, k, v, version) VALUES (4694, 'hoot:id', '4694', 1);
INSERT INTO current_node_tags (node_id, k, v) VALUES (4694, 'hoot:status', '2');
INSERT INTO node_tags (node_id, k, v, version) VALUES (4694, 'hoot:status', '2', 1);
/* create node 4695*/
INSERT INTO nodes (node_id, latitude, longitude, changeset_id, visible, "timestamp", tile, version) VALUES (4695, 388896860, -770367019, 3, true, (now() at time zone 'utc'), 1704401621, 1);
INSERT INTO current_nodes (id, latitude, longitude, changeset_id, visible, "timestamp", tile, version) VALUES (4695, 388896860, -770367019, 3, true, (now() at time zone 'utc'), 1704401621, 1);
INSERT INTO current_node_tags (node_id, k, v) VALUES (4695, 'hoot:id', '4695');
INSERT INTO node_tags (node_id, k, v, version) VALUES (4695, 'hoot:id', '4695', 1);
INSERT INTO current_node_tags (node_id, k, v) VALUES (4695, 'hoot:status', '2');
INSERT INTO node_tags (node_id, k, v, version) VALUES (4695, 'hoot:status', '2', 1);
/* create node 4696*/
INSERT INTO nodes (node_id, latitude, longitude, changeset_id, visible, "timestamp", tile, version) VALUES (4696, 388898790, -770394799, 3, true, (now() at time zone 'utc'), 1704401535, 1);
INSERT INTO current_nodes (id, latitude, longitude, changeset_id, visible, "timestamp", tile, version) VALUES (4696, 388898790, -770394799, 3, true, (now() at time zone 'utc'), 1704401535, 1);
INSERT INTO current_node_tags (node_id, k, v) VALUES (4696, 'hoot:id', '4696');
INSERT INTO node_tags (node_id, k, v, version) VALUES (4696, 'hoot:id', '4696', 1);
INSERT INTO current_node_tags (node_id, k, v) VALUES (4696, 'hoot:status', '2');
INSERT INTO node_tags (node_id, k, v, version) VALUES (4696, 'hoot:status', '2', 1);
/* create node 4697*/
INSERT INTO nodes (node_id, latitude, longitude, changeset_id, visible, "timestamp", tile, version) VALUES (4697, 388900680, -770430449, 3, true, (now() at time zone 'utc'), 1704401533, 1);
INSERT INTO current_nodes (id, latitude, longitude, changeset_id, visible, "timestamp", tile, version) VALUES (4697, 388900680, -770430449, 3, true, (now() at time zone 'utc'), 1704401533, 1);
INSERT INTO current_node_tags (node_id, k, v) VALUES (4697, 'hoot:id', '4697');
INSERT INTO node_tags (node_id, k, v, version) VALUES (4697, 'hoot:id', '4697', 1);
INSERT INTO current_node_tags (node_id, k, v) VALUES (4697, 'hoot:status', '2');
INSERT INTO node_tags (node_id, k, v, version) VALUES (4697, 'hoot:status', '2', 1);
/* create node 4698*/
INSERT INTO nodes (node_id, latitude, longitude, changeset_id, visible, "timestamp", tile, version) VALUES (4698, 388914480, -770528849, 3, true, (now() at time zone 'utc'), 1704401527, 1);
INSERT INTO current_nodes (id, latitude, longitude, changeset_id, visible, "timestamp", tile, version) VALUES (4698, 388914480, -770528849, 3, true, (now() at time zone 'utc'), 1704401527, 1);
INSERT INTO current_node_tags (node_id, k, v) VALUES (4698, 'hoot:id', '4698');
INSERT INTO node_tags (node_id, k, v, version) VALUES (4698, 'hoot:id', '4698', 1);
INSERT INTO current_node_tags (node_id, k, v) VALUES (4698, 'hoot:status', '2');
INSERT INTO node_tags (node_id, k, v, version) VALUES (4698, 'hoot:status', '2', 1);
/* create node 4699*/
INSERT INTO nodes (node_id, latitude, longitude, changeset_id, visible, "timestamp", tile, version) VALUES (4699, 388915010, -770532279, 3, true, (now() at time zone 'utc'), 1704401527, 1);
INSERT INTO current_nodes (id, latitude, longitude, changeset_id, visible, "timestamp", tile, version) VALUES (4699, 388915010, -770532279, 3, true, (now() at time zone 'utc'), 1704401527, 1);
INSERT INTO current_node_tags (node_id, k, v) VALUES (4699, 'hoot:id', '4699');
INSERT INTO node_tags (node_id, k, v, version) VALUES (4699, 'hoot:id', '4699', 1);
INSERT INTO current_node_tags (node_id, k, v) VALUES (4699, 'hoot:status', '2');
INSERT INTO node_tags (node_id, k, v, version) VALUES (4699, 'hoot:status', '2', 1);
/* create node 4721*/
INSERT INTO nodes (node_id, latitude, longitude, changeset_id, visible, "timestamp", tile, version) VALUES (4721, 388922130, -770501469, 3, true, (now() at time zone 'utc'), 1704401698, 1);
INSERT INTO current_nodes (id, latitude, longitude, changeset_id, visible, "timestamp", tile, version) VALUES (4721, 388922130, -770501469, 3, true, (now() at time zone 'utc'), 1704401698, 1);
INSERT INTO current_node_tags (node_id, k, v) VALUES (4721, 'hoot:id', '4721');
INSERT INTO node_tags (node_id, k, v, version) VALUES (4721, 'hoot:id', '4721', 1);
INSERT INTO current_node_tags (node_id, k, v) VALUES (4721, 'hoot:status', '2');
INSERT INTO node_tags (node_id, k, v, version) VALUES (4721, 'hoot:status', '2', 1);
/* create node 4722*/
INSERT INTO nodes (node_id, latitude, longitude, changeset_id, visible, "timestamp", tile, version) VALUES (4722, 388923840, -770501459, 3, true, (now() at time zone 'utc'), 1704401698, 1);
INSERT INTO current_nodes (id, latitude, longitude, changeset_id, visible, "timestamp", tile, version) VALUES (4722, 388923840, -770501459, 3, true, (now() at time zone 'utc'), 1704401698, 1);
INSERT INTO current_node_tags (node_id, k, v) VALUES (4722, 'hoot:id', '4722');
INSERT INTO node_tags (node_id, k, v, version) VALUES (4722, 'hoot:id', '4722', 1);
INSERT INTO current_node_tags (node_id, k, v) VALUES (4722, 'hoot:status', '2');
INSERT INTO node_tags (node_id, k, v, version) VALUES (4722, 'hoot:status', '2', 1);
/* create node 4723*/
INSERT INTO nodes (node_id, latitude, longitude, changeset_id, visible, "timestamp", tile, version) VALUES (4723, 388926230, -770501429, 3, true, (now() at time zone 'utc'), 1704401698, 1);
INSERT INTO current_nodes (id, latitude, longitude, changeset_id, visible, "timestamp", tile, version) VALUES (4723, 388926230, -770501429, 3, true, (now() at time zone 'utc'), 1704401698, 1);
INSERT INTO current_node_tags (node_id, k, v) VALUES (4723, 'hoot:id', '4723');
INSERT INTO node_tags (node_id, k, v, version) VALUES (4723, 'hoot:id', '4723', 1);
INSERT INTO current_node_tags (node_id, k, v) VALUES (4723, 'hoot:status', '2');
INSERT INTO node_tags (node_id, k, v, version) VALUES (4723, 'hoot:status', '2', 1);
/* create node 4724*/
INSERT INTO nodes (node_id, latitude, longitude, changeset_id, visible, "timestamp", tile, version) VALUES (4724, 388933830, -770501389, 3, true, (now() at time zone 'utc'), 1704401698, 1);
INSERT INTO current_nodes (id, latitude, longitude, changeset_id, visible, "timestamp", tile, version) VALUES (4724, 388933830, -770501389, 3, true, (now() at time zone 'utc'), 1704401698, 1);
INSERT INTO current_node_tags (node_id, k, v) VALUES (4724, 'hoot:id', '4724');
INSERT INTO node_tags (node_id, k, v, version) VALUES (4724, 'hoot:id', '4724', 1);
INSERT INTO current_node_tags (node_id, k, v) VALUES (4724, 'hoot:status', '2');
INSERT INTO node_tags (node_id, k, v, version) VALUES (4724, 'hoot:status', '2', 1);
/* create node 4725*/
INSERT INTO nodes (node_id, latitude, longitude, changeset_id, visible, "timestamp", tile, version) VALUES (4725, 388934980, -770501359, 3, true, (now() at time zone 'utc'), 1704401698, 1);
INSERT INTO current_nodes (id, latitude, longitude, changeset_id, visible, "timestamp", tile, version) VALUES (4725, 388934980, -770501359, 3, true, (now() at time zone 'utc'), 1704401698, 1);
INSERT INTO current_node_tags (node_id, k, v) VALUES (4725, 'hoot:id', '4725');
INSERT INTO node_tags (node_id, k, v, version) VALUES (4725, 'hoot:id', '4725', 1);
INSERT INTO current_node_tags (node_id, k, v) VALUES (4725, 'hoot:status', '2');
INSERT INTO node_tags (node_id, k, v, version) VALUES (4725, 'hoot:status', '2', 1);
/* create node 4726*/
INSERT INTO nodes (node_id, latitude, longitude, changeset_id, visible, "timestamp", tile, version) VALUES (4726, 388938030, -770501369, 3, true, (now() at time zone 'utc'), 1704401698, 1);
INSERT INTO current_nodes (id, latitude, longitude, changeset_id, visible, "timestamp", tile, version) VALUES (4726, 388938030, -770501369, 3, true, (now() at time zone 'utc'), 1704401698, 1);
INSERT INTO current_node_tags (node_id, k, v) VALUES (4726, 'hoot:id', '4726');
INSERT INTO node_tags (node_id, k, v, version) VALUES (4726, 'hoot:id', '4726', 1);
INSERT INTO current_node_tags (node_id, k, v) VALUES (4726, 'hoot:status', '2');
INSERT INTO node_tags (node_id, k, v, version) VALUES (4726, 'hoot:status', '2', 1);
/* create node 4727*/
INSERT INTO nodes (node_id, latitude, longitude, changeset_id, visible, "timestamp", tile, version) VALUES (4727, 388941400, -770501359, 3, true, (now() at time zone 'utc'), 1704401698, 1);
INSERT INTO current_nodes (id, latitude, longitude, changeset_id, visible, "timestamp", tile, version) VALUES (4727, 388941400, -770501359, 3, true, (now() at time zone 'utc'), 1704401698, 1);
INSERT INTO current_node_tags (node_id, k, v) VALUES (4727, 'hoot:id', '4727');
INSERT INTO node_tags (node_id, k, v, version) VALUES (4727, 'hoot:id', '4727', 1);
INSERT INTO current_node_tags (node_id, k, v) VALUES (4727, 'hoot:status', '2');
INSERT INTO node_tags (node_id, k, v, version) VALUES (4727, 'hoot:status', '2', 1);
/* create node 4728*/
INSERT INTO nodes (node_id, latitude, longitude, changeset_id, visible, "timestamp", tile, version) VALUES (4728, 388944810, -770501329, 3, true, (now() at time zone 'utc'), 1704401698, 1);
INSERT INTO current_nodes (id, latitude, longitude, changeset_id, visible, "timestamp", tile, version) VALUES (4728, 388944810, -770501329, 3, true, (now() at time zone 'utc'), 1704401698, 1);
INSERT INTO current_node_tags (node_id, k, v) VALUES (4728, 'hoot:id', '4728');
INSERT INTO node_tags (node_id, k, v, version) VALUES (4728, 'hoot:id', '4728', 1);
INSERT INTO current_node_tags (node_id, k, v) VALUES (4728, 'hoot:status', '2');
INSERT INTO node_tags (node_id, k, v, version) VALUES (4728, 'hoot:status', '2', 1);
/* create node 4729*/
INSERT INTO nodes (node_id, latitude, longitude, changeset_id, visible, "timestamp", tile, version) VALUES (4729, 388951640, -770501319, 3, true, (now() at time zone 'utc'), 1704401699, 1);
INSERT INTO current_nodes (id, latitude, longitude, changeset_id, visible, "timestamp", tile, version) VALUES (4729, 388951640, -770501319, 3, true, (now() at time zone 'utc'), 1704401699, 1);
INSERT INTO current_node_tags (node_id, k, v) VALUES (4729, 'hoot:id', '4729');
INSERT INTO node_tags (node_id, k, v, version) VALUES (4729, 'hoot:id', '4729', 1);
INSERT INTO current_node_tags (node_id, k, v) VALUES (4729, 'hoot:status', '2');
INSERT INTO node_tags (node_id, k, v, version) VALUES (4729, 'hoot:status', '2', 1);
/* create node 4730*/
INSERT INTO nodes (node_id, latitude, longitude, changeset_id, visible, "timestamp", tile, version) VALUES (4730, 388953510, -770501289, 3, true, (now() at time zone 'utc'), 1704401699, 1);
INSERT INTO current_nodes (id, latitude, longitude, changeset_id, visible, "timestamp", tile, version) VALUES (4730, 388953510, -770501289, 3, true, (now() at time zone 'utc'), 1704401699, 1);
INSERT INTO current_node_tags (node_id, k, v) VALUES (4730, 'hoot:id', '4730');
INSERT INTO node_tags (node_id, k, v, version) VALUES (4730, 'hoot:id', '4730', 1);
INSERT INTO current_node_tags (node_id, k, v) VALUES (4730, 'hoot:status', '2');
INSERT INTO node_tags (node_id, k, v, version) VALUES (4730, 'hoot:status', '2', 1);
/* create node 4731*/
INSERT INTO nodes (node_id, latitude, longitude, changeset_id, visible, "timestamp", tile, version) VALUES (4731, 388955390, -770501249, 3, true, (now() at time zone 'utc'), 1704401699, 1);
INSERT INTO current_nodes (id, latitude, longitude, changeset_id, visible, "timestamp", tile, version) VALUES (4731, 388955390, -770501249, 3, true, (now() at time zone 'utc'), 1704401699, 1);
INSERT INTO current_node_tags (node_id, k, v) VALUES (4731, 'hoot:id', '4731');
INSERT INTO node_tags (node_id, k, v, version) VALUES (4731, 'hoot:id', '4731', 1);
INSERT INTO current_node_tags (node_id, k, v) VALUES (4731, 'hoot:status', '2');
INSERT INTO node_tags (node_id, k, v, version) VALUES (4731, 'hoot:status', '2', 1);
/* create node 4732*/
INSERT INTO nodes (node_id, latitude, longitude, changeset_id, visible, "timestamp", tile, version) VALUES (4732, 388956530, -770501209, 3, true, (now() at time zone 'utc'), 1704401699, 1);
INSERT INTO current_nodes (id, latitude, longitude, changeset_id, visible, "timestamp", tile, version) VALUES (4732, 388956530, -770501209, 3, true, (now() at time zone 'utc'), 1704401699, 1);
INSERT INTO current_node_tags (node_id, k, v) VALUES (4732, 'hoot:id', '4732');
INSERT INTO node_tags (node_id, k, v, version) VALUES (4732, 'hoot:id', '4732', 1);
INSERT INTO current_node_tags (node_id, k, v) VALUES (4732, 'hoot:status', '2');
INSERT INTO node_tags (node_id, k, v, version) VALUES (4732, 'hoot:status', '2', 1);
/* create node 4733*/
INSERT INTO nodes (node_id, latitude, longitude, changeset_id, visible, "timestamp", tile, version) VALUES (4733, 388957210, -770501209, 3, true, (now() at time zone 'utc'), 1704401699, 1);
INSERT INTO current_nodes (id, latitude, longitude, changeset_id, visible, "timestamp", tile, version) VALUES (4733, 388957210, -770501209, 3, true, (now() at time zone 'utc'), 1704401699, 1);
INSERT INTO current_node_tags (node_id, k, v) VALUES (4733, 'hoot:id', '4733');
INSERT INTO node_tags (node_id, k, v, version) VALUES (4733, 'hoot:id', '4733', 1);
INSERT INTO current_node_tags (node_id, k, v) VALUES (4733, 'hoot:status', '2');
INSERT INTO node_tags (node_id, k, v, version) VALUES (4733, 'hoot:status', '2', 1);
/* create node 4734*/
INSERT INTO nodes (node_id, latitude, longitude, changeset_id, visible, "timestamp", tile, version) VALUES (4734, 388957670, -770501219, 3, true, (now() at time zone 'utc'), 1704401699, 1);
INSERT INTO current_nodes (id, latitude, longitude, changeset_id, visible, "timestamp", tile, version) VALUES (4734, 388957670, -770501219, 3, true, (now() at time zone 'utc'), 1704401699, 1);
INSERT INTO current_node_tags (node_id, k, v) VALUES (4734, 'hoot:id', '4734');
INSERT INTO node_tags (node_id, k, v, version) VALUES (4734, 'hoot:id', '4734', 1);
INSERT INTO current_node_tags (node_id, k, v) VALUES (4734, 'hoot:status', '2');
INSERT INTO node_tags (node_id, k, v, version) VALUES (4734, 'hoot:status', '2', 1);
/* create node 4735*/
INSERT INTO nodes (node_id, latitude, longitude, changeset_id, visible, "timestamp", tile, version) VALUES (4735, 388958140, -770501199, 3, true, (now() at time zone 'utc'), 1704401699, 1);
INSERT INTO current_nodes (id, latitude, longitude, changeset_id, visible, "timestamp", tile, version) VALUES (4735, 388958140, -770501199, 3, true, (now() at time zone 'utc'), 1704401699, 1);
INSERT INTO current_node_tags (node_id, k, v) VALUES (4735, 'hoot:id', '4735');
INSERT INTO node_tags (node_id, k, v, version) VALUES (4735, 'hoot:id', '4735', 1);
INSERT INTO current_node_tags (node_id, k, v) VALUES (4735, 'hoot:status', '2');
INSERT INTO node_tags (node_id, k, v, version) VALUES (4735, 'hoot:status', '2', 1);
/* create node 4736*/
INSERT INTO nodes (node_id, latitude, longitude, changeset_id, visible, "timestamp", tile, version) VALUES (4736, 388958680, -770501199, 3, true, (now() at time zone 'utc'), 1704401699, 1);
INSERT INTO current_nodes (id, latitude, longitude, changeset_id, visible, "timestamp", tile, version) VALUES (4736, 388958680, -770501199, 3, true, (now() at time zone 'utc'), 1704401699, 1);
INSERT INTO current_node_tags (node_id, k, v) VALUES (4736, 'hoot:id', '4736');
INSERT INTO node_tags (node_id, k, v, version) VALUES (4736, 'hoot:id', '4736', 1);
INSERT INTO current_node_tags (node_id, k, v) VALUES (4736, 'hoot:status', '2');
INSERT INTO node_tags (node_id, k, v, version) VALUES (4736, 'hoot:status', '2', 1);
/* create node 4737*/
INSERT INTO nodes (node_id, latitude, longitude, changeset_id, visible, "timestamp", tile, version) VALUES (4737, 388959140, -770501189, 3, true, (now() at time zone 'utc'), 1704401699, 1);
INSERT INTO current_nodes (id, latitude, longitude, changeset_id, visible, "timestamp", tile, version) VALUES (4737, 388959140, -770501189, 3, true, (now() at time zone 'utc'), 1704401699, 1);
INSERT INTO current_node_tags (node_id, k, v) VALUES (4737, 'hoot:id', '4737');
INSERT INTO node_tags (node_id, k, v, version) VALUES (4737, 'hoot:id', '4737', 1);
INSERT INTO current_node_tags (node_id, k, v) VALUES (4737, 'hoot:status', '2');
INSERT INTO node_tags (node_id, k, v, version) VALUES (4737, 'hoot:status', '2', 1);
/* create node 4738*/
INSERT INTO nodes (node_id, latitude, longitude, changeset_id, visible, "timestamp", tile, version) VALUES (4738, 388959720, -770501159, 3, true, (now() at time zone 'utc'), 1704401699, 1);
INSERT INTO current_nodes (id, latitude, longitude, changeset_id, visible, "timestamp", tile, version) VALUES (4738, 388959720, -770501159, 3, true, (now() at time zone 'utc'), 1704401699, 1);
INSERT INTO current_node_tags (node_id, k, v) VALUES (4738, 'hoot:id', '4738');
INSERT INTO node_tags (node_id, k, v, version) VALUES (4738, 'hoot:id', '4738', 1);
INSERT INTO current_node_tags (node_id, k, v) VALUES (4738, 'hoot:status', '2');
INSERT INTO node_tags (node_id, k, v, version) VALUES (4738, 'hoot:status', '2', 1);
/* create node 4739*/
INSERT INTO nodes (node_id, latitude, longitude, changeset_id, visible, "timestamp", tile, version) VALUES (4739, 388960240, -770501169, 3, true, (now() at time zone 'utc'), 1704401699, 1);
INSERT INTO current_nodes (id, latitude, longitude, changeset_id, visible, "timestamp", tile, version) VALUES (4739, 388960240, -770501169, 3, true, (now() at time zone 'utc'), 1704401699, 1);
INSERT INTO current_node_tags (node_id, k, v) VALUES (4739, 'hoot:id', '4739');
INSERT INTO node_tags (node_id, k, v, version) VALUES (4739, 'hoot:id', '4739', 1);
INSERT INTO current_node_tags (node_id, k, v) VALUES (4739, 'hoot:status', '2');
INSERT INTO node_tags (node_id, k, v, version) VALUES (4739, 'hoot:status', '2', 1);
/* create node 4740*/
INSERT INTO nodes (node_id, latitude, longitude, changeset_id, visible, "timestamp", tile, version) VALUES (4740, 388961140, -770501189, 3, true, (now() at time zone 'utc'), 1704401699, 1);
INSERT INTO current_nodes (id, latitude, longitude, changeset_id, visible, "timestamp", tile, version) VALUES (4740, 388961140, -770501189, 3, true, (now() at time zone 'utc'), 1704401699, 1);
INSERT INTO current_node_tags (node_id, k, v) VALUES (4740, 'hoot:id', '4740');
INSERT INTO node_tags (node_id, k, v, version) VALUES (4740, 'hoot:id', '4740', 1);
INSERT INTO current_node_tags (node_id, k, v) VALUES (4740, 'hoot:status', '2');
INSERT INTO node_tags (node_id, k, v, version) VALUES (4740, 'hoot:status', '2', 1);
/* create node 4741*/
INSERT INTO nodes (node_id, latitude, longitude, changeset_id, visible, "timestamp", tile, version) VALUES (4741, 388963700, -770501169, 3, true, (now() at time zone 'utc'), 1704401699, 1);
INSERT INTO current_nodes (id, latitude, longitude, changeset_id, visible, "timestamp", tile, version) VALUES (4741, 388963700, -770501169, 3, true, (now() at time zone 'utc'), 1704401699, 1);
INSERT INTO current_node_tags (node_id, k, v) VALUES (4741, 'hoot:id', '4741');
INSERT INTO node_tags (node_id, k, v, version) VALUES (4741, 'hoot:id', '4741', 1);
INSERT INTO current_node_tags (node_id, k, v) VALUES (4741, 'hoot:status', '2');
INSERT INTO node_tags (node_id, k, v, version) VALUES (4741, 'hoot:status', '2', 1);
/* create node 4742*/
INSERT INTO nodes (node_id, latitude, longitude, changeset_id, visible, "timestamp", tile, version) VALUES (4742, 388964420, -770501149, 3, true, (now() at time zone 'utc'), 1704401699, 1);
INSERT INTO current_nodes (id, latitude, longitude, changeset_id, visible, "timestamp", tile, version) VALUES (4742, 388964420, -770501149, 3, true, (now() at time zone 'utc'), 1704401699, 1);
INSERT INTO current_node_tags (node_id, k, v) VALUES (4742, 'hoot:id', '4742');
INSERT INTO node_tags (node_id, k, v, version) VALUES (4742, 'hoot:id', '4742', 1);
INSERT INTO current_node_tags (node_id, k, v) VALUES (4742, 'hoot:status', '2');
INSERT INTO node_tags (node_id, k, v, version) VALUES (4742, 'hoot:status', '2', 1);
/* create node 4743*/
INSERT INTO nodes (node_id, latitude, longitude, changeset_id, visible, "timestamp", tile, version) VALUES (4743, 388964970, -770501159, 3, true, (now() at time zone 'utc'), 1704401699, 1);
INSERT INTO current_nodes (id, latitude, longitude, changeset_id, visible, "timestamp", tile, version) VALUES (4743, 388964970, -770501159, 3, true, (now() at time zone 'utc'), 1704401699, 1);
INSERT INTO current_node_tags (node_id, k, v) VALUES (4743, 'hoot:id', '4743');
INSERT INTO node_tags (node_id, k, v, version) VALUES (4743, 'hoot:id', '4743', 1);
INSERT INTO current_node_tags (node_id, k, v) VALUES (4743, 'hoot:status', '2');
INSERT INTO node_tags (node_id, k, v, version) VALUES (4743, 'hoot:status', '2', 1);
/* create node 4744*/
INSERT INTO nodes (node_id, latitude, longitude, changeset_id, visible, "timestamp", tile, version) VALUES (4744, 388966080, -770501159, 3, true, (now() at time zone 'utc'), 1704401699, 1);
INSERT INTO current_nodes (id, latitude, longitude, changeset_id, visible, "timestamp", tile, version) VALUES (4744, 388966080, -770501159, 3, true, (now() at time zone 'utc'), 1704401699, 1);
INSERT INTO current_node_tags (node_id, k, v) VALUES (4744, 'hoot:id', '4744');
INSERT INTO node_tags (node_id, k, v, version) VALUES (4744, 'hoot:id', '4744', 1);
INSERT INTO current_node_tags (node_id, k, v) VALUES (4744, 'hoot:status', '2');
INSERT INTO node_tags (node_id, k, v, version) VALUES (4744, 'hoot:status', '2', 1);
/* create node 4745*/
INSERT INTO nodes (node_id, latitude, longitude, changeset_id, visible, "timestamp", tile, version) VALUES (4745, 388967300, -770501189, 3, true, (now() at time zone 'utc'), 1704401699, 1);
INSERT INTO current_nodes (id, latitude, longitude, changeset_id, visible, "timestamp", tile, version) VALUES (4745, 388967300, -770501189, 3, true, (now() at time zone 'utc'), 1704401699, 1);
INSERT INTO current_node_tags (node_id, k, v) VALUES (4745, 'hoot:id', '4745');
INSERT INTO node_tags (node_id, k, v, version) VALUES (4745, 'hoot:id', '4745', 1);
INSERT INTO current_node_tags (node_id, k, v) VALUES (4745, 'hoot:status', '2');
INSERT INTO node_tags (node_id, k, v, version) VALUES (4745, 'hoot:status', '2', 1);
/* create node 4746*/
INSERT INTO nodes (node_id, latitude, longitude, changeset_id, visible, "timestamp", tile, version) VALUES (4746, 388967830, -770501189, 3, true, (now() at time zone 'utc'), 1704401699, 1);
INSERT INTO current_nodes (id, latitude, longitude, changeset_id, visible, "timestamp", tile, version) VALUES (4746, 388967830, -770501189, 3, true, (now() at time zone 'utc'), 1704401699, 1);
INSERT INTO current_node_tags (node_id, k, v) VALUES (4746, 'hoot:id', '4746');
INSERT INTO node_tags (node_id, k, v, version) VALUES (4746, 'hoot:id', '4746', 1);
INSERT INTO current_node_tags (node_id, k, v) VALUES (4746, 'hoot:status', '2');
INSERT INTO node_tags (node_id, k, v, version) VALUES (4746, 'hoot:status', '2', 1);
/* create node 4747*/
INSERT INTO nodes (node_id, latitude, longitude, changeset_id, visible, "timestamp", tile, version) VALUES (4747, 388969080, -770501239, 3, true, (now() at time zone 'utc'), 1704401699, 1);
INSERT INTO current_nodes (id, latitude, longitude, changeset_id, visible, "timestamp", tile, version) VALUES (4747, 388969080, -770501239, 3, true, (now() at time zone 'utc'), 1704401699, 1);
INSERT INTO current_node_tags (node_id, k, v) VALUES (4747, 'hoot:id', '4747');
INSERT INTO node_tags (node_id, k, v, version) VALUES (4747, 'hoot:id', '4747', 1);
INSERT INTO current_node_tags (node_id, k, v) VALUES (4747, 'hoot:status', '2');
INSERT INTO node_tags (node_id, k, v, version) VALUES (4747, 'hoot:status', '2', 1);
/* create node 4748*/
INSERT INTO nodes (node_id, latitude, longitude, changeset_id, visible, "timestamp", tile, version) VALUES (4748, 388969830, -770501289, 3, true, (now() at time zone 'utc'), 1704401699, 1);
INSERT INTO current_nodes (id, latitude, longitude, changeset_id, visible, "timestamp", tile, version) VALUES (4748, 388969830, -770501289, 3, true, (now() at time zone 'utc'), 1704401699, 1);
INSERT INTO current_node_tags (node_id, k, v) VALUES (4748, 'hoot:id', '4748');
INSERT INTO node_tags (node_id, k, v, version) VALUES (4748, 'hoot:id', '4748', 1);
INSERT INTO current_node_tags (node_id, k, v) VALUES (4748, 'hoot:status', '2');
INSERT INTO node_tags (node_id, k, v, version) VALUES (4748, 'hoot:status', '2', 1);
/* create node 4749*/
INSERT INTO nodes (node_id, latitude, longitude, changeset_id, visible, "timestamp", tile, version) VALUES (4749, 388970190, -770501329, 3, true, (now() at time zone 'utc'), 1704401699, 1);
INSERT INTO current_nodes (id, latitude, longitude, changeset_id, visible, "timestamp", tile, version) VALUES (4749, 388970190, -770501329, 3, true, (now() at time zone 'utc'), 1704401699, 1);
INSERT INTO current_node_tags (node_id, k, v) VALUES (4749, 'hoot:id', '4749');
INSERT INTO node_tags (node_id, k, v, version) VALUES (4749, 'hoot:id', '4749', 1);
INSERT INTO current_node_tags (node_id, k, v) VALUES (4749, 'hoot:status', '2');
INSERT INTO node_tags (node_id, k, v, version) VALUES (4749, 'hoot:status', '2', 1);
/* create node 4750*/
INSERT INTO nodes (node_id, latitude, longitude, changeset_id, visible, "timestamp", tile, version) VALUES (4750, 388971170, -770501339, 3, true, (now() at time zone 'utc'), 1704401699, 1);
INSERT INTO current_nodes (id, latitude, longitude, changeset_id, visible, "timestamp", tile, version) VALUES (4750, 388971170, -770501339, 3, true, (now() at time zone 'utc'), 1704401699, 1);
INSERT INTO current_node_tags (node_id, k, v) VALUES (4750, 'hoot:id', '4750');
INSERT INTO node_tags (node_id, k, v, version) VALUES (4750, 'hoot:id', '4750', 1);
INSERT INTO current_node_tags (node_id, k, v) VALUES (4750, 'hoot:status', '2');
INSERT INTO node_tags (node_id, k, v, version) VALUES (4750, 'hoot:status', '2', 1);
/* create node 4751*/
INSERT INTO nodes (node_id, latitude, longitude, changeset_id, visible, "timestamp", tile, version) VALUES (4751, 388971480, -770501339, 3, true, (now() at time zone 'utc'), 1704401699, 1);
INSERT INTO current_nodes (id, latitude, longitude, changeset_id, visible, "timestamp", tile, version) VALUES (4751, 388971480, -770501339, 3, true, (now() at time zone 'utc'), 1704401699, 1);
INSERT INTO current_node_tags (node_id, k, v) VALUES (4751, 'hoot:id', '4751');
INSERT INTO node_tags (node_id, k, v, version) VALUES (4751, 'hoot:id', '4751', 1);
INSERT INTO current_node_tags (node_id, k, v) VALUES (4751, 'hoot:status', '2');
INSERT INTO node_tags (node_id, k, v, version) VALUES (4751, 'hoot:status', '2', 1);
/* create node 4752*/
INSERT INTO nodes (node_id, latitude, longitude, changeset_id, visible, "timestamp", tile, version) VALUES (4752, 388971780, -770501339, 3, true, (now() at time zone 'utc'), 1704401699, 1);
INSERT INTO current_nodes (id, latitude, longitude, changeset_id, visible, "timestamp", tile, version) VALUES (4752, 388971780, -770501339, 3, true, (now() at time zone 'utc'), 1704401699, 1);
INSERT INTO current_node_tags (node_id, k, v) VALUES (4752, 'hoot:id', '4752');
INSERT INTO node_tags (node_id, k, v, version) VALUES (4752, 'hoot:id', '4752', 1);
INSERT INTO current_node_tags (node_id, k, v) VALUES (4752, 'hoot:status', '2');
INSERT INTO node_tags (node_id, k, v, version) VALUES (4752, 'hoot:status', '2', 1);
/* create node 4753*/
INSERT INTO nodes (node_id, latitude, longitude, changeset_id, visible, "timestamp", tile, version) VALUES (4753, 388973580, -770501359, 3, true, (now() at time zone 'utc'), 1704401699, 1);
INSERT INTO current_nodes (id, latitude, longitude, changeset_id, visible, "timestamp", tile, version) VALUES (4753, 388973580, -770501359, 3, true, (now() at time zone 'utc'), 1704401699, 1);
INSERT INTO current_node_tags (node_id, k, v) VALUES (4753, 'hoot:id', '4753');
INSERT INTO node_tags (node_id, k, v, version) VALUES (4753, 'hoot:id', '4753', 1);
INSERT INTO current_node_tags (node_id, k, v) VALUES (4753, 'hoot:status', '2');
INSERT INTO node_tags (node_id, k, v, version) VALUES (4753, 'hoot:status', '2', 1);
/* create node 4754*/
INSERT INTO nodes (node_id, latitude, longitude, changeset_id, visible, "timestamp", tile, version) VALUES (4754, 388974170, -770501369, 3, true, (now() at time zone 'utc'), 1704401699, 1);
INSERT INTO current_nodes (id, latitude, longitude, changeset_id, visible, "timestamp", tile, version) VALUES (4754, 388974170, -770501369, 3, true, (now() at time zone 'utc'), 1704401699, 1);
INSERT INTO current_node_tags (node_id, k, v) VALUES (4754, 'hoot:id', '4754');
INSERT INTO node_tags (node_id, k, v, version) VALUES (4754, 'hoot:id', '4754', 1);
INSERT INTO current_node_tags (node_id, k, v) VALUES (4754, 'hoot:status', '2');
INSERT INTO node_tags (node_id, k, v, version) VALUES (4754, 'hoot:status', '2', 1);
/* create node 4755*/
INSERT INTO nodes (node_id, latitude, longitude, changeset_id, visible, "timestamp", tile, version) VALUES (4755, 388974790, -770501349, 3, true, (now() at time zone 'utc'), 1704401699, 1);
INSERT INTO current_nodes (id, latitude, longitude, changeset_id, visible, "timestamp", tile, version) VALUES (4755, 388974790, -770501349, 3, true, (now() at time zone 'utc'), 1704401699, 1);
INSERT INTO current_node_tags (node_id, k, v) VALUES (4755, 'hoot:id', '4755');
INSERT INTO node_tags (node_id, k, v, version) VALUES (4755, 'hoot:id', '4755', 1);
INSERT INTO current_node_tags (node_id, k, v) VALUES (4755, 'hoot:status', '2');
INSERT INTO node_tags (node_id, k, v, version) VALUES (4755, 'hoot:status', '2', 1);
/* create node 4756*/
INSERT INTO nodes (node_id, latitude, longitude, changeset_id, visible, "timestamp", tile, version) VALUES (4756, 388975550, -770501339, 3, true, (now() at time zone 'utc'), 1704401699, 1);
INSERT INTO current_nodes (id, latitude, longitude, changeset_id, visible, "timestamp", tile, version) VALUES (4756, 388975550, -770501339, 3, true, (now() at time zone 'utc'), 1704401699, 1);
INSERT INTO current_node_tags (node_id, k, v) VALUES (4756, 'hoot:id', '4756');
INSERT INTO node_tags (node_id, k, v, version) VALUES (4756, 'hoot:id', '4756', 1);
INSERT INTO current_node_tags (node_id, k, v) VALUES (4756, 'hoot:status', '2');
INSERT INTO node_tags (node_id, k, v, version) VALUES (4756, 'hoot:status', '2', 1);
/* create node 4757*/
INSERT INTO nodes (node_id, latitude, longitude, changeset_id, visible, "timestamp", tile, version) VALUES (4757, 388975980, -770501319, 3, true, (now() at time zone 'utc'), 1704401699, 1);
INSERT INTO current_nodes (id, latitude, longitude, changeset_id, visible, "timestamp", tile, version) VALUES (4757, 388975980, -770501319, 3, true, (now() at time zone 'utc'), 1704401699, 1);
INSERT INTO current_node_tags (node_id, k, v) VALUES (4757, 'hoot:id', '4757');
INSERT INTO node_tags (node_id, k, v, version) VALUES (4757, 'hoot:id', '4757', 1);
INSERT INTO current_node_tags (node_id, k, v) VALUES (4757, 'hoot:status', '2');
INSERT INTO node_tags (node_id, k, v, version) VALUES (4757, 'hoot:status', '2', 1);
/* create node 4758*/
INSERT INTO nodes (node_id, latitude, longitude, changeset_id, visible, "timestamp", tile, version) VALUES (4758, 388976710, -770501359, 3, true, (now() at time zone 'utc'), 1704401699, 1);
INSERT INTO current_nodes (id, latitude, longitude, changeset_id, visible, "timestamp", tile, version) VALUES (4758, 388976710, -770501359, 3, true, (now() at time zone 'utc'), 1704401699, 1);
INSERT INTO current_node_tags (node_id, k, v) VALUES (4758, 'hoot:id', '4758');
INSERT INTO node_tags (node_id, k, v, version) VALUES (4758, 'hoot:id', '4758', 1);
INSERT INTO current_node_tags (node_id, k, v) VALUES (4758, 'hoot:status', '2');
INSERT INTO node_tags (node_id, k, v, version) VALUES (4758, 'hoot:status', '2', 1);
/* create node 4759*/
INSERT INTO nodes (node_id, latitude, longitude, changeset_id, visible, "timestamp", tile, version) VALUES (4759, 388978140, -770501389, 3, true, (now() at time zone 'utc'), 1704401702, 1);
INSERT INTO current_nodes (id, latitude, longitude, changeset_id, visible, "timestamp", tile, version) VALUES (4759, 388978140, -770501389, 3, true, (now() at time zone 'utc'), 1704401702, 1);
INSERT INTO current_node_tags (node_id, k, v) VALUES (4759, 'hoot:id', '4759');
INSERT INTO node_tags (node_id, k, v, version) VALUES (4759, 'hoot:id', '4759', 1);
INSERT INTO current_node_tags (node_id, k, v) VALUES (4759, 'hoot:status', '2');
INSERT INTO node_tags (node_id, k, v, version) VALUES (4759, 'hoot:status', '2', 1);
/* create node 4760*/
INSERT INTO nodes (node_id, latitude, longitude, changeset_id, visible, "timestamp", tile, version) VALUES (4760, 388979530, -770501339, 3, true, (now() at time zone 'utc'), 1704401702, 1);
INSERT INTO current_nodes (id, latitude, longitude, changeset_id, visible, "timestamp", tile, version) VALUES (4760, 388979530, -770501339, 3, true, (now() at time zone 'utc'), 1704401702, 1);
INSERT INTO current_node_tags (node_id, k, v) VALUES (4760, 'hoot:id', '4760');
INSERT INTO node_tags (node_id, k, v, version) VALUES (4760, 'hoot:id', '4760', 1);
INSERT INTO current_node_tags (node_id, k, v) VALUES (4760, 'hoot:status', '2');
INSERT INTO node_tags (node_id, k, v, version) VALUES (4760, 'hoot:status', '2', 1);
/* create node 4761*/
INSERT INTO nodes (node_id, latitude, longitude, changeset_id, visible, "timestamp", tile, version) VALUES (4761, 388980160, -770501329, 3, true, (now() at time zone 'utc'), 1704401702, 1);
INSERT INTO current_nodes (id, latitude, longitude, changeset_id, visible, "timestamp", tile, version) VALUES (4761, 388980160, -770501329, 3, true, (now() at time zone 'utc'), 1704401702, 1);
INSERT INTO current_node_tags (node_id, k, v) VALUES (4761, 'hoot:id', '4761');
INSERT INTO node_tags (node_id, k, v, version) VALUES (4761, 'hoot:id', '4761', 1);
INSERT INTO current_node_tags (node_id, k, v) VALUES (4761, 'hoot:status', '2');
INSERT INTO node_tags (node_id, k, v, version) VALUES (4761, 'hoot:status', '2', 1);
/* create node 4762*/
INSERT INTO nodes (node_id, latitude, longitude, changeset_id, visible, "timestamp", tile, version) VALUES (4762, 388980650, -770501349, 3, true, (now() at time zone 'utc'), 1704401702, 1);
INSERT INTO current_nodes (id, latitude, longitude, changeset_id, visible, "timestamp", tile, version) VALUES (4762, 388980650, -770501349, 3, true, (now() at time zone 'utc'), 1704401702, 1);
INSERT INTO current_node_tags (node_id, k, v) VALUES (4762, 'hoot:id', '4762');
INSERT INTO node_tags (node_id, k, v, version) VALUES (4762, 'hoot:id', '4762', 1);
INSERT INTO current_node_tags (node_id, k, v) VALUES (4762, 'hoot:status', '2');
INSERT INTO node_tags (node_id, k, v, version) VALUES (4762, 'hoot:status', '2', 1);
/* create node 4763*/
INSERT INTO nodes (node_id, latitude, longitude, changeset_id, visible, "timestamp", tile, version) VALUES (4763, 388981010, -770501349, 3, true, (now() at time zone 'utc'), 1704401702, 1);
INSERT INTO current_nodes (id, latitude, longitude, changeset_id, visible, "timestamp", tile, version) VALUES (4763, 388981010, -770501349, 3, true, (now() at time zone 'utc'), 1704401702, 1);
INSERT INTO current_node_tags (node_id, k, v) VALUES (4763, 'hoot:id', '4763');
INSERT INTO node_tags (node_id, k, v, version) VALUES (4763, 'hoot:id', '4763', 1);
INSERT INTO current_node_tags (node_id, k, v) VALUES (4763, 'hoot:status', '2');
INSERT INTO node_tags (node_id, k, v, version) VALUES (4763, 'hoot:status', '2', 1);
/* create node 4764*/
INSERT INTO nodes (node_id, latitude, longitude, changeset_id, visible, "timestamp", tile, version) VALUES (4764, 388981350, -770501339, 3, true, (now() at time zone 'utc'), 1704401702, 1);
INSERT INTO current_nodes (id, latitude, longitude, changeset_id, visible, "timestamp", tile, version) VALUES (4764, 388981350, -770501339, 3, true, (now() at time zone 'utc'), 1704401702, 1);
INSERT INTO current_node_tags (node_id, k, v) VALUES (4764, 'hoot:id', '4764');
INSERT INTO node_tags (node_id, k, v, version) VALUES (4764, 'hoot:id', '4764', 1);
INSERT INTO current_node_tags (node_id, k, v) VALUES (4764, 'hoot:status', '2');
INSERT INTO node_tags (node_id, k, v, version) VALUES (4764, 'hoot:status', '2', 1);
/* create node 4765*/
INSERT INTO nodes (node_id, latitude, longitude, changeset_id, visible, "timestamp", tile, version) VALUES (4765, 388981840, -770501359, 3, true, (now() at time zone 'utc'), 1704401702, 1);
INSERT INTO current_nodes (id, latitude, longitude, changeset_id, visible, "timestamp", tile, version) VALUES (4765, 388981840, -770501359, 3, true, (now() at time zone 'utc'), 1704401702, 1);
INSERT INTO current_node_tags (node_id, k, v) VALUES (4765, 'hoot:id', '4765');
INSERT INTO node_tags (node_id, k, v, version) VALUES (4765, 'hoot:id', '4765', 1);
INSERT INTO current_node_tags (node_id, k, v) VALUES (4765, 'hoot:status', '2');
INSERT INTO node_tags (node_id, k, v, version) VALUES (4765, 'hoot:status', '2', 1);
/* create node 4766*/
INSERT INTO nodes (node_id, latitude, longitude, changeset_id, visible, "timestamp", tile, version) VALUES (4766, 388982290, -770501359, 3, true, (now() at time zone 'utc'), 1704401702, 1);
INSERT INTO current_nodes (id, latitude, longitude, changeset_id, visible, "timestamp", tile, version) VALUES (4766, 388982290, -770501359, 3, true, (now() at time zone 'utc'), 1704401702, 1);
INSERT INTO current_node_tags (node_id, k, v) VALUES (4766, 'hoot:id', '4766');
INSERT INTO node_tags (node_id, k, v, version) VALUES (4766, 'hoot:id', '4766', 1);
INSERT INTO current_node_tags (node_id, k, v) VALUES (4766, 'hoot:status', '2');
INSERT INTO node_tags (node_id, k, v, version) VALUES (4766, 'hoot:status', '2', 1);
/* create node 4767*/
INSERT INTO nodes (node_id, latitude, longitude, changeset_id, visible, "timestamp", tile, version) VALUES (4767, 388982910, -770501339, 3, true, (now() at time zone 'utc'), 1704401702, 1);
INSERT INTO current_nodes (id, latitude, longitude, changeset_id, visible, "timestamp", tile, version) VALUES (4767, 388982910, -770501339, 3, true, (now() at time zone 'utc'), 1704401702, 1);
INSERT INTO current_node_tags (node_id, k, v) VALUES (4767, 'hoot:id', '4767');
INSERT INTO node_tags (node_id, k, v, version) VALUES (4767, 'hoot:id', '4767', 1);
INSERT INTO current_node_tags (node_id, k, v) VALUES (4767, 'hoot:status', '2');
INSERT INTO node_tags (node_id, k, v, version) VALUES (4767, 'hoot:status', '2', 1);
/* create node 4768*/
INSERT INTO nodes (node_id, latitude, longitude, changeset_id, visible, "timestamp", tile, version) VALUES (4768, 388983270, -770501349, 3, true, (now() at time zone 'utc'), 1704401702, 1);
INSERT INTO current_nodes (id, latitude, longitude, changeset_id, visible, "timestamp", tile, version) VALUES (4768, 388983270, -770501349, 3, true, (now() at time zone 'utc'), 1704401702, 1);
INSERT INTO current_node_tags (node_id, k, v) VALUES (4768, 'hoot:id', '4768');
INSERT INTO node_tags (node_id, k, v, version) VALUES (4768, 'hoot:id', '4768', 1);
INSERT INTO current_node_tags (node_id, k, v) VALUES (4768, 'hoot:status', '2');
INSERT INTO node_tags (node_id, k, v, version) VALUES (4768, 'hoot:status', '2', 1);
/* create node 4769*/
INSERT INTO nodes (node_id, latitude, longitude, changeset_id, visible, "timestamp", tile, version) VALUES (4769, 388985000, -770501389, 3, true, (now() at time zone 'utc'), 1704401702, 1);
INSERT INTO current_nodes (id, latitude, longitude, changeset_id, visible, "timestamp", tile, version) VALUES (4769, 388985000, -770501389, 3, true, (now() at time zone 'utc'), 1704401702, 1);
INSERT INTO current_node_tags (node_id, k, v) VALUES (4769, 'hoot:id', '4769');
INSERT INTO node_tags (node_id, k, v, version) VALUES (4769, 'hoot:id', '4769', 1);
INSERT INTO current_node_tags (node_id, k, v) VALUES (4769, 'hoot:status', '2');
INSERT INTO node_tags (node_id, k, v, version) VALUES (4769, 'hoot:status', '2', 1);
/* create node 4770*/
INSERT INTO nodes (node_id, latitude, longitude, changeset_id, visible, "timestamp", tile, version) VALUES (4770, 388985570, -770501389, 3, true, (now() at time zone 'utc'), 1704401702, 1);
INSERT INTO current_nodes (id, latitude, longitude, changeset_id, visible, "timestamp", tile, version) VALUES (4770, 388985570, -770501389, 3, true, (now() at time zone 'utc'), 1704401702, 1);
INSERT INTO current_node_tags (node_id, k, v) VALUES (4770, 'hoot:id', '4770');
INSERT INTO node_tags (node_id, k, v, version) VALUES (4770, 'hoot:id', '4770', 1);
INSERT INTO current_node_tags (node_id, k, v) VALUES (4770, 'hoot:status', '2');
INSERT INTO node_tags (node_id, k, v, version) VALUES (4770, 'hoot:status', '2', 1);
/* create node 4771*/
INSERT INTO nodes (node_id, latitude, longitude, changeset_id, visible, "timestamp", tile, version) VALUES (4771, 388986370, -770501369, 3, true, (now() at time zone 'utc'), 1704401702, 1);
INSERT INTO current_nodes (id, latitude, longitude, changeset_id, visible, "timestamp", tile, version) VALUES (4771, 388986370, -770501369, 3, true, (now() at time zone 'utc'), 1704401702, 1);
INSERT INTO current_node_tags (node_id, k, v) VALUES (4771, 'hoot:id', '4771');
INSERT INTO node_tags (node_id, k, v, version) VALUES (4771, 'hoot:id', '4771', 1);
INSERT INTO current_node_tags (node_id, k, v) VALUES (4771, 'hoot:status', '2');
INSERT INTO node_tags (node_id, k, v, version) VALUES (4771, 'hoot:status', '2', 1);
/* create node 4772*/
INSERT INTO nodes (node_id, latitude, longitude, changeset_id, visible, "timestamp", tile, version) VALUES (4772, 388986780, -770501369, 3, true, (now() at time zone 'utc'), 1704401702, 1);
INSERT INTO current_nodes (id, latitude, longitude, changeset_id, visible, "timestamp", tile, version) VALUES (4772, 388986780, -770501369, 3, true, (now() at time zone 'utc'), 1704401702, 1);
INSERT INTO current_node_tags (node_id, k, v) VALUES (4772, 'hoot:id', '4772');
INSERT INTO node_tags (node_id, k, v, version) VALUES (4772, 'hoot:id', '4772', 1);
INSERT INTO current_node_tags (node_id, k, v) VALUES (4772, 'hoot:status', '2');
INSERT INTO node_tags (node_id, k, v, version) VALUES (4772, 'hoot:status', '2', 1);
/* create node 4773*/
INSERT INTO nodes (node_id, latitude, longitude, changeset_id, visible, "timestamp", tile, version) VALUES (4773, 388987160, -770501359, 3, true, (now() at time zone 'utc'), 1704401702, 1);
INSERT INTO current_nodes (id, latitude, longitude, changeset_id, visible, "timestamp", tile, version) VALUES (4773, 388987160, -770501359, 3, true, (now() at time zone 'utc'), 1704401702, 1);
INSERT INTO current_node_tags (node_id, k, v) VALUES (4773, 'hoot:id', '4773');
INSERT INTO node_tags (node_id, k, v, version) VALUES (4773, 'hoot:id', '4773', 1);
INSERT INTO current_node_tags (node_id, k, v) VALUES (4773, 'hoot:status', '2');
INSERT INTO node_tags (node_id, k, v, version) VALUES (4773, 'hoot:status', '2', 1);
/* create node 4774*/
INSERT INTO nodes (node_id, latitude, longitude, changeset_id, visible, "timestamp", tile, version) VALUES (4774, 388988870, -770501399, 3, true, (now() at time zone 'utc'), 1704401702, 1);
INSERT INTO current_nodes (id, latitude, longitude, changeset_id, visible, "timestamp", tile, version) VALUES (4774, 388988870, -770501399, 3, true, (now() at time zone 'utc'), 1704401702, 1);
INSERT INTO current_node_tags (node_id, k, v) VALUES (4774, 'hoot:id', '4774');
INSERT INTO node_tags (node_id, k, v, version) VALUES (4774, 'hoot:id', '4774', 1);
INSERT INTO current_node_tags (node_id, k, v) VALUES (4774, 'hoot:status', '2');
INSERT INTO node_tags (node_id, k, v, version) VALUES (4774, 'hoot:status', '2', 1);
/* create node 4775*/
INSERT INTO nodes (node_id, latitude, longitude, changeset_id, visible, "timestamp", tile, version) VALUES (4775, 388989350, -770501419, 3, true, (now() at time zone 'utc'), 1704401702, 1);
INSERT INTO current_nodes (id, latitude, longitude, changeset_id, visible, "timestamp", tile, version) VALUES (4775, 388989350, -770501419, 3, true, (now() at time zone 'utc'), 1704401702, 1);
INSERT INTO current_node_tags (node_id, k, v) VALUES (4775, 'hoot:id', '4775');
INSERT INTO node_tags (node_id, k, v, version) VALUES (4775, 'hoot:id', '4775', 1);
INSERT INTO current_node_tags (node_id, k, v) VALUES (4775, 'hoot:status', '2');
INSERT INTO node_tags (node_id, k, v, version) VALUES (4775, 'hoot:status', '2', 1);
/* create node 4776*/
INSERT INTO nodes (node_id, latitude, longitude, changeset_id, visible, "timestamp", tile, version) VALUES (4776, 388991570, -770501369, 3, true, (now() at time zone 'utc'), 1704401702, 1);
INSERT INTO current_nodes (id, latitude, longitude, changeset_id, visible, "timestamp", tile, version) VALUES (4776, 388991570, -770501369, 3, true, (now() at time zone 'utc'), 1704401702, 1);
INSERT INTO current_node_tags (node_id, k, v) VALUES (4776, 'hoot:id', '4776');
INSERT INTO node_tags (node_id, k, v, version) VALUES (4776, 'hoot:id', '4776', 1);
INSERT INTO current_node_tags (node_id, k, v) VALUES (4776, 'hoot:status', '2');
INSERT INTO node_tags (node_id, k, v, version) VALUES (4776, 'hoot:status', '2', 1);
/* create node 4777*/
INSERT INTO nodes (node_id, latitude, longitude, changeset_id, visible, "timestamp", tile, version) VALUES (4777, 388992790, -770501319, 3, true, (now() at time zone 'utc'), 1704401702, 1);
INSERT INTO current_nodes (id, latitude, longitude, changeset_id, visible, "timestamp", tile, version) VALUES (4777, 388992790, -770501319, 3, true, (now() at time zone 'utc'), 1704401702, 1);
INSERT INTO current_node_tags (node_id, k, v) VALUES (4777, 'hoot:id', '4777');
INSERT INTO node_tags (node_id, k, v, version) VALUES (4777, 'hoot:id', '4777', 1);
INSERT INTO current_node_tags (node_id, k, v) VALUES (4777, 'hoot:status', '2');
INSERT INTO node_tags (node_id, k, v, version) VALUES (4777, 'hoot:status', '2', 1);
/* create node 4778*/
INSERT INTO nodes (node_id, latitude, longitude, changeset_id, visible, "timestamp", tile, version) VALUES (4778, 388993660, -770501319, 3, true, (now() at time zone 'utc'), 1704401702, 1);
INSERT INTO current_nodes (id, latitude, longitude, changeset_id, visible, "timestamp", tile, version) VALUES (4778, 388993660, -770501319, 3, true, (now() at time zone 'utc'), 1704401702, 1);
INSERT INTO current_node_tags (node_id, k, v) VALUES (4778, 'hoot:id', '4778');
INSERT INTO node_tags (node_id, k, v, version) VALUES (4778, 'hoot:id', '4778', 1);
INSERT INTO current_node_tags (node_id, k, v) VALUES (4778, 'hoot:status', '2');
INSERT INTO node_tags (node_id, k, v, version) VALUES (4778, 'hoot:status', '2', 1);
/* create node 4779*/
INSERT INTO nodes (node_id, latitude, longitude, changeset_id, visible, "timestamp", tile, version) VALUES (4779, 388994140, -770501329, 3, true, (now() at time zone 'utc'), 1704401702, 1);
INSERT INTO current_nodes (id, latitude, longitude, changeset_id, visible, "timestamp", tile, version) VALUES (4779, 388994140, -770501329, 3, true, (now() at time zone 'utc'), 1704401702, 1);
INSERT INTO current_node_tags (node_id, k, v) VALUES (4779, 'hoot:id', '4779');
INSERT INTO node_tags (node_id, k, v, version) VALUES (4779, 'hoot:id', '4779', 1);
INSERT INTO current_node_tags (node_id, k, v) VALUES (4779, 'hoot:status', '2');
INSERT INTO node_tags (node_id, k, v, version) VALUES (4779, 'hoot:status', '2', 1);
/* create node 4780*/
INSERT INTO nodes (node_id, latitude, longitude, changeset_id, visible, "timestamp", tile, version) VALUES (4780, 388994910, -770501329, 3, true, (now() at time zone 'utc'), 1704401702, 1);
INSERT INTO current_nodes (id, latitude, longitude, changeset_id, visible, "timestamp", tile, version) VALUES (4780, 388994910, -770501329, 3, true, (now() at time zone 'utc'), 1704401702, 1);
INSERT INTO current_node_tags (node_id, k, v) VALUES (4780, 'hoot:id', '4780');
INSERT INTO node_tags (node_id, k, v, version) VALUES (4780, 'hoot:id', '4780', 1);
INSERT INTO current_node_tags (node_id, k, v) VALUES (4780, 'hoot:status', '2');
INSERT INTO node_tags (node_id, k, v, version) VALUES (4780, 'hoot:status', '2', 1);
/* create node 4781*/
INSERT INTO nodes (node_id, latitude, longitude, changeset_id, visible, "timestamp", tile, version) VALUES (4781, 388995540, -770501319, 3, true, (now() at time zone 'utc'), 1704401702, 1);
INSERT INTO current_nodes (id, latitude, longitude, changeset_id, visible, "timestamp", tile, version) VALUES (4781, 388995540, -770501319, 3, true, (now() at time zone 'utc'), 1704401702, 1);
INSERT INTO current_node_tags (node_id, k, v) VALUES (4781, 'hoot:id', '4781');
INSERT INTO node_tags (node_id, k, v, version) VALUES (4781, 'hoot:id', '4781', 1);
INSERT INTO current_node_tags (node_id, k, v) VALUES (4781, 'hoot:status', '2');
INSERT INTO node_tags (node_id, k, v, version) VALUES (4781, 'hoot:status', '2', 1);
/* create node 4782*/
INSERT INTO nodes (node_id, latitude, longitude, changeset_id, visible, "timestamp", tile, version) VALUES (4782, 388995740, -770501309, 3, true, (now() at time zone 'utc'), 1704401702, 1);
INSERT INTO current_nodes (id, latitude, longitude, changeset_id, visible, "timestamp", tile, version) VALUES (4782, 388995740, -770501309, 3, true, (now() at time zone 'utc'), 1704401702, 1);
INSERT INTO current_node_tags (node_id, k, v) VALUES (4782, 'hoot:id', '4782');
INSERT INTO node_tags (node_id, k, v, version) VALUES (4782, 'hoot:id', '4782', 1);
INSERT INTO current_node_tags (node_id, k, v) VALUES (4782, 'hoot:status', '2');
INSERT INTO node_tags (node_id, k, v, version) VALUES (4782, 'hoot:status', '2', 1);
/* create node 4783*/
INSERT INTO nodes (node_id, latitude, longitude, changeset_id, visible, "timestamp", tile, version) VALUES (4783, 388995990, -770501309, 3, true, (now() at time zone 'utc'), 1704401702, 1);
INSERT INTO current_nodes (id, latitude, longitude, changeset_id, visible, "timestamp", tile, version) VALUES (4783, 388995990, -770501309, 3, true, (now() at time zone 'utc'), 1704401702, 1);
INSERT INTO current_node_tags (node_id, k, v) VALUES (4783, 'hoot:id', '4783');
INSERT INTO node_tags (node_id, k, v, version) VALUES (4783, 'hoot:id', '4783', 1);
INSERT INTO current_node_tags (node_id, k, v) VALUES (4783, 'hoot:status', '2');
INSERT INTO node_tags (node_id, k, v, version) VALUES (4783, 'hoot:status', '2', 1);
/* create node 4784*/
INSERT INTO nodes (node_id, latitude, longitude, changeset_id, visible, "timestamp", tile, version) VALUES (4784, 388996480, -770501289, 3, true, (now() at time zone 'utc'), 1704401702, 1);
INSERT INTO current_nodes (id, latitude, longitude, changeset_id, visible, "timestamp", tile, version) VALUES (4784, 388996480, -770501289, 3, true, (now() at time zone 'utc'), 1704401702, 1);
INSERT INTO current_node_tags (node_id, k, v) VALUES (4784, 'hoot:id', '4784');
INSERT INTO node_tags (node_id, k, v, version) VALUES (4784, 'hoot:id', '4784', 1);
INSERT INTO current_node_tags (node_id, k, v) VALUES (4784, 'hoot:status', '2');
INSERT INTO node_tags (node_id, k, v, version) VALUES (4784, 'hoot:status', '2', 1);
/* create node 4785*/
INSERT INTO nodes (node_id, latitude, longitude, changeset_id, visible, "timestamp", tile, version) VALUES (4785, 388997440, -770501309, 3, true, (now() at time zone 'utc'), 1704401702, 1);
INSERT INTO current_nodes (id, latitude, longitude, changeset_id, visible, "timestamp", tile, version) VALUES (4785, 388997440, -770501309, 3, true, (now() at time zone 'utc'), 1704401702, 1);
INSERT INTO current_node_tags (node_id, k, v) VALUES (4785, 'hoot:id', '4785');
INSERT INTO node_tags (node_id, k, v, version) VALUES (4785, 'hoot:id', '4785', 1);
INSERT INTO current_node_tags (node_id, k, v) VALUES (4785, 'hoot:status', '2');
INSERT INTO node_tags (node_id, k, v, version) VALUES (4785, 'hoot:status', '2', 1);
/* create node 4786*/
INSERT INTO nodes (node_id, latitude, longitude, changeset_id, visible, "timestamp", tile, version) VALUES (4786, 388997950, -770501299, 3, true, (now() at time zone 'utc'), 1704401702, 1);
INSERT INTO current_nodes (id, latitude, longitude, changeset_id, visible, "timestamp", tile, version) VALUES (4786, 388997950, -770501299, 3, true, (now() at time zone 'utc'), 1704401702, 1);
INSERT INTO current_node_tags (node_id, k, v) VALUES (4786, 'hoot:id', '4786');
INSERT INTO node_tags (node_id, k, v, version) VALUES (4786, 'hoot:id', '4786', 1);
INSERT INTO current_node_tags (node_id, k, v) VALUES (4786, 'hoot:status', '2');
INSERT INTO node_tags (node_id, k, v, version) VALUES (4786, 'hoot:status', '2', 1);
/* create node 4787*/
INSERT INTO nodes (node_id, latitude, longitude, changeset_id, visible, "timestamp", tile, version) VALUES (4787, 388998490, -770501309, 3, true, (now() at time zone 'utc'), 1704401702, 1);
INSERT INTO current_nodes (id, latitude, longitude, changeset_id, visible, "timestamp", tile, version) VALUES (4787, 388998490, -770501309, 3, true, (now() at time zone 'utc'), 1704401702, 1);
INSERT INTO current_node_tags (node_id, k, v) VALUES (4787, 'hoot:id', '4787');
INSERT INTO node_tags (node_id, k, v, version) VALUES (4787, 'hoot:id', '4787', 1);
INSERT INTO current_node_tags (node_id, k, v) VALUES (4787, 'hoot:status', '2');
INSERT INTO node_tags (node_id, k, v, version) VALUES (4787, 'hoot:status', '2', 1);
/* create node 4788*/
INSERT INTO nodes (node_id, latitude, longitude, changeset_id, visible, "timestamp", tile, version) VALUES (4788, 389000000, -770501269, 3, true, (now() at time zone 'utc'), 1704401702, 1);
INSERT INTO current_nodes (id, latitude, longitude, changeset_id, visible, "timestamp", tile, version) VALUES (4788, 389000000, -770501269, 3, true, (now() at time zone 'utc'), 1704401702, 1);
INSERT INTO current_node_tags (node_id, k, v) VALUES (4788, 'hoot:id', '4788');
INSERT INTO node_tags (node_id, k, v, version) VALUES (4788, 'hoot:id', '4788', 1);
INSERT INTO current_node_tags (node_id, k, v) VALUES (4788, 'hoot:status', '2');
INSERT INTO node_tags (node_id, k, v, version) VALUES (4788, 'hoot:status', '2', 1);
/* create node 4789*/
INSERT INTO nodes (node_id, latitude, longitude, changeset_id, visible, "timestamp", tile, version) VALUES (4789, 389000880, -770501289, 3, true, (now() at time zone 'utc'), 1704401702, 1);
INSERT INTO current_nodes (id, latitude, longitude, changeset_id, visible, "timestamp", tile, version) VALUES (4789, 389000880, -770501289, 3, true, (now() at time zone 'utc'), 1704401702, 1);
INSERT INTO current_node_tags (node_id, k, v) VALUES (4789, 'hoot:id', '4789');
INSERT INTO node_tags (node_id, k, v, version) VALUES (4789, 'hoot:id', '4789', 1);
INSERT INTO current_node_tags (node_id, k, v) VALUES (4789, 'hoot:status', '2');
INSERT INTO node_tags (node_id, k, v, version) VALUES (4789, 'hoot:status', '2', 1);
/* create node 4790*/
INSERT INTO nodes (node_id, latitude, longitude, changeset_id, visible, "timestamp", tile, version) VALUES (4790, 389001630, -770501329, 3, true, (now() at time zone 'utc'), 1704401702, 1);
INSERT INTO current_nodes (id, latitude, longitude, changeset_id, visible, "timestamp", tile, version) VALUES (4790, 389001630, -770501329, 3, true, (now() at time zone 'utc'), 1704401702, 1);
INSERT INTO current_node_tags (node_id, k, v) VALUES (4790, 'hoot:id', '4790');
INSERT INTO node_tags (node_id, k, v, version) VALUES (4790, 'hoot:id', '4790', 1);
INSERT INTO current_node_tags (node_id, k, v) VALUES (4790, 'hoot:status', '2');
INSERT INTO node_tags (node_id, k, v, version) VALUES (4790, 'hoot:status', '2', 1);
/* create node 4791*/
INSERT INTO nodes (node_id, latitude, longitude, changeset_id, visible, "timestamp", tile, version) VALUES (4791, 389002530, -770501349, 3, true, (now() at time zone 'utc'), 1704401702, 1);
INSERT INTO current_nodes (id, latitude, longitude, changeset_id, visible, "timestamp", tile, version) VALUES (4791, 389002530, -770501349, 3, true, (now() at time zone 'utc'), 1704401702, 1);
INSERT INTO current_node_tags (node_id, k, v) VALUES (4791, 'hoot:id', '4791');
INSERT INTO node_tags (node_id, k, v, version) VALUES (4791, 'hoot:id', '4791', 1);
INSERT INTO current_node_tags (node_id, k, v) VALUES (4791, 'hoot:status', '2');
INSERT INTO node_tags (node_id, k, v, version) VALUES (4791, 'hoot:status', '2', 1);
/* create node 4792*/
INSERT INTO nodes (node_id, latitude, longitude, changeset_id, visible, "timestamp", tile, version) VALUES (4792, 389002940, -770501349, 3, true, (now() at time zone 'utc'), 1704401702, 1);
INSERT INTO current_nodes (id, latitude, longitude, changeset_id, visible, "timestamp", tile, version) VALUES (4792, 389002940, -770501349, 3, true, (now() at time zone 'utc'), 1704401702, 1);
INSERT INTO current_node_tags (node_id, k, v) VALUES (4792, 'hoot:id', '4792');
INSERT INTO node_tags (node_id, k, v, version) VALUES (4792, 'hoot:id', '4792', 1);
INSERT INTO current_node_tags (node_id, k, v) VALUES (4792, 'hoot:status', '2');
INSERT INTO node_tags (node_id, k, v, version) VALUES (4792, 'hoot:status', '2', 1);
/* create node 4793*/
INSERT INTO nodes (node_id, latitude, longitude, changeset_id, visible, "timestamp", tile, version) VALUES (4793, 389003320, -770501359, 3, true, (now() at time zone 'utc'), 1704401702, 1);
INSERT INTO current_nodes (id, latitude, longitude, changeset_id, visible, "timestamp", tile, version) VALUES (4793, 389003320, -770501359, 3, true, (now() at time zone 'utc'), 1704401702, 1);
INSERT INTO current_node_tags (node_id, k, v) VALUES (4793, 'hoot:id', '4793');
INSERT INTO node_tags (node_id, k, v, version) VALUES (4793, 'hoot:id', '4793', 1);
INSERT INTO current_node_tags (node_id, k, v) VALUES (4793, 'hoot:status', '2');
INSERT INTO node_tags (node_id, k, v, version) VALUES (4793, 'hoot:status', '2', 1);
/* create node 4794*/
INSERT INTO nodes (node_id, latitude, longitude, changeset_id, visible, "timestamp", tile, version) VALUES (4794, 389004130, -770501329, 3, true, (now() at time zone 'utc'), 1704401702, 1);
INSERT INTO current_nodes (id, latitude, longitude, changeset_id, visible, "timestamp", tile, version) VALUES (4794, 389004130, -770501329, 3, true, (now() at time zone 'utc'), 1704401702, 1);
INSERT INTO current_node_tags (node_id, k, v) VALUES (4794, 'hoot:id', '4794');
INSERT INTO node_tags (node_id, k, v, version) VALUES (4794, 'hoot:id', '4794', 1);
INSERT INTO current_node_tags (node_id, k, v) VALUES (4794, 'hoot:status', '2');
INSERT INTO node_tags (node_id, k, v, version) VALUES (4794, 'hoot:status', '2', 1);
/* create node 4795*/
INSERT INTO nodes (node_id, latitude, longitude, changeset_id, visible, "timestamp", tile, version) VALUES (4795, 389005110, -770501329, 3, true, (now() at time zone 'utc'), 1704401703, 1);
INSERT INTO current_nodes (id, latitude, longitude, changeset_id, visible, "timestamp", tile, version) VALUES (4795, 389005110, -770501329, 3, true, (now() at time zone 'utc'), 1704401703, 1);
INSERT INTO current_node_tags (node_id, k, v) VALUES (4795, 'hoot:id', '4795');
INSERT INTO node_tags (node_id, k, v, version) VALUES (4795, 'hoot:id', '4795', 1);
INSERT INTO current_node_tags (node_id, k, v) VALUES (4795, 'hoot:status', '2');
INSERT INTO node_tags (node_id, k, v, version) VALUES (4795, 'hoot:status', '2', 1);
/* create node 4796*/
INSERT INTO nodes (node_id, latitude, longitude, changeset_id, visible, "timestamp", tile, version) VALUES (4796, 389006310, -770501309, 3, true, (now() at time zone 'utc'), 1704401703, 1);
INSERT INTO current_nodes (id, latitude, longitude, changeset_id, visible, "timestamp", tile, version) VALUES (4796, 389006310, -770501309, 3, true, (now() at time zone 'utc'), 1704401703, 1);
INSERT INTO current_node_tags (node_id, k, v) VALUES (4796, 'hoot:id', '4796');
INSERT INTO node_tags (node_id, k, v, version) VALUES (4796, 'hoot:id', '4796', 1);
INSERT INTO current_node_tags (node_id, k, v) VALUES (4796, 'hoot:status', '2');
INSERT INTO node_tags (node_id, k, v, version) VALUES (4796, 'hoot:status', '2', 1);
/* create node 4797*/
INSERT INTO nodes (node_id, latitude, longitude, changeset_id, visible, "timestamp", tile, version) VALUES (4797, 389006590, -770501289, 3, true, (now() at time zone 'utc'), 1704401703, 1);
INSERT INTO current_nodes (id, latitude, longitude, changeset_id, visible, "timestamp", tile, version) VALUES (4797, 389006590, -770501289, 3, true, (now() at time zone 'utc'), 1704401703, 1);
INSERT INTO current_node_tags (node_id, k, v) VALUES (4797, 'hoot:id', '4797');
INSERT INTO node_tags (node_id, k, v, version) VALUES (4797, 'hoot:id', '4797', 1);
INSERT INTO current_node_tags (node_id, k, v) VALUES (4797, 'hoot:status', '2');
INSERT INTO node_tags (node_id, k, v, version) VALUES (4797, 'hoot:status', '2', 1);
/* create node 4798*/
INSERT INTO nodes (node_id, latitude, longitude, changeset_id, visible, "timestamp", tile, version) VALUES (4798, 389006990, -770501279, 3, true, (now() at time zone 'utc'), 1704401703, 1);
INSERT INTO current_nodes (id, latitude, longitude, changeset_id, visible, "timestamp", tile, version) VALUES (4798, 389006990, -770501279, 3, true, (now() at time zone 'utc'), 1704401703, 1);
INSERT INTO current_node_tags (node_id, k, v) VALUES (4798, 'hoot:id', '4798');
INSERT INTO node_tags (node_id, k, v, version) VALUES (4798, 'hoot:id', '4798', 1);
INSERT INTO current_node_tags (node_id, k, v) VALUES (4798, 'hoot:status', '2');
INSERT INTO node_tags (node_id, k, v, version) VALUES (4798, 'hoot:status', '2', 1);
/* create node 4799*/
INSERT INTO nodes (node_id, latitude, longitude, changeset_id, visible, "timestamp", tile, version) VALUES (4799, 389007740, -770501279, 3, true, (now() at time zone 'utc'), 1704401703, 1);
INSERT INTO current_nodes (id, latitude, longitude, changeset_id, visible, "timestamp", tile, version) VALUES (4799, 389007740, -770501279, 3, true, (now() at time zone 'utc'), 1704401703, 1);
INSERT INTO current_node_tags (node_id, k, v) VALUES (4799, 'hoot:id', '4799');
INSERT INTO node_tags (node_id, k, v, version) VALUES (4799, 'hoot:id', '4799', 1);
INSERT INTO current_node_tags (node_id, k, v) VALUES (4799, 'hoot:status', '2');
INSERT INTO node_tags (node_id, k, v, version) VALUES (4799, 'hoot:status', '2', 1);
/* create node 4800*/
INSERT INTO nodes (node_id, latitude, longitude, changeset_id, visible, "timestamp", tile, version) VALUES (4800, 389007920, -770501289, 3, true, (now() at time zone 'utc'), 1704401703, 1);
INSERT INTO current_nodes (id, latitude, longitude, changeset_id, visible, "timestamp", tile, version) VALUES (4800, 389007920, -770501289, 3, true, (now() at time zone 'utc'), 1704401703, 1);
INSERT INTO current_node_tags (node_id, k, v) VALUES (4800, 'hoot:id', '4800');
INSERT INTO node_tags (node_id, k, v, version) VALUES (4800, 'hoot:id', '4800', 1);
INSERT INTO current_node_tags (node_id, k, v) VALUES (4800, 'hoot:status', '2');
INSERT INTO node_tags (node_id, k, v, version) VALUES (4800, 'hoot:status', '2', 1);
/* create node 4801*/
INSERT INTO nodes (node_id, latitude, longitude, changeset_id, visible, "timestamp", tile, version) VALUES (4801, 389008170, -770501289, 3, true, (now() at time zone 'utc'), 1704401703, 1);
INSERT INTO current_nodes (id, latitude, longitude, changeset_id, visible, "timestamp", tile, version) VALUES (4801, 389008170, -770501289, 3, true, (now() at time zone 'utc'), 1704401703, 1);
INSERT INTO current_node_tags (node_id, k, v) VALUES (4801, 'hoot:id', '4801');
INSERT INTO node_tags (node_id, k, v, version) VALUES (4801, 'hoot:id', '4801', 1);
INSERT INTO current_node_tags (node_id, k, v) VALUES (4801, 'hoot:status', '2');
INSERT INTO node_tags (node_id, k, v, version) VALUES (4801, 'hoot:status', '2', 1);
/* create node 4802*/
INSERT INTO nodes (node_id, latitude, longitude, changeset_id, visible, "timestamp", tile, version) VALUES (4802, 389008420, -770501309, 3, true, (now() at time zone 'utc'), 1704401703, 1);
INSERT INTO current_nodes (id, latitude, longitude, changeset_id, visible, "timestamp", tile, version) VALUES (4802, 389008420, -770501309, 3, true, (now() at time zone 'utc'), 1704401703, 1);
INSERT INTO current_node_tags (node_id, k, v) VALUES (4802, 'hoot:id', '4802');
INSERT INTO node_tags (node_id, k, v, version) VALUES (4802, 'hoot:id', '4802', 1);
INSERT INTO current_node_tags (node_id, k, v) VALUES (4802, 'hoot:status', '2');
INSERT INTO node_tags (node_id, k, v, version) VALUES (4802, 'hoot:status', '2', 1);
/* create node 4803*/
INSERT INTO nodes (node_id, latitude, longitude, changeset_id, visible, "timestamp", tile, version) VALUES (4803, 389012330, -770501249, 3, true, (now() at time zone 'utc'), 1704401703, 1);
INSERT INTO current_nodes (id, latitude, longitude, changeset_id, visible, "timestamp", tile, version) VALUES (4803, 389012330, -770501249, 3, true, (now() at time zone 'utc'), 1704401703, 1);
INSERT INTO current_node_tags (node_id, k, v) VALUES (4803, 'hoot:id', '4803');
INSERT INTO node_tags (node_id, k, v, version) VALUES (4803, 'hoot:id', '4803', 1);
INSERT INTO current_node_tags (node_id, k, v) VALUES (4803, 'hoot:status', '2');
INSERT INTO node_tags (node_id, k, v, version) VALUES (4803, 'hoot:status', '2', 1);
/* create node 4804*/
INSERT INTO nodes (node_id, latitude, longitude, changeset_id, visible, "timestamp", tile, version) VALUES (4804, 389019870, -770501199, 3, true, (now() at time zone 'utc'), 1704401703, 1);
INSERT INTO current_nodes (id, latitude, longitude, changeset_id, visible, "timestamp", tile, version) VALUES (4804, 389019870, -770501199, 3, true, (now() at time zone 'utc'), 1704401703, 1);
INSERT INTO current_node_tags (node_id, k, v) VALUES (4804, 'hoot:id', '4804');
INSERT INTO node_tags (node_id, k, v, version) VALUES (4804, 'hoot:id', '4804', 1);
INSERT INTO current_node_tags (node_id, k, v) VALUES (4804, 'hoot:status', '2');
INSERT INTO node_tags (node_id, k, v, version) VALUES (4804, 'hoot:status', '2', 1);
/* create node 4805*/
INSERT INTO nodes (node_id, latitude, longitude, changeset_id, visible, "timestamp", tile, version) VALUES (4805, 388875820, -770319859, 3, true, (now() at time zone 'utc'), 1704401620, 1);
INSERT INTO current_nodes (id, latitude, longitude, changeset_id, visible, "timestamp", tile, version) VALUES (4805, 388875820, -770319859, 3, true, (now() at time zone 'utc'), 1704401620, 1);
INSERT INTO current_node_tags (node_id, k, v) VALUES (4805, 'hoot:id', '4805');
INSERT INTO node_tags (node_id, k, v, version) VALUES (4805, 'hoot:id', '4805', 1);
INSERT INTO current_node_tags (node_id, k, v) VALUES (4805, 'hoot:status', '2');
INSERT INTO node_tags (node_id, k, v, version) VALUES (4805, 'hoot:status', '2', 1);
/* create node 4806*/
INSERT INTO nodes (node_id, latitude, longitude, changeset_id, visible, "timestamp", tile, version) VALUES (4806, 388876620, -770322269, 3, true, (now() at time zone 'utc'), 1704401620, 1);
INSERT INTO current_nodes (id, latitude, longitude, changeset_id, visible, "timestamp", tile, version) VALUES (4806, 388876620, -770322269, 3, true, (now() at time zone 'utc'), 1704401620, 1);
INSERT INTO current_node_tags (node_id, k, v) VALUES (4806, 'hoot:id', '4806');
INSERT INTO node_tags (node_id, k, v, version) VALUES (4806, 'hoot:id', '4806', 1);
INSERT INTO current_node_tags (node_id, k, v) VALUES (4806, 'hoot:status', '2');
INSERT INTO node_tags (node_id, k, v, version) VALUES (4806, 'hoot:status', '2', 1);
/* create node 4807*/
INSERT INTO nodes (node_id, latitude, longitude, changeset_id, visible, "timestamp", tile, version) VALUES (4807, 388877790, -770328269, 3, true, (now() at time zone 'utc'), 1704401620, 1);
INSERT INTO current_nodes (id, latitude, longitude, changeset_id, visible, "timestamp", tile, version) VALUES (4807, 388877790, -770328269, 3, true, (now() at time zone 'utc'), 1704401620, 1);
INSERT INTO current_node_tags (node_id, k, v) VALUES (4807, 'hoot:id', '4807');
INSERT INTO node_tags (node_id, k, v, version) VALUES (4807, 'hoot:id', '4807', 1);
INSERT INTO current_node_tags (node_id, k, v) VALUES (4807, 'hoot:status', '2');
INSERT INTO node_tags (node_id, k, v, version) VALUES (4807, 'hoot:status', '2', 1);
/* create node 4808*/
INSERT INTO nodes (node_id, latitude, longitude, changeset_id, visible, "timestamp", tile, version) VALUES (4808, 388878210, -770330069, 3, true, (now() at time zone 'utc'), 1704401620, 1);
INSERT INTO current_nodes (id, latitude, longitude, changeset_id, visible, "timestamp", tile, version) VALUES (4808, 388878210, -770330069, 3, true, (now() at time zone 'utc'), 1704401620, 1);
INSERT INTO current_node_tags (node_id, k, v) VALUES (4808, 'hoot:id', '4808');
INSERT INTO node_tags (node_id, k, v, version) VALUES (4808, 'hoot:id', '4808', 1);
INSERT INTO current_node_tags (node_id, k, v) VALUES (4808, 'hoot:status', '2');
INSERT INTO node_tags (node_id, k, v, version) VALUES (4808, 'hoot:status', '2', 1);
/* create node 4809*/
INSERT INTO nodes (node_id, latitude, longitude, changeset_id, visible, "timestamp", tile, version) VALUES (4809, 388878430, -770331359, 3, true, (now() at time zone 'utc'), 1704401620, 1);
INSERT INTO current_nodes (id, latitude, longitude, changeset_id, visible, "timestamp", tile, version) VALUES (4809, 388878430, -770331359, 3, true, (now() at time zone 'utc'), 1704401620, 1);
INSERT INTO current_node_tags (node_id, k, v) VALUES (4809, 'hoot:id', '4809');
INSERT INTO node_tags (node_id, k, v, version) VALUES (4809, 'hoot:id', '4809', 1);
INSERT INTO current_node_tags (node_id, k, v) VALUES (4809, 'hoot:status', '2');
INSERT INTO node_tags (node_id, k, v, version) VALUES (4809, 'hoot:status', '2', 1);
/* create node 4810*/
INSERT INTO nodes (node_id, latitude, longitude, changeset_id, visible, "timestamp", tile, version) VALUES (4810, 388878430, -770333779, 3, true, (now() at time zone 'utc'), 1704401620, 1);
INSERT INTO current_nodes (id, latitude, longitude, changeset_id, visible, "timestamp", tile, version) VALUES (4810, 388878430, -770333779, 3, true, (now() at time zone 'utc'), 1704401620, 1);
INSERT INTO current_node_tags (node_id, k, v) VALUES (4810, 'hoot:id', '4810');
INSERT INTO node_tags (node_id, k, v, version) VALUES (4810, 'hoot:id', '4810', 1);
INSERT INTO current_node_tags (node_id, k, v) VALUES (4810, 'hoot:status', '2');
INSERT INTO node_tags (node_id, k, v, version) VALUES (4810, 'hoot:status', '2', 1);
/* create node 4811*/
INSERT INTO nodes (node_id, latitude, longitude, changeset_id, visible, "timestamp", tile, version) VALUES (4811, 388878560, -770336749, 3, true, (now() at time zone 'utc'), 1704401620, 1);
INSERT INTO current_nodes (id, latitude, longitude, changeset_id, visible, "timestamp", tile, version) VALUES (4811, 388878560, -770336749, 3, true, (now() at time zone 'utc'), 1704401620, 1);
INSERT INTO current_node_tags (node_id, k, v) VALUES (4811, 'hoot:id', '4811');
INSERT INTO node_tags (node_id, k, v, version) VALUES (4811, 'hoot:id', '4811', 1);
INSERT INTO current_node_tags (node_id, k, v) VALUES (4811, 'hoot:status', '2');
INSERT INTO node_tags (node_id, k, v, version) VALUES (4811, 'hoot:status', '2', 1);
/* create node 4812*/
INSERT INTO nodes (node_id, latitude, longitude, changeset_id, visible, "timestamp", tile, version) VALUES (4812, 388878530, -770337599, 3, true, (now() at time zone 'utc'), 1704401620, 1);
INSERT INTO current_nodes (id, latitude, longitude, changeset_id, visible, "timestamp", tile, version) VALUES (4812, 388878530, -770337599, 3, true, (now() at time zone 'utc'), 1704401620, 1);
INSERT INTO current_node_tags (node_id, k, v) VALUES (4812, 'hoot:id', '4812');
INSERT INTO node_tags (node_id, k, v, version) VALUES (4812, 'hoot:id', '4812', 1);
INSERT INTO current_node_tags (node_id, k, v) VALUES (4812, 'hoot:status', '2');
INSERT INTO node_tags (node_id, k, v, version) VALUES (4812, 'hoot:status', '2', 1);
/* create node 4813*/
INSERT INTO nodes (node_id, latitude, longitude, changeset_id, visible, "timestamp", tile, version) VALUES (4813, 388878400, -770338179, 3, true, (now() at time zone 'utc'), 1704401620, 1);
INSERT INTO current_nodes (id, latitude, longitude, changeset_id, visible, "timestamp", tile, version) VALUES (4813, 388878400, -770338179, 3, true, (now() at time zone 'utc'), 1704401620, 1);
INSERT INTO current_node_tags (node_id, k, v) VALUES (4813, 'hoot:id', '4813');
INSERT INTO node_tags (node_id, k, v, version) VALUES (4813, 'hoot:id', '4813', 1);
INSERT INTO current_node_tags (node_id, k, v) VALUES (4813, 'hoot:status', '2');
INSERT INTO node_tags (node_id, k, v, version) VALUES (4813, 'hoot:status', '2', 1);
/* create node 4814*/
INSERT INTO nodes (node_id, latitude, longitude, changeset_id, visible, "timestamp", tile, version) VALUES (4814, 388878140, -770339009, 3, true, (now() at time zone 'utc'), 1704401620, 1);
INSERT INTO current_nodes (id, latitude, longitude, changeset_id, visible, "timestamp", tile, version) VALUES (4814, 388878140, -770339009, 3, true, (now() at time zone 'utc'), 1704401620, 1);
INSERT INTO current_node_tags (node_id, k, v) VALUES (4814, 'hoot:id', '4814');
INSERT INTO node_tags (node_id, k, v, version) VALUES (4814, 'hoot:id', '4814', 1);
INSERT INTO current_node_tags (node_id, k, v) VALUES (4814, 'hoot:status', '2');
INSERT INTO node_tags (node_id, k, v, version) VALUES (4814, 'hoot:status', '2', 1);
/* create node 4815*/
INSERT INTO nodes (node_id, latitude, longitude, changeset_id, visible, "timestamp", tile, version) VALUES (4815, 388877790, -770339809, 3, true, (now() at time zone 'utc'), 1704401620, 1);
INSERT INTO current_nodes (id, latitude, longitude, changeset_id, visible, "timestamp", tile, version) VALUES (4815, 388877790, -770339809, 3, true, (now() at time zone 'utc'), 1704401620, 1);
INSERT INTO current_node_tags (node_id, k, v) VALUES (4815, 'hoot:id', '4815');
INSERT INTO node_tags (node_id, k, v, version) VALUES (4815, 'hoot:id', '4815', 1);
INSERT INTO current_node_tags (node_id, k, v) VALUES (4815, 'hoot:status', '2');
INSERT INTO node_tags (node_id, k, v, version) VALUES (4815, 'hoot:status', '2', 1);
/* create node 4816*/
INSERT INTO nodes (node_id, latitude, longitude, changeset_id, visible, "timestamp", tile, version) VALUES (4816, 388877400, -770340869, 3, true, (now() at time zone 'utc'), 1704401620, 1);
INSERT INTO current_nodes (id, latitude, longitude, changeset_id, visible, "timestamp", tile, version) VALUES (4816, 388877400, -770340869, 3, true, (now() at time zone 'utc'), 1704401620, 1);
INSERT INTO current_node_tags (node_id, k, v) VALUES (4816, 'hoot:id', '4816');
INSERT INTO node_tags (node_id, k, v, version) VALUES (4816, 'hoot:id', '4816', 1);
INSERT INTO current_node_tags (node_id, k, v) VALUES (4816, 'hoot:status', '2');
INSERT INTO node_tags (node_id, k, v, version) VALUES (4816, 'hoot:status', '2', 1);
/* create node 4817*/
INSERT INTO nodes (node_id, latitude, longitude, changeset_id, visible, "timestamp", tile, version) VALUES (4817, 388876940, -770342929, 3, true, (now() at time zone 'utc'), 1704401620, 1);
INSERT INTO current_nodes (id, latitude, longitude, changeset_id, visible, "timestamp", tile, version) VALUES (4817, 388876940, -770342929, 3, true, (now() at time zone 'utc'), 1704401620, 1);
INSERT INTO current_node_tags (node_id, k, v) VALUES (4817, 'hoot:id', '4817');
INSERT INTO node_tags (node_id, k, v, version) VALUES (4817, 'hoot:id', '4817', 1);
INSERT INTO current_node_tags (node_id, k, v) VALUES (4817, 'hoot:status', '2');
INSERT INTO node_tags (node_id, k, v, version) VALUES (4817, 'hoot:status', '2', 1);
/* create node 4818*/
INSERT INTO nodes (node_id, latitude, longitude, changeset_id, visible, "timestamp", tile, version) VALUES (4818, 388876260, -770345619, 3, true, (now() at time zone 'utc'), 1704401620, 1);
INSERT INTO current_nodes (id, latitude, longitude, changeset_id, visible, "timestamp", tile, version) VALUES (4818, 388876260, -770345619, 3, true, (now() at time zone 'utc'), 1704401620, 1);
INSERT INTO current_node_tags (node_id, k, v) VALUES (4818, 'hoot:id', '4818');
INSERT INTO node_tags (node_id, k, v, version) VALUES (4818, 'hoot:id', '4818', 1);
INSERT INTO current_node_tags (node_id, k, v) VALUES (4818, 'hoot:status', '2');
INSERT INTO node_tags (node_id, k, v, version) VALUES (4818, 'hoot:status', '2', 1);
/* create node 4819*/
INSERT INTO nodes (node_id, latitude, longitude, changeset_id, visible, "timestamp", tile, version) VALUES (4819, 388875840, -770347809, 3, true, (now() at time zone 'utc'), 1704401620, 1);
INSERT INTO current_nodes (id, latitude, longitude, changeset_id, visible, "timestamp", tile, version) VALUES (4819, 388875840, -770347809, 3, true, (now() at time zone 'utc'), 1704401620, 1);
INSERT INTO current_node_tags (node_id, k, v) VALUES (4819, 'hoot:id', '4819');
INSERT INTO node_tags (node_id, k, v, version) VALUES (4819, 'hoot:id', '4819', 1);
INSERT INTO current_node_tags (node_id, k, v) VALUES (4819, 'hoot:status', '2');
INSERT INTO node_tags (node_id, k, v, version) VALUES (4819, 'hoot:status', '2', 1);
/* create node 4820*/
INSERT INTO nodes (node_id, latitude, longitude, changeset_id, visible, "timestamp", tile, version) VALUES (4820, 388875650, -770349149, 3, true, (now() at time zone 'utc'), 1704401620, 1);
INSERT INTO current_nodes (id, latitude, longitude, changeset_id, visible, "timestamp", tile, version) VALUES (4820, 388875650, -770349149, 3, true, (now() at time zone 'utc'), 1704401620, 1);
INSERT INTO current_node_tags (node_id, k, v) VALUES (4820, 'hoot:id', '4820');
INSERT INTO node_tags (node_id, k, v, version) VALUES (4820, 'hoot:id', '4820', 1);
INSERT INTO current_node_tags (node_id, k, v) VALUES (4820, 'hoot:status', '2');
INSERT INTO node_tags (node_id, k, v, version) VALUES (4820, 'hoot:status', '2', 1);
/* create node 4821*/
INSERT INTO nodes (node_id, latitude, longitude, changeset_id, visible, "timestamp", tile, version) VALUES (4821, 388875320, -770351959, 3, true, (now() at time zone 'utc'), 1704401620, 1);
INSERT INTO current_nodes (id, latitude, longitude, changeset_id, visible, "timestamp", tile, version) VALUES (4821, 388875320, -770351959, 3, true, (now() at time zone 'utc'), 1704401620, 1);
INSERT INTO current_node_tags (node_id, k, v) VALUES (4821, 'hoot:id', '4821');
INSERT INTO node_tags (node_id, k, v, version) VALUES (4821, 'hoot:id', '4821', 1);
INSERT INTO current_node_tags (node_id, k, v) VALUES (4821, 'hoot:status', '2');
INSERT INTO node_tags (node_id, k, v, version) VALUES (4821, 'hoot:status', '2', 1);
/* create node 4822*/
INSERT INTO nodes (node_id, latitude, longitude, changeset_id, visible, "timestamp", tile, version) VALUES (4822, 388875290, -770352379, 3, true, (now() at time zone 'utc'), 1704401620, 1);
INSERT INTO current_nodes (id, latitude, longitude, changeset_id, visible, "timestamp", tile, version) VALUES (4822, 388875290, -770352379, 3, true, (now() at time zone 'utc'), 1704401620, 1);
INSERT INTO current_node_tags (node_id, k, v) VALUES (4822, 'hoot:id', '4822');
INSERT INTO node_tags (node_id, k, v, version) VALUES (4822, 'hoot:id', '4822', 1);
INSERT INTO current_node_tags (node_id, k, v) VALUES (4822, 'hoot:status', '2');
INSERT INTO node_tags (node_id, k, v, version) VALUES (4822, 'hoot:status', '2', 1);
/* create node 4823*/
INSERT INTO nodes (node_id, latitude, longitude, changeset_id, visible, "timestamp", tile, version) VALUES (4823, 388875260, -770353359, 3, true, (now() at time zone 'utc'), 1704401620, 1);
INSERT INTO current_nodes (id, latitude, longitude, changeset_id, visible, "timestamp", tile, version) VALUES (4823, 388875260, -770353359, 3, true, (now() at time zone 'utc'), 1704401620, 1);
INSERT INTO current_node_tags (node_id, k, v) VALUES (4823, 'hoot:id', '4823');
INSERT INTO node_tags (node_id, k, v, version) VALUES (4823, 'hoot:id', '4823', 1);
INSERT INTO current_node_tags (node_id, k, v) VALUES (4823, 'hoot:status', '2');
INSERT INTO node_tags (node_id, k, v, version) VALUES (4823, 'hoot:status', '2', 1);
/* create node 4824*/
INSERT INTO nodes (node_id, latitude, longitude, changeset_id, visible, "timestamp", tile, version) VALUES (4824, 388875250, -770355349, 3, true, (now() at time zone 'utc'), 1704401620, 1);
INSERT INTO current_nodes (id, latitude, longitude, changeset_id, visible, "timestamp", tile, version) VALUES (4824, 388875250, -770355349, 3, true, (now() at time zone 'utc'), 1704401620, 1);
INSERT INTO current_node_tags (node_id, k, v) VALUES (4824, 'hoot:id', '4824');
INSERT INTO node_tags (node_id, k, v, version) VALUES (4824, 'hoot:id', '4824', 1);
INSERT INTO current_node_tags (node_id, k, v) VALUES (4824, 'hoot:status', '2');
INSERT INTO node_tags (node_id, k, v, version) VALUES (4824, 'hoot:status', '2', 1);
/* create node 4825*/
INSERT INTO nodes (node_id, latitude, longitude, changeset_id, visible, "timestamp", tile, version) VALUES (4825, 388875330, -770357989, 3, true, (now() at time zone 'utc'), 1704401620, 1);
INSERT INTO current_nodes (id, latitude, longitude, changeset_id, visible, "timestamp", tile, version) VALUES (4825, 388875330, -770357989, 3, true, (now() at time zone 'utc'), 1704401620, 1);
INSERT INTO current_node_tags (node_id, k, v) VALUES (4825, 'hoot:id', '4825');
INSERT INTO node_tags (node_id, k, v, version) VALUES (4825, 'hoot:id', '4825', 1);
INSERT INTO current_node_tags (node_id, k, v) VALUES (4825, 'hoot:status', '2');
INSERT INTO node_tags (node_id, k, v, version) VALUES (4825, 'hoot:status', '2', 1);
/* create node 4826*/
INSERT INTO nodes (node_id, latitude, longitude, changeset_id, visible, "timestamp", tile, version) VALUES (4826, 388875400, -770358999, 3, true, (now() at time zone 'utc'), 1704401620, 1);
INSERT INTO current_nodes (id, latitude, longitude, changeset_id, visible, "timestamp", tile, version) VALUES (4826, 388875400, -770358999, 3, true, (now() at time zone 'utc'), 1704401620, 1);
INSERT INTO current_node_tags (node_id, k, v) VALUES (4826, 'hoot:id', '4826');
INSERT INTO node_tags (node_id, k, v, version) VALUES (4826, 'hoot:id', '4826', 1);
INSERT INTO current_node_tags (node_id, k, v) VALUES (4826, 'hoot:status', '2');
INSERT INTO node_tags (node_id, k, v, version) VALUES (4826, 'hoot:status', '2', 1);
/* create node 4827*/
INSERT INTO nodes (node_id, latitude, longitude, changeset_id, visible, "timestamp", tile, version) VALUES (4827, 388875460, -770359539, 3, true, (now() at time zone 'utc'), 1704401620, 1);
INSERT INTO current_nodes (id, latitude, longitude, changeset_id, visible, "timestamp", tile, version) VALUES (4827, 388875460, -770359539, 3, true, (now() at time zone 'utc'), 1704401620, 1);
INSERT INTO current_node_tags (node_id, k, v) VALUES (4827, 'hoot:id', '4827');
INSERT INTO node_tags (node_id, k, v, version) VALUES (4827, 'hoot:id', '4827', 1);
INSERT INTO current_node_tags (node_id, k, v) VALUES (4827, 'hoot:status', '2');
INSERT INTO node_tags (node_id, k, v, version) VALUES (4827, 'hoot:status', '2', 1);
/* create node 4828*/
INSERT INTO nodes (node_id, latitude, longitude, changeset_id, visible, "timestamp", tile, version) VALUES (4828, 388875610, -770360529, 3, true, (now() at time zone 'utc'), 1704401620, 1);
INSERT INTO current_nodes (id, latitude, longitude, changeset_id, visible, "timestamp", tile, version) VALUES (4828, 388875610, -770360529, 3, true, (now() at time zone 'utc'), 1704401620, 1);
INSERT INTO current_node_tags (node_id, k, v) VALUES (4828, 'hoot:id', '4828');
INSERT INTO node_tags (node_id, k, v, version) VALUES (4828, 'hoot:id', '4828', 1);
INSERT INTO current_node_tags (node_id, k, v) VALUES (4828, 'hoot:status', '2');
INSERT INTO node_tags (node_id, k, v, version) VALUES (4828, 'hoot:status', '2', 1);
/* create node 4829*/
INSERT INTO nodes (node_id, latitude, longitude, changeset_id, visible, "timestamp", tile, version) VALUES (4829, 388875900, -770361909, 3, true, (now() at time zone 'utc'), 1704401620, 1);
INSERT INTO current_nodes (id, latitude, longitude, changeset_id, visible, "timestamp", tile, version) VALUES (4829, 388875900, -770361909, 3, true, (now() at time zone 'utc'), 1704401620, 1);
INSERT INTO current_node_tags (node_id, k, v) VALUES (4829, 'hoot:id', '4829');
INSERT INTO node_tags (node_id, k, v, version) VALUES (4829, 'hoot:id', '4829', 1);
INSERT INTO current_node_tags (node_id, k, v) VALUES (4829, 'hoot:status', '2');
INSERT INTO node_tags (node_id, k, v, version) VALUES (4829, 'hoot:status', '2', 1);
/* create node 4830*/
INSERT INTO nodes (node_id, latitude, longitude, changeset_id, visible, "timestamp", tile, version) VALUES (4830, 388876310, -770363269, 3, true, (now() at time zone 'utc'), 1704401620, 1);
INSERT INTO current_nodes (id, latitude, longitude, changeset_id, visible, "timestamp", tile, version) VALUES (4830, 388876310, -770363269, 3, true, (now() at time zone 'utc'), 1704401620, 1);
INSERT INTO current_node_tags (node_id, k, v) VALUES (4830, 'hoot:id', '4830');
INSERT INTO node_tags (node_id, k, v, version) VALUES (4830, 'hoot:id', '4830', 1);
INSERT INTO current_node_tags (node_id, k, v) VALUES (4830, 'hoot:status', '2');
INSERT INTO node_tags (node_id, k, v, version) VALUES (4830, 'hoot:status', '2', 1);
/* create node 4831*/
INSERT INTO nodes (node_id, latitude, longitude, changeset_id, visible, "timestamp", tile, version) VALUES (4831, 388876780, -770364739, 3, true, (now() at time zone 'utc'), 1704401620, 1);
INSERT INTO current_nodes (id, latitude, longitude, changeset_id, visible, "timestamp", tile, version) VALUES (4831, 388876780, -770364739, 3, true, (now() at time zone 'utc'), 1704401620, 1);
INSERT INTO current_node_tags (node_id, k, v) VALUES (4831, 'hoot:id', '4831');
INSERT INTO node_tags (node_id, k, v, version) VALUES (4831, 'hoot:id', '4831', 1);
INSERT INTO current_node_tags (node_id, k, v) VALUES (4831, 'hoot:status', '2');
INSERT INTO node_tags (node_id, k, v, version) VALUES (4831, 'hoot:status', '2', 1);
/* create node 4832*/
INSERT INTO nodes (node_id, latitude, longitude, changeset_id, visible, "timestamp", tile, version) VALUES (4832, 388877030, -770365629, 3, true, (now() at time zone 'utc'), 1704401620, 1);
INSERT INTO current_nodes (id, latitude, longitude, changeset_id, visible, "timestamp", tile, version) VALUES (4832, 388877030, -770365629, 3, true, (now() at time zone 'utc'), 1704401620, 1);
INSERT INTO current_node_tags (node_id, k, v) VALUES (4832, 'hoot:id', '4832');
INSERT INTO node_tags (node_id, k, v, version) VALUES (4832, 'hoot:id', '4832', 1);
INSERT INTO current_node_tags (node_id, k, v) VALUES (4832, 'hoot:status', '2');
INSERT INTO node_tags (node_id, k, v, version) VALUES (4832, 'hoot:status', '2', 1);
/* create node 4833*/
INSERT INTO nodes (node_id, latitude, longitude, changeset_id, visible, "timestamp", tile, version) VALUES (4833, 388877210, -770366469, 3, true, (now() at time zone 'utc'), 1704401620, 1);
INSERT INTO current_nodes (id, latitude, longitude, changeset_id, visible, "timestamp", tile, version) VALUES (4833, 388877210, -770366469, 3, true, (now() at time zone 'utc'), 1704401620, 1);
INSERT INTO current_node_tags (node_id, k, v) VALUES (4833, 'hoot:id', '4833');
INSERT INTO node_tags (node_id, k, v, version) VALUES (4833, 'hoot:id', '4833', 1);
INSERT INTO current_node_tags (node_id, k, v) VALUES (4833, 'hoot:status', '2');
INSERT INTO node_tags (node_id, k, v, version) VALUES (4833, 'hoot:status', '2', 1);
/* create node 4834*/
INSERT INTO nodes (node_id, latitude, longitude, changeset_id, visible, "timestamp", tile, version) VALUES (4834, 388877290, -770366989, 3, true, (now() at time zone 'utc'), 1704401620, 1);
INSERT INTO current_nodes (id, latitude, longitude, changeset_id, visible, "timestamp", tile, version) VALUES (4834, 388877290, -770366989, 3, true, (now() at time zone 'utc'), 1704401620, 1);
INSERT INTO current_node_tags (node_id, k, v) VALUES (4834, 'hoot:id', '4834');
INSERT INTO node_tags (node_id, k, v, version) VALUES (4834, 'hoot:id', '4834', 1);
INSERT INTO current_node_tags (node_id, k, v) VALUES (4834, 'hoot:status', '2');
INSERT INTO node_tags (node_id, k, v, version) VALUES (4834, 'hoot:status', '2', 1);
/* create node 4835*/
INSERT INTO nodes (node_id, latitude, longitude, changeset_id, visible, "timestamp", tile, version) VALUES (4835, 388877360, -770367519, 3, true, (now() at time zone 'utc'), 1704401620, 1);
INSERT INTO current_nodes (id, latitude, longitude, changeset_id, visible, "timestamp", tile, version) VALUES (4835, 388877360, -770367519, 3, true, (now() at time zone 'utc'), 1704401620, 1);
INSERT INTO current_node_tags (node_id, k, v) VALUES (4835, 'hoot:id', '4835');
INSERT INTO node_tags (node_id, k, v, version) VALUES (4835, 'hoot:id', '4835', 1);
INSERT INTO current_node_tags (node_id, k, v) VALUES (4835, 'hoot:status', '2');
INSERT INTO node_tags (node_id, k, v, version) VALUES (4835, 'hoot:status', '2', 1);
/* create node 4836*/
INSERT INTO nodes (node_id, latitude, longitude, changeset_id, visible, "timestamp", tile, version) VALUES (4836, 388877440, -770368539, 3, true, (now() at time zone 'utc'), 1704401620, 1);
INSERT INTO current_nodes (id, latitude, longitude, changeset_id, visible, "timestamp", tile, version) VALUES (4836, 388877440, -770368539, 3, true, (now() at time zone 'utc'), 1704401620, 1);
INSERT INTO current_node_tags (node_id, k, v) VALUES (4836, 'hoot:id', '4836');
INSERT INTO node_tags (node_id, k, v, version) VALUES (4836, 'hoot:id', '4836', 1);
INSERT INTO current_node_tags (node_id, k, v) VALUES (4836, 'hoot:status', '2');
INSERT INTO node_tags (node_id, k, v, version) VALUES (4836, 'hoot:status', '2', 1);
/* create node 4837*/
INSERT INTO nodes (node_id, latitude, longitude, changeset_id, visible, "timestamp", tile, version) VALUES (4837, 388877450, -770369039, 3, true, (now() at time zone 'utc'), 1704401620, 1);
INSERT INTO current_nodes (id, latitude, longitude, changeset_id, visible, "timestamp", tile, version) VALUES (4837, 388877450, -770369039, 3, true, (now() at time zone 'utc'), 1704401620, 1);
INSERT INTO current_node_tags (node_id, k, v) VALUES (4837, 'hoot:id', '4837');
INSERT INTO node_tags (node_id, k, v, version) VALUES (4837, 'hoot:id', '4837', 1);
INSERT INTO current_node_tags (node_id, k, v) VALUES (4837, 'hoot:status', '2');
INSERT INTO node_tags (node_id, k, v, version) VALUES (4837, 'hoot:status', '2', 1);
/* create node 4838*/
INSERT INTO nodes (node_id, latitude, longitude, changeset_id, visible, "timestamp", tile, version) VALUES (4838, 388877430, -770369879, 3, true, (now() at time zone 'utc'), 1704401620, 1);
INSERT INTO current_nodes (id, latitude, longitude, changeset_id, visible, "timestamp", tile, version) VALUES (4838, 388877430, -770369879, 3, true, (now() at time zone 'utc'), 1704401620, 1);
INSERT INTO current_node_tags (node_id, k, v) VALUES (4838, 'hoot:id', '4838');
INSERT INTO node_tags (node_id, k, v, version) VALUES (4838, 'hoot:id', '4838', 1);
INSERT INTO current_node_tags (node_id, k, v) VALUES (4838, 'hoot:status', '2');
INSERT INTO node_tags (node_id, k, v, version) VALUES (4838, 'hoot:status', '2', 1);
/* create node 4839*/
INSERT INTO nodes (node_id, latitude, longitude, changeset_id, visible, "timestamp", tile, version) VALUES (4839, 388877360, -770371389, 3, true, (now() at time zone 'utc'), 1704401620, 1);
INSERT INTO current_nodes (id, latitude, longitude, changeset_id, visible, "timestamp", tile, version) VALUES (4839, 388877360, -770371389, 3, true, (now() at time zone 'utc'), 1704401620, 1);
INSERT INTO current_node_tags (node_id, k, v) VALUES (4839, 'hoot:id', '4839');
INSERT INTO node_tags (node_id, k, v, version) VALUES (4839, 'hoot:id', '4839', 1);
INSERT INTO current_node_tags (node_id, k, v) VALUES (4839, 'hoot:status', '2');
INSERT INTO node_tags (node_id, k, v, version) VALUES (4839, 'hoot:status', '2', 1);
/* create node 4840*/
INSERT INTO nodes (node_id, latitude, longitude, changeset_id, visible, "timestamp", tile, version) VALUES (4840, 388877160, -770373759, 3, true, (now() at time zone 'utc'), 1704401534, 1);
INSERT INTO current_nodes (id, latitude, longitude, changeset_id, visible, "timestamp", tile, version) VALUES (4840, 388877160, -770373759, 3, true, (now() at time zone 'utc'), 1704401534, 1);
INSERT INTO current_node_tags (node_id, k, v) VALUES (4840, 'hoot:id', '4840');
INSERT INTO node_tags (node_id, k, v, version) VALUES (4840, 'hoot:id', '4840', 1);
INSERT INTO current_node_tags (node_id, k, v) VALUES (4840, 'hoot:status', '2');
INSERT INTO node_tags (node_id, k, v, version) VALUES (4840, 'hoot:status', '2', 1);
/* create node 4841*/
INSERT INTO nodes (node_id, latitude, longitude, changeset_id, visible, "timestamp", tile, version) VALUES (4841, 388877100, -770375529, 3, true, (now() at time zone 'utc'), 1704401534, 1);
INSERT INTO current_nodes (id, latitude, longitude, changeset_id, visible, "timestamp", tile, version) VALUES (4841, 388877100, -770375529, 3, true, (now() at time zone 'utc'), 1704401534, 1);
INSERT INTO current_node_tags (node_id, k, v) VALUES (4841, 'hoot:id', '4841');
INSERT INTO node_tags (node_id, k, v, version) VALUES (4841, 'hoot:id', '4841', 1);
INSERT INTO current_node_tags (node_id, k, v) VALUES (4841, 'hoot:status', '2');
INSERT INTO node_tags (node_id, k, v, version) VALUES (4841, 'hoot:status', '2', 1);
/* create node 4842*/
INSERT INTO nodes (node_id, latitude, longitude, changeset_id, visible, "timestamp", tile, version) VALUES (4842, 388877260, -770378329, 3, true, (now() at time zone 'utc'), 1704401534, 1);
INSERT INTO current_nodes (id, latitude, longitude, changeset_id, visible, "timestamp", tile, version) VALUES (4842, 388877260, -770378329, 3, true, (now() at time zone 'utc'), 1704401534, 1);
INSERT INTO current_node_tags (node_id, k, v) VALUES (4842, 'hoot:id', '4842');
INSERT INTO node_tags (node_id, k, v, version) VALUES (4842, 'hoot:id', '4842', 1);
INSERT INTO current_node_tags (node_id, k, v) VALUES (4842, 'hoot:status', '2');
INSERT INTO node_tags (node_id, k, v, version) VALUES (4842, 'hoot:status', '2', 1);
/* create node 4843*/
INSERT INTO nodes (node_id, latitude, longitude, changeset_id, visible, "timestamp", tile, version) VALUES (4843, 388877980, -770380739, 3, true, (now() at time zone 'utc'), 1704401534, 1);
INSERT INTO current_nodes (id, latitude, longitude, changeset_id, visible, "timestamp", tile, version) VALUES (4843, 388877980, -770380739, 3, true, (now() at time zone 'utc'), 1704401534, 1);
INSERT INTO current_node_tags (node_id, k, v) VALUES (4843, 'hoot:id', '4843');
INSERT INTO node_tags (node_id, k, v, version) VALUES (4843, 'hoot:id', '4843', 1);
INSERT INTO current_node_tags (node_id, k, v) VALUES (4843, 'hoot:status', '2');
INSERT INTO node_tags (node_id, k, v, version) VALUES (4843, 'hoot:status', '2', 1);
/* create node 4844*/
INSERT INTO nodes (node_id, latitude, longitude, changeset_id, visible, "timestamp", tile, version) VALUES (4844, 388879670, -770388069, 3, true, (now() at time zone 'utc'), 1704401534, 1);
INSERT INTO current_nodes (id, latitude, longitude, changeset_id, visible, "timestamp", tile, version) VALUES (4844, 388879670, -770388069, 3, true, (now() at time zone 'utc'), 1704401534, 1);
INSERT INTO current_node_tags (node_id, k, v) VALUES (4844, 'hoot:id', '4844');
INSERT INTO node_tags (node_id, k, v, version) VALUES (4844, 'hoot:id', '4844', 1);
INSERT INTO current_node_tags (node_id, k, v) VALUES (4844, 'hoot:status', '2');
INSERT INTO node_tags (node_id, k, v, version) VALUES (4844, 'hoot:status', '2', 1);
/* create node 4845*/
INSERT INTO nodes (node_id, latitude, longitude, changeset_id, visible, "timestamp", tile, version) VALUES (4845, 388879720, -770388439, 3, true, (now() at time zone 'utc'), 1704401534, 1);
INSERT INTO current_nodes (id, latitude, longitude, changeset_id, visible, "timestamp", tile, version) VALUES (4845, 388879720, -770388439, 3, true, (now() at time zone 'utc'), 1704401534, 1);
INSERT INTO current_node_tags (node_id, k, v) VALUES (4845, 'hoot:id', '4845');
INSERT INTO node_tags (node_id, k, v, version) VALUES (4845, 'hoot:id', '4845', 1);
INSERT INTO current_node_tags (node_id, k, v) VALUES (4845, 'hoot:status', '2');
INSERT INTO node_tags (node_id, k, v, version) VALUES (4845, 'hoot:status', '2', 1);
/* create node 4846*/
INSERT INTO nodes (node_id, latitude, longitude, changeset_id, visible, "timestamp", tile, version) VALUES (4846, 388879820, -770389249, 3, true, (now() at time zone 'utc'), 1704401534, 1);
INSERT INTO current_nodes (id, latitude, longitude, changeset_id, visible, "timestamp", tile, version) VALUES (4846, 388879820, -770389249, 3, true, (now() at time zone 'utc'), 1704401534, 1);
INSERT INTO current_node_tags (node_id, k, v) VALUES (4846, 'hoot:id', '4846');
INSERT INTO node_tags (node_id, k, v, version) VALUES (4846, 'hoot:id', '4846', 1);
INSERT INTO current_node_tags (node_id, k, v) VALUES (4846, 'hoot:status', '2');
INSERT INTO node_tags (node_id, k, v, version) VALUES (4846, 'hoot:status', '2', 1);
/* create node 4847*/
INSERT INTO nodes (node_id, latitude, longitude, changeset_id, visible, "timestamp", tile, version) VALUES (4847, 388879900, -770390249, 3, true, (now() at time zone 'utc'), 1704401534, 1);
INSERT INTO current_nodes (id, latitude, longitude, changeset_id, visible, "timestamp", tile, version) VALUES (4847, 388879900, -770390249, 3, true, (now() at time zone 'utc'), 1704401534, 1);
INSERT INTO current_node_tags (node_id, k, v) VALUES (4847, 'hoot:id', '4847');
INSERT INTO node_tags (node_id, k, v, version) VALUES (4847, 'hoot:id', '4847', 1);
INSERT INTO current_node_tags (node_id, k, v) VALUES (4847, 'hoot:status', '2');
INSERT INTO node_tags (node_id, k, v, version) VALUES (4847, 'hoot:status', '2', 1);
/* create node 4848*/
INSERT INTO nodes (node_id, latitude, longitude, changeset_id, visible, "timestamp", tile, version) VALUES (4848, 388880100, -770394939, 3, true, (now() at time zone 'utc'), 1704401534, 1);
INSERT INTO current_nodes (id, latitude, longitude, changeset_id, visible, "timestamp", tile, version) VALUES (4848, 388880100, -770394939, 3, true, (now() at time zone 'utc'), 1704401534, 1);
INSERT INTO current_node_tags (node_id, k, v) VALUES (4848, 'hoot:id', '4848');
INSERT INTO node_tags (node_id, k, v, version) VALUES (4848, 'hoot:id', '4848', 1);
INSERT INTO current_node_tags (node_id, k, v) VALUES (4848, 'hoot:status', '2');
INSERT INTO node_tags (node_id, k, v, version) VALUES (4848, 'hoot:status', '2', 1);
/* create node 4849*/
INSERT INTO nodes (node_id, latitude, longitude, changeset_id, visible, "timestamp", tile, version) VALUES (4849, 388880090, -770395919, 3, true, (now() at time zone 'utc'), 1704401534, 1);
INSERT INTO current_nodes (id, latitude, longitude, changeset_id, visible, "timestamp", tile, version) VALUES (4849, 388880090, -770395919, 3, true, (now() at time zone 'utc'), 1704401534, 1);
INSERT INTO current_node_tags (node_id, k, v) VALUES (4849, 'hoot:id', '4849');
INSERT INTO node_tags (node_id, k, v, version) VALUES (4849, 'hoot:id', '4849', 1);
INSERT INTO current_node_tags (node_id, k, v) VALUES (4849, 'hoot:status', '2');
INSERT INTO node_tags (node_id, k, v, version) VALUES (4849, 'hoot:status', '2', 1);
/* create node 4850*/
INSERT INTO nodes (node_id, latitude, longitude, changeset_id, visible, "timestamp", tile, version) VALUES (4850, 388880050, -770396979, 3, true, (now() at time zone 'utc'), 1704401534, 1);
INSERT INTO current_nodes (id, latitude, longitude, changeset_id, visible, "timestamp", tile, version) VALUES (4850, 388880050, -770396979, 3, true, (now() at time zone 'utc'), 1704401534, 1);
INSERT INTO current_node_tags (node_id, k, v) VALUES (4850, 'hoot:id', '4850');
INSERT INTO node_tags (node_id, k, v, version) VALUES (4850, 'hoot:id', '4850', 1);
INSERT INTO current_node_tags (node_id, k, v) VALUES (4850, 'hoot:status', '2');
INSERT INTO node_tags (node_id, k, v, version) VALUES (4850, 'hoot:status', '2', 1);
/* create node 4851*/
INSERT INTO nodes (node_id, latitude, longitude, changeset_id, visible, "timestamp", tile, version) VALUES (4851, 388879950, -770398609, 3, true, (now() at time zone 'utc'), 1704401534, 1);
INSERT INTO current_nodes (id, latitude, longitude, changeset_id, visible, "timestamp", tile, version) VALUES (4851, 388879950, -770398609, 3, true, (now() at time zone 'utc'), 1704401534, 1);
INSERT INTO current_node_tags (node_id, k, v) VALUES (4851, 'hoot:id', '4851');
INSERT INTO node_tags (node_id, k, v, version) VALUES (4851, 'hoot:id', '4851', 1);
INSERT INTO current_node_tags (node_id, k, v) VALUES (4851, 'hoot:status', '2');
INSERT INTO node_tags (node_id, k, v, version) VALUES (4851, 'hoot:status', '2', 1);
/* create node 4852*/
INSERT INTO nodes (node_id, latitude, longitude, changeset_id, visible, "timestamp", tile, version) VALUES (4852, 388879900, -770399199, 3, true, (now() at time zone 'utc'), 1704401534, 1);
INSERT INTO current_nodes (id, latitude, longitude, changeset_id, visible, "timestamp", tile, version) VALUES (4852, 388879900, -770399199, 3, true, (now() at time zone 'utc'), 1704401534, 1);
INSERT INTO current_node_tags (node_id, k, v) VALUES (4852, 'hoot:id', '4852');
INSERT INTO node_tags (node_id, k, v, version) VALUES (4852, 'hoot:id', '4852', 1);
INSERT INTO current_node_tags (node_id, k, v) VALUES (4852, 'hoot:status', '2');
INSERT INTO node_tags (node_id, k, v, version) VALUES (4852, 'hoot:status', '2', 1);
/* create node 4853*/
INSERT INTO nodes (node_id, latitude, longitude, changeset_id, visible, "timestamp", tile, version) VALUES (4853, 388879840, -770399779, 3, true, (now() at time zone 'utc'), 1704401534, 1);
INSERT INTO current_nodes (id, latitude, longitude, changeset_id, visible, "timestamp", tile, version) VALUES (4853, 388879840, -770399779, 3, true, (now() at time zone 'utc'), 1704401534, 1);
INSERT INTO current_node_tags (node_id, k, v) VALUES (4853, 'hoot:id', '4853');
INSERT INTO node_tags (node_id, k, v, version) VALUES (4853, 'hoot:id', '4853', 1);
INSERT INTO current_node_tags (node_id, k, v) VALUES (4853, 'hoot:status', '2');
INSERT INTO node_tags (node_id, k, v, version) VALUES (4853, 'hoot:status', '2', 1);
/* create node 4854*/
INSERT INTO nodes (node_id, latitude, longitude, changeset_id, visible, "timestamp", tile, version) VALUES (4854, 388879720, -770400649, 3, true, (now() at time zone 'utc'), 1704401534, 1);
INSERT INTO current_nodes (id, latitude, longitude, changeset_id, visible, "timestamp", tile, version) VALUES (4854, 388879720, -770400649, 3, true, (now() at time zone 'utc'), 1704401534, 1);
INSERT INTO current_node_tags (node_id, k, v) VALUES (4854, 'hoot:id', '4854');
INSERT INTO node_tags (node_id, k, v, version) VALUES (4854, 'hoot:id', '4854', 1);
INSERT INTO current_node_tags (node_id, k, v) VALUES (4854, 'hoot:status', '2');
INSERT INTO node_tags (node_id, k, v, version) VALUES (4854, 'hoot:status', '2', 1);
/* create node 4855*/
INSERT INTO nodes (node_id, latitude, longitude, changeset_id, visible, "timestamp", tile, version) VALUES (4855, 388879500, -770401959, 3, true, (now() at time zone 'utc'), 1704401534, 1);
INSERT INTO current_nodes (id, latitude, longitude, changeset_id, visible, "timestamp", tile, version) VALUES (4855, 388879500, -770401959, 3, true, (now() at time zone 'utc'), 1704401534, 1);
INSERT INTO current_node_tags (node_id, k, v) VALUES (4855, 'hoot:id', '4855');
INSERT INTO node_tags (node_id, k, v, version) VALUES (4855, 'hoot:id', '4855', 1);
INSERT INTO current_node_tags (node_id, k, v) VALUES (4855, 'hoot:status', '2');
INSERT INTO node_tags (node_id, k, v, version) VALUES (4855, 'hoot:status', '2', 1);
/* create node 4856*/
INSERT INTO nodes (node_id, latitude, longitude, changeset_id, visible, "timestamp", tile, version) VALUES (4856, 388879170, -770403529, 3, true, (now() at time zone 'utc'), 1704401534, 1);
INSERT INTO current_nodes (id, latitude, longitude, changeset_id, visible, "timestamp", tile, version) VALUES (4856, 388879170, -770403529, 3, true, (now() at time zone 'utc'), 1704401534, 1);
INSERT INTO current_node_tags (node_id, k, v) VALUES (4856, 'hoot:id', '4856');
INSERT INTO node_tags (node_id, k, v, version) VALUES (4856, 'hoot:id', '4856', 1);
INSERT INTO current_node_tags (node_id, k, v) VALUES (4856, 'hoot:status', '2');
INSERT INTO node_tags (node_id, k, v, version) VALUES (4856, 'hoot:status', '2', 1);
/* create node 4857*/
INSERT INTO nodes (node_id, latitude, longitude, changeset_id, visible, "timestamp", tile, version) VALUES (4857, 388878950, -770404439, 3, true, (now() at time zone 'utc'), 1704401534, 1);
INSERT INTO current_nodes (id, latitude, longitude, changeset_id, visible, "timestamp", tile, version) VALUES (4857, 388878950, -770404439, 3, true, (now() at time zone 'utc'), 1704401534, 1);
INSERT INTO current_node_tags (node_id, k, v) VALUES (4857, 'hoot:id', '4857');
INSERT INTO node_tags (node_id, k, v, version) VALUES (4857, 'hoot:id', '4857', 1);
INSERT INTO current_node_tags (node_id, k, v) VALUES (4857, 'hoot:status', '2');
INSERT INTO node_tags (node_id, k, v, version) VALUES (4857, 'hoot:status', '2', 1);
/* create node 4858*/
INSERT INTO nodes (node_id, latitude, longitude, changeset_id, visible, "timestamp", tile, version) VALUES (4858, 388878760, -770405139, 3, true, (now() at time zone 'utc'), 1704401534, 1);
INSERT INTO current_nodes (id, latitude, longitude, changeset_id, visible, "timestamp", tile, version) VALUES (4858, 388878760, -770405139, 3, true, (now() at time zone 'utc'), 1704401534, 1);
INSERT INTO current_node_tags (node_id, k, v) VALUES (4858, 'hoot:id', '4858');
INSERT INTO node_tags (node_id, k, v, version) VALUES (4858, 'hoot:id', '4858', 1);
INSERT INTO current_node_tags (node_id, k, v) VALUES (4858, 'hoot:status', '2');
INSERT INTO node_tags (node_id, k, v, version) VALUES (4858, 'hoot:status', '2', 1);
/* create node 4859*/
INSERT INTO nodes (node_id, latitude, longitude, changeset_id, visible, "timestamp", tile, version) VALUES (4859, 388878430, -770406169, 3, true, (now() at time zone 'utc'), 1704401534, 1);
INSERT INTO current_nodes (id, latitude, longitude, changeset_id, visible, "timestamp", tile, version) VALUES (4859, 388878430, -770406169, 3, true, (now() at time zone 'utc'), 1704401534, 1);
INSERT INTO current_node_tags (node_id, k, v) VALUES (4859, 'hoot:id', '4859');
INSERT INTO node_tags (node_id, k, v, version) VALUES (4859, 'hoot:id', '4859', 1);
INSERT INTO current_node_tags (node_id, k, v) VALUES (4859, 'hoot:status', '2');
INSERT INTO node_tags (node_id, k, v, version) VALUES (4859, 'hoot:status', '2', 1);
/* create node 4860*/
INSERT INTO nodes (node_id, latitude, longitude, changeset_id, visible, "timestamp", tile, version) VALUES (4860, 388877970, -770407399, 3, true, (now() at time zone 'utc'), 1704401534, 1);
INSERT INTO current_nodes (id, latitude, longitude, changeset_id, visible, "timestamp", tile, version) VALUES (4860, 388877970, -770407399, 3, true, (now() at time zone 'utc'), 1704401534, 1);
INSERT INTO current_node_tags (node_id, k, v) VALUES (4860, 'hoot:id', '4860');
INSERT INTO node_tags (node_id, k, v, version) VALUES (4860, 'hoot:id', '4860', 1);
INSERT INTO current_node_tags (node_id, k, v) VALUES (4860, 'hoot:status', '2');
INSERT INTO node_tags (node_id, k, v, version) VALUES (4860, 'hoot:status', '2', 1);
/* create node 4861*/
INSERT INTO nodes (node_id, latitude, longitude, changeset_id, visible, "timestamp", tile, version) VALUES (4861, 388877490, -770408609, 3, true, (now() at time zone 'utc'), 1704401534, 1);
INSERT INTO current_nodes (id, latitude, longitude, changeset_id, visible, "timestamp", tile, version) VALUES (4861, 388877490, -770408609, 3, true, (now() at time zone 'utc'), 1704401534, 1);
INSERT INTO current_node_tags (node_id, k, v) VALUES (4861, 'hoot:id', '4861');
INSERT INTO node_tags (node_id, k, v, version) VALUES (4861, 'hoot:id', '4861', 1);
INSERT INTO current_node_tags (node_id, k, v) VALUES (4861, 'hoot:status', '2');
INSERT INTO node_tags (node_id, k, v, version) VALUES (4861, 'hoot:status', '2', 1);
/* create node 4862*/
INSERT INTO nodes (node_id, latitude, longitude, changeset_id, visible, "timestamp", tile, version) VALUES (4862, 388876980, -770409809, 3, true, (now() at time zone 'utc'), 1704401534, 1);
INSERT INTO current_nodes (id, latitude, longitude, changeset_id, visible, "timestamp", tile, version) VALUES (4862, 388876980, -770409809, 3, true, (now() at time zone 'utc'), 1704401534, 1);
INSERT INTO current_node_tags (node_id, k, v) VALUES (4862, 'hoot:id', '4862');
INSERT INTO node_tags (node_id, k, v, version) VALUES (4862, 'hoot:id', '4862', 1);
INSERT INTO current_node_tags (node_id, k, v) VALUES (4862, 'hoot:status', '2');
INSERT INTO node_tags (node_id, k, v, version) VALUES (4862, 'hoot:status', '2', 1);
/* create node 4863*/
INSERT INTO nodes (node_id, latitude, longitude, changeset_id, visible, "timestamp", tile, version) VALUES (4863, 388876460, -770410989, 3, true, (now() at time zone 'utc'), 1704401534, 1);
INSERT INTO current_nodes (id, latitude, longitude, changeset_id, visible, "timestamp", tile, version) VALUES (4863, 388876460, -770410989, 3, true, (now() at time zone 'utc'), 1704401534, 1);
INSERT INTO current_node_tags (node_id, k, v) VALUES (4863, 'hoot:id', '4863');
INSERT INTO node_tags (node_id, k, v, version) VALUES (4863, 'hoot:id', '4863', 1);
INSERT INTO current_node_tags (node_id, k, v) VALUES (4863, 'hoot:status', '2');
INSERT INTO node_tags (node_id, k, v, version) VALUES (4863, 'hoot:status', '2', 1);
/* create node 4864*/
INSERT INTO nodes (node_id, latitude, longitude, changeset_id, visible, "timestamp", tile, version) VALUES (4864, 388875330, -770413379, 3, true, (now() at time zone 'utc'), 1704401534, 1);
INSERT INTO current_nodes (id, latitude, longitude, changeset_id, visible, "timestamp", tile, version) VALUES (4864, 388875330, -770413379, 3, true, (now() at time zone 'utc'), 1704401534, 1);
INSERT INTO current_node_tags (node_id, k, v) VALUES (4864, 'hoot:id', '4864');
INSERT INTO node_tags (node_id, k, v, version) VALUES (4864, 'hoot:id', '4864', 1);
INSERT INTO current_node_tags (node_id, k, v) VALUES (4864, 'hoot:status', '2');
INSERT INTO node_tags (node_id, k, v, version) VALUES (4864, 'hoot:status', '2', 1);
/* create node 4865*/
INSERT INTO nodes (node_id, latitude, longitude, changeset_id, visible, "timestamp", tile, version) VALUES (4865, 388874660, -770414809, 3, true, (now() at time zone 'utc'), 1704401534, 1);
INSERT INTO current_nodes (id, latitude, longitude, changeset_id, visible, "timestamp", tile, version) VALUES (4865, 388874660, -770414809, 3, true, (now() at time zone 'utc'), 1704401534, 1);
INSERT INTO current_node_tags (node_id, k, v) VALUES (4865, 'hoot:id', '4865');
INSERT INTO node_tags (node_id, k, v, version) VALUES (4865, 'hoot:id', '4865', 1);
INSERT INTO current_node_tags (node_id, k, v) VALUES (4865, 'hoot:status', '2');
INSERT INTO node_tags (node_id, k, v, version) VALUES (4865, 'hoot:status', '2', 1);
/* create node 4866*/
INSERT INTO nodes (node_id, latitude, longitude, changeset_id, visible, "timestamp", tile, version) VALUES (4866, 388873690, -770416849, 3, true, (now() at time zone 'utc'), 1704401534, 1);
INSERT INTO current_nodes (id, latitude, longitude, changeset_id, visible, "timestamp", tile, version) VALUES (4866, 388873690, -770416849, 3, true, (now() at time zone 'utc'), 1704401534, 1);
INSERT INTO current_node_tags (node_id, k, v) VALUES (4866, 'hoot:id', '4866');
INSERT INTO node_tags (node_id, k, v, version) VALUES (4866, 'hoot:id', '4866', 1);
INSERT INTO current_node_tags (node_id, k, v) VALUES (4866, 'hoot:status', '2');
INSERT INTO node_tags (node_id, k, v, version) VALUES (4866, 'hoot:status', '2', 1);
/* create node 4867*/
INSERT INTO nodes (node_id, latitude, longitude, changeset_id, visible, "timestamp", tile, version) VALUES (4867, 388873150, -770418099, 3, true, (now() at time zone 'utc'), 1704401534, 1);
INSERT INTO current_nodes (id, latitude, longitude, changeset_id, visible, "timestamp", tile, version) VALUES (4867, 388873150, -770418099, 3, true, (now() at time zone 'utc'), 1704401534, 1);
INSERT INTO current_node_tags (node_id, k, v) VALUES (4867, 'hoot:id', '4867');
INSERT INTO node_tags (node_id, k, v, version) VALUES (4867, 'hoot:id', '4867', 1);
INSERT INTO current_node_tags (node_id, k, v) VALUES (4867, 'hoot:status', '2');
INSERT INTO node_tags (node_id, k, v, version) VALUES (4867, 'hoot:status', '2', 1);
/* create node 4868*/
INSERT INTO nodes (node_id, latitude, longitude, changeset_id, visible, "timestamp", tile, version) VALUES (4868, 388872630, -770419369, 3, true, (now() at time zone 'utc'), 1704401534, 1);
INSERT INTO current_nodes (id, latitude, longitude, changeset_id, visible, "timestamp", tile, version) VALUES (4868, 388872630, -770419369, 3, true, (now() at time zone 'utc'), 1704401534, 1);
INSERT INTO current_node_tags (node_id, k, v) VALUES (4868, 'hoot:id', '4868');
INSERT INTO node_tags (node_id, k, v, version) VALUES (4868, 'hoot:id', '4868', 1);
INSERT INTO current_node_tags (node_id, k, v) VALUES (4868, 'hoot:status', '2');
INSERT INTO node_tags (node_id, k, v, version) VALUES (4868, 'hoot:status', '2', 1);
/* create node 4869*/
INSERT INTO nodes (node_id, latitude, longitude, changeset_id, visible, "timestamp", tile, version) VALUES (4869, 388872140, -770420699, 3, true, (now() at time zone 'utc'), 1704401534, 1);
INSERT INTO current_nodes (id, latitude, longitude, changeset_id, visible, "timestamp", tile, version) VALUES (4869, 388872140, -770420699, 3, true, (now() at time zone 'utc'), 1704401534, 1);
INSERT INTO current_node_tags (node_id, k, v) VALUES (4869, 'hoot:id', '4869');
INSERT INTO node_tags (node_id, k, v, version) VALUES (4869, 'hoot:id', '4869', 1);
INSERT INTO current_node_tags (node_id, k, v) VALUES (4869, 'hoot:status', '2');
INSERT INTO node_tags (node_id, k, v, version) VALUES (4869, 'hoot:status', '2', 1);
/* create node 4870*/
INSERT INTO nodes (node_id, latitude, longitude, changeset_id, visible, "timestamp", tile, version) VALUES (4870, 388871780, -770421749, 3, true, (now() at time zone 'utc'), 1704401534, 1);
INSERT INTO current_nodes (id, latitude, longitude, changeset_id, visible, "timestamp", tile, version) VALUES (4870, 388871780, -770421749, 3, true, (now() at time zone 'utc'), 1704401534, 1);
INSERT INTO current_node_tags (node_id, k, v) VALUES (4870, 'hoot:id', '4870');
INSERT INTO node_tags (node_id, k, v, version) VALUES (4870, 'hoot:id', '4870', 1);
INSERT INTO current_node_tags (node_id, k, v) VALUES (4870, 'hoot:status', '2');
INSERT INTO node_tags (node_id, k, v, version) VALUES (4870, 'hoot:status', '2', 1);
/* create node 4871*/
INSERT INTO nodes (node_id, latitude, longitude, changeset_id, visible, "timestamp", tile, version) VALUES (4871, 388871450, -770422799, 3, true, (now() at time zone 'utc'), 1704401534, 1);
INSERT INTO current_nodes (id, latitude, longitude, changeset_id, visible, "timestamp", tile, version) VALUES (4871, 388871450, -770422799, 3, true, (now() at time zone 'utc'), 1704401534, 1);
INSERT INTO current_node_tags (node_id, k, v) VALUES (4871, 'hoot:id', '4871');
INSERT INTO node_tags (node_id, k, v, version) VALUES (4871, 'hoot:id', '4871', 1);
INSERT INTO current_node_tags (node_id, k, v) VALUES (4871, 'hoot:status', '2');
INSERT INTO node_tags (node_id, k, v, version) VALUES (4871, 'hoot:status', '2', 1);
/* create node 4872*/
INSERT INTO nodes (node_id, latitude, longitude, changeset_id, visible, "timestamp", tile, version) VALUES (4872, 388871160, -770423869, 3, true, (now() at time zone 'utc'), 1704401534, 1);
INSERT INTO current_nodes (id, latitude, longitude, changeset_id, visible, "timestamp", tile, version) VALUES (4872, 388871160, -770423869, 3, true, (now() at time zone 'utc'), 1704401534, 1);
INSERT INTO current_node_tags (node_id, k, v) VALUES (4872, 'hoot:id', '4872');
INSERT INTO node_tags (node_id, k, v, version) VALUES (4872, 'hoot:id', '4872', 1);
INSERT INTO current_node_tags (node_id, k, v) VALUES (4872, 'hoot:status', '2');
INSERT INTO node_tags (node_id, k, v, version) VALUES (4872, 'hoot:status', '2', 1);
/* create node 4873*/
INSERT INTO nodes (node_id, latitude, longitude, changeset_id, visible, "timestamp", tile, version) VALUES (4873, 388870830, -770425299, 3, true, (now() at time zone 'utc'), 1704401534, 1);
INSERT INTO current_nodes (id, latitude, longitude, changeset_id, visible, "timestamp", tile, version) VALUES (4873, 388870830, -770425299, 3, true, (now() at time zone 'utc'), 1704401534, 1);
INSERT INTO current_node_tags (node_id, k, v) VALUES (4873, 'hoot:id', '4873');
INSERT INTO node_tags (node_id, k, v, version) VALUES (4873, 'hoot:id', '4873', 1);
INSERT INTO current_node_tags (node_id, k, v) VALUES (4873, 'hoot:status', '2');
INSERT INTO node_tags (node_id, k, v, version) VALUES (4873, 'hoot:status', '2', 1);
/* create node 4874*/
INSERT INTO nodes (node_id, latitude, longitude, changeset_id, visible, "timestamp", tile, version) VALUES (4874, 388870680, -770426019, 3, true, (now() at time zone 'utc'), 1704401534, 1);
INSERT INTO current_nodes (id, latitude, longitude, changeset_id, visible, "timestamp", tile, version) VALUES (4874, 388870680, -770426019, 3, true, (now() at time zone 'utc'), 1704401534, 1);
INSERT INTO current_node_tags (node_id, k, v) VALUES (4874, 'hoot:id', '4874');
INSERT INTO node_tags (node_id, k, v, version) VALUES (4874, 'hoot:id', '4874', 1);
INSERT INTO current_node_tags (node_id, k, v) VALUES (4874, 'hoot:status', '2');
INSERT INTO node_tags (node_id, k, v, version) VALUES (4874, 'hoot:status', '2', 1);
/* create node 4875*/
INSERT INTO nodes (node_id, latitude, longitude, changeset_id, visible, "timestamp", tile, version) VALUES (4875, 388870490, -770427109, 3, true, (now() at time zone 'utc'), 1704401534, 1);
INSERT INTO current_nodes (id, latitude, longitude, changeset_id, visible, "timestamp", tile, version) VALUES (4875, 388870490, -770427109, 3, true, (now() at time zone 'utc'), 1704401534, 1);
INSERT INTO current_node_tags (node_id, k, v) VALUES (4875, 'hoot:id', '4875');
INSERT INTO node_tags (node_id, k, v, version) VALUES (4875, 'hoot:id', '4875', 1);
INSERT INTO current_node_tags (node_id, k, v) VALUES (4875, 'hoot:status', '2');
INSERT INTO node_tags (node_id, k, v, version) VALUES (4875, 'hoot:status', '2', 1);
/* create node 4876*/
INSERT INTO nodes (node_id, latitude, longitude, changeset_id, visible, "timestamp", tile, version) VALUES (4876, 388870400, -770427559, 3, true, (now() at time zone 'utc'), 1704401534, 1);
INSERT INTO current_nodes (id, latitude, longitude, changeset_id, visible, "timestamp", tile, version) VALUES (4876, 388870400, -770427559, 3, true, (now() at time zone 'utc'), 1704401534, 1);
INSERT INTO current_node_tags (node_id, k, v) VALUES (4876, 'hoot:id', '4876');
INSERT INTO node_tags (node_id, k, v, version) VALUES (4876, 'hoot:id', '4876', 1);
INSERT INTO current_node_tags (node_id, k, v) VALUES (4876, 'hoot:status', '2');
INSERT INTO node_tags (node_id, k, v, version) VALUES (4876, 'hoot:status', '2', 1);
/* create node 4877*/
INSERT INTO nodes (node_id, latitude, longitude, changeset_id, visible, "timestamp", tile, version) VALUES (4877, 388870190, -770428929, 3, true, (now() at time zone 'utc'), 1704401532, 1);
INSERT INTO current_nodes (id, latitude, longitude, changeset_id, visible, "timestamp", tile, version) VALUES (4877, 388870190, -770428929, 3, true, (now() at time zone 'utc'), 1704401532, 1);
INSERT INTO current_node_tags (node_id, k, v) VALUES (4877, 'hoot:id', '4877');
INSERT INTO node_tags (node_id, k, v, version) VALUES (4877, 'hoot:id', '4877', 1);
INSERT INTO current_node_tags (node_id, k, v) VALUES (4877, 'hoot:status', '2');
INSERT INTO node_tags (node_id, k, v, version) VALUES (4877, 'hoot:status', '2', 1);
/* create node 4878*/
INSERT INTO nodes (node_id, latitude, longitude, changeset_id, visible, "timestamp", tile, version) VALUES (4878, 388870030, -770430319, 3, true, (now() at time zone 'utc'), 1704401532, 1);
INSERT INTO current_nodes (id, latitude, longitude, changeset_id, visible, "timestamp", tile, version) VALUES (4878, 388870030, -770430319, 3, true, (now() at time zone 'utc'), 1704401532, 1);
INSERT INTO current_node_tags (node_id, k, v) VALUES (4878, 'hoot:id', '4878');
INSERT INTO node_tags (node_id, k, v, version) VALUES (4878, 'hoot:id', '4878', 1);
INSERT INTO current_node_tags (node_id, k, v) VALUES (4878, 'hoot:status', '2');
INSERT INTO node_tags (node_id, k, v, version) VALUES (4878, 'hoot:status', '2', 1);
/* create node 4879*/
INSERT INTO nodes (node_id, latitude, longitude, changeset_id, visible, "timestamp", tile, version) VALUES (4879, 388869950, -770431239, 3, true, (now() at time zone 'utc'), 1704401532, 1);
INSERT INTO current_nodes (id, latitude, longitude, changeset_id, visible, "timestamp", tile, version) VALUES (4879, 388869950, -770431239, 3, true, (now() at time zone 'utc'), 1704401532, 1);
INSERT INTO current_node_tags (node_id, k, v) VALUES (4879, 'hoot:id', '4879');
INSERT INTO node_tags (node_id, k, v, version) VALUES (4879, 'hoot:id', '4879', 1);
INSERT INTO current_node_tags (node_id, k, v) VALUES (4879, 'hoot:status', '2');
INSERT INTO node_tags (node_id, k, v, version) VALUES (4879, 'hoot:status', '2', 1);
/* create node 4880*/
INSERT INTO nodes (node_id, latitude, longitude, changeset_id, visible, "timestamp", tile, version) VALUES (4880, 388869830, -770432879, 3, true, (now() at time zone 'utc'), 1704401532, 1);
INSERT INTO current_nodes (id, latitude, longitude, changeset_id, visible, "timestamp", tile, version) VALUES (4880, 388869830, -770432879, 3, true, (now() at time zone 'utc'), 1704401532, 1);
INSERT INTO current_node_tags (node_id, k, v) VALUES (4880, 'hoot:id', '4880');
INSERT INTO node_tags (node_id, k, v, version) VALUES (4880, 'hoot:id', '4880', 1);
INSERT INTO current_node_tags (node_id, k, v) VALUES (4880, 'hoot:status', '2');
INSERT INTO node_tags (node_id, k, v, version) VALUES (4880, 'hoot:status', '2', 1);
/* create node 4881*/
INSERT INTO nodes (node_id, latitude, longitude, changeset_id, visible, "timestamp", tile, version) VALUES (4881, 388869790, -770434059, 3, true, (now() at time zone 'utc'), 1704401532, 1);
INSERT INTO current_nodes (id, latitude, longitude, changeset_id, visible, "timestamp", tile, version) VALUES (4881, 388869790, -770434059, 3, true, (now() at time zone 'utc'), 1704401532, 1);
INSERT INTO current_node_tags (node_id, k, v) VALUES (4881, 'hoot:id', '4881');
INSERT INTO node_tags (node_id, k, v, version) VALUES (4881, 'hoot:id', '4881', 1);
INSERT INTO current_node_tags (node_id, k, v) VALUES (4881, 'hoot:status', '2');
INSERT INTO node_tags (node_id, k, v, version) VALUES (4881, 'hoot:status', '2', 1);
/* create node 4882*/
INSERT INTO nodes (node_id, latitude, longitude, changeset_id, visible, "timestamp", tile, version) VALUES (4882, 388869790, -770434459, 3, true, (now() at time zone 'utc'), 1704401532, 1);
INSERT INTO current_nodes (id, latitude, longitude, changeset_id, visible, "timestamp", tile, version) VALUES (4882, 388869790, -770434459, 3, true, (now() at time zone 'utc'), 1704401532, 1);
INSERT INTO current_node_tags (node_id, k, v) VALUES (4882, 'hoot:id', '4882');
INSERT INTO node_tags (node_id, k, v, version) VALUES (4882, 'hoot:id', '4882', 1);
INSERT INTO current_node_tags (node_id, k, v) VALUES (4882, 'hoot:status', '2');
INSERT INTO node_tags (node_id, k, v, version) VALUES (4882, 'hoot:status', '2', 1);
/* create node 4883*/
INSERT INTO nodes (node_id, latitude, longitude, changeset_id, visible, "timestamp", tile, version) VALUES (4883, 388869810, -770435249, 3, true, (now() at time zone 'utc'), 1704401532, 1);
INSERT INTO current_nodes (id, latitude, longitude, changeset_id, visible, "timestamp", tile, version) VALUES (4883, 388869810, -770435249, 3, true, (now() at time zone 'utc'), 1704401532, 1);
INSERT INTO current_node_tags (node_id, k, v) VALUES (4883, 'hoot:id', '4883');
INSERT INTO node_tags (node_id, k, v, version) VALUES (4883, 'hoot:id', '4883', 1);
INSERT INTO current_node_tags (node_id, k, v) VALUES (4883, 'hoot:status', '2');
INSERT INTO node_tags (node_id, k, v, version) VALUES (4883, 'hoot:status', '2', 1);
/* create node 4884*/
INSERT INTO nodes (node_id, latitude, longitude, changeset_id, visible, "timestamp", tile, version) VALUES (4884, 388869850, -770436099, 3, true, (now() at time zone 'utc'), 1704401532, 1);
INSERT INTO current_nodes (id, latitude, longitude, changeset_id, visible, "timestamp", tile, version) VALUES (4884, 388869850, -770436099, 3, true, (now() at time zone 'utc'), 1704401532, 1);
INSERT INTO current_node_tags (node_id, k, v) VALUES (4884, 'hoot:id', '4884');
INSERT INTO node_tags (node_id, k, v, version) VALUES (4884, 'hoot:id', '4884', 1);
INSERT INTO current_node_tags (node_id, k, v) VALUES (4884, 'hoot:status', '2');
INSERT INTO node_tags (node_id, k, v, version) VALUES (4884, 'hoot:status', '2', 1);
/* create node 4885*/
INSERT INTO nodes (node_id, latitude, longitude, changeset_id, visible, "timestamp", tile, version) VALUES (4885, 388869860, -770436569, 3, true, (now() at time zone 'utc'), 1704401532, 1);
INSERT INTO current_nodes (id, latitude, longitude, changeset_id, visible, "timestamp", tile, version) VALUES (4885, 388869860, -770436569, 3, true, (now() at time zone 'utc'), 1704401532, 1);
INSERT INTO current_node_tags (node_id, k, v) VALUES (4885, 'hoot:id', '4885');
INSERT INTO node_tags (node_id, k, v, version) VALUES (4885, 'hoot:id', '4885', 1);
INSERT INTO current_node_tags (node_id, k, v) VALUES (4885, 'hoot:status', '2');
INSERT INTO node_tags (node_id, k, v, version) VALUES (4885, 'hoot:status', '2', 1);
/* create node 4886*/
INSERT INTO nodes (node_id, latitude, longitude, changeset_id, visible, "timestamp", tile, version) VALUES (4886, 388869880, -770437029, 3, true, (now() at time zone 'utc'), 1704401532, 1);
INSERT INTO current_nodes (id, latitude, longitude, changeset_id, visible, "timestamp", tile, version) VALUES (4886, 388869880, -770437029, 3, true, (now() at time zone 'utc'), 1704401532, 1);
INSERT INTO current_node_tags (node_id, k, v) VALUES (4886, 'hoot:id', '4886');
INSERT INTO node_tags (node_id, k, v, version) VALUES (4886, 'hoot:id', '4886', 1);
INSERT INTO current_node_tags (node_id, k, v) VALUES (4886, 'hoot:status', '2');
INSERT INTO node_tags (node_id, k, v, version) VALUES (4886, 'hoot:status', '2', 1);
/* create node 4887*/
INSERT INTO nodes (node_id, latitude, longitude, changeset_id, visible, "timestamp", tile, version) VALUES (4887, 388869890, -770437499, 3, true, (now() at time zone 'utc'), 1704401532, 1);
INSERT INTO current_nodes (id, latitude, longitude, changeset_id, visible, "timestamp", tile, version) VALUES (4887, 388869890, -770437499, 3, true, (now() at time zone 'utc'), 1704401532, 1);
INSERT INTO current_node_tags (node_id, k, v) VALUES (4887, 'hoot:id', '4887');
INSERT INTO node_tags (node_id, k, v, version) VALUES (4887, 'hoot:id', '4887', 1);
INSERT INTO current_node_tags (node_id, k, v) VALUES (4887, 'hoot:status', '2');
INSERT INTO node_tags (node_id, k, v, version) VALUES (4887, 'hoot:status', '2', 1);
/* create node 4888*/
INSERT INTO nodes (node_id, latitude, longitude, changeset_id, visible, "timestamp", tile, version) VALUES (4888, 388869960, -770439349, 3, true, (now() at time zone 'utc'), 1704401532, 1);
INSERT INTO current_nodes (id, latitude, longitude, changeset_id, visible, "timestamp", tile, version) VALUES (4888, 388869960, -770439349, 3, true, (now() at time zone 'utc'), 1704401532, 1);
INSERT INTO current_node_tags (node_id, k, v) VALUES (4888, 'hoot:id', '4888');
INSERT INTO node_tags (node_id, k, v, version) VALUES (4888, 'hoot:id', '4888', 1);
INSERT INTO current_node_tags (node_id, k, v) VALUES (4888, 'hoot:status', '2');
INSERT INTO node_tags (node_id, k, v, version) VALUES (4888, 'hoot:status', '2', 1);
/* create node 4889*/
INSERT INTO nodes (node_id, latitude, longitude, changeset_id, visible, "timestamp", tile, version) VALUES (4889, 388869970, -770439819, 3, true, (now() at time zone 'utc'), 1704401532, 1);
INSERT INTO current_nodes (id, latitude, longitude, changeset_id, visible, "timestamp", tile, version) VALUES (4889, 388869970, -770439819, 3, true, (now() at time zone 'utc'), 1704401532, 1);
INSERT INTO current_node_tags (node_id, k, v) VALUES (4889, 'hoot:id', '4889');
INSERT INTO node_tags (node_id, k, v, version) VALUES (4889, 'hoot:id', '4889', 1);
INSERT INTO current_node_tags (node_id, k, v) VALUES (4889, 'hoot:status', '2');
INSERT INTO node_tags (node_id, k, v, version) VALUES (4889, 'hoot:status', '2', 1);
/* create node 4890*/
INSERT INTO nodes (node_id, latitude, longitude, changeset_id, visible, "timestamp", tile, version) VALUES (4890, 388870010, -770440869, 3, true, (now() at time zone 'utc'), 1704401532, 1);
INSERT INTO current_nodes (id, latitude, longitude, changeset_id, visible, "timestamp", tile, version) VALUES (4890, 388870010, -770440869, 3, true, (now() at time zone 'utc'), 1704401532, 1);
INSERT INTO current_node_tags (node_id, k, v) VALUES (4890, 'hoot:id', '4890');
INSERT INTO node_tags (node_id, k, v, version) VALUES (4890, 'hoot:id', '4890', 1);
INSERT INTO current_node_tags (node_id, k, v) VALUES (4890, 'hoot:status', '2');
INSERT INTO node_tags (node_id, k, v, version) VALUES (4890, 'hoot:status', '2', 1);
/* create node 4891*/
INSERT INTO nodes (node_id, latitude, longitude, changeset_id, visible, "timestamp", tile, version) VALUES (4891, 388870070, -770441659, 3, true, (now() at time zone 'utc'), 1704401532, 1);
INSERT INTO current_nodes (id, latitude, longitude, changeset_id, visible, "timestamp", tile, version) VALUES (4891, 388870070, -770441659, 3, true, (now() at time zone 'utc'), 1704401532, 1);
INSERT INTO current_node_tags (node_id, k, v) VALUES (4891, 'hoot:id', '4891');
INSERT INTO node_tags (node_id, k, v, version) VALUES (4891, 'hoot:id', '4891', 1);
INSERT INTO current_node_tags (node_id, k, v) VALUES (4891, 'hoot:status', '2');
INSERT INTO node_tags (node_id, k, v, version) VALUES (4891, 'hoot:status', '2', 1);
/* create node 4892*/
INSERT INTO nodes (node_id, latitude, longitude, changeset_id, visible, "timestamp", tile, version) VALUES (4892, 388868710, -770463049, 3, true, (now() at time zone 'utc'), 1704401532, 1);
INSERT INTO current_nodes (id, latitude, longitude, changeset_id, visible, "timestamp", tile, version) VALUES (4892, 388868710, -770463049, 3, true, (now() at time zone 'utc'), 1704401532, 1);
INSERT INTO current_node_tags (node_id, k, v) VALUES (4892, 'hoot:id', '4892');
INSERT INTO node_tags (node_id, k, v, version) VALUES (4892, 'hoot:id', '4892', 1);
INSERT INTO current_node_tags (node_id, k, v) VALUES (4892, 'hoot:status', '2');
INSERT INTO node_tags (node_id, k, v, version) VALUES (4892, 'hoot:status', '2', 1);
/* create node 4893*/
INSERT INTO nodes (node_id, latitude, longitude, changeset_id, visible, "timestamp", tile, version) VALUES (4893, 388867860, -770441789, 3, true, (now() at time zone 'utc'), 1704401532, 1);
INSERT INTO current_nodes (id, latitude, longitude, changeset_id, visible, "timestamp", tile, version) VALUES (4893, 388867860, -770441789, 3, true, (now() at time zone 'utc'), 1704401532, 1);
INSERT INTO current_node_tags (node_id, k, v) VALUES (4893, 'hoot:id', '4893');
INSERT INTO node_tags (node_id, k, v, version) VALUES (4893, 'hoot:id', '4893', 1);
INSERT INTO current_node_tags (node_id, k, v) VALUES (4893, 'hoot:status', '2');
INSERT INTO node_tags (node_id, k, v, version) VALUES (4893, 'hoot:status', '2', 1);
/* create node 4894*/
INSERT INTO nodes (node_id, latitude, longitude, changeset_id, visible, "timestamp", tile, version) VALUES (4894, 388867780, -770440999, 3, true, (now() at time zone 'utc'), 1704401532, 1);
INSERT INTO current_nodes (id, latitude, longitude, changeset_id, visible, "timestamp", tile, version) VALUES (4894, 388867780, -770440999, 3, true, (now() at time zone 'utc'), 1704401532, 1);
INSERT INTO current_node_tags (node_id, k, v) VALUES (4894, 'hoot:id', '4894');
INSERT INTO node_tags (node_id, k, v, version) VALUES (4894, 'hoot:id', '4894', 1);
INSERT INTO current_node_tags (node_id, k, v) VALUES (4894, 'hoot:status', '2');
INSERT INTO node_tags (node_id, k, v, version) VALUES (4894, 'hoot:status', '2', 1);
/* create node 4895*/
INSERT INTO nodes (node_id, latitude, longitude, changeset_id, visible, "timestamp", tile, version) VALUES (4895, 388867770, -770440129, 3, true, (now() at time zone 'utc'), 1704401532, 1);
INSERT INTO current_nodes (id, latitude, longitude, changeset_id, visible, "timestamp", tile, version) VALUES (4895, 388867770, -770440129, 3, true, (now() at time zone 'utc'), 1704401532, 1);
INSERT INTO current_node_tags (node_id, k, v) VALUES (4895, 'hoot:id', '4895');
INSERT INTO node_tags (node_id, k, v, version) VALUES (4895, 'hoot:id', '4895', 1);
INSERT INTO current_node_tags (node_id, k, v) VALUES (4895, 'hoot:status', '2');
INSERT INTO node_tags (node_id, k, v, version) VALUES (4895, 'hoot:status', '2', 1);
/* create node 4896*/
INSERT INTO nodes (node_id, latitude, longitude, changeset_id, visible, "timestamp", tile, version) VALUES (4896, 388867690, -770438229, 3, true, (now() at time zone 'utc'), 1704401532, 1);
INSERT INTO current_nodes (id, latitude, longitude, changeset_id, visible, "timestamp", tile, version) VALUES (4896, 388867690, -770438229, 3, true, (now() at time zone 'utc'), 1704401532, 1);
INSERT INTO current_node_tags (node_id, k, v) VALUES (4896, 'hoot:id', '4896');
INSERT INTO node_tags (node_id, k, v, version) VALUES (4896, 'hoot:id', '4896', 1);
INSERT INTO current_node_tags (node_id, k, v) VALUES (4896, 'hoot:status', '2');
INSERT INTO node_tags (node_id, k, v, version) VALUES (4896, 'hoot:status', '2', 1);
/* create node 4897*/
INSERT INTO nodes (node_id, latitude, longitude, changeset_id, visible, "timestamp", tile, version) VALUES (4897, 388867570, -770430639, 3, true, (now() at time zone 'utc'), 1704401532, 1);
INSERT INTO current_nodes (id, latitude, longitude, changeset_id, visible, "timestamp", tile, version) VALUES (4897, 388867570, -770430639, 3, true, (now() at time zone 'utc'), 1704401532, 1);
INSERT INTO current_node_tags (node_id, k, v) VALUES (4897, 'hoot:id', '4897');
INSERT INTO node_tags (node_id, k, v, version) VALUES (4897, 'hoot:id', '4897', 1);
INSERT INTO current_node_tags (node_id, k, v) VALUES (4897, 'hoot:status', '2');
INSERT INTO node_tags (node_id, k, v, version) VALUES (4897, 'hoot:status', '2', 1);
/* create node 4898*/
INSERT INTO nodes (node_id, latitude, longitude, changeset_id, visible, "timestamp", tile, version) VALUES (4898, 388867580, -770430289, 3, true, (now() at time zone 'utc'), 1704401532, 1);
INSERT INTO current_nodes (id, latitude, longitude, changeset_id, visible, "timestamp", tile, version) VALUES (4898, 388867580, -770430289, 3, true, (now() at time zone 'utc'), 1704401532, 1);
INSERT INTO current_node_tags (node_id, k, v) VALUES (4898, 'hoot:id', '4898');
INSERT INTO node_tags (node_id, k, v, version) VALUES (4898, 'hoot:id', '4898', 1);
INSERT INTO current_node_tags (node_id, k, v) VALUES (4898, 'hoot:status', '2');
INSERT INTO node_tags (node_id, k, v, version) VALUES (4898, 'hoot:status', '2', 1);
/* create node 4899*/
INSERT INTO nodes (node_id, latitude, longitude, changeset_id, visible, "timestamp", tile, version) VALUES (4899, 388867680, -770428319, 3, true, (now() at time zone 'utc'), 1704401532, 1);
INSERT INTO current_nodes (id, latitude, longitude, changeset_id, visible, "timestamp", tile, version) VALUES (4899, 388867680, -770428319, 3, true, (now() at time zone 'utc'), 1704401532, 1);
INSERT INTO current_node_tags (node_id, k, v) VALUES (4899, 'hoot:id', '4899');
INSERT INTO node_tags (node_id, k, v, version) VALUES (4899, 'hoot:id', '4899', 1);
INSERT INTO current_node_tags (node_id, k, v) VALUES (4899, 'hoot:status', '2');
INSERT INTO node_tags (node_id, k, v, version) VALUES (4899, 'hoot:status', '2', 1);
/* create node 4900*/
INSERT INTO nodes (node_id, latitude, longitude, changeset_id, visible, "timestamp", tile, version) VALUES (4900, 388867820, -770426639, 3, true, (now() at time zone 'utc'), 1704401534, 1);
INSERT INTO current_nodes (id, latitude, longitude, changeset_id, visible, "timestamp", tile, version) VALUES (4900, 388867820, -770426639, 3, true, (now() at time zone 'utc'), 1704401534, 1);
INSERT INTO current_node_tags (node_id, k, v) VALUES (4900, 'hoot:id', '4900');
INSERT INTO node_tags (node_id, k, v, version) VALUES (4900, 'hoot:id', '4900', 1);
INSERT INTO current_node_tags (node_id, k, v) VALUES (4900, 'hoot:status', '2');
INSERT INTO node_tags (node_id, k, v, version) VALUES (4900, 'hoot:status', '2', 1);
/* create node 4901*/
INSERT INTO nodes (node_id, latitude, longitude, changeset_id, visible, "timestamp", tile, version) VALUES (4901, 388868660, -770420399, 3, true, (now() at time zone 'utc'), 1704401534, 1);
INSERT INTO current_nodes (id, latitude, longitude, changeset_id, visible, "timestamp", tile, version) VALUES (4901, 388868660, -770420399, 3, true, (now() at time zone 'utc'), 1704401534, 1);
INSERT INTO current_node_tags (node_id, k, v) VALUES (4901, 'hoot:id', '4901');
INSERT INTO node_tags (node_id, k, v, version) VALUES (4901, 'hoot:id', '4901', 1);
INSERT INTO current_node_tags (node_id, k, v) VALUES (4901, 'hoot:status', '2');
INSERT INTO node_tags (node_id, k, v, version) VALUES (4901, 'hoot:status', '2', 1);
/* create node 4902*/
INSERT INTO nodes (node_id, latitude, longitude, changeset_id, visible, "timestamp", tile, version) VALUES (4902, 388868770, -770419449, 3, true, (now() at time zone 'utc'), 1704401534, 1);
INSERT INTO current_nodes (id, latitude, longitude, changeset_id, visible, "timestamp", tile, version) VALUES (4902, 388868770, -770419449, 3, true, (now() at time zone 'utc'), 1704401534, 1);
INSERT INTO current_node_tags (node_id, k, v) VALUES (4902, 'hoot:id', '4902');
INSERT INTO node_tags (node_id, k, v, version) VALUES (4902, 'hoot:id', '4902', 1);
INSERT INTO current_node_tags (node_id, k, v) VALUES (4902, 'hoot:status', '2');
INSERT INTO node_tags (node_id, k, v, version) VALUES (4902, 'hoot:status', '2', 1);
/* create node 4903*/
INSERT INTO nodes (node_id, latitude, longitude, changeset_id, visible, "timestamp", tile, version) VALUES (4903, 388868920, -770418029, 3, true, (now() at time zone 'utc'), 1704401534, 1);
INSERT INTO current_nodes (id, latitude, longitude, changeset_id, visible, "timestamp", tile, version) VALUES (4903, 388868920, -770418029, 3, true, (now() at time zone 'utc'), 1704401534, 1);
INSERT INTO current_node_tags (node_id, k, v) VALUES (4903, 'hoot:id', '4903');
INSERT INTO node_tags (node_id, k, v, version) VALUES (4903, 'hoot:id', '4903', 1);
INSERT INTO current_node_tags (node_id, k, v) VALUES (4903, 'hoot:status', '2');
INSERT INTO node_tags (node_id, k, v, version) VALUES (4903, 'hoot:status', '2', 1);
/* create node 4904*/
INSERT INTO nodes (node_id, latitude, longitude, changeset_id, visible, "timestamp", tile, version) VALUES (4904, 388869000, -770417079, 3, true, (now() at time zone 'utc'), 1704401534, 1);
INSERT INTO current_nodes (id, latitude, longitude, changeset_id, visible, "timestamp", tile, version) VALUES (4904, 388869000, -770417079, 3, true, (now() at time zone 'utc'), 1704401534, 1);
INSERT INTO current_node_tags (node_id, k, v) VALUES (4904, 'hoot:id', '4904');
INSERT INTO node_tags (node_id, k, v, version) VALUES (4904, 'hoot:id', '4904', 1);
INSERT INTO current_node_tags (node_id, k, v) VALUES (4904, 'hoot:status', '2');
INSERT INTO node_tags (node_id, k, v, version) VALUES (4904, 'hoot:status', '2', 1);
/* create node 4905*/
INSERT INTO nodes (node_id, latitude, longitude, changeset_id, visible, "timestamp", tile, version) VALUES (4905, 388869030, -770416599, 3, true, (now() at time zone 'utc'), 1704401534, 1);
INSERT INTO current_nodes (id, latitude, longitude, changeset_id, visible, "timestamp", tile, version) VALUES (4905, 388869030, -770416599, 3, true, (now() at time zone 'utc'), 1704401534, 1);
INSERT INTO current_node_tags (node_id, k, v) VALUES (4905, 'hoot:id', '4905');
INSERT INTO node_tags (node_id, k, v, version) VALUES (4905, 'hoot:id', '4905', 1);
INSERT INTO current_node_tags (node_id, k, v) VALUES (4905, 'hoot:status', '2');
INSERT INTO node_tags (node_id, k, v, version) VALUES (4905, 'hoot:status', '2', 1);
/* create node 4906*/
INSERT INTO nodes (node_id, latitude, longitude, changeset_id, visible, "timestamp", tile, version) VALUES (4906, 388869070, -770416169, 3, true, (now() at time zone 'utc'), 1704401534, 1);
INSERT INTO current_nodes (id, latitude, longitude, changeset_id, visible, "timestamp", tile, version) VALUES (4906, 388869070, -770416169, 3, true, (now() at time zone 'utc'), 1704401534, 1);
INSERT INTO current_node_tags (node_id, k, v) VALUES (4906, 'hoot:id', '4906');
INSERT INTO node_tags (node_id, k, v, version) VALUES (4906, 'hoot:id', '4906', 1);
INSERT INTO current_node_tags (node_id, k, v) VALUES (4906, 'hoot:status', '2');
INSERT INTO node_tags (node_id, k, v, version) VALUES (4906, 'hoot:status', '2', 1);
/* create node 4907*/
INSERT INTO nodes (node_id, latitude, longitude, changeset_id, visible, "timestamp", tile, version) VALUES (4907, 388869160, -770414879, 3, true, (now() at time zone 'utc'), 1704401534, 1);
INSERT INTO current_nodes (id, latitude, longitude, changeset_id, visible, "timestamp", tile, version) VALUES (4907, 388869160, -770414879, 3, true, (now() at time zone 'utc'), 1704401534, 1);
INSERT INTO current_node_tags (node_id, k, v) VALUES (4907, 'hoot:id', '4907');
INSERT INTO node_tags (node_id, k, v, version) VALUES (4907, 'hoot:id', '4907', 1);
INSERT INTO current_node_tags (node_id, k, v) VALUES (4907, 'hoot:status', '2');
INSERT INTO node_tags (node_id, k, v, version) VALUES (4907, 'hoot:status', '2', 1);
/* create node 4908*/
INSERT INTO nodes (node_id, latitude, longitude, changeset_id, visible, "timestamp", tile, version) VALUES (4908, 388869180, -770414439, 3, true, (now() at time zone 'utc'), 1704401534, 1);
INSERT INTO current_nodes (id, latitude, longitude, changeset_id, visible, "timestamp", tile, version) VALUES (4908, 388869180, -770414439, 3, true, (now() at time zone 'utc'), 1704401534, 1);
INSERT INTO current_node_tags (node_id, k, v) VALUES (4908, 'hoot:id', '4908');
INSERT INTO node_tags (node_id, k, v, version) VALUES (4908, 'hoot:id', '4908', 1);
INSERT INTO current_node_tags (node_id, k, v) VALUES (4908, 'hoot:status', '2');
INSERT INTO node_tags (node_id, k, v, version) VALUES (4908, 'hoot:status', '2', 1);
/* create node 4909*/
INSERT INTO nodes (node_id, latitude, longitude, changeset_id, visible, "timestamp", tile, version) VALUES (4909, 388869210, -770414009, 3, true, (now() at time zone 'utc'), 1704401534, 1);
INSERT INTO current_nodes (id, latitude, longitude, changeset_id, visible, "timestamp", tile, version) VALUES (4909, 388869210, -770414009, 3, true, (now() at time zone 'utc'), 1704401534, 1);
INSERT INTO current_node_tags (node_id, k, v) VALUES (4909, 'hoot:id', '4909');
INSERT INTO node_tags (node_id, k, v, version) VALUES (4909, 'hoot:id', '4909', 1);
INSERT INTO current_node_tags (node_id, k, v) VALUES (4909, 'hoot:status', '2');
INSERT INTO node_tags (node_id, k, v, version) VALUES (4909, 'hoot:status', '2', 1);
/* create node 4910*/
INSERT INTO nodes (node_id, latitude, longitude, changeset_id, visible, "timestamp", tile, version) VALUES (4910, 388869310, -770411689, 3, true, (now() at time zone 'utc'), 1704401534, 1);
INSERT INTO current_nodes (id, latitude, longitude, changeset_id, visible, "timestamp", tile, version) VALUES (4910, 388869310, -770411689, 3, true, (now() at time zone 'utc'), 1704401534, 1);
INSERT INTO current_node_tags (node_id, k, v) VALUES (4910, 'hoot:id', '4910');
INSERT INTO node_tags (node_id, k, v, version) VALUES (4910, 'hoot:id', '4910', 1);
INSERT INTO current_node_tags (node_id, k, v) VALUES (4910, 'hoot:status', '2');
INSERT INTO node_tags (node_id, k, v, version) VALUES (4910, 'hoot:status', '2', 1);
/* create node 4911*/
INSERT INTO nodes (node_id, latitude, longitude, changeset_id, visible, "timestamp", tile, version) VALUES (4911, 388869310, -770410969, 3, true, (now() at time zone 'utc'), 1704401534, 1);
INSERT INTO current_nodes (id, latitude, longitude, changeset_id, visible, "timestamp", tile, version) VALUES (4911, 388869310, -770410969, 3, true, (now() at time zone 'utc'), 1704401534, 1);
INSERT INTO current_node_tags (node_id, k, v) VALUES (4911, 'hoot:id', '4911');
INSERT INTO node_tags (node_id, k, v, version) VALUES (4911, 'hoot:id', '4911', 1);
INSERT INTO current_node_tags (node_id, k, v) VALUES (4911, 'hoot:status', '2');
INSERT INTO node_tags (node_id, k, v, version) VALUES (4911, 'hoot:status', '2', 1);
/* create node 4912*/
INSERT INTO nodes (node_id, latitude, longitude, changeset_id, visible, "timestamp", tile, version) VALUES (4912, 388869320, -770408499, 3, true, (now() at time zone 'utc'), 1704401534, 1);
INSERT INTO current_nodes (id, latitude, longitude, changeset_id, visible, "timestamp", tile, version) VALUES (4912, 388869320, -770408499, 3, true, (now() at time zone 'utc'), 1704401534, 1);
INSERT INTO current_node_tags (node_id, k, v) VALUES (4912, 'hoot:id', '4912');
INSERT INTO node_tags (node_id, k, v, version) VALUES (4912, 'hoot:id', '4912', 1);
INSERT INTO current_node_tags (node_id, k, v) VALUES (4912, 'hoot:status', '2');
INSERT INTO node_tags (node_id, k, v, version) VALUES (4912, 'hoot:status', '2', 1);
/* create node 4913*/
INSERT INTO nodes (node_id, latitude, longitude, changeset_id, visible, "timestamp", tile, version) VALUES (4913, 388913281, -770524947, 3, true, (now() at time zone 'utc'), 1704401527, 1);
INSERT INTO current_nodes (id, latitude, longitude, changeset_id, visible, "timestamp", tile, version) VALUES (4913, 388913281, -770524947, 3, true, (now() at time zone 'utc'), 1704401527, 1);
INSERT INTO current_node_tags (node_id, k, v) VALUES (4913, 'hoot:id', '4913');
INSERT INTO node_tags (node_id, k, v, version) VALUES (4913, 'hoot:id', '4913', 1);
INSERT INTO current_node_tags (node_id, k, v) VALUES (4913, 'hoot:status', '1');
INSERT INTO node_tags (node_id, k, v, version) VALUES (4913, 'hoot:status', '1', 1);
/* create node 4914*/
INSERT INTO nodes (node_id, latitude, longitude, changeset_id, visible, "timestamp", tile, version) VALUES (4914, 388899004, -770520597, 3, true, (now() at time zone 'utc'), 1704401527, 1);
INSERT INTO current_nodes (id, latitude, longitude, changeset_id, visible, "timestamp", tile, version) VALUES (4914, 388899004, -770520597, 3, true, (now() at time zone 'utc'), 1704401527, 1);
INSERT INTO current_node_tags (node_id, k, v) VALUES (4914, 'hoot:id', '4914');
INSERT INTO node_tags (node_id, k, v, version) VALUES (4914, 'hoot:id', '4914', 1);
INSERT INTO current_node_tags (node_id, k, v) VALUES (4914, 'hoot:status', '1');
INSERT INTO node_tags (node_id, k, v, version) VALUES (4914, 'hoot:status', '1', 1);
/* create node 4915*/
INSERT INTO nodes (node_id, latitude, longitude, changeset_id, visible, "timestamp", tile, version) VALUES (4915, 388864325, -770497186, 3, true, (now() at time zone 'utc'), 1704401523, 1);
INSERT INTO current_nodes (id, latitude, longitude, changeset_id, visible, "timestamp", tile, version) VALUES (4915, 388864325, -770497186, 3, true, (now() at time zone 'utc'), 1704401523, 1);
INSERT INTO current_node_tags (node_id, k, v) VALUES (4915, 'hoot:id', '4915');
INSERT INTO node_tags (node_id, k, v, version) VALUES (4915, 'hoot:id', '4915', 1);
INSERT INTO current_node_tags (node_id, k, v) VALUES (4915, 'hoot:status', '1');
INSERT INTO node_tags (node_id, k, v, version) VALUES (4915, 'hoot:status', '1', 1);
/* create node 4916*/
INSERT INTO nodes (node_id, latitude, longitude, changeset_id, visible, "timestamp", tile, version) VALUES (4916, 388867369, -770499951, 3, true, (now() at time zone 'utc'), 1704401526, 1);
INSERT INTO current_nodes (id, latitude, longitude, changeset_id, visible, "timestamp", tile, version) VALUES (4916, 388867369, -770499951, 3, true, (now() at time zone 'utc'), 1704401526, 1);
INSERT INTO current_node_tags (node_id, k, v) VALUES (4916, 'hoot:id', '4916');
INSERT INTO node_tags (node_id, k, v, version) VALUES (4916, 'hoot:id', '4916', 1);
INSERT INTO current_node_tags (node_id, k, v) VALUES (4916, 'hoot:status', '1');
INSERT INTO node_tags (node_id, k, v, version) VALUES (4916, 'hoot:status', '1', 1);
/* create node 4917*/
INSERT INTO nodes (node_id, latitude, longitude, changeset_id, visible, "timestamp", tile, version) VALUES (4917, 388870312, -770501369, 3, true, (now() at time zone 'utc'), 1704401526, 1);
INSERT INTO current_nodes (id, latitude, longitude, changeset_id, visible, "timestamp", tile, version) VALUES (4917, 388870312, -770501369, 3, true, (now() at time zone 'utc'), 1704401526, 1);
INSERT INTO current_node_tags (node_id, k, v) VALUES (4917, 'hoot:id', '4917');
INSERT INTO node_tags (node_id, k, v, version) VALUES (4917, 'hoot:id', '4917', 1);
INSERT INTO current_node_tags (node_id, k, v) VALUES (4917, 'hoot:status', '1');
INSERT INTO node_tags (node_id, k, v, version) VALUES (4917, 'hoot:status', '1', 1);
/* create node 4918*/
INSERT INTO nodes (node_id, latitude, longitude, changeset_id, visible, "timestamp", tile, version) VALUES (4918, 388914260, -770529949, 3, true, (now() at time zone 'utc'), 1704401527, 1);
INSERT INTO current_nodes (id, latitude, longitude, changeset_id, visible, "timestamp", tile, version) VALUES (4918, 388914260, -770529949, 3, true, (now() at time zone 'utc'), 1704401527, 1);
INSERT INTO current_node_tags (node_id, k, v) VALUES (4918, 'hoot:id', '4918');
INSERT INTO node_tags (node_id, k, v, version) VALUES (4918, 'hoot:id', '4918', 1);
INSERT INTO current_node_tags (node_id, k, v) VALUES (4918, 'hoot:status', '1');
INSERT INTO node_tags (node_id, k, v, version) VALUES (4918, 'hoot:status', '1', 1);
/* create node 4919*/
INSERT INTO nodes (node_id, latitude, longitude, changeset_id, visible, "timestamp", tile, version) VALUES (4919, 388884765, -770508110, 3, true, (now() at time zone 'utc'), 1704401526, 1);
INSERT INTO current_nodes (id, latitude, longitude, changeset_id, visible, "timestamp", tile, version) VALUES (4919, 388884765, -770508110, 3, true, (now() at time zone 'utc'), 1704401526, 1);
INSERT INTO current_node_tags (node_id, k, v) VALUES (4919, 'hoot:id', '4919');
INSERT INTO node_tags (node_id, k, v, version) VALUES (4919, 'hoot:id', '4919', 1);
INSERT INTO current_node_tags (node_id, k, v) VALUES (4919, 'hoot:status', '1');
INSERT INTO node_tags (node_id, k, v, version) VALUES (4919, 'hoot:status', '1', 1);
/* create node 4920*/
INSERT INTO nodes (node_id, latitude, longitude, changeset_id, visible, "timestamp", tile, version) VALUES (4920, 388916789, -770523261, 3, true, (now() at time zone 'utc'), 1704401527, 1);
INSERT INTO current_nodes (id, latitude, longitude, changeset_id, visible, "timestamp", tile, version) VALUES (4920, 388916789, -770523261, 3, true, (now() at time zone 'utc'), 1704401527, 1);
INSERT INTO current_node_tags (node_id, k, v) VALUES (4920, 'hoot:id', '4920');
INSERT INTO node_tags (node_id, k, v, version) VALUES (4920, 'hoot:id', '4920', 1);
INSERT INTO current_node_tags (node_id, k, v) VALUES (4920, 'hoot:status', '1');
INSERT INTO node_tags (node_id, k, v, version) VALUES (4920, 'hoot:status', '1', 1);
/* create node 4921*/
INSERT INTO nodes (node_id, latitude, longitude, changeset_id, visible, "timestamp", tile, version) VALUES (4921, 388908759, -770519656, 3, true, (now() at time zone 'utc'), 1704401527, 1);
INSERT INTO current_nodes (id, latitude, longitude, changeset_id, visible, "timestamp", tile, version) VALUES (4921, 388908759, -770519656, 3, true, (now() at time zone 'utc'), 1704401527, 1);
INSERT INTO current_node_tags (node_id, k, v) VALUES (4921, 'hoot:id', '4921');
INSERT INTO node_tags (node_id, k, v, version) VALUES (4921, 'hoot:id', '4921', 1);
INSERT INTO current_node_tags (node_id, k, v) VALUES (4921, 'hoot:status', '1');
INSERT INTO node_tags (node_id, k, v, version) VALUES (4921, 'hoot:status', '1', 1);
/* create node 4922*/
INSERT INTO nodes (node_id, latitude, longitude, changeset_id, visible, "timestamp", tile, version) VALUES (4922, 388891839, -770514025, 3, true, (now() at time zone 'utc'), 1704401526, 1);
INSERT INTO current_nodes (id, latitude, longitude, changeset_id, visible, "timestamp", tile, version) VALUES (4922, 388891839, -770514025, 3, true, (now() at time zone 'utc'), 1704401526, 1);
INSERT INTO current_node_tags (node_id, k, v) VALUES (4922, 'hoot:id', '4922');
INSERT INTO node_tags (node_id, k, v, version) VALUES (4922, 'hoot:id', '4922', 1);
INSERT INTO current_node_tags (node_id, k, v) VALUES (4922, 'hoot:status', '1');
INSERT INTO node_tags (node_id, k, v, version) VALUES (4922, 'hoot:status', '1', 1);
/* create node 4923*/
INSERT INTO nodes (node_id, latitude, longitude, changeset_id, visible, "timestamp", tile, version) VALUES (4923, 388899749, -770509628, 3, true, (now() at time zone 'utc'), 1704401527, 1);
INSERT INTO current_nodes (id, latitude, longitude, changeset_id, visible, "timestamp", tile, version) VALUES (4923, 388899749, -770509628, 3, true, (now() at time zone 'utc'), 1704401527, 1);
INSERT INTO current_node_tags (node_id, k, v) VALUES (4923, 'hoot:id', '4923');
INSERT INTO node_tags (node_id, k, v, version) VALUES (4923, 'hoot:id', '4923', 1);
INSERT INTO current_node_tags (node_id, k, v) VALUES (4923, 'hoot:status', '1');
INSERT INTO node_tags (node_id, k, v, version) VALUES (4923, 'hoot:status', '1', 1);
/* create node 4924*/
INSERT INTO nodes (node_id, latitude, longitude, changeset_id, visible, "timestamp", tile, version) VALUES (4924, 388871300, -770484288, 3, true, (now() at time zone 'utc'), 1704401526, 1);
INSERT INTO current_nodes (id, latitude, longitude, changeset_id, visible, "timestamp", tile, version) VALUES (4924, 388871300, -770484288, 3, true, (now() at time zone 'utc'), 1704401526, 1);
INSERT INTO current_node_tags (node_id, k, v) VALUES (4924, 'hoot:id', '4924');
INSERT INTO node_tags (node_id, k, v, version) VALUES (4924, 'hoot:id', '4924', 1);
INSERT INTO current_node_tags (node_id, k, v) VALUES (4924, 'hoot:status', '1');
INSERT INTO node_tags (node_id, k, v, version) VALUES (4924, 'hoot:status', '1', 1);
/* create node 4925*/
INSERT INTO nodes (node_id, latitude, longitude, changeset_id, visible, "timestamp", tile, version) VALUES (4925, 388880238, -770489622, 3, true, (now() at time zone 'utc'), 1704401526, 1);
INSERT INTO current_nodes (id, latitude, longitude, changeset_id, visible, "timestamp", tile, version) VALUES (4925, 388880238, -770489622, 3, true, (now() at time zone 'utc'), 1704401526, 1);
INSERT INTO current_node_tags (node_id, k, v) VALUES (4925, 'hoot:id', '4925');
INSERT INTO node_tags (node_id, k, v, version) VALUES (4925, 'hoot:id', '4925', 1);
INSERT INTO current_node_tags (node_id, k, v) VALUES (4925, 'hoot:status', '1');
INSERT INTO node_tags (node_id, k, v, version) VALUES (4925, 'hoot:status', '1', 1);
/* create node 4926*/
INSERT INTO nodes (node_id, latitude, longitude, changeset_id, visible, "timestamp", tile, version) VALUES (4926, 388879482, -770519676, 3, true, (now() at time zone 'utc'), 1704401526, 1);
INSERT INTO current_nodes (id, latitude, longitude, changeset_id, visible, "timestamp", tile, version) VALUES (4926, 388879482, -770519676, 3, true, (now() at time zone 'utc'), 1704401526, 1);
INSERT INTO current_node_tags (node_id, k, v) VALUES (4926, 'hoot:id', '4926');
INSERT INTO node_tags (node_id, k, v, version) VALUES (4926, 'hoot:id', '4926', 1);
INSERT INTO current_node_tags (node_id, k, v) VALUES (4926, 'hoot:status', '1');
INSERT INTO node_tags (node_id, k, v, version) VALUES (4926, 'hoot:status', '1', 1);
/* create node 4927*/
INSERT INTO nodes (node_id, latitude, longitude, changeset_id, visible, "timestamp", tile, version) VALUES (4927, 388872724, -770508287, 3, true, (now() at time zone 'utc'), 1704401526, 1);
INSERT INTO current_nodes (id, latitude, longitude, changeset_id, visible, "timestamp", tile, version) VALUES (4927, 388872724, -770508287, 3, true, (now() at time zone 'utc'), 1704401526, 1);
INSERT INTO current_node_tags (node_id, k, v) VALUES (4927, 'hoot:id', '4927');
INSERT INTO node_tags (node_id, k, v, version) VALUES (4927, 'hoot:id', '4927', 1);
INSERT INTO current_node_tags (node_id, k, v) VALUES (4927, 'hoot:status', '1');
INSERT INTO node_tags (node_id, k, v, version) VALUES (4927, 'hoot:status', '1', 1);
/* create node 4928*/
INSERT INTO nodes (node_id, latitude, longitude, changeset_id, visible, "timestamp", tile, version) VALUES (4928, 388871468, -770502379, 3, true, (now() at time zone 'utc'), 1704401526, 1);
INSERT INTO current_nodes (id, latitude, longitude, changeset_id, visible, "timestamp", tile, version) VALUES (4928, 388871468, -770502379, 3, true, (now() at time zone 'utc'), 1704401526, 1);
INSERT INTO current_node_tags (node_id, k, v) VALUES (4928, 'hoot:id', '4928');
INSERT INTO node_tags (node_id, k, v, version) VALUES (4928, 'hoot:id', '4928', 1);
INSERT INTO current_node_tags (node_id, k, v) VALUES (4928, 'hoot:status', '1');
INSERT INTO node_tags (node_id, k, v, version) VALUES (4928, 'hoot:status', '1', 1);
/* modify way 19*/
INSERT INTO ways (way_id, changeset_id, visible, "timestamp", version) VALUES (19, 3, true, (now() at time zone 'utc'), 2);
UPDATE current_ways SET changeset_id=3, visible=true, "timestamp"=(now() at time zone 'utc'), version=2 WHERE id=19;
DELETE FROM current_way_tags WHERE way_id = 19;
DELETE FROM way_tags WHERE way_id = 19;
INSERT INTO current_way_tags (way_id, k, v) VALUES (19, 'accuracy', '5');
INSERT INTO way_tags (way_id, k, v, version) VALUES (19, 'accuracy', '5', 2);
INSERT INTO current_way_tags (way_id, k, v) VALUES (19, 'hoot:id', '19');
INSERT INTO way_tags (way_id, k, v, version) VALUES (19, 'hoot:id', '19', 2);
INSERT INTO current_way_tags (way_id, k, v) VALUES (19, 'hoot:status', '3');
INSERT INTO way_tags (way_id, k, v, version) VALUES (19, 'hoot:status', '3', 2);
INSERT INTO current_way_tags (way_id, k, v) VALUES (19, 'alt_name', 'Lincoln Memorial Cir');
INSERT INTO way_tags (way_id, k, v, version) VALUES (19, 'alt_name', 'Lincoln Memorial Cir', 2);
INSERT INTO current_way_tags (way_id, k, v) VALUES (19, 'name', 'LINCOLN MEMORIAL CIR SW');
INSERT INTO way_tags (way_id, k, v, version) VALUES (19, 'name', 'LINCOLN MEMORIAL CIR SW', 2);
INSERT INTO current_way_tags (way_id, k, v) VALUES (19, 'highway', 'road');
INSERT INTO way_tags (way_id, k, v, version) VALUES (19, 'highway', 'road', 2);
DELETE FROM current_way_nodes WHERE way_id = 19;
DELETE FROM way_nodes WHERE way_id = 19;
INSERT INTO way_nodes (way_id, node_id, version, sequence_id) VALUES (19, 419, 1, 1);
INSERT INTO current_way_nodes (way_id, node_id, sequence_id) VALUES (19, 419, 1);
INSERT INTO way_nodes (way_id, node_id, version, sequence_id) VALUES (19, 418, 1, 2);
INSERT INTO current_way_nodes (way_id, node_id, sequence_id) VALUES (19, 418, 2);
INSERT INTO way_nodes (way_id, node_id, version, sequence_id) VALUES (19, 417, 1, 3);
INSERT INTO current_way_nodes (way_id, node_id, sequence_id) VALUES (19, 417, 3);
INSERT INTO way_nodes (way_id, node_id, version, sequence_id) VALUES (19, 416, 1, 4);
INSERT INTO current_way_nodes (way_id, node_id, sequence_id) VALUES (19, 416, 4);
INSERT INTO way_nodes (way_id, node_id, version, sequence_id) VALUES (19, 415, 1, 5);
INSERT INTO current_way_nodes (way_id, node_id, sequence_id) VALUES (19, 415, 5);
INSERT INTO way_nodes (way_id, node_id, version, sequence_id) VALUES (19, 414, 1, 6);
INSERT INTO current_way_nodes (way_id, node_id, sequence_id) VALUES (19, 414, 6);
INSERT INTO way_nodes (way_id, node_id, version, sequence_id) VALUES (19, 413, 1, 7);
INSERT INTO current_way_nodes (way_id, node_id, sequence_id) VALUES (19, 413, 7);
INSERT INTO way_nodes (way_id, node_id, version, sequence_id) VALUES (19, 412, 1, 8);
INSERT INTO current_way_nodes (way_id, node_id, sequence_id) VALUES (19, 412, 8);
INSERT INTO way_nodes (way_id, node_id, version, sequence_id) VALUES (19, 410, 1, 9);
INSERT INTO current_way_nodes (way_id, node_id, sequence_id) VALUES (19, 410, 9);
INSERT INTO way_nodes (way_id, node_id, version, sequence_id) VALUES (19, 408, 1, 10);
INSERT INTO current_way_nodes (way_id, node_id, sequence_id) VALUES (19, 408, 10);
INSERT INTO way_nodes (way_id, node_id, version, sequence_id) VALUES (19, 406, 1, 11);
INSERT INTO current_way_nodes (way_id, node_id, sequence_id) VALUES (19, 406, 11);
INSERT INTO way_nodes (way_id, node_id, version, sequence_id) VALUES (19, 404, 1, 12);
INSERT INTO current_way_nodes (way_id, node_id, sequence_id) VALUES (19, 404, 12);
INSERT INTO way_nodes (way_id, node_id, version, sequence_id) VALUES (19, 402, 1, 13);
INSERT INTO current_way_nodes (way_id, node_id, sequence_id) VALUES (19, 402, 13);
INSERT INTO way_nodes (way_id, node_id, version, sequence_id) VALUES (19, 400, 1, 14);
INSERT INTO current_way_nodes (way_id, node_id, sequence_id) VALUES (19, 400, 14);
INSERT INTO way_nodes (way_id, node_id, version, sequence_id) VALUES (19, 398, 1, 15);
INSERT INTO current_way_nodes (way_id, node_id, sequence_id) VALUES (19, 398, 15);
INSERT INTO way_nodes (way_id, node_id, version, sequence_id) VALUES (19, 396, 1, 16);
INSERT INTO current_way_nodes (way_id, node_id, sequence_id) VALUES (19, 396, 16);
INSERT INTO way_nodes (way_id, node_id, version, sequence_id) VALUES (19, 394, 1, 17);
INSERT INTO current_way_nodes (way_id, node_id, sequence_id) VALUES (19, 394, 17);
INSERT INTO way_nodes (way_id, node_id, version, sequence_id) VALUES (19, 392, 1, 18);
INSERT INTO current_way_nodes (way_id, node_id, sequence_id) VALUES (19, 392, 18);
INSERT INTO way_nodes (way_id, node_id, version, sequence_id) VALUES (19, 390, 1, 19);
INSERT INTO current_way_nodes (way_id, node_id, sequence_id) VALUES (19, 390, 19);
INSERT INTO way_nodes (way_id, node_id, version, sequence_id) VALUES (19, 388, 1, 20);
INSERT INTO current_way_nodes (way_id, node_id, sequence_id) VALUES (19, 388, 20);
INSERT INTO way_nodes (way_id, node_id, version, sequence_id) VALUES (19, 386, 1, 21);
INSERT INTO current_way_nodes (way_id, node_id, sequence_id) VALUES (19, 386, 21);
INSERT INTO way_nodes (way_id, node_id, version, sequence_id) VALUES (19, 384, 1, 22);
INSERT INTO current_way_nodes (way_id, node_id, sequence_id) VALUES (19, 384, 22);
INSERT INTO way_nodes (way_id, node_id, version, sequence_id) VALUES (19, 382, 1, 23);
INSERT INTO current_way_nodes (way_id, node_id, sequence_id) VALUES (19, 382, 23);
INSERT INTO way_nodes (way_id, node_id, version, sequence_id) VALUES (19, 380, 1, 24);
INSERT INTO current_way_nodes (way_id, node_id, sequence_id) VALUES (19, 380, 24);
INSERT INTO way_nodes (way_id, node_id, version, sequence_id) VALUES (19, 378, 1, 25);
INSERT INTO current_way_nodes (way_id, node_id, sequence_id) VALUES (19, 378, 25);
INSERT INTO way_nodes (way_id, node_id, version, sequence_id) VALUES (19, 376, 1, 26);
INSERT INTO current_way_nodes (way_id, node_id, sequence_id) VALUES (19, 376, 26);
INSERT INTO way_nodes (way_id, node_id, version, sequence_id) VALUES (19, 374, 1, 27);
INSERT INTO current_way_nodes (way_id, node_id, sequence_id) VALUES (19, 374, 27);
INSERT INTO way_nodes (way_id, node_id, version, sequence_id) VALUES (19, 372, 1, 28);
INSERT INTO current_way_nodes (way_id, node_id, sequence_id) VALUES (19, 372, 28);
/* modify way 25*/
INSERT INTO ways (way_id, changeset_id, visible, "timestamp", version) VALUES (25, 3, true, (now() at time zone 'utc'), 2);
UPDATE current_ways SET changeset_id=3, visible=true, "timestamp"=(now() at time zone 'utc'), version=2 WHERE id=25;
DELETE FROM current_way_tags WHERE way_id = 25;
DELETE FROM way_tags WHERE way_id = 25;
INSERT INTO current_way_tags (way_id, k, v) VALUES (25, 'accuracy', '5');
INSERT INTO way_tags (way_id, k, v, version) VALUES (25, 'accuracy', '5', 2);
INSERT INTO current_way_tags (way_id, k, v) VALUES (25, 'hoot:id', '25');
INSERT INTO way_tags (way_id, k, v, version) VALUES (25, 'hoot:id', '25', 2);
INSERT INTO current_way_tags (way_id, k, v) VALUES (25, 'hoot:status', '3');
INSERT INTO way_tags (way_id, k, v, version) VALUES (25, 'hoot:status', '3', 2);
INSERT INTO current_way_tags (way_id, k, v) VALUES (25, 'name', 'ROCK CREEK & POTOMAC PKWY NW');
INSERT INTO way_tags (way_id, k, v, version) VALUES (25, 'name', 'ROCK CREEK & POTOMAC PKWY NW', 2);
INSERT INTO current_way_tags (way_id, k, v) VALUES (25, 'highway', 'road');
INSERT INTO way_tags (way_id, k, v, version) VALUES (25, 'highway', 'road', 2);
DELETE FROM current_way_nodes WHERE way_id = 25;
DELETE FROM way_nodes WHERE way_id = 25;
INSERT INTO way_nodes (way_id, node_id, version, sequence_id) VALUES (25, 951, 1, 1);
INSERT INTO current_way_nodes (way_id, node_id, sequence_id) VALUES (25, 951, 1);
INSERT INTO way_nodes (way_id, node_id, version, sequence_id) VALUES (25, 4914, 1, 2);
INSERT INTO current_way_nodes (way_id, node_id, sequence_id) VALUES (25, 4914, 2);
/* modify way 40*/
INSERT INTO ways (way_id, changeset_id, visible, "timestamp", version) VALUES (40, 3, true, (now() at time zone 'utc'), 2);
UPDATE current_ways SET changeset_id=3, visible=true, "timestamp"=(now() at time zone 'utc'), version=2 WHERE id=40;
DELETE FROM current_way_tags WHERE way_id = 40;
DELETE FROM way_tags WHERE way_id = 40;
INSERT INTO current_way_tags (way_id, k, v) VALUES (40, 'accuracy', '5');
INSERT INTO way_tags (way_id, k, v, version) VALUES (40, 'accuracy', '5', 2);
INSERT INTO current_way_tags (way_id, k, v) VALUES (40, 'hoot:id', '40');
INSERT INTO way_tags (way_id, k, v, version) VALUES (40, 'hoot:id', '40', 2);
INSERT INTO current_way_tags (way_id, k, v) VALUES (40, 'hoot:status', '3');
INSERT INTO way_tags (way_id, k, v, version) VALUES (40, 'hoot:status', '3', 2);
INSERT INTO current_way_tags (way_id, k, v) VALUES (40, 'alt_name', 'Ohio Dr SW');
INSERT INTO way_tags (way_id, k, v, version) VALUES (40, 'alt_name', 'Ohio Dr SW', 2);
INSERT INTO current_way_tags (way_id, k, v) VALUES (40, 'name', 'OHIO DR NW');
INSERT INTO way_tags (way_id, k, v, version) VALUES (40, 'name', 'OHIO DR NW', 2);
INSERT INTO current_way_tags (way_id, k, v) VALUES (40, 'highway', 'road');
INSERT INTO way_tags (way_id, k, v, version) VALUES (40, 'highway', 'road', 2);
DELETE FROM current_way_nodes WHERE way_id = 40;
DELETE FROM way_nodes WHERE way_id = 40;
INSERT INTO way_nodes (way_id, node_id, version, sequence_id) VALUES (40, 2064, 1, 1);
INSERT INTO current_way_nodes (way_id, node_id, sequence_id) VALUES (40, 2064, 1);
INSERT INTO way_nodes (way_id, node_id, version, sequence_id) VALUES (40, 2063, 1, 2);
INSERT INTO current_way_nodes (way_id, node_id, sequence_id) VALUES (40, 2063, 2);
INSERT INTO way_nodes (way_id, node_id, version, sequence_id) VALUES (40, 2062, 1, 3);
INSERT INTO current_way_nodes (way_id, node_id, sequence_id) VALUES (40, 2062, 3);
INSERT INTO way_nodes (way_id, node_id, version, sequence_id) VALUES (40, 2061, 1, 4);
INSERT INTO current_way_nodes (way_id, node_id, sequence_id) VALUES (40, 2061, 4);
INSERT INTO way_nodes (way_id, node_id, version, sequence_id) VALUES (40, 2060, 1, 5);
INSERT INTO current_way_nodes (way_id, node_id, sequence_id) VALUES (40, 2060, 5);
INSERT INTO way_nodes (way_id, node_id, version, sequence_id) VALUES (40, 2059, 1, 6);
INSERT INTO current_way_nodes (way_id, node_id, sequence_id) VALUES (40, 2059, 6);
INSERT INTO way_nodes (way_id, node_id, version, sequence_id) VALUES (40, 2058, 1, 7);
INSERT INTO current_way_nodes (way_id, node_id, sequence_id) VALUES (40, 2058, 7);
INSERT INTO way_nodes (way_id, node_id, version, sequence_id) VALUES (40, 2057, 1, 8);
INSERT INTO current_way_nodes (way_id, node_id, sequence_id) VALUES (40, 2057, 8);
INSERT INTO way_nodes (way_id, node_id, version, sequence_id) VALUES (40, 2056, 1, 9);
INSERT INTO current_way_nodes (way_id, node_id, sequence_id) VALUES (40, 2056, 9);
INSERT INTO way_nodes (way_id, node_id, version, sequence_id) VALUES (40, 2055, 1, 10);
INSERT INTO current_way_nodes (way_id, node_id, sequence_id) VALUES (40, 2055, 10);
INSERT INTO way_nodes (way_id, node_id, version, sequence_id) VALUES (40, 2054, 1, 11);
INSERT INTO current_way_nodes (way_id, node_id, sequence_id) VALUES (40, 2054, 11);
INSERT INTO way_nodes (way_id, node_id, version, sequence_id) VALUES (40, 2053, 1, 12);
INSERT INTO current_way_nodes (way_id, node_id, sequence_id) VALUES (40, 2053, 12);
INSERT INTO way_nodes (way_id, node_id, version, sequence_id) VALUES (40, 2052, 1, 13);
INSERT INTO current_way_nodes (way_id, node_id, sequence_id) VALUES (40, 2052, 13);
INSERT INTO way_nodes (way_id, node_id, version, sequence_id) VALUES (40, 2051, 1, 14);
INSERT INTO current_way_nodes (way_id, node_id, sequence_id) VALUES (40, 2051, 14);
INSERT INTO way_nodes (way_id, node_id, version, sequence_id) VALUES (40, 2050, 1, 15);
INSERT INTO current_way_nodes (way_id, node_id, sequence_id) VALUES (40, 2050, 15);
INSERT INTO way_nodes (way_id, node_id, version, sequence_id) VALUES (40, 2049, 1, 16);
INSERT INTO current_way_nodes (way_id, node_id, sequence_id) VALUES (40, 2049, 16);
INSERT INTO way_nodes (way_id, node_id, version, sequence_id) VALUES (40, 2048, 1, 17);
INSERT INTO current_way_nodes (way_id, node_id, sequence_id) VALUES (40, 2048, 17);
INSERT INTO way_nodes (way_id, node_id, version, sequence_id) VALUES (40, 2047, 1, 18);
INSERT INTO current_way_nodes (way_id, node_id, sequence_id) VALUES (40, 2047, 18);
INSERT INTO way_nodes (way_id, node_id, version, sequence_id) VALUES (40, 2046, 1, 19);
INSERT INTO current_way_nodes (way_id, node_id, sequence_id) VALUES (40, 2046, 19);
INSERT INTO way_nodes (way_id, node_id, version, sequence_id) VALUES (40, 2045, 1, 20);
INSERT INTO current_way_nodes (way_id, node_id, sequence_id) VALUES (40, 2045, 20);
INSERT INTO way_nodes (way_id, node_id, version, sequence_id) VALUES (40, 2044, 1, 21);
INSERT INTO current_way_nodes (way_id, node_id, sequence_id) VALUES (40, 2044, 21);
INSERT INTO way_nodes (way_id, node_id, version, sequence_id) VALUES (40, 2043, 1, 22);
INSERT INTO current_way_nodes (way_id, node_id, sequence_id) VALUES (40, 2043, 22);
INSERT INTO way_nodes (way_id, node_id, version, sequence_id) VALUES (40, 2042, 1, 23);
INSERT INTO current_way_nodes (way_id, node_id, sequence_id) VALUES (40, 2042, 23);
INSERT INTO way_nodes (way_id, node_id, version, sequence_id) VALUES (40, 2041, 1, 24);
INSERT INTO current_way_nodes (way_id, node_id, sequence_id) VALUES (40, 2041, 24);
/* modify way 56*/
INSERT INTO ways (way_id, changeset_id, visible, "timestamp", version) VALUES (56, 3, true, (now() at time zone 'utc'), 2);
UPDATE current_ways SET changeset_id=3, visible=true, "timestamp"=(now() at time zone 'utc'), version=2 WHERE id=56;
DELETE FROM current_way_tags WHERE way_id = 56;
DELETE FROM way_tags WHERE way_id = 56;
INSERT INTO current_way_tags (way_id, k, v) VALUES (56, 'accuracy', '5');
INSERT INTO way_tags (way_id, k, v, version) VALUES (56, 'accuracy', '5', 2);
INSERT INTO current_way_tags (way_id, k, v) VALUES (56, 'hoot:id', '56');
INSERT INTO way_tags (way_id, k, v, version) VALUES (56, 'hoot:id', '56', 2);
INSERT INTO current_way_tags (way_id, k, v) VALUES (56, 'hoot:status', '3');
INSERT INTO way_tags (way_id, k, v, version) VALUES (56, 'hoot:status', '3', 2);
INSERT INTO current_way_tags (way_id, k, v) VALUES (56, 'name', 'LINCOLN MEMORIAL CIR SW');
INSERT INTO way_tags (way_id, k, v, version) VALUES (56, 'name', 'LINCOLN MEMORIAL CIR SW', 2);
INSERT INTO current_way_tags (way_id, k, v) VALUES (56, 'highway', 'road');
INSERT INTO way_tags (way_id, k, v, version) VALUES (56, 'highway', 'road', 2);
DELETE FROM current_way_nodes WHERE way_id = 56;
DELETE FROM way_nodes WHERE way_id = 56;
INSERT INTO way_nodes (way_id, node_id, version, sequence_id) VALUES (56, 4922, 1, 1);
INSERT INTO current_way_nodes (way_id, node_id, sequence_id) VALUES (56, 4922, 1);
INSERT INTO way_nodes (way_id, node_id, version, sequence_id) VALUES (56, 181, 1, 2);
INSERT INTO current_way_nodes (way_id, node_id, sequence_id) VALUES (56, 181, 2);
INSERT INTO way_nodes (way_id, node_id, version, sequence_id) VALUES (56, 180, 1, 3);
INSERT INTO current_way_nodes (way_id, node_id, sequence_id) VALUES (56, 180, 3);
INSERT INTO way_nodes (way_id, node_id, version, sequence_id) VALUES (56, 179, 1, 4);
INSERT INTO current_way_nodes (way_id, node_id, sequence_id) VALUES (56, 179, 4);
INSERT INTO way_nodes (way_id, node_id, version, sequence_id) VALUES (56, 178, 1, 5);
INSERT INTO current_way_nodes (way_id, node_id, sequence_id) VALUES (56, 178, 5);
INSERT INTO way_nodes (way_id, node_id, version, sequence_id) VALUES (56, 177, 1, 6);
INSERT INTO current_way_nodes (way_id, node_id, sequence_id) VALUES (56, 177, 6);
INSERT INTO way_nodes (way_id, node_id, version, sequence_id) VALUES (56, 176, 1, 7);
INSERT INTO current_way_nodes (way_id, node_id, sequence_id) VALUES (56, 176, 7);
INSERT INTO way_nodes (way_id, node_id, version, sequence_id) VALUES (56, 175, 1, 8);
INSERT INTO current_way_nodes (way_id, node_id, sequence_id) VALUES (56, 175, 8);
INSERT INTO way_nodes (way_id, node_id, version, sequence_id) VALUES (56, 174, 1, 9);
INSERT INTO current_way_nodes (way_id, node_id, sequence_id) VALUES (56, 174, 9);
INSERT INTO way_nodes (way_id, node_id, version, sequence_id) VALUES (56, 173, 1, 10);
INSERT INTO current_way_nodes (way_id, node_id, sequence_id) VALUES (56, 173, 10);
INSERT INTO way_nodes (way_id, node_id, version, sequence_id) VALUES (56, 172, 1, 11);
INSERT INTO current_way_nodes (way_id, node_id, sequence_id) VALUES (56, 172, 11);
INSERT INTO way_nodes (way_id, node_id, version, sequence_id) VALUES (56, 171, 1, 12);
INSERT INTO current_way_nodes (way_id, node_id, sequence_id) VALUES (56, 171, 12);
INSERT INTO way_nodes (way_id, node_id, version, sequence_id) VALUES (56, 170, 1, 13);
INSERT INTO current_way_nodes (way_id, node_id, sequence_id) VALUES (56, 170, 13);
INSERT INTO way_nodes (way_id, node_id, version, sequence_id) VALUES (56, 169, 1, 14);
INSERT INTO current_way_nodes (way_id, node_id, sequence_id) VALUES (56, 169, 14);
INSERT INTO way_nodes (way_id, node_id, version, sequence_id) VALUES (56, 167, 1, 15);
INSERT INTO current_way_nodes (way_id, node_id, sequence_id) VALUES (56, 167, 15);
INSERT INTO way_nodes (way_id, node_id, version, sequence_id) VALUES (56, 165, 1, 16);
INSERT INTO current_way_nodes (way_id, node_id, sequence_id) VALUES (56, 165, 16);
INSERT INTO way_nodes (way_id, node_id, version, sequence_id) VALUES (56, 163, 1, 17);
INSERT INTO current_way_nodes (way_id, node_id, sequence_id) VALUES (56, 163, 17);
INSERT INTO way_nodes (way_id, node_id, version, sequence_id) VALUES (56, 161, 1, 18);
INSERT INTO current_way_nodes (way_id, node_id, sequence_id) VALUES (56, 161, 18);
INSERT INTO way_nodes (way_id, node_id, version, sequence_id) VALUES (56, 159, 1, 19);
INSERT INTO current_way_nodes (way_id, node_id, sequence_id) VALUES (56, 159, 19);
INSERT INTO way_nodes (way_id, node_id, version, sequence_id) VALUES (56, 157, 1, 20);
INSERT INTO current_way_nodes (way_id, node_id, sequence_id) VALUES (56, 157, 20);
INSERT INTO way_nodes (way_id, node_id, version, sequence_id) VALUES (56, 155, 1, 21);
INSERT INTO current_way_nodes (way_id, node_id, sequence_id) VALUES (56, 155, 21);
INSERT INTO way_nodes (way_id, node_id, version, sequence_id) VALUES (56, 153, 1, 22);
INSERT INTO current_way_nodes (way_id, node_id, sequence_id) VALUES (56, 153, 22);
INSERT INTO way_nodes (way_id, node_id, version, sequence_id) VALUES (56, 151, 1, 23);
INSERT INTO current_way_nodes (way_id, node_id, sequence_id) VALUES (56, 151, 23);
INSERT INTO way_nodes (way_id, node_id, version, sequence_id) VALUES (56, 149, 1, 24);
INSERT INTO current_way_nodes (way_id, node_id, sequence_id) VALUES (56, 149, 24);
INSERT INTO way_nodes (way_id, node_id, version, sequence_id) VALUES (56, 147, 1, 25);
INSERT INTO current_way_nodes (way_id, node_id, sequence_id) VALUES (56, 147, 25);
INSERT INTO way_nodes (way_id, node_id, version, sequence_id) VALUES (56, 146, 1, 26);
INSERT INTO current_way_nodes (way_id, node_id, sequence_id) VALUES (56, 146, 26);
INSERT INTO way_nodes (way_id, node_id, version, sequence_id) VALUES (56, 145, 1, 27);
INSERT INTO current_way_nodes (way_id, node_id, sequence_id) VALUES (56, 145, 27);
INSERT INTO way_nodes (way_id, node_id, version, sequence_id) VALUES (56, 144, 1, 28);
INSERT INTO current_way_nodes (way_id, node_id, sequence_id) VALUES (56, 144, 28);
INSERT INTO way_nodes (way_id, node_id, version, sequence_id) VALUES (56, 143, 1, 29);
INSERT INTO current_way_nodes (way_id, node_id, sequence_id) VALUES (56, 143, 29);
INSERT INTO way_nodes (way_id, node_id, version, sequence_id) VALUES (56, 142, 1, 30);
INSERT INTO current_way_nodes (way_id, node_id, sequence_id) VALUES (56, 142, 30);
INSERT INTO way_nodes (way_id, node_id, version, sequence_id) VALUES (56, 141, 1, 31);
INSERT INTO current_way_nodes (way_id, node_id, sequence_id) VALUES (56, 141, 31);
INSERT INTO way_nodes (way_id, node_id, version, sequence_id) VALUES (56, 140, 1, 32);
INSERT INTO current_way_nodes (way_id, node_id, sequence_id) VALUES (56, 140, 32);
INSERT INTO way_nodes (way_id, node_id, version, sequence_id) VALUES (56, 139, 1, 33);
INSERT INTO current_way_nodes (way_id, node_id, sequence_id) VALUES (56, 139, 33);
INSERT INTO way_nodes (way_id, node_id, version, sequence_id) VALUES (56, 138, 1, 34);
INSERT INTO current_way_nodes (way_id, node_id, sequence_id) VALUES (56, 138, 34);
INSERT INTO way_nodes (way_id, node_id, version, sequence_id) VALUES (56, 137, 1, 35);
INSERT INTO current_way_nodes (way_id, node_id, sequence_id) VALUES (56, 137, 35);
INSERT INTO way_nodes (way_id, node_id, version, sequence_id) VALUES (56, 136, 1, 36);
INSERT INTO current_way_nodes (way_id, node_id, sequence_id) VALUES (56, 136, 36);
INSERT INTO way_nodes (way_id, node_id, version, sequence_id) VALUES (56, 135, 1, 37);
INSERT INTO current_way_nodes (way_id, node_id, sequence_id) VALUES (56, 135, 37);
INSERT INTO way_nodes (way_id, node_id, version, sequence_id) VALUES (56, 134, 1, 38);
INSERT INTO current_way_nodes (way_id, node_id, sequence_id) VALUES (56, 134, 38);
/* modify way 58*/
INSERT INTO ways (way_id, changeset_id, visible, "timestamp", version) VALUES (58, 3, true, (now() at time zone 'utc'), 2);
UPDATE current_ways SET changeset_id=3, visible=true, "timestamp"=(now() at time zone 'utc'), version=2 WHERE id=58;
DELETE FROM current_way_tags WHERE way_id = 58;
DELETE FROM way_tags WHERE way_id = 58;
INSERT INTO current_way_tags (way_id, k, v) VALUES (58, 'accuracy', '5');
INSERT INTO way_tags (way_id, k, v, version) VALUES (58, 'accuracy', '5', 2);
INSERT INTO current_way_tags (way_id, k, v) VALUES (58, 'hoot:id', '58');
INSERT INTO way_tags (way_id, k, v, version) VALUES (58, 'hoot:id', '58', 2);
INSERT INTO current_way_tags (way_id, k, v) VALUES (58, 'hoot:status', '3');
INSERT INTO way_tags (way_id, k, v, version) VALUES (58, 'hoot:status', '3', 2);
INSERT INTO current_way_tags (way_id, k, v) VALUES (58, 'alt_name', 'Lincoln Memorial Cir');
INSERT INTO way_tags (way_id, k, v, version) VALUES (58, 'alt_name', 'Lincoln Memorial Cir', 2);
INSERT INTO current_way_tags (way_id, k, v) VALUES (58, 'name', 'LINCOLN MEMORIAL CIR SW');
INSERT INTO way_tags (way_id, k, v, version) VALUES (58, 'name', 'LINCOLN MEMORIAL CIR SW', 2);
INSERT INTO current_way_tags (way_id, k, v) VALUES (58, 'highway', 'road');
INSERT INTO way_tags (way_id, k, v, version) VALUES (58, 'highway', 'road', 2);
DELETE FROM current_way_nodes WHERE way_id = 58;
DELETE FROM way_nodes WHERE way_id = 58;
INSERT INTO way_nodes (way_id, node_id, version, sequence_id) VALUES (58, 419, 1, 1);
INSERT INTO current_way_nodes (way_id, node_id, sequence_id) VALUES (58, 419, 1);
INSERT INTO way_nodes (way_id, node_id, version, sequence_id) VALUES (58, 81, 1, 2);
INSERT INTO current_way_nodes (way_id, node_id, sequence_id) VALUES (58, 81, 2);
INSERT INTO way_nodes (way_id, node_id, version, sequence_id) VALUES (58, 82, 1, 3);
INSERT INTO current_way_nodes (way_id, node_id, sequence_id) VALUES (58, 82, 3);
INSERT INTO way_nodes (way_id, node_id, version, sequence_id) VALUES (58, 83, 1, 4);
INSERT INTO current_way_nodes (way_id, node_id, sequence_id) VALUES (58, 83, 4);
INSERT INTO way_nodes (way_id, node_id, version, sequence_id) VALUES (58, 84, 1, 5);
INSERT INTO current_way_nodes (way_id, node_id, sequence_id) VALUES (58, 84, 5);
INSERT INTO way_nodes (way_id, node_id, version, sequence_id) VALUES (58, 86, 1, 6);
INSERT INTO current_way_nodes (way_id, node_id, sequence_id) VALUES (58, 86, 6);
INSERT INTO way_nodes (way_id, node_id, version, sequence_id) VALUES (58, 88, 1, 7);
INSERT INTO current_way_nodes (way_id, node_id, sequence_id) VALUES (58, 88, 7);
INSERT INTO way_nodes (way_id, node_id, version, sequence_id) VALUES (58, 90, 1, 8);
INSERT INTO current_way_nodes (way_id, node_id, sequence_id) VALUES (58, 90, 8);
INSERT INTO way_nodes (way_id, node_id, version, sequence_id) VALUES (58, 92, 1, 9);
INSERT INTO current_way_nodes (way_id, node_id, sequence_id) VALUES (58, 92, 9);
INSERT INTO way_nodes (way_id, node_id, version, sequence_id) VALUES (58, 94, 1, 10);
INSERT INTO current_way_nodes (way_id, node_id, sequence_id) VALUES (58, 94, 10);
INSERT INTO way_nodes (way_id, node_id, version, sequence_id) VALUES (58, 96, 1, 11);
INSERT INTO current_way_nodes (way_id, node_id, sequence_id) VALUES (58, 96, 11);
INSERT INTO way_nodes (way_id, node_id, version, sequence_id) VALUES (58, 97, 1, 12);
INSERT INTO current_way_nodes (way_id, node_id, sequence_id) VALUES (58, 97, 12);
INSERT INTO way_nodes (way_id, node_id, version, sequence_id) VALUES (58, 98, 1, 13);
INSERT INTO current_way_nodes (way_id, node_id, sequence_id) VALUES (58, 98, 13);
INSERT INTO way_nodes (way_id, node_id, version, sequence_id) VALUES (58, 99, 1, 14);
INSERT INTO current_way_nodes (way_id, node_id, sequence_id) VALUES (58, 99, 14);
INSERT INTO way_nodes (way_id, node_id, version, sequence_id) VALUES (58, 4919, 1, 15);
INSERT INTO current_way_nodes (way_id, node_id, sequence_id) VALUES (58, 4919, 15);
/* modify way 73*/
INSERT INTO ways (way_id, changeset_id, visible, "timestamp", version) VALUES (73, 3, true, (now() at time zone 'utc'), 2);
UPDATE current_ways SET changeset_id=3, visible=true, "timestamp"=(now() at time zone 'utc'), version=2 WHERE id=73;
DELETE FROM current_way_tags WHERE way_id = 73;
DELETE FROM way_tags WHERE way_id = 73;
INSERT INTO current_way_tags (way_id, k, v) VALUES (73, 'accuracy', '5');
INSERT INTO way_tags (way_id, k, v, version) VALUES (73, 'accuracy', '5', 2);
INSERT INTO current_way_tags (way_id, k, v) VALUES (73, 'hoot:id', '73');
INSERT INTO way_tags (way_id, k, v, version) VALUES (73, 'hoot:id', '73', 2);
INSERT INTO current_way_tags (way_id, k, v) VALUES (73, 'hoot:status', '3');
INSERT INTO way_tags (way_id, k, v, version) VALUES (73, 'hoot:status', '3', 2);
INSERT INTO current_way_tags (way_id, k, v) VALUES (73, 'name', 'OHIO DR NW');
INSERT INTO way_tags (way_id, k, v, version) VALUES (73, 'name', 'OHIO DR NW', 2);
INSERT INTO current_way_tags (way_id, k, v) VALUES (73, 'highway', 'road');
INSERT INTO way_tags (way_id, k, v, version) VALUES (73, 'highway', 'road', 2);
DELETE FROM current_way_nodes WHERE way_id = 73;
DELETE FROM way_nodes WHERE way_id = 73;
INSERT INTO way_nodes (way_id, node_id, version, sequence_id) VALUES (73, 4918, 1, 1);
INSERT INTO current_way_nodes (way_id, node_id, sequence_id) VALUES (73, 4918, 1);
INSERT INTO way_nodes (way_id, node_id, version, sequence_id) VALUES (73, 1662, 1, 2);
INSERT INTO current_way_nodes (way_id, node_id, sequence_id) VALUES (73, 1662, 2);
INSERT INTO way_nodes (way_id, node_id, version, sequence_id) VALUES (73, 1660, 1, 3);
INSERT INTO current_way_nodes (way_id, node_id, sequence_id) VALUES (73, 1660, 3);
INSERT INTO way_nodes (way_id, node_id, version, sequence_id) VALUES (73, 1658, 1, 4);
INSERT INTO current_way_nodes (way_id, node_id, sequence_id) VALUES (73, 1658, 4);
INSERT INTO way_nodes (way_id, node_id, version, sequence_id) VALUES (73, 1656, 1, 5);
INSERT INTO current_way_nodes (way_id, node_id, sequence_id) VALUES (73, 1656, 5);
INSERT INTO way_nodes (way_id, node_id, version, sequence_id) VALUES (73, 1654, 1, 6);
INSERT INTO current_way_nodes (way_id, node_id, sequence_id) VALUES (73, 1654, 6);
INSERT INTO way_nodes (way_id, node_id, version, sequence_id) VALUES (73, 1652, 1, 7);
INSERT INTO current_way_nodes (way_id, node_id, sequence_id) VALUES (73, 1652, 7);
INSERT INTO way_nodes (way_id, node_id, version, sequence_id) VALUES (73, 1650, 1, 8);
INSERT INTO current_way_nodes (way_id, node_id, sequence_id) VALUES (73, 1650, 8);
INSERT INTO way_nodes (way_id, node_id, version, sequence_id) VALUES (73, 1648, 1, 9);
INSERT INTO current_way_nodes (way_id, node_id, sequence_id) VALUES (73, 1648, 9);
INSERT INTO way_nodes (way_id, node_id, version, sequence_id) VALUES (73, 1646, 1, 10);
INSERT INTO current_way_nodes (way_id, node_id, sequence_id) VALUES (73, 1646, 10);
INSERT INTO way_nodes (way_id, node_id, version, sequence_id) VALUES (73, 1644, 1, 11);
INSERT INTO current_way_nodes (way_id, node_id, sequence_id) VALUES (73, 1644, 11);
INSERT INTO way_nodes (way_id, node_id, version, sequence_id) VALUES (73, 1642, 1, 12);
INSERT INTO current_way_nodes (way_id, node_id, sequence_id) VALUES (73, 1642, 12);
INSERT INTO way_nodes (way_id, node_id, version, sequence_id) VALUES (73, 1640, 1, 13);
INSERT INTO current_way_nodes (way_id, node_id, sequence_id) VALUES (73, 1640, 13);
INSERT INTO way_nodes (way_id, node_id, version, sequence_id) VALUES (73, 1638, 1, 14);
INSERT INTO current_way_nodes (way_id, node_id, sequence_id) VALUES (73, 1638, 14);
INSERT INTO way_nodes (way_id, node_id, version, sequence_id) VALUES (73, 1636, 1, 15);
INSERT INTO current_way_nodes (way_id, node_id, sequence_id) VALUES (73, 1636, 15);
INSERT INTO way_nodes (way_id, node_id, version, sequence_id) VALUES (73, 1634, 1, 16);
INSERT INTO current_way_nodes (way_id, node_id, sequence_id) VALUES (73, 1634, 16);
INSERT INTO way_nodes (way_id, node_id, version, sequence_id) VALUES (73, 1631, 1, 17);
INSERT INTO current_way_nodes (way_id, node_id, sequence_id) VALUES (73, 1631, 17);
INSERT INTO way_nodes (way_id, node_id, version, sequence_id) VALUES (73, 1628, 1, 18);
INSERT INTO current_way_nodes (way_id, node_id, sequence_id) VALUES (73, 1628, 18);
INSERT INTO way_nodes (way_id, node_id, version, sequence_id) VALUES (73, 1625, 1, 19);
INSERT INTO current_way_nodes (way_id, node_id, sequence_id) VALUES (73, 1625, 19);
INSERT INTO way_nodes (way_id, node_id, version, sequence_id) VALUES (73, 1622, 1, 20);
INSERT INTO current_way_nodes (way_id, node_id, sequence_id) VALUES (73, 1622, 20);
INSERT INTO way_nodes (way_id, node_id, version, sequence_id) VALUES (73, 1619, 1, 21);
INSERT INTO current_way_nodes (way_id, node_id, sequence_id) VALUES (73, 1619, 21);
/* modify way 81*/
INSERT INTO ways (way_id, changeset_id, visible, "timestamp", version) VALUES (81, 3, true, (now() at time zone 'utc'), 2);
UPDATE current_ways SET changeset_id=3, visible=true, "timestamp"=(now() at time zone 'utc'), version=2 WHERE id=81;
DELETE FROM current_way_tags WHERE way_id = 81;
DELETE FROM way_tags WHERE way_id = 81;
INSERT INTO current_way_tags (way_id, k, v) VALUES (81, 'accuracy', '5');
INSERT INTO way_tags (way_id, k, v, version) VALUES (81, 'accuracy', '5', 2);
INSERT INTO current_way_tags (way_id, k, v) VALUES (81, 'hoot:id', '81');
INSERT INTO way_tags (way_id, k, v, version) VALUES (81, 'hoot:id', '81', 2);
INSERT INTO current_way_tags (way_id, k, v) VALUES (81, 'hoot:status', '3');
INSERT INTO way_tags (way_id, k, v, version) VALUES (81, 'hoot:status', '3', 2);
INSERT INTO current_way_tags (way_id, k, v) VALUES (81, 'alt_name', 'Ohio Dr SW');
INSERT INTO way_tags (way_id, k, v, version) VALUES (81, 'alt_name', 'Ohio Dr SW', 2);
INSERT INTO current_way_tags (way_id, k, v) VALUES (81, 'name', '23RD ST SW');
INSERT INTO way_tags (way_id, k, v, version) VALUES (81, 'name', '23RD ST SW', 2);
INSERT INTO current_way_tags (way_id, k, v) VALUES (81, 'highway', 'road');
INSERT INTO way_tags (way_id, k, v, version) VALUES (81, 'highway', 'road', 2);
DELETE FROM current_way_nodes WHERE way_id = 81;
DELETE FROM way_nodes WHERE way_id = 81;
INSERT INTO way_nodes (way_id, node_id, version, sequence_id) VALUES (81, 419, 1, 1);
INSERT INTO current_way_nodes (way_id, node_id, sequence_id) VALUES (81, 419, 1);
INSERT INTO way_nodes (way_id, node_id, version, sequence_id) VALUES (81, 2601, 1, 2);
INSERT INTO current_way_nodes (way_id, node_id, sequence_id) VALUES (81, 2601, 2);
/* modify way 118*/
INSERT INTO ways (way_id, changeset_id, visible, "timestamp", version) VALUES (118, 3, true, (now() at time zone 'utc'), 2);
UPDATE current_ways SET changeset_id=3, visible=true, "timestamp"=(now() at time zone 'utc'), version=2 WHERE id=118;
DELETE FROM current_way_tags WHERE way_id = 118;
DELETE FROM way_tags WHERE way_id = 118;
INSERT INTO current_way_tags (way_id, k, v) VALUES (118, 'accuracy', '5');
INSERT INTO way_tags (way_id, k, v, version) VALUES (118, 'accuracy', '5', 2);
INSERT INTO current_way_tags (way_id, k, v) VALUES (118, 'hoot:id', '118');
INSERT INTO way_tags (way_id, k, v, version) VALUES (118, 'hoot:id', '118', 2);
INSERT INTO current_way_tags (way_id, k, v) VALUES (118, 'hoot:status', '3');
INSERT INTO way_tags (way_id, k, v, version) VALUES (118, 'hoot:status', '3', 2);
INSERT INTO current_way_tags (way_id, k, v) VALUES (118, 'alt_name', 'Independence Ave SW');
INSERT INTO way_tags (way_id, k, v, version) VALUES (118, 'alt_name', 'Independence Ave SW', 2);
INSERT INTO current_way_tags (way_id, k, v) VALUES (118, 'name', 'INDEPENDENCE AVE SW');
INSERT INTO way_tags (way_id, k, v, version) VALUES (118, 'name', 'INDEPENDENCE AVE SW', 2);
INSERT INTO current_way_tags (way_id, k, v) VALUES (118, 'highway', 'road');
INSERT INTO way_tags (way_id, k, v, version) VALUES (118, 'highway', 'road', 2);
DELETE FROM current_way_nodes WHERE way_id = 118;
DELETE FROM way_nodes WHERE way_id = 118;
INSERT INTO way_nodes (way_id, node_id, version, sequence_id) VALUES (118, 3386, 1, 1);
INSERT INTO current_way_nodes (way_id, node_id, sequence_id) VALUES (118, 3386, 1);
INSERT INTO way_nodes (way_id, node_id, version, sequence_id) VALUES (118, 339, 1, 2);
INSERT INTO current_way_nodes (way_id, node_id, sequence_id) VALUES (118, 339, 2);
INSERT INTO way_nodes (way_id, node_id, version, sequence_id) VALUES (118, 338, 1, 3);
INSERT INTO current_way_nodes (way_id, node_id, sequence_id) VALUES (118, 338, 3);
INSERT INTO way_nodes (way_id, node_id, version, sequence_id) VALUES (118, 337, 1, 4);
INSERT INTO current_way_nodes (way_id, node_id, sequence_id) VALUES (118, 337, 4);
INSERT INTO way_nodes (way_id, node_id, version, sequence_id) VALUES (118, 336, 1, 5);
INSERT INTO current_way_nodes (way_id, node_id, sequence_id) VALUES (118, 336, 5);
INSERT INTO way_nodes (way_id, node_id, version, sequence_id) VALUES (118, 335, 1, 6);
INSERT INTO current_way_nodes (way_id, node_id, sequence_id) VALUES (118, 335, 6);
INSERT INTO way_nodes (way_id, node_id, version, sequence_id) VALUES (118, 2601, 1, 7);
INSERT INTO current_way_nodes (way_id, node_id, sequence_id) VALUES (118, 2601, 7);
/* modify way 157*/
INSERT INTO ways (way_id, changeset_id, visible, "timestamp", version) VALUES (157, 3, true, (now() at time zone 'utc'), 2);
UPDATE current_ways SET changeset_id=3, visible=true, "timestamp"=(now() at time zone 'utc'), version=2 WHERE id=157;
DELETE FROM current_way_tags WHERE way_id = 157;
DELETE FROM way_tags WHERE way_id = 157;
INSERT INTO current_way_tags (way_id, k, v) VALUES (157, 'accuracy', '5');
INSERT INTO way_tags (way_id, k, v, version) VALUES (157, 'accuracy', '5', 2);
INSERT INTO current_way_tags (way_id, k, v) VALUES (157, 'hoot:id', '157');
INSERT INTO way_tags (way_id, k, v, version) VALUES (157, 'hoot:id', '157', 2);
INSERT INTO current_way_tags (way_id, k, v) VALUES (157, 'hoot:status', '3');
INSERT INTO way_tags (way_id, k, v, version) VALUES (157, 'hoot:status', '3', 2);
INSERT INTO current_way_tags (way_id, k, v) VALUES (157, 'alt_name', 'Henry Bacon Dr NW');
INSERT INTO way_tags (way_id, k, v, version) VALUES (157, 'alt_name', 'Henry Bacon Dr NW', 2);
INSERT INTO current_way_tags (way_id, k, v) VALUES (157, 'name', 'HENRY BACON DR NW');
INSERT INTO way_tags (way_id, k, v, version) VALUES (157, 'name', 'HENRY BACON DR NW', 2);
INSERT INTO current_way_tags (way_id, k, v) VALUES (157, 'highway', 'road');
INSERT INTO way_tags (way_id, k, v, version) VALUES (157, 'highway', 'road', 2);
DELETE FROM current_way_nodes WHERE way_id = 157;
DELETE FROM way_nodes WHERE way_id = 157;
INSERT INTO way_nodes (way_id, node_id, version, sequence_id) VALUES (157, 1916, 1, 1);
INSERT INTO current_way_nodes (way_id, node_id, sequence_id) VALUES (157, 1916, 1);
INSERT INTO way_nodes (way_id, node_id, version, sequence_id) VALUES (157, 1914, 1, 2);
INSERT INTO current_way_nodes (way_id, node_id, sequence_id) VALUES (157, 1914, 2);
INSERT INTO way_nodes (way_id, node_id, version, sequence_id) VALUES (157, 1912, 1, 3);
INSERT INTO current_way_nodes (way_id, node_id, sequence_id) VALUES (157, 1912, 3);
INSERT INTO way_nodes (way_id, node_id, version, sequence_id) VALUES (157, 1910, 1, 4);
INSERT INTO current_way_nodes (way_id, node_id, sequence_id) VALUES (157, 1910, 4);
INSERT INTO way_nodes (way_id, node_id, version, sequence_id) VALUES (157, 1908, 1, 5);
INSERT INTO current_way_nodes (way_id, node_id, sequence_id) VALUES (157, 1908, 5);
INSERT INTO way_nodes (way_id, node_id, version, sequence_id) VALUES (157, 1907, 1, 6);
INSERT INTO current_way_nodes (way_id, node_id, sequence_id) VALUES (157, 1907, 6);
INSERT INTO way_nodes (way_id, node_id, version, sequence_id) VALUES (157, 1906, 1, 7);
INSERT INTO current_way_nodes (way_id, node_id, sequence_id) VALUES (157, 1906, 7);
INSERT INTO way_nodes (way_id, node_id, version, sequence_id) VALUES (157, 1905, 1, 8);
INSERT INTO current_way_nodes (way_id, node_id, sequence_id) VALUES (157, 1905, 8);
INSERT INTO way_nodes (way_id, node_id, version, sequence_id) VALUES (157, 1904, 1, 9);
INSERT INTO current_way_nodes (way_id, node_id, sequence_id) VALUES (157, 1904, 9);
INSERT INTO way_nodes (way_id, node_id, version, sequence_id) VALUES (157, 1903, 1, 10);
INSERT INTO current_way_nodes (way_id, node_id, sequence_id) VALUES (157, 1903, 10);
INSERT INTO way_nodes (way_id, node_id, version, sequence_id) VALUES (157, 1902, 1, 11);
INSERT INTO current_way_nodes (way_id, node_id, sequence_id) VALUES (157, 1902, 11);
INSERT INTO way_nodes (way_id, node_id, version, sequence_id) VALUES (157, 1901, 1, 12);
INSERT INTO current_way_nodes (way_id, node_id, sequence_id) VALUES (157, 1901, 12);
INSERT INTO way_nodes (way_id, node_id, version, sequence_id) VALUES (157, 3711, 1, 13);
INSERT INTO current_way_nodes (way_id, node_id, sequence_id) VALUES (157, 3711, 13);
/* modify way 206*/
INSERT INTO ways (way_id, changeset_id, visible, "timestamp", version) VALUES (206, 3, true, (now() at time zone 'utc'), 2);
UPDATE current_ways SET changeset_id=3, visible=true, "timestamp"=(now() at time zone 'utc'), version=2 WHERE id=206;
DELETE FROM current_way_tags WHERE way_id = 206;
DELETE FROM way_tags WHERE way_id = 206;
INSERT INTO current_way_tags (way_id, k, v) VALUES (206, 'accuracy', '5');
INSERT INTO way_tags (way_id, k, v, version) VALUES (206, 'accuracy', '5', 2);
INSERT INTO current_way_tags (way_id, k, v) VALUES (206, 'hoot:id', '206');
INSERT INTO way_tags (way_id, k, v, version) VALUES (206, 'hoot:id', '206', 2);
INSERT INTO current_way_tags (way_id, k, v) VALUES (206, 'hoot:status', '3');
INSERT INTO way_tags (way_id, k, v, version) VALUES (206, 'hoot:status', '3', 2);
INSERT INTO current_way_tags (way_id, k, v) VALUES (206, 'alt_name', 'Lincoln Memorial Cir');
INSERT INTO way_tags (way_id, k, v, version) VALUES (206, 'alt_name', 'Lincoln Memorial Cir', 2);
INSERT INTO current_way_tags (way_id, k, v) VALUES (206, 'name', 'LINCOLN MEMORIAL CIR NW');
INSERT INTO way_tags (way_id, k, v, version) VALUES (206, 'name', 'LINCOLN MEMORIAL CIR NW', 2);
INSERT INTO current_way_tags (way_id, k, v) VALUES (206, 'highway', 'road');
INSERT INTO way_tags (way_id, k, v, version) VALUES (206, 'highway', 'road', 2);
DELETE FROM current_way_nodes WHERE way_id = 206;
DELETE FROM way_nodes WHERE way_id = 206;
INSERT INTO way_nodes (way_id, node_id, version, sequence_id) VALUES (206, 4923, 1, 1);
INSERT INTO current_way_nodes (way_id, node_id, sequence_id) VALUES (206, 4923, 1);
INSERT INTO way_nodes (way_id, node_id, version, sequence_id) VALUES (206, 1002, 1, 2);
INSERT INTO current_way_nodes (way_id, node_id, sequence_id) VALUES (206, 1002, 2);
INSERT INTO way_nodes (way_id, node_id, version, sequence_id) VALUES (206, 999, 1, 3);
INSERT INTO current_way_nodes (way_id, node_id, sequence_id) VALUES (206, 999, 3);
INSERT INTO way_nodes (way_id, node_id, version, sequence_id) VALUES (206, 996, 1, 4);
INSERT INTO current_way_nodes (way_id, node_id, sequence_id) VALUES (206, 996, 4);
INSERT INTO way_nodes (way_id, node_id, version, sequence_id) VALUES (206, 993, 1, 5);
INSERT INTO current_way_nodes (way_id, node_id, sequence_id) VALUES (206, 993, 5);
INSERT INTO way_nodes (way_id, node_id, version, sequence_id) VALUES (206, 989, 1, 6);
INSERT INTO current_way_nodes (way_id, node_id, sequence_id) VALUES (206, 989, 6);
INSERT INTO way_nodes (way_id, node_id, version, sequence_id) VALUES (206, 985, 1, 7);
INSERT INTO current_way_nodes (way_id, node_id, sequence_id) VALUES (206, 985, 7);
INSERT INTO way_nodes (way_id, node_id, version, sequence_id) VALUES (206, 981, 1, 8);
INSERT INTO current_way_nodes (way_id, node_id, sequence_id) VALUES (206, 981, 8);
INSERT INTO way_nodes (way_id, node_id, version, sequence_id) VALUES (206, 978, 1, 9);
INSERT INTO current_way_nodes (way_id, node_id, sequence_id) VALUES (206, 978, 9);
INSERT INTO way_nodes (way_id, node_id, version, sequence_id) VALUES (206, 975, 1, 10);
INSERT INTO current_way_nodes (way_id, node_id, sequence_id) VALUES (206, 975, 10);
INSERT INTO way_nodes (way_id, node_id, version, sequence_id) VALUES (206, 972, 1, 11);
INSERT INTO current_way_nodes (way_id, node_id, sequence_id) VALUES (206, 972, 11);
INSERT INTO way_nodes (way_id, node_id, version, sequence_id) VALUES (206, 969, 1, 12);
INSERT INTO current_way_nodes (way_id, node_id, sequence_id) VALUES (206, 969, 12);
INSERT INTO way_nodes (way_id, node_id, version, sequence_id) VALUES (206, 966, 1, 13);
INSERT INTO current_way_nodes (way_id, node_id, sequence_id) VALUES (206, 966, 13);
INSERT INTO way_nodes (way_id, node_id, version, sequence_id) VALUES (206, 963, 1, 14);
INSERT INTO current_way_nodes (way_id, node_id, sequence_id) VALUES (206, 963, 14);
INSERT INTO way_nodes (way_id, node_id, version, sequence_id) VALUES (206, 960, 1, 15);
INSERT INTO current_way_nodes (way_id, node_id, sequence_id) VALUES (206, 960, 15);
INSERT INTO way_nodes (way_id, node_id, version, sequence_id) VALUES (206, 957, 1, 16);
INSERT INTO current_way_nodes (way_id, node_id, sequence_id) VALUES (206, 957, 16);
INSERT INTO way_nodes (way_id, node_id, version, sequence_id) VALUES (206, 954, 1, 17);
INSERT INTO current_way_nodes (way_id, node_id, sequence_id) VALUES (206, 954, 17);
INSERT INTO way_nodes (way_id, node_id, version, sequence_id) VALUES (206, 951, 1, 18);
INSERT INTO current_way_nodes (way_id, node_id, sequence_id) VALUES (206, 951, 18);
/* modify way 214*/
INSERT INTO ways (way_id, changeset_id, visible, "timestamp", version) VALUES (214, 3, true, (now() at time zone 'utc'), 2);
UPDATE current_ways SET changeset_id=3, visible=true, "timestamp"=(now() at time zone 'utc'), version=2 WHERE id=214;
DELETE FROM current_way_tags WHERE way_id = 214;
DELETE FROM way_tags WHERE way_id = 214;
INSERT INTO current_way_tags (way_id, k, v) VALUES (214, 'accuracy', '5');
INSERT INTO way_tags (way_id, k, v, version) VALUES (214, 'accuracy', '5', 2);
INSERT INTO current_way_tags (way_id, k, v) VALUES (214, 'hoot:id', '214');
INSERT INTO way_tags (way_id, k, v, version) VALUES (214, 'hoot:id', '214', 2);
INSERT INTO current_way_tags (way_id, k, v) VALUES (214, 'hoot:status', '3');
INSERT INTO way_tags (way_id, k, v, version) VALUES (214, 'hoot:status', '3', 2);
INSERT INTO current_way_tags (way_id, k, v) VALUES (214, 'name', 'OHIO DR SW');
INSERT INTO way_tags (way_id, k, v, version) VALUES (214, 'name', 'OHIO DR SW', 2);
INSERT INTO current_way_tags (way_id, k, v) VALUES (214, 'highway', 'road');
INSERT INTO way_tags (way_id, k, v, version) VALUES (214, 'highway', 'road', 2);
DELETE FROM current_way_nodes WHERE way_id = 214;
DELETE FROM way_nodes WHERE way_id = 214;
INSERT INTO way_nodes (way_id, node_id, version, sequence_id) VALUES (214, 4204, 1, 1);
INSERT INTO current_way_nodes (way_id, node_id, sequence_id) VALUES (214, 4204, 1);
INSERT INTO way_nodes (way_id, node_id, version, sequence_id) VALUES (214, 2317, 1, 2);
INSERT INTO current_way_nodes (way_id, node_id, sequence_id) VALUES (214, 2317, 2);
INSERT INTO way_nodes (way_id, node_id, version, sequence_id) VALUES (214, 2315, 1, 3);
INSERT INTO current_way_nodes (way_id, node_id, sequence_id) VALUES (214, 2315, 3);
INSERT INTO way_nodes (way_id, node_id, version, sequence_id) VALUES (214, 2313, 1, 4);
INSERT INTO current_way_nodes (way_id, node_id, sequence_id) VALUES (214, 2313, 4);
INSERT INTO way_nodes (way_id, node_id, version, sequence_id) VALUES (214, 2311, 1, 5);
INSERT INTO current_way_nodes (way_id, node_id, sequence_id) VALUES (214, 2311, 5);
INSERT INTO way_nodes (way_id, node_id, version, sequence_id) VALUES (214, 2309, 1, 6);
INSERT INTO current_way_nodes (way_id, node_id, sequence_id) VALUES (214, 2309, 6);
INSERT INTO way_nodes (way_id, node_id, version, sequence_id) VALUES (214, 2307, 1, 7);
INSERT INTO current_way_nodes (way_id, node_id, sequence_id) VALUES (214, 2307, 7);
INSERT INTO way_nodes (way_id, node_id, version, sequence_id) VALUES (214, 2305, 1, 8);
INSERT INTO current_way_nodes (way_id, node_id, sequence_id) VALUES (214, 2305, 8);
INSERT INTO way_nodes (way_id, node_id, version, sequence_id) VALUES (214, 2303, 1, 9);
INSERT INTO current_way_nodes (way_id, node_id, sequence_id) VALUES (214, 2303, 9);
INSERT INTO way_nodes (way_id, node_id, version, sequence_id) VALUES (214, 2301, 1, 10);
INSERT INTO current_way_nodes (way_id, node_id, sequence_id) VALUES (214, 2301, 10);
INSERT INTO way_nodes (way_id, node_id, version, sequence_id) VALUES (214, 2299, 1, 11);
INSERT INTO current_way_nodes (way_id, node_id, sequence_id) VALUES (214, 2299, 11);
INSERT INTO way_nodes (way_id, node_id, version, sequence_id) VALUES (214, 2297, 1, 12);
INSERT INTO current_way_nodes (way_id, node_id, sequence_id) VALUES (214, 2297, 12);
INSERT INTO way_nodes (way_id, node_id, version, sequence_id) VALUES (214, 2295, 1, 13);
INSERT INTO current_way_nodes (way_id, node_id, sequence_id) VALUES (214, 2295, 13);
INSERT INTO way_nodes (way_id, node_id, version, sequence_id) VALUES (214, 2293, 1, 14);
INSERT INTO current_way_nodes (way_id, node_id, sequence_id) VALUES (214, 2293, 14);
INSERT INTO way_nodes (way_id, node_id, version, sequence_id) VALUES (214, 2291, 1, 15);
INSERT INTO current_way_nodes (way_id, node_id, sequence_id) VALUES (214, 2291, 15);
INSERT INTO way_nodes (way_id, node_id, version, sequence_id) VALUES (214, 2289, 1, 16);
INSERT INTO current_way_nodes (way_id, node_id, sequence_id) VALUES (214, 2289, 16);
INSERT INTO way_nodes (way_id, node_id, version, sequence_id) VALUES (214, 2287, 1, 17);
INSERT INTO current_way_nodes (way_id, node_id, sequence_id) VALUES (214, 2287, 17);
INSERT INTO way_nodes (way_id, node_id, version, sequence_id) VALUES (214, 2285, 1, 18);
INSERT INTO current_way_nodes (way_id, node_id, sequence_id) VALUES (214, 2285, 18);
INSERT INTO way_nodes (way_id, node_id, version, sequence_id) VALUES (214, 2282, 1, 19);
INSERT INTO current_way_nodes (way_id, node_id, sequence_id) VALUES (214, 2282, 19);
INSERT INTO way_nodes (way_id, node_id, version, sequence_id) VALUES (214, 2279, 1, 20);
INSERT INTO current_way_nodes (way_id, node_id, sequence_id) VALUES (214, 2279, 20);
INSERT INTO way_nodes (way_id, node_id, version, sequence_id) VALUES (214, 4915, 1, 21);
INSERT INTO current_way_nodes (way_id, node_id, sequence_id) VALUES (214, 4915, 21);
/* modify way 225*/
INSERT INTO ways (way_id, changeset_id, visible, "timestamp", version) VALUES (225, 3, true, (now() at time zone 'utc'), 2);
UPDATE current_ways SET changeset_id=3, visible=true, "timestamp"=(now() at time zone 'utc'), version=2 WHERE id=225;
DELETE FROM current_way_tags WHERE way_id = 225;
DELETE FROM way_tags WHERE way_id = 225;
INSERT INTO current_way_tags (way_id, k, v) VALUES (225, 'accuracy', '5');
INSERT INTO way_tags (way_id, k, v, version) VALUES (225, 'accuracy', '5', 2);
INSERT INTO current_way_tags (way_id, k, v) VALUES (225, 'hoot:id', '225');
INSERT INTO way_tags (way_id, k, v, version) VALUES (225, 'hoot:id', '225', 2);
INSERT INTO current_way_tags (way_id, k, v) VALUES (225, 'hoot:status', '3');
INSERT INTO way_tags (way_id, k, v, version) VALUES (225, 'hoot:status', '3', 2);
INSERT INTO current_way_tags (way_id, k, v) VALUES (225, 'alt_name', 'Arlington Memorial Brg');
INSERT INTO way_tags (way_id, k, v, version) VALUES (225, 'alt_name', 'Arlington Memorial Brg', 2);
INSERT INTO current_way_tags (way_id, k, v) VALUES (225, 'name', 'ARLINGTON MEMORIAL BRG SW');
INSERT INTO way_tags (way_id, k, v, version) VALUES (225, 'name', 'ARLINGTON MEMORIAL BRG SW', 2);
INSERT INTO current_way_tags (way_id, k, v) VALUES (225, 'highway', 'road');
INSERT INTO way_tags (way_id, k, v, version) VALUES (225, 'highway', 'road', 2);
DELETE FROM current_way_nodes WHERE way_id = 225;
DELETE FROM way_nodes WHERE way_id = 225;
INSERT INTO way_nodes (way_id, node_id, version, sequence_id) VALUES (225, 1079, 1, 1);
INSERT INTO current_way_nodes (way_id, node_id, sequence_id) VALUES (225, 1079, 1);
INSERT INTO way_nodes (way_id, node_id, version, sequence_id) VALUES (225, 2529, 1, 2);
INSERT INTO current_way_nodes (way_id, node_id, sequence_id) VALUES (225, 2529, 2);
/* modify way 237*/
INSERT INTO ways (way_id, changeset_id, visible, "timestamp", version) VALUES (237, 3, true, (now() at time zone 'utc'), 2);
UPDATE current_ways SET changeset_id=3, visible=true, "timestamp"=(now() at time zone 'utc'), version=2 WHERE id=237;
DELETE FROM current_way_tags WHERE way_id = 237;
DELETE FROM way_tags WHERE way_id = 237;
INSERT INTO current_way_tags (way_id, k, v) VALUES (237, 'accuracy', '5');
INSERT INTO way_tags (way_id, k, v, version) VALUES (237, 'accuracy', '5', 2);
INSERT INTO current_way_tags (way_id, k, v) VALUES (237, 'hoot:id', '237');
INSERT INTO way_tags (way_id, k, v, version) VALUES (237, 'hoot:id', '237', 2);
INSERT INTO current_way_tags (way_id, k, v) VALUES (237, 'hoot:status', '3');
INSERT INTO way_tags (way_id, k, v, version) VALUES (237, 'hoot:status', '3', 2);
INSERT INTO current_way_tags (way_id, k, v) VALUES (237, 'alt_name', 'Ohio Dr SW');
INSERT INTO way_tags (way_id, k, v, version) VALUES (237, 'alt_name', 'Ohio Dr SW', 2);
INSERT INTO current_way_tags (way_id, k, v) VALUES (237, 'name', 'OHIO DR SW');
INSERT INTO way_tags (way_id, k, v, version) VALUES (237, 'name', 'OHIO DR SW', 2);
INSERT INTO current_way_tags (way_id, k, v) VALUES (237, 'highway', 'road');
INSERT INTO way_tags (way_id, k, v, version) VALUES (237, 'highway', 'road', 2);
DELETE FROM current_way_nodes WHERE way_id = 237;
DELETE FROM way_nodes WHERE way_id = 237;
INSERT INTO way_nodes (way_id, node_id, version, sequence_id) VALUES (237, 4927, 1, 1);
INSERT INTO current_way_nodes (way_id, node_id, sequence_id) VALUES (237, 4927, 1);
INSERT INTO way_nodes (way_id, node_id, version, sequence_id) VALUES (237, 2595, 1, 2);
INSERT INTO current_way_nodes (way_id, node_id, sequence_id) VALUES (237, 2595, 2);
INSERT INTO way_nodes (way_id, node_id, version, sequence_id) VALUES (237, 2593, 1, 3);
INSERT INTO current_way_nodes (way_id, node_id, sequence_id) VALUES (237, 2593, 3);
INSERT INTO way_nodes (way_id, node_id, version, sequence_id) VALUES (237, 2591, 1, 4);
INSERT INTO current_way_nodes (way_id, node_id, sequence_id) VALUES (237, 2591, 4);
INSERT INTO way_nodes (way_id, node_id, version, sequence_id) VALUES (237, 2589, 1, 5);
INSERT INTO current_way_nodes (way_id, node_id, sequence_id) VALUES (237, 2589, 5);
INSERT INTO way_nodes (way_id, node_id, version, sequence_id) VALUES (237, 2587, 1, 6);
INSERT INTO current_way_nodes (way_id, node_id, sequence_id) VALUES (237, 2587, 6);
INSERT INTO way_nodes (way_id, node_id, version, sequence_id) VALUES (237, 2585, 1, 7);
INSERT INTO current_way_nodes (way_id, node_id, sequence_id) VALUES (237, 2585, 7);
INSERT INTO way_nodes (way_id, node_id, version, sequence_id) VALUES (237, 2583, 1, 8);
INSERT INTO current_way_nodes (way_id, node_id, sequence_id) VALUES (237, 2583, 8);
INSERT INTO way_nodes (way_id, node_id, version, sequence_id) VALUES (237, 2581, 1, 9);
INSERT INTO current_way_nodes (way_id, node_id, sequence_id) VALUES (237, 2581, 9);
INSERT INTO way_nodes (way_id, node_id, version, sequence_id) VALUES (237, 2579, 1, 10);
INSERT INTO current_way_nodes (way_id, node_id, sequence_id) VALUES (237, 2579, 10);
INSERT INTO way_nodes (way_id, node_id, version, sequence_id) VALUES (237, 2577, 1, 11);
INSERT INTO current_way_nodes (way_id, node_id, sequence_id) VALUES (237, 2577, 11);
INSERT INTO way_nodes (way_id, node_id, version, sequence_id) VALUES (237, 2575, 1, 12);
INSERT INTO current_way_nodes (way_id, node_id, sequence_id) VALUES (237, 2575, 12);
INSERT INTO way_nodes (way_id, node_id, version, sequence_id) VALUES (237, 2573, 1, 13);
INSERT INTO current_way_nodes (way_id, node_id, sequence_id) VALUES (237, 2573, 13);
INSERT INTO way_nodes (way_id, node_id, version, sequence_id) VALUES (237, 4926, 1, 14);
INSERT INTO current_way_nodes (way_id, node_id, sequence_id) VALUES (237, 4926, 14);
/* modify way 268*/
INSERT INTO ways (way_id, changeset_id, visible, "timestamp", version) VALUES (268, 3, true, (now() at time zone 'utc'), 2);
UPDATE current_ways SET changeset_id=3, visible=true, "timestamp"=(now() at time zone 'utc'), version=2 WHERE id=268;
DELETE FROM current_way_tags WHERE way_id = 268;
DELETE FROM way_tags WHERE way_id = 268;
INSERT INTO current_way_tags (way_id, k, v) VALUES (268, 'accuracy', '5');
INSERT INTO way_tags (way_id, k, v, version) VALUES (268, 'accuracy', '5', 2);
INSERT INTO current_way_tags (way_id, k, v) VALUES (268, 'hoot:id', '268');
INSERT INTO way_tags (way_id, k, v, version) VALUES (268, 'hoot:id', '268', 2);
INSERT INTO current_way_tags (way_id, k, v) VALUES (268, 'hoot:status', '3');
INSERT INTO way_tags (way_id, k, v, version) VALUES (268, 'hoot:status', '3', 2);
INSERT INTO current_way_tags (way_id, k, v) VALUES (268, 'name', 'INTERSTATE 66  BN');
INSERT INTO way_tags (way_id, k, v, version) VALUES (268, 'name', 'INTERSTATE 66  BN', 2);
INSERT INTO current_way_tags (way_id, k, v) VALUES (268, 'highway', 'motorway');
INSERT INTO way_tags (way_id, k, v, version) VALUES (268, 'highway', 'motorway', 2);
DELETE FROM current_way_nodes WHERE way_id = 268;
DELETE FROM way_nodes WHERE way_id = 268;
INSERT INTO way_nodes (way_id, node_id, version, sequence_id) VALUES (268, 4921, 1, 1);
INSERT INTO current_way_nodes (way_id, node_id, sequence_id) VALUES (268, 4921, 1);
INSERT INTO way_nodes (way_id, node_id, version, sequence_id) VALUES (268, 3201, 1, 2);
INSERT INTO current_way_nodes (way_id, node_id, sequence_id) VALUES (268, 3201, 2);
INSERT INTO way_nodes (way_id, node_id, version, sequence_id) VALUES (268, 3199, 1, 3);
INSERT INTO current_way_nodes (way_id, node_id, sequence_id) VALUES (268, 3199, 3);
INSERT INTO way_nodes (way_id, node_id, version, sequence_id) VALUES (268, 3197, 1, 4);
INSERT INTO current_way_nodes (way_id, node_id, sequence_id) VALUES (268, 3197, 4);
INSERT INTO way_nodes (way_id, node_id, version, sequence_id) VALUES (268, 3195, 1, 5);
INSERT INTO current_way_nodes (way_id, node_id, sequence_id) VALUES (268, 3195, 5);
INSERT INTO way_nodes (way_id, node_id, version, sequence_id) VALUES (268, 3193, 1, 6);
INSERT INTO current_way_nodes (way_id, node_id, sequence_id) VALUES (268, 3193, 6);
INSERT INTO way_nodes (way_id, node_id, version, sequence_id) VALUES (268, 3191, 1, 7);
INSERT INTO current_way_nodes (way_id, node_id, sequence_id) VALUES (268, 3191, 7);
INSERT INTO way_nodes (way_id, node_id, version, sequence_id) VALUES (268, 3189, 1, 8);
INSERT INTO current_way_nodes (way_id, node_id, sequence_id) VALUES (268, 3189, 8);
INSERT INTO way_nodes (way_id, node_id, version, sequence_id) VALUES (268, 3187, 1, 9);
INSERT INTO current_way_nodes (way_id, node_id, sequence_id) VALUES (268, 3187, 9);
INSERT INTO way_nodes (way_id, node_id, version, sequence_id) VALUES (268, 3186, 1, 10);
INSERT INTO current_way_nodes (way_id, node_id, sequence_id) VALUES (268, 3186, 10);
INSERT INTO way_nodes (way_id, node_id, version, sequence_id) VALUES (268, 3185, 1, 11);
INSERT INTO current_way_nodes (way_id, node_id, sequence_id) VALUES (268, 3185, 11);
INSERT INTO way_nodes (way_id, node_id, version, sequence_id) VALUES (268, 3184, 1, 12);
INSERT INTO current_way_nodes (way_id, node_id, sequence_id) VALUES (268, 3184, 12);
INSERT INTO way_nodes (way_id, node_id, version, sequence_id) VALUES (268, 3182, 1, 13);
INSERT INTO current_way_nodes (way_id, node_id, sequence_id) VALUES (268, 3182, 13);
INSERT INTO way_nodes (way_id, node_id, version, sequence_id) VALUES (268, 3180, 1, 14);
INSERT INTO current_way_nodes (way_id, node_id, sequence_id) VALUES (268, 3180, 14);
INSERT INTO way_nodes (way_id, node_id, version, sequence_id) VALUES (268, 3178, 1, 15);
INSERT INTO current_way_nodes (way_id, node_id, sequence_id) VALUES (268, 3178, 15);
INSERT INTO way_nodes (way_id, node_id, version, sequence_id) VALUES (268, 3176, 1, 16);
INSERT INTO current_way_nodes (way_id, node_id, sequence_id) VALUES (268, 3176, 16);
INSERT INTO way_nodes (way_id, node_id, version, sequence_id) VALUES (268, 3174, 1, 17);
INSERT INTO current_way_nodes (way_id, node_id, sequence_id) VALUES (268, 3174, 17);
INSERT INTO way_nodes (way_id, node_id, version, sequence_id) VALUES (268, 3172, 1, 18);
INSERT INTO current_way_nodes (way_id, node_id, sequence_id) VALUES (268, 3172, 18);
INSERT INTO way_nodes (way_id, node_id, version, sequence_id) VALUES (268, 3170, 1, 19);
INSERT INTO current_way_nodes (way_id, node_id, sequence_id) VALUES (268, 3170, 19);
INSERT INTO way_nodes (way_id, node_id, version, sequence_id) VALUES (268, 3168, 1, 20);
INSERT INTO current_way_nodes (way_id, node_id, sequence_id) VALUES (268, 3168, 20);
INSERT INTO way_nodes (way_id, node_id, version, sequence_id) VALUES (268, 3166, 1, 21);
INSERT INTO current_way_nodes (way_id, node_id, sequence_id) VALUES (268, 3166, 21);
INSERT INTO way_nodes (way_id, node_id, version, sequence_id) VALUES (268, 3164, 1, 22);
INSERT INTO current_way_nodes (way_id, node_id, sequence_id) VALUES (268, 3164, 22);
INSERT INTO way_nodes (way_id, node_id, version, sequence_id) VALUES (268, 3162, 1, 23);
INSERT INTO current_way_nodes (way_id, node_id, sequence_id) VALUES (268, 3162, 23);
INSERT INTO way_nodes (way_id, node_id, version, sequence_id) VALUES (268, 3160, 1, 24);
INSERT INTO current_way_nodes (way_id, node_id, sequence_id) VALUES (268, 3160, 24);
INSERT INTO way_nodes (way_id, node_id, version, sequence_id) VALUES (268, 3158, 1, 25);
INSERT INTO current_way_nodes (way_id, node_id, sequence_id) VALUES (268, 3158, 25);
INSERT INTO way_nodes (way_id, node_id, version, sequence_id) VALUES (268, 3156, 1, 26);
INSERT INTO current_way_nodes (way_id, node_id, sequence_id) VALUES (268, 3156, 26);
INSERT INTO way_nodes (way_id, node_id, version, sequence_id) VALUES (268, 3154, 1, 27);
INSERT INTO current_way_nodes (way_id, node_id, sequence_id) VALUES (268, 3154, 27);
INSERT INTO way_nodes (way_id, node_id, version, sequence_id) VALUES (268, 3152, 1, 28);
INSERT INTO current_way_nodes (way_id, node_id, sequence_id) VALUES (268, 3152, 28);
INSERT INTO way_nodes (way_id, node_id, version, sequence_id) VALUES (268, 4920, 1, 29);
INSERT INTO current_way_nodes (way_id, node_id, sequence_id) VALUES (268, 4920, 29);
/* modify way 273*/
INSERT INTO ways (way_id, changeset_id, visible, "timestamp", version) VALUES (273, 3, true, (now() at time zone 'utc'), 2);
UPDATE current_ways SET changeset_id=3, visible=true, "timestamp"=(now() at time zone 'utc'), version=2 WHERE id=273;
DELETE FROM current_way_tags WHERE way_id = 273;
DELETE FROM way_tags WHERE way_id = 273;
INSERT INTO current_way_tags (way_id, k, v) VALUES (273, 'accuracy', '5');
INSERT INTO way_tags (way_id, k, v, version) VALUES (273, 'accuracy', '5', 2);
INSERT INTO current_way_tags (way_id, k, v) VALUES (273, 'hoot:id', '273');
INSERT INTO way_tags (way_id, k, v, version) VALUES (273, 'hoot:id', '273', 2);
INSERT INTO current_way_tags (way_id, k, v) VALUES (273, 'hoot:status', '3');
INSERT INTO way_tags (way_id, k, v, version) VALUES (273, 'hoot:status', '3', 2);
INSERT INTO current_way_tags (way_id, k, v) VALUES (273, 'name', 'INTERSTATE 66  BN');
INSERT INTO way_tags (way_id, k, v, version) VALUES (273, 'name', 'INTERSTATE 66  BN', 2);
INSERT INTO current_way_tags (way_id, k, v) VALUES (273, 'highway', 'motorway');
INSERT INTO way_tags (way_id, k, v, version) VALUES (273, 'highway', 'motorway', 2);
DELETE FROM current_way_nodes WHERE way_id = 273;
DELETE FROM way_nodes WHERE way_id = 273;
INSERT INTO way_nodes (way_id, node_id, version, sequence_id) VALUES (273, 4913, 1, 1);
INSERT INTO current_way_nodes (way_id, node_id, sequence_id) VALUES (273, 4913, 1);
INSERT INTO way_nodes (way_id, node_id, version, sequence_id) VALUES (273, 2948, 1, 2);
INSERT INTO current_way_nodes (way_id, node_id, sequence_id) VALUES (273, 2948, 2);
INSERT INTO way_nodes (way_id, node_id, version, sequence_id) VALUES (273, 2944, 1, 3);
INSERT INTO current_way_nodes (way_id, node_id, sequence_id) VALUES (273, 2944, 3);
INSERT INTO way_nodes (way_id, node_id, version, sequence_id) VALUES (273, 2940, 1, 4);
INSERT INTO current_way_nodes (way_id, node_id, sequence_id) VALUES (273, 2940, 4);
INSERT INTO way_nodes (way_id, node_id, version, sequence_id) VALUES (273, 2936, 1, 5);
INSERT INTO current_way_nodes (way_id, node_id, sequence_id) VALUES (273, 2936, 5);
INSERT INTO way_nodes (way_id, node_id, version, sequence_id) VALUES (273, 2932, 1, 6);
INSERT INTO current_way_nodes (way_id, node_id, sequence_id) VALUES (273, 2932, 6);
INSERT INTO way_nodes (way_id, node_id, version, sequence_id) VALUES (273, 2928, 1, 7);
INSERT INTO current_way_nodes (way_id, node_id, sequence_id) VALUES (273, 2928, 7);
INSERT INTO way_nodes (way_id, node_id, version, sequence_id) VALUES (273, 2924, 1, 8);
INSERT INTO current_way_nodes (way_id, node_id, sequence_id) VALUES (273, 2924, 8);
INSERT INTO way_nodes (way_id, node_id, version, sequence_id) VALUES (273, 2920, 1, 9);
INSERT INTO current_way_nodes (way_id, node_id, sequence_id) VALUES (273, 2920, 9);
INSERT INTO way_nodes (way_id, node_id, version, sequence_id) VALUES (273, 2916, 1, 10);
INSERT INTO current_way_nodes (way_id, node_id, sequence_id) VALUES (273, 2916, 10);
INSERT INTO way_nodes (way_id, node_id, version, sequence_id) VALUES (273, 2912, 1, 11);
INSERT INTO current_way_nodes (way_id, node_id, sequence_id) VALUES (273, 2912, 11);
INSERT INTO way_nodes (way_id, node_id, version, sequence_id) VALUES (273, 2908, 1, 12);
INSERT INTO current_way_nodes (way_id, node_id, sequence_id) VALUES (273, 2908, 12);
INSERT INTO way_nodes (way_id, node_id, version, sequence_id) VALUES (273, 2904, 1, 13);
INSERT INTO current_way_nodes (way_id, node_id, sequence_id) VALUES (273, 2904, 13);
INSERT INTO way_nodes (way_id, node_id, version, sequence_id) VALUES (273, 2900, 1, 14);
INSERT INTO current_way_nodes (way_id, node_id, sequence_id) VALUES (273, 2900, 14);
INSERT INTO way_nodes (way_id, node_id, version, sequence_id) VALUES (273, 2897, 1, 15);
INSERT INTO current_way_nodes (way_id, node_id, sequence_id) VALUES (273, 2897, 15);
INSERT INTO way_nodes (way_id, node_id, version, sequence_id) VALUES (273, 3658, 1, 16);
INSERT INTO current_way_nodes (way_id, node_id, sequence_id) VALUES (273, 3658, 16);
INSERT INTO way_nodes (way_id, node_id, version, sequence_id) VALUES (273, 2894, 1, 17);
INSERT INTO current_way_nodes (way_id, node_id, sequence_id) VALUES (273, 2894, 17);
INSERT INTO way_nodes (way_id, node_id, version, sequence_id) VALUES (273, 2891, 1, 18);
INSERT INTO current_way_nodes (way_id, node_id, sequence_id) VALUES (273, 2891, 18);
INSERT INTO way_nodes (way_id, node_id, version, sequence_id) VALUES (273, 2888, 1, 19);
INSERT INTO current_way_nodes (way_id, node_id, sequence_id) VALUES (273, 2888, 19);
INSERT INTO way_nodes (way_id, node_id, version, sequence_id) VALUES (273, 2886, 1, 20);
INSERT INTO current_way_nodes (way_id, node_id, sequence_id) VALUES (273, 2886, 20);
INSERT INTO way_nodes (way_id, node_id, version, sequence_id) VALUES (273, 3355, 1, 21);
INSERT INTO current_way_nodes (way_id, node_id, sequence_id) VALUES (273, 3355, 21);
INSERT INTO way_nodes (way_id, node_id, version, sequence_id) VALUES (273, 2884, 1, 22);
INSERT INTO current_way_nodes (way_id, node_id, sequence_id) VALUES (273, 2884, 22);
INSERT INTO way_nodes (way_id, node_id, version, sequence_id) VALUES (273, 2882, 1, 23);
INSERT INTO current_way_nodes (way_id, node_id, sequence_id) VALUES (273, 2882, 23);
INSERT INTO way_nodes (way_id, node_id, version, sequence_id) VALUES (273, 2880, 1, 24);
INSERT INTO current_way_nodes (way_id, node_id, sequence_id) VALUES (273, 2880, 24);
INSERT INTO way_nodes (way_id, node_id, version, sequence_id) VALUES (273, 2878, 1, 25);
INSERT INTO current_way_nodes (way_id, node_id, sequence_id) VALUES (273, 2878, 25);
INSERT INTO way_nodes (way_id, node_id, version, sequence_id) VALUES (273, 2876, 1, 26);
INSERT INTO current_way_nodes (way_id, node_id, sequence_id) VALUES (273, 2876, 26);
INSERT INTO way_nodes (way_id, node_id, version, sequence_id) VALUES (273, 2874, 1, 27);
INSERT INTO current_way_nodes (way_id, node_id, sequence_id) VALUES (273, 2874, 27);
INSERT INTO way_nodes (way_id, node_id, version, sequence_id) VALUES (273, 2872, 1, 28);
INSERT INTO current_way_nodes (way_id, node_id, sequence_id) VALUES (273, 2872, 28);
INSERT INTO way_nodes (way_id, node_id, version, sequence_id) VALUES (273, 2870, 1, 29);
INSERT INTO current_way_nodes (way_id, node_id, sequence_id) VALUES (273, 2870, 29);
INSERT INTO way_nodes (way_id, node_id, version, sequence_id) VALUES (273, 2868, 1, 30);
INSERT INTO current_way_nodes (way_id, node_id, sequence_id) VALUES (273, 2868, 30);
INSERT INTO way_nodes (way_id, node_id, version, sequence_id) VALUES (273, 2866, 1, 31);
INSERT INTO current_way_nodes (way_id, node_id, sequence_id) VALUES (273, 2866, 31);
INSERT INTO way_nodes (way_id, node_id, version, sequence_id) VALUES (273, 2864, 1, 32);
INSERT INTO current_way_nodes (way_id, node_id, sequence_id) VALUES (273, 2864, 32);
INSERT INTO way_nodes (way_id, node_id, version, sequence_id) VALUES (273, 2863, 1, 33);
INSERT INTO current_way_nodes (way_id, node_id, sequence_id) VALUES (273, 2863, 33);
INSERT INTO way_nodes (way_id, node_id, version, sequence_id) VALUES (273, 2862, 1, 34);
INSERT INTO current_way_nodes (way_id, node_id, sequence_id) VALUES (273, 2862, 34);
INSERT INTO way_nodes (way_id, node_id, version, sequence_id) VALUES (273, 1560, 1, 35);
INSERT INTO current_way_nodes (way_id, node_id, sequence_id) VALUES (273, 1560, 35);
INSERT INTO way_nodes (way_id, node_id, version, sequence_id) VALUES (273, 2861, 1, 36);
INSERT INTO current_way_nodes (way_id, node_id, sequence_id) VALUES (273, 2861, 36);
INSERT INTO way_nodes (way_id, node_id, version, sequence_id) VALUES (273, 2860, 1, 37);
INSERT INTO current_way_nodes (way_id, node_id, sequence_id) VALUES (273, 2860, 37);
INSERT INTO way_nodes (way_id, node_id, version, sequence_id) VALUES (273, 2859, 1, 38);
INSERT INTO current_way_nodes (way_id, node_id, sequence_id) VALUES (273, 2859, 38);
INSERT INTO way_nodes (way_id, node_id, version, sequence_id) VALUES (273, 2858, 1, 39);
INSERT INTO current_way_nodes (way_id, node_id, sequence_id) VALUES (273, 2858, 39);
INSERT INTO way_nodes (way_id, node_id, version, sequence_id) VALUES (273, 2857, 1, 40);
INSERT INTO current_way_nodes (way_id, node_id, sequence_id) VALUES (273, 2857, 40);
INSERT INTO way_nodes (way_id, node_id, version, sequence_id) VALUES (273, 2856, 1, 41);
INSERT INTO current_way_nodes (way_id, node_id, sequence_id) VALUES (273, 2856, 41);
INSERT INTO way_nodes (way_id, node_id, version, sequence_id) VALUES (273, 2855, 1, 42);
INSERT INTO current_way_nodes (way_id, node_id, sequence_id) VALUES (273, 2855, 42);
INSERT INTO way_nodes (way_id, node_id, version, sequence_id) VALUES (273, 2854, 1, 43);
INSERT INTO current_way_nodes (way_id, node_id, sequence_id) VALUES (273, 2854, 43);
INSERT INTO way_nodes (way_id, node_id, version, sequence_id) VALUES (273, 2853, 1, 44);
INSERT INTO current_way_nodes (way_id, node_id, sequence_id) VALUES (273, 2853, 44);
INSERT INTO way_nodes (way_id, node_id, version, sequence_id) VALUES (273, 2852, 1, 45);
INSERT INTO current_way_nodes (way_id, node_id, sequence_id) VALUES (273, 2852, 45);
INSERT INTO way_nodes (way_id, node_id, version, sequence_id) VALUES (273, 2851, 1, 46);
INSERT INTO current_way_nodes (way_id, node_id, sequence_id) VALUES (273, 2851, 46);
INSERT INTO way_nodes (way_id, node_id, version, sequence_id) VALUES (273, 2850, 1, 47);
INSERT INTO current_way_nodes (way_id, node_id, sequence_id) VALUES (273, 2850, 47);
INSERT INTO way_nodes (way_id, node_id, version, sequence_id) VALUES (273, 2849, 1, 48);
INSERT INTO current_way_nodes (way_id, node_id, sequence_id) VALUES (273, 2849, 48);
INSERT INTO way_nodes (way_id, node_id, version, sequence_id) VALUES (273, 2848, 1, 49);
INSERT INTO current_way_nodes (way_id, node_id, sequence_id) VALUES (273, 2848, 49);
INSERT INTO way_nodes (way_id, node_id, version, sequence_id) VALUES (273, 2847, 1, 50);
INSERT INTO current_way_nodes (way_id, node_id, sequence_id) VALUES (273, 2847, 50);
INSERT INTO way_nodes (way_id, node_id, version, sequence_id) VALUES (273, 2846, 1, 51);
INSERT INTO current_way_nodes (way_id, node_id, sequence_id) VALUES (273, 2846, 51);
INSERT INTO way_nodes (way_id, node_id, version, sequence_id) VALUES (273, 2844, 1, 52);
INSERT INTO current_way_nodes (way_id, node_id, sequence_id) VALUES (273, 2844, 52);
INSERT INTO way_nodes (way_id, node_id, version, sequence_id) VALUES (273, 2842, 1, 53);
INSERT INTO current_way_nodes (way_id, node_id, sequence_id) VALUES (273, 2842, 53);
INSERT INTO way_nodes (way_id, node_id, version, sequence_id) VALUES (273, 2840, 1, 54);
INSERT INTO current_way_nodes (way_id, node_id, sequence_id) VALUES (273, 2840, 54);
INSERT INTO way_nodes (way_id, node_id, version, sequence_id) VALUES (273, 2838, 1, 55);
INSERT INTO current_way_nodes (way_id, node_id, sequence_id) VALUES (273, 2838, 55);
INSERT INTO way_nodes (way_id, node_id, version, sequence_id) VALUES (273, 2835, 1, 56);
INSERT INTO current_way_nodes (way_id, node_id, sequence_id) VALUES (273, 2835, 56);
INSERT INTO way_nodes (way_id, node_id, version, sequence_id) VALUES (273, 2832, 1, 57);
INSERT INTO current_way_nodes (way_id, node_id, sequence_id) VALUES (273, 2832, 57);
INSERT INTO way_nodes (way_id, node_id, version, sequence_id) VALUES (273, 2829, 1, 58);
INSERT INTO current_way_nodes (way_id, node_id, sequence_id) VALUES (273, 2829, 58);
INSERT INTO way_nodes (way_id, node_id, version, sequence_id) VALUES (273, 2826, 1, 59);
INSERT INTO current_way_nodes (way_id, node_id, sequence_id) VALUES (273, 2826, 59);
INSERT INTO way_nodes (way_id, node_id, version, sequence_id) VALUES (273, 2823, 1, 60);
INSERT INTO current_way_nodes (way_id, node_id, sequence_id) VALUES (273, 2823, 60);
INSERT INTO way_nodes (way_id, node_id, version, sequence_id) VALUES (273, 2820, 1, 61);
INSERT INTO current_way_nodes (way_id, node_id, sequence_id) VALUES (273, 2820, 61);
INSERT INTO way_nodes (way_id, node_id, version, sequence_id) VALUES (273, 2817, 1, 62);
INSERT INTO current_way_nodes (way_id, node_id, sequence_id) VALUES (273, 2817, 62);
INSERT INTO way_nodes (way_id, node_id, version, sequence_id) VALUES (273, 2814, 1, 63);
INSERT INTO current_way_nodes (way_id, node_id, sequence_id) VALUES (273, 2814, 63);
INSERT INTO way_nodes (way_id, node_id, version, sequence_id) VALUES (273, 2811, 1, 64);
INSERT INTO current_way_nodes (way_id, node_id, sequence_id) VALUES (273, 2811, 64);
INSERT INTO way_nodes (way_id, node_id, version, sequence_id) VALUES (273, 2808, 1, 65);
INSERT INTO current_way_nodes (way_id, node_id, sequence_id) VALUES (273, 2808, 65);
INSERT INTO way_nodes (way_id, node_id, version, sequence_id) VALUES (273, 2805, 1, 66);
INSERT INTO current_way_nodes (way_id, node_id, sequence_id) VALUES (273, 2805, 66);
INSERT INTO way_nodes (way_id, node_id, version, sequence_id) VALUES (273, 2802, 1, 67);
INSERT INTO current_way_nodes (way_id, node_id, sequence_id) VALUES (273, 2802, 67);
INSERT INTO way_nodes (way_id, node_id, version, sequence_id) VALUES (273, 2800, 1, 68);
INSERT INTO current_way_nodes (way_id, node_id, sequence_id) VALUES (273, 2800, 68);
INSERT INTO way_nodes (way_id, node_id, version, sequence_id) VALUES (273, 2798, 1, 69);
INSERT INTO current_way_nodes (way_id, node_id, sequence_id) VALUES (273, 2798, 69);
INSERT INTO way_nodes (way_id, node_id, version, sequence_id) VALUES (273, 2796, 1, 70);
INSERT INTO current_way_nodes (way_id, node_id, sequence_id) VALUES (273, 2796, 70);
INSERT INTO way_nodes (way_id, node_id, version, sequence_id) VALUES (273, 2794, 1, 71);
INSERT INTO current_way_nodes (way_id, node_id, sequence_id) VALUES (273, 2794, 71);
INSERT INTO way_nodes (way_id, node_id, version, sequence_id) VALUES (273, 2792, 1, 72);
INSERT INTO current_way_nodes (way_id, node_id, sequence_id) VALUES (273, 2792, 72);
INSERT INTO way_nodes (way_id, node_id, version, sequence_id) VALUES (273, 2790, 1, 73);
INSERT INTO current_way_nodes (way_id, node_id, sequence_id) VALUES (273, 2790, 73);
INSERT INTO way_nodes (way_id, node_id, version, sequence_id) VALUES (273, 2788, 1, 74);
INSERT INTO current_way_nodes (way_id, node_id, sequence_id) VALUES (273, 2788, 74);
INSERT INTO way_nodes (way_id, node_id, version, sequence_id) VALUES (273, 2786, 1, 75);
INSERT INTO current_way_nodes (way_id, node_id, sequence_id) VALUES (273, 2786, 75);
INSERT INTO way_nodes (way_id, node_id, version, sequence_id) VALUES (273, 2784, 1, 76);
INSERT INTO current_way_nodes (way_id, node_id, sequence_id) VALUES (273, 2784, 76);
INSERT INTO way_nodes (way_id, node_id, version, sequence_id) VALUES (273, 2782, 1, 77);
INSERT INTO current_way_nodes (way_id, node_id, sequence_id) VALUES (273, 2782, 77);
INSERT INTO way_nodes (way_id, node_id, version, sequence_id) VALUES (273, 2780, 1, 78);
INSERT INTO current_way_nodes (way_id, node_id, sequence_id) VALUES (273, 2780, 78);
INSERT INTO way_nodes (way_id, node_id, version, sequence_id) VALUES (273, 1201, 1, 79);
INSERT INTO current_way_nodes (way_id, node_id, sequence_id) VALUES (273, 1201, 79);
INSERT INTO way_nodes (way_id, node_id, version, sequence_id) VALUES (273, 2778, 1, 80);
INSERT INTO current_way_nodes (way_id, node_id, sequence_id) VALUES (273, 2778, 80);
INSERT INTO way_nodes (way_id, node_id, version, sequence_id) VALUES (273, 2776, 1, 81);
INSERT INTO current_way_nodes (way_id, node_id, sequence_id) VALUES (273, 2776, 81);
INSERT INTO way_nodes (way_id, node_id, version, sequence_id) VALUES (273, 2774, 1, 82);
INSERT INTO current_way_nodes (way_id, node_id, sequence_id) VALUES (273, 2774, 82);
INSERT INTO way_nodes (way_id, node_id, version, sequence_id) VALUES (273, 2772, 1, 83);
INSERT INTO current_way_nodes (way_id, node_id, sequence_id) VALUES (273, 2772, 83);
INSERT INTO way_nodes (way_id, node_id, version, sequence_id) VALUES (273, 2770, 1, 84);
INSERT INTO current_way_nodes (way_id, node_id, sequence_id) VALUES (273, 2770, 84);
INSERT INTO way_nodes (way_id, node_id, version, sequence_id) VALUES (273, 2768, 1, 85);
INSERT INTO current_way_nodes (way_id, node_id, sequence_id) VALUES (273, 2768, 85);
INSERT INTO way_nodes (way_id, node_id, version, sequence_id) VALUES (273, 2766, 1, 86);
INSERT INTO current_way_nodes (way_id, node_id, sequence_id) VALUES (273, 2766, 86);
INSERT INTO way_nodes (way_id, node_id, version, sequence_id) VALUES (273, 1396, 1, 87);
INSERT INTO current_way_nodes (way_id, node_id, sequence_id) VALUES (273, 1396, 87);
INSERT INTO way_nodes (way_id, node_id, version, sequence_id) VALUES (273, 2765, 1, 88);
INSERT INTO current_way_nodes (way_id, node_id, sequence_id) VALUES (273, 2765, 88);
INSERT INTO way_nodes (way_id, node_id, version, sequence_id) VALUES (273, 2764, 1, 89);
INSERT INTO current_way_nodes (way_id, node_id, sequence_id) VALUES (273, 2764, 89);
INSERT INTO way_nodes (way_id, node_id, version, sequence_id) VALUES (273, 2763, 1, 90);
INSERT INTO current_way_nodes (way_id, node_id, sequence_id) VALUES (273, 2763, 90);
INSERT INTO way_nodes (way_id, node_id, version, sequence_id) VALUES (273, 2762, 1, 91);
INSERT INTO current_way_nodes (way_id, node_id, sequence_id) VALUES (273, 2762, 91);
INSERT INTO way_nodes (way_id, node_id, version, sequence_id) VALUES (273, 2761, 1, 92);
INSERT INTO current_way_nodes (way_id, node_id, sequence_id) VALUES (273, 2761, 92);
INSERT INTO way_nodes (way_id, node_id, version, sequence_id) VALUES (273, 2760, 1, 93);
INSERT INTO current_way_nodes (way_id, node_id, sequence_id) VALUES (273, 2760, 93);
INSERT INTO way_nodes (way_id, node_id, version, sequence_id) VALUES (273, 2759, 1, 94);
INSERT INTO current_way_nodes (way_id, node_id, sequence_id) VALUES (273, 2759, 94);
INSERT INTO way_nodes (way_id, node_id, version, sequence_id) VALUES (273, 2758, 1, 95);
INSERT INTO current_way_nodes (way_id, node_id, sequence_id) VALUES (273, 2758, 95);
INSERT INTO way_nodes (way_id, node_id, version, sequence_id) VALUES (273, 2757, 1, 96);
INSERT INTO current_way_nodes (way_id, node_id, sequence_id) VALUES (273, 2757, 96);
INSERT INTO way_nodes (way_id, node_id, version, sequence_id) VALUES (273, 2756, 1, 97);
INSERT INTO current_way_nodes (way_id, node_id, sequence_id) VALUES (273, 2756, 97);
INSERT INTO way_nodes (way_id, node_id, version, sequence_id) VALUES (273, 2755, 1, 98);
INSERT INTO current_way_nodes (way_id, node_id, sequence_id) VALUES (273, 2755, 98);
INSERT INTO way_nodes (way_id, node_id, version, sequence_id) VALUES (273, 2754, 1, 99);
INSERT INTO current_way_nodes (way_id, node_id, sequence_id) VALUES (273, 2754, 99);
INSERT INTO way_nodes (way_id, node_id, version, sequence_id) VALUES (273, 2753, 1, 100);
INSERT INTO current_way_nodes (way_id, node_id, sequence_id) VALUES (273, 2753, 100);
INSERT INTO way_nodes (way_id, node_id, version, sequence_id) VALUES (273, 2752, 1, 101);
INSERT INTO current_way_nodes (way_id, node_id, sequence_id) VALUES (273, 2752, 101);
INSERT INTO way_nodes (way_id, node_id, version, sequence_id) VALUES (273, 2751, 1, 102);
INSERT INTO current_way_nodes (way_id, node_id, sequence_id) VALUES (273, 2751, 102);
INSERT INTO way_nodes (way_id, node_id, version, sequence_id) VALUES (273, 2750, 1, 103);
INSERT INTO current_way_nodes (way_id, node_id, sequence_id) VALUES (273, 2750, 103);
INSERT INTO way_nodes (way_id, node_id, version, sequence_id) VALUES (273, 2749, 1, 104);
INSERT INTO current_way_nodes (way_id, node_id, sequence_id) VALUES (273, 2749, 104);
INSERT INTO way_nodes (way_id, node_id, version, sequence_id) VALUES (273, 2748, 1, 105);
INSERT INTO current_way_nodes (way_id, node_id, sequence_id) VALUES (273, 2748, 105);
INSERT INTO way_nodes (way_id, node_id, version, sequence_id) VALUES (273, 2747, 1, 106);
INSERT INTO current_way_nodes (way_id, node_id, sequence_id) VALUES (273, 2747, 106);
INSERT INTO way_nodes (way_id, node_id, version, sequence_id) VALUES (273, 2746, 1, 107);
INSERT INTO current_way_nodes (way_id, node_id, sequence_id) VALUES (273, 2746, 107);
INSERT INTO way_nodes (way_id, node_id, version, sequence_id) VALUES (273, 2745, 1, 108);
INSERT INTO current_way_nodes (way_id, node_id, sequence_id) VALUES (273, 2745, 108);
INSERT INTO way_nodes (way_id, node_id, version, sequence_id) VALUES (273, 2744, 1, 109);
INSERT INTO current_way_nodes (way_id, node_id, sequence_id) VALUES (273, 2744, 109);
INSERT INTO way_nodes (way_id, node_id, version, sequence_id) VALUES (273, 2743, 1, 110);
INSERT INTO current_way_nodes (way_id, node_id, sequence_id) VALUES (273, 2743, 110);
INSERT INTO way_nodes (way_id, node_id, version, sequence_id) VALUES (273, 2742, 1, 111);
INSERT INTO current_way_nodes (way_id, node_id, sequence_id) VALUES (273, 2742, 111);
INSERT INTO way_nodes (way_id, node_id, version, sequence_id) VALUES (273, 2741, 1, 112);
INSERT INTO current_way_nodes (way_id, node_id, sequence_id) VALUES (273, 2741, 112);
INSERT INTO way_nodes (way_id, node_id, version, sequence_id) VALUES (273, 2740, 1, 113);
INSERT INTO current_way_nodes (way_id, node_id, sequence_id) VALUES (273, 2740, 113);
INSERT INTO way_nodes (way_id, node_id, version, sequence_id) VALUES (273, 2739, 1, 114);
INSERT INTO current_way_nodes (way_id, node_id, sequence_id) VALUES (273, 2739, 114);
INSERT INTO way_nodes (way_id, node_id, version, sequence_id) VALUES (273, 2738, 1, 115);
INSERT INTO current_way_nodes (way_id, node_id, sequence_id) VALUES (273, 2738, 115);
INSERT INTO way_nodes (way_id, node_id, version, sequence_id) VALUES (273, 2737, 1, 116);
INSERT INTO current_way_nodes (way_id, node_id, sequence_id) VALUES (273, 2737, 116);
INSERT INTO way_nodes (way_id, node_id, version, sequence_id) VALUES (273, 2736, 1, 117);
INSERT INTO current_way_nodes (way_id, node_id, sequence_id) VALUES (273, 2736, 117);
INSERT INTO way_nodes (way_id, node_id, version, sequence_id) VALUES (273, 2735, 1, 118);
INSERT INTO current_way_nodes (way_id, node_id, sequence_id) VALUES (273, 2735, 118);
INSERT INTO way_nodes (way_id, node_id, version, sequence_id) VALUES (273, 2734, 1, 119);
INSERT INTO current_way_nodes (way_id, node_id, sequence_id) VALUES (273, 2734, 119);
INSERT INTO way_nodes (way_id, node_id, version, sequence_id) VALUES (273, 2733, 1, 120);
INSERT INTO current_way_nodes (way_id, node_id, sequence_id) VALUES (273, 2733, 120);
INSERT INTO way_nodes (way_id, node_id, version, sequence_id) VALUES (273, 2732, 1, 121);
INSERT INTO current_way_nodes (way_id, node_id, sequence_id) VALUES (273, 2732, 121);
INSERT INTO way_nodes (way_id, node_id, version, sequence_id) VALUES (273, 2731, 1, 122);
INSERT INTO current_way_nodes (way_id, node_id, sequence_id) VALUES (273, 2731, 122);
INSERT INTO way_nodes (way_id, node_id, version, sequence_id) VALUES (273, 2730, 1, 123);
INSERT INTO current_way_nodes (way_id, node_id, sequence_id) VALUES (273, 2730, 123);
INSERT INTO way_nodes (way_id, node_id, version, sequence_id) VALUES (273, 2729, 1, 124);
INSERT INTO current_way_nodes (way_id, node_id, sequence_id) VALUES (273, 2729, 124);
INSERT INTO way_nodes (way_id, node_id, version, sequence_id) VALUES (273, 2728, 1, 125);
INSERT INTO current_way_nodes (way_id, node_id, sequence_id) VALUES (273, 2728, 125);
INSERT INTO way_nodes (way_id, node_id, version, sequence_id) VALUES (273, 527, 1, 126);
INSERT INTO current_way_nodes (way_id, node_id, sequence_id) VALUES (273, 527, 126);
/* modify way 308*/
INSERT INTO ways (way_id, changeset_id, visible, "timestamp", version) VALUES (308, 3, true, (now() at time zone 'utc'), 2);
UPDATE current_ways SET changeset_id=3, visible=true, "timestamp"=(now() at time zone 'utc'), version=2 WHERE id=308;
DELETE FROM current_way_tags WHERE way_id = 308;
DELETE FROM way_tags WHERE way_id = 308;
INSERT INTO current_way_tags (way_id, k, v) VALUES (308, 'accuracy', '5');
INSERT INTO way_tags (way_id, k, v, version) VALUES (308, 'accuracy', '5', 2);
INSERT INTO current_way_tags (way_id, k, v) VALUES (308, 'hoot:id', '308');
INSERT INTO way_tags (way_id, k, v, version) VALUES (308, 'hoot:id', '308', 2);
INSERT INTO current_way_tags (way_id, k, v) VALUES (308, 'hoot:status', '3');
INSERT INTO way_tags (way_id, k, v, version) VALUES (308, 'hoot:status', '3', 2);
INSERT INTO current_way_tags (way_id, k, v) VALUES (308, 'alt_name', '23rd St NW');
INSERT INTO way_tags (way_id, k, v, version) VALUES (308, 'alt_name', '23rd St NW', 2);
INSERT INTO current_way_tags (way_id, k, v) VALUES (308, 'name', '23RD ST NW');
INSERT INTO way_tags (way_id, k, v, version) VALUES (308, 'name', '23RD ST NW', 2);
INSERT INTO current_way_tags (way_id, k, v) VALUES (308, 'highway', 'road');
INSERT INTO way_tags (way_id, k, v, version) VALUES (308, 'highway', 'road', 2);
DELETE FROM current_way_nodes WHERE way_id = 308;
DELETE FROM way_nodes WHERE way_id = 308;
INSERT INTO way_nodes (way_id, node_id, version, sequence_id) VALUES (308, 1825, 1, 1);
INSERT INTO current_way_nodes (way_id, node_id, sequence_id) VALUES (308, 1825, 1);
INSERT INTO way_nodes (way_id, node_id, version, sequence_id) VALUES (308, 1824, 1, 2);
INSERT INTO current_way_nodes (way_id, node_id, sequence_id) VALUES (308, 1824, 2);
/* modify way 339*/
INSERT INTO ways (way_id, changeset_id, visible, "timestamp", version) VALUES (339, 3, true, (now() at time zone 'utc'), 2);
UPDATE current_ways SET changeset_id=3, visible=true, "timestamp"=(now() at time zone 'utc'), version=2 WHERE id=339;
DELETE FROM current_way_tags WHERE way_id = 339;
DELETE FROM way_tags WHERE way_id = 339;
INSERT INTO current_way_tags (way_id, k, v) VALUES (339, 'accuracy', '5');
INSERT INTO way_tags (way_id, k, v, version) VALUES (339, 'accuracy', '5', 2);
INSERT INTO current_way_tags (way_id, k, v) VALUES (339, 'hoot:id', '339');
INSERT INTO way_tags (way_id, k, v, version) VALUES (339, 'hoot:id', '339', 2);
INSERT INTO current_way_tags (way_id, k, v) VALUES (339, 'hoot:status', '3');
INSERT INTO way_tags (way_id, k, v, version) VALUES (339, 'hoot:status', '3', 2);
INSERT INTO current_way_tags (way_id, k, v) VALUES (339, 'alt_name', 'Lincoln Memorial Cir');
INSERT INTO way_tags (way_id, k, v, version) VALUES (339, 'alt_name', 'Lincoln Memorial Cir', 2);
INSERT INTO current_way_tags (way_id, k, v) VALUES (339, 'name', 'LINCOLN MEMORIAL CIR NW');
INSERT INTO way_tags (way_id, k, v, version) VALUES (339, 'name', 'LINCOLN MEMORIAL CIR NW', 2);
INSERT INTO current_way_tags (way_id, k, v) VALUES (339, 'highway', 'road');
INSERT INTO way_tags (way_id, k, v, version) VALUES (339, 'highway', 'road', 2);
DELETE FROM current_way_nodes WHERE way_id = 339;
DELETE FROM way_nodes WHERE way_id = 339;
INSERT INTO way_nodes (way_id, node_id, version, sequence_id) VALUES (339, 1916, 1, 1);
INSERT INTO current_way_nodes (way_id, node_id, sequence_id) VALUES (339, 1916, 1);
INSERT INTO way_nodes (way_id, node_id, version, sequence_id) VALUES (339, 4051, 1, 2);
INSERT INTO current_way_nodes (way_id, node_id, sequence_id) VALUES (339, 4051, 2);
INSERT INTO way_nodes (way_id, node_id, version, sequence_id) VALUES (339, 4050, 1, 3);
INSERT INTO current_way_nodes (way_id, node_id, sequence_id) VALUES (339, 4050, 3);
INSERT INTO way_nodes (way_id, node_id, version, sequence_id) VALUES (339, 4049, 1, 4);
INSERT INTO current_way_nodes (way_id, node_id, sequence_id) VALUES (339, 4049, 4);
INSERT INTO way_nodes (way_id, node_id, version, sequence_id) VALUES (339, 4048, 1, 5);
INSERT INTO current_way_nodes (way_id, node_id, sequence_id) VALUES (339, 4048, 5);
INSERT INTO way_nodes (way_id, node_id, version, sequence_id) VALUES (339, 4047, 1, 6);
INSERT INTO current_way_nodes (way_id, node_id, sequence_id) VALUES (339, 4047, 6);
INSERT INTO way_nodes (way_id, node_id, version, sequence_id) VALUES (339, 4046, 1, 7);
INSERT INTO current_way_nodes (way_id, node_id, sequence_id) VALUES (339, 4046, 7);
INSERT INTO way_nodes (way_id, node_id, version, sequence_id) VALUES (339, 4045, 1, 8);
INSERT INTO current_way_nodes (way_id, node_id, sequence_id) VALUES (339, 4045, 8);
INSERT INTO way_nodes (way_id, node_id, version, sequence_id) VALUES (339, 4044, 1, 9);
INSERT INTO current_way_nodes (way_id, node_id, sequence_id) VALUES (339, 4044, 9);
INSERT INTO way_nodes (way_id, node_id, version, sequence_id) VALUES (339, 4043, 1, 10);
INSERT INTO current_way_nodes (way_id, node_id, sequence_id) VALUES (339, 4043, 10);
INSERT INTO way_nodes (way_id, node_id, version, sequence_id) VALUES (339, 4042, 1, 11);
INSERT INTO current_way_nodes (way_id, node_id, sequence_id) VALUES (339, 4042, 11);
INSERT INTO way_nodes (way_id, node_id, version, sequence_id) VALUES (339, 4041, 1, 12);
INSERT INTO current_way_nodes (way_id, node_id, sequence_id) VALUES (339, 4041, 12);
INSERT INTO way_nodes (way_id, node_id, version, sequence_id) VALUES (339, 4040, 1, 13);
INSERT INTO current_way_nodes (way_id, node_id, sequence_id) VALUES (339, 4040, 13);
INSERT INTO way_nodes (way_id, node_id, version, sequence_id) VALUES (339, 4039, 1, 14);
INSERT INTO current_way_nodes (way_id, node_id, sequence_id) VALUES (339, 4039, 14);
INSERT INTO way_nodes (way_id, node_id, version, sequence_id) VALUES (339, 4038, 1, 15);
INSERT INTO current_way_nodes (way_id, node_id, sequence_id) VALUES (339, 4038, 15);
INSERT INTO way_nodes (way_id, node_id, version, sequence_id) VALUES (339, 4037, 1, 16);
INSERT INTO current_way_nodes (way_id, node_id, sequence_id) VALUES (339, 4037, 16);
INSERT INTO way_nodes (way_id, node_id, version, sequence_id) VALUES (339, 4036, 1, 17);
INSERT INTO current_way_nodes (way_id, node_id, sequence_id) VALUES (339, 4036, 17);
INSERT INTO way_nodes (way_id, node_id, version, sequence_id) VALUES (339, 4035, 1, 18);
INSERT INTO current_way_nodes (way_id, node_id, sequence_id) VALUES (339, 4035, 18);
INSERT INTO way_nodes (way_id, node_id, version, sequence_id) VALUES (339, 4034, 1, 19);
INSERT INTO current_way_nodes (way_id, node_id, sequence_id) VALUES (339, 4034, 19);
INSERT INTO way_nodes (way_id, node_id, version, sequence_id) VALUES (339, 4033, 1, 20);
INSERT INTO current_way_nodes (way_id, node_id, sequence_id) VALUES (339, 4033, 20);
INSERT INTO way_nodes (way_id, node_id, version, sequence_id) VALUES (339, 4032, 1, 21);
INSERT INTO current_way_nodes (way_id, node_id, sequence_id) VALUES (339, 4032, 21);
INSERT INTO way_nodes (way_id, node_id, version, sequence_id) VALUES (339, 4031, 1, 22);
INSERT INTO current_way_nodes (way_id, node_id, sequence_id) VALUES (339, 4031, 22);
INSERT INTO way_nodes (way_id, node_id, version, sequence_id) VALUES (339, 4030, 1, 23);
INSERT INTO current_way_nodes (way_id, node_id, sequence_id) VALUES (339, 4030, 23);
INSERT INTO way_nodes (way_id, node_id, version, sequence_id) VALUES (339, 1825, 1, 24);
INSERT INTO current_way_nodes (way_id, node_id, sequence_id) VALUES (339, 1825, 24);
/* modify way 341*/
INSERT INTO ways (way_id, changeset_id, visible, "timestamp", version) VALUES (341, 3, true, (now() at time zone 'utc'), 2);
UPDATE current_ways SET changeset_id=3, visible=true, "timestamp"=(now() at time zone 'utc'), version=2 WHERE id=341;
DELETE FROM current_way_tags WHERE way_id = 341;
DELETE FROM way_tags WHERE way_id = 341;
INSERT INTO current_way_tags (way_id, k, v) VALUES (341, 'accuracy', '5');
INSERT INTO way_tags (way_id, k, v, version) VALUES (341, 'accuracy', '5', 2);
INSERT INTO current_way_tags (way_id, k, v) VALUES (341, 'hoot:id', '341');
INSERT INTO way_tags (way_id, k, v, version) VALUES (341, 'hoot:id', '341', 2);
INSERT INTO current_way_tags (way_id, k, v) VALUES (341, 'hoot:status', '3');
INSERT INTO way_tags (way_id, k, v, version) VALUES (341, 'hoot:status', '3', 2);
INSERT INTO current_way_tags (way_id, k, v) VALUES (341, 'alt_name', 'Lincoln Memorial Cir');
INSERT INTO way_tags (way_id, k, v, version) VALUES (341, 'alt_name', 'Lincoln Memorial Cir', 2);
INSERT INTO current_way_tags (way_id, k, v) VALUES (341, 'name', 'LINCOLN MEMORIAL CIR NW');
INSERT INTO way_tags (way_id, k, v, version) VALUES (341, 'name', 'LINCOLN MEMORIAL CIR NW', 2);
INSERT INTO current_way_tags (way_id, k, v) VALUES (341, 'highway', 'road');
INSERT INTO way_tags (way_id, k, v, version) VALUES (341, 'highway', 'road', 2);
DELETE FROM current_way_nodes WHERE way_id = 341;
DELETE FROM way_nodes WHERE way_id = 341;
INSERT INTO way_nodes (way_id, node_id, version, sequence_id) VALUES (341, 951, 1, 1);
INSERT INTO current_way_nodes (way_id, node_id, sequence_id) VALUES (341, 951, 1);
INSERT INTO way_nodes (way_id, node_id, version, sequence_id) VALUES (341, 4029, 1, 2);
INSERT INTO current_way_nodes (way_id, node_id, sequence_id) VALUES (341, 4029, 2);
INSERT INTO way_nodes (way_id, node_id, version, sequence_id) VALUES (341, 4028, 1, 3);
INSERT INTO current_way_nodes (way_id, node_id, sequence_id) VALUES (341, 4028, 3);
INSERT INTO way_nodes (way_id, node_id, version, sequence_id) VALUES (341, 4027, 1, 4);
INSERT INTO current_way_nodes (way_id, node_id, sequence_id) VALUES (341, 4027, 4);
INSERT INTO way_nodes (way_id, node_id, version, sequence_id) VALUES (341, 4026, 1, 5);
INSERT INTO current_way_nodes (way_id, node_id, sequence_id) VALUES (341, 4026, 5);
INSERT INTO way_nodes (way_id, node_id, version, sequence_id) VALUES (341, 4025, 1, 6);
INSERT INTO current_way_nodes (way_id, node_id, sequence_id) VALUES (341, 4025, 6);
INSERT INTO way_nodes (way_id, node_id, version, sequence_id) VALUES (341, 4024, 1, 7);
INSERT INTO current_way_nodes (way_id, node_id, sequence_id) VALUES (341, 4024, 7);
INSERT INTO way_nodes (way_id, node_id, version, sequence_id) VALUES (341, 4023, 1, 8);
INSERT INTO current_way_nodes (way_id, node_id, sequence_id) VALUES (341, 4023, 8);
INSERT INTO way_nodes (way_id, node_id, version, sequence_id) VALUES (341, 4022, 1, 9);
INSERT INTO current_way_nodes (way_id, node_id, sequence_id) VALUES (341, 4022, 9);
INSERT INTO way_nodes (way_id, node_id, version, sequence_id) VALUES (341, 4021, 1, 10);
INSERT INTO current_way_nodes (way_id, node_id, sequence_id) VALUES (341, 4021, 10);
INSERT INTO way_nodes (way_id, node_id, version, sequence_id) VALUES (341, 4020, 1, 11);
INSERT INTO current_way_nodes (way_id, node_id, sequence_id) VALUES (341, 4020, 11);
INSERT INTO way_nodes (way_id, node_id, version, sequence_id) VALUES (341, 4019, 1, 12);
INSERT INTO current_way_nodes (way_id, node_id, sequence_id) VALUES (341, 4019, 12);
INSERT INTO way_nodes (way_id, node_id, version, sequence_id) VALUES (341, 4018, 1, 13);
INSERT INTO current_way_nodes (way_id, node_id, sequence_id) VALUES (341, 4018, 13);
INSERT INTO way_nodes (way_id, node_id, version, sequence_id) VALUES (341, 185, 1, 14);
INSERT INTO current_way_nodes (way_id, node_id, sequence_id) VALUES (341, 185, 14);
/* modify way 345*/
INSERT INTO ways (way_id, changeset_id, visible, "timestamp", version) VALUES (345, 3, true, (now() at time zone 'utc'), 2);
UPDATE current_ways SET changeset_id=3, visible=true, "timestamp"=(now() at time zone 'utc'), version=2 WHERE id=345;
DELETE FROM current_way_tags WHERE way_id = 345;
DELETE FROM way_tags WHERE way_id = 345;
INSERT INTO current_way_tags (way_id, k, v) VALUES (345, 'accuracy', '5');
INSERT INTO way_tags (way_id, k, v, version) VALUES (345, 'accuracy', '5', 2);
INSERT INTO current_way_tags (way_id, k, v) VALUES (345, 'hoot:id', '345');
INSERT INTO way_tags (way_id, k, v, version) VALUES (345, 'hoot:id', '345', 2);
INSERT INTO current_way_tags (way_id, k, v) VALUES (345, 'hoot:status', '3');
INSERT INTO way_tags (way_id, k, v, version) VALUES (345, 'hoot:status', '3', 2);
INSERT INTO current_way_tags (way_id, k, v) VALUES (345, 'name', 'DANIEL C FRENCH DR SW');
INSERT INTO way_tags (way_id, k, v, version) VALUES (345, 'name', 'DANIEL C FRENCH DR SW', 2);
INSERT INTO current_way_tags (way_id, k, v) VALUES (345, 'highway', 'road');
INSERT INTO way_tags (way_id, k, v, version) VALUES (345, 'highway', 'road', 2);
DELETE FROM current_way_nodes WHERE way_id = 345;
DELETE FROM way_nodes WHERE way_id = 345;
INSERT INTO way_nodes (way_id, node_id, version, sequence_id) VALUES (345, 4924, 1, 1);
INSERT INTO current_way_nodes (way_id, node_id, sequence_id) VALUES (345, 4924, 1);
INSERT INTO way_nodes (way_id, node_id, version, sequence_id) VALUES (345, 3386, 1, 2);
INSERT INTO current_way_nodes (way_id, node_id, sequence_id) VALUES (345, 3386, 2);
/* create way 377*/
INSERT INTO ways (way_id, changeset_id, visible, "timestamp", version) VALUES (377, 3, true, (now() at time zone 'utc'), 1);
INSERT INTO current_ways (id, changeset_id, visible, "timestamp", version) VALUES (377, 3, true, (now() at time zone 'utc'), 1);
INSERT INTO current_way_tags (way_id, k, v) VALUES (377, 'accuracy', '5');
INSERT INTO way_tags (way_id, k, v, version) VALUES (377, 'accuracy', '5', 1);
INSERT INTO current_way_tags (way_id, k, v) VALUES (377, 'hoot:id', '377');
INSERT INTO way_tags (way_id, k, v, version) VALUES (377, 'hoot:id', '377', 1);
INSERT INTO current_way_tags (way_id, k, v) VALUES (377, 'hoot:status', '2');
INSERT INTO way_tags (way_id, k, v, version) VALUES (377, 'hoot:status', '2', 1);
INSERT INTO current_way_tags (way_id, k, v) VALUES (377, 'highway', 'road');
INSERT INTO way_tags (way_id, k, v, version) VALUES (377, 'highway', 'road', 1);
INSERT INTO way_nodes (way_id, node_id, version, sequence_id) VALUES (377, 4660, 1, 1);
INSERT INTO current_way_nodes (way_id, node_id, sequence_id) VALUES (377, 4660, 1);
INSERT INTO way_nodes (way_id, node_id, version, sequence_id) VALUES (377, 4338, 1, 2);
INSERT INTO current_way_nodes (way_id, node_id, sequence_id) VALUES (377, 4338, 2);
INSERT INTO way_nodes (way_id, node_id, version, sequence_id) VALUES (377, 4337, 1, 3);
INSERT INTO current_way_nodes (way_id, node_id, sequence_id) VALUES (377, 4337, 3);
INSERT INTO way_nodes (way_id, node_id, version, sequence_id) VALUES (377, 4679, 1, 4);
INSERT INTO current_way_nodes (way_id, node_id, sequence_id) VALUES (377, 4679, 4);
INSERT INTO way_nodes (way_id, node_id, version, sequence_id) VALUES (377, 4678, 1, 5);
INSERT INTO current_way_nodes (way_id, node_id, sequence_id) VALUES (377, 4678, 5);
INSERT INTO way_nodes (way_id, node_id, version, sequence_id) VALUES (377, 4677, 1, 6);
INSERT INTO current_way_nodes (way_id, node_id, sequence_id) VALUES (377, 4677, 6);
INSERT INTO way_nodes (way_id, node_id, version, sequence_id) VALUES (377, 4683, 1, 7);
INSERT INTO current_way_nodes (way_id, node_id, sequence_id) VALUES (377, 4683, 7);
INSERT INTO way_nodes (way_id, node_id, version, sequence_id) VALUES (377, 4684, 1, 8);
INSERT INTO current_way_nodes (way_id, node_id, sequence_id) VALUES (377, 4684, 8);
INSERT INTO way_nodes (way_id, node_id, version, sequence_id) VALUES (377, 4349, 1, 9);
INSERT INTO current_way_nodes (way_id, node_id, sequence_id) VALUES (377, 4349, 9);
INSERT INTO way_nodes (way_id, node_id, version, sequence_id) VALUES (377, 4350, 1, 10);
INSERT INTO current_way_nodes (way_id, node_id, sequence_id) VALUES (377, 4350, 10);
INSERT INTO way_nodes (way_id, node_id, version, sequence_id) VALUES (377, 4351, 1, 11);
INSERT INTO current_way_nodes (way_id, node_id, sequence_id) VALUES (377, 4351, 11);
INSERT INTO way_nodes (way_id, node_id, version, sequence_id) VALUES (377, 4352, 1, 12);
INSERT INTO current_way_nodes (way_id, node_id, sequence_id) VALUES (377, 4352, 12);
INSERT INTO way_nodes (way_id, node_id, version, sequence_id) VALUES (377, 4353, 1, 13);
INSERT INTO current_way_nodes (way_id, node_id, sequence_id) VALUES (377, 4353, 13);
INSERT INTO way_nodes (way_id, node_id, version, sequence_id) VALUES (377, 4354, 1, 14);
INSERT INTO current_way_nodes (way_id, node_id, sequence_id) VALUES (377, 4354, 14);
INSERT INTO way_nodes (way_id, node_id, version, sequence_id) VALUES (377, 4355, 1, 15);
INSERT INTO current_way_nodes (way_id, node_id, sequence_id) VALUES (377, 4355, 15);
INSERT INTO way_nodes (way_id, node_id, version, sequence_id) VALUES (377, 4916, 1, 16);
INSERT INTO current_way_nodes (way_id, node_id, sequence_id) VALUES (377, 4916, 16);
/* create way 383*/
INSERT INTO ways (way_id, changeset_id, visible, "timestamp", version) VALUES (383, 3, true, (now() at time zone 'utc'), 1);
INSERT INTO current_ways (id, changeset_id, visible, "timestamp", version) VALUES (383, 3, true, (now() at time zone 'utc'), 1);
INSERT INTO current_way_tags (way_id, k, v) VALUES (383, 'accuracy', '5');
INSERT INTO way_tags (way_id, k, v, version) VALUES (383, 'accuracy', '5', 1);
INSERT INTO current_way_tags (way_id, k, v) VALUES (383, 'hoot:id', '383');
INSERT INTO way_tags (way_id, k, v, version) VALUES (383, 'hoot:id', '383', 1);
INSERT INTO current_way_tags (way_id, k, v) VALUES (383, 'hoot:status', '2');
INSERT INTO way_tags (way_id, k, v, version) VALUES (383, 'hoot:status', '2', 1);
INSERT INTO current_way_tags (way_id, k, v) VALUES (383, 'foot', 'designated');
INSERT INTO way_tags (way_id, k, v, version) VALUES (383, 'foot', 'designated', 1);
INSERT INTO current_way_tags (way_id, k, v) VALUES (383, 'highway', 'path');
INSERT INTO way_tags (way_id, k, v, version) VALUES (383, 'highway', 'path', 1);
INSERT INTO way_nodes (way_id, node_id, version, sequence_id) VALUES (383, 4680, 1, 1);
INSERT INTO current_way_nodes (way_id, node_id, sequence_id) VALUES (383, 4680, 1);
INSERT INTO way_nodes (way_id, node_id, version, sequence_id) VALUES (383, 4925, 1, 2);
INSERT INTO current_way_nodes (way_id, node_id, sequence_id) VALUES (383, 4925, 2);
/* create way 391*/
INSERT INTO ways (way_id, changeset_id, visible, "timestamp", version) VALUES (391, 3, true, (now() at time zone 'utc'), 1);
INSERT INTO current_ways (id, changeset_id, visible, "timestamp", version) VALUES (391, 3, true, (now() at time zone 'utc'), 1);
INSERT INTO current_way_tags (way_id, k, v) VALUES (391, 'accuracy', '5');
INSERT INTO way_tags (way_id, k, v, version) VALUES (391, 'accuracy', '5', 1);
INSERT INTO current_way_tags (way_id, k, v) VALUES (391, 'hoot:id', '391');
INSERT INTO way_tags (way_id, k, v, version) VALUES (391, 'hoot:id', '391', 1);
INSERT INTO current_way_tags (way_id, k, v) VALUES (391, 'hoot:status', '2');
INSERT INTO way_tags (way_id, k, v, version) VALUES (391, 'hoot:status', '2', 1);
INSERT INTO current_way_tags (way_id, k, v) VALUES (391, 'foot', 'designated');
INSERT INTO way_tags (way_id, k, v, version) VALUES (391, 'foot', 'designated', 1);
INSERT INTO current_way_tags (way_id, k, v) VALUES (391, 'highway', 'path');
INSERT INTO way_tags (way_id, k, v, version) VALUES (391, 'highway', 'path', 1);
INSERT INTO way_nodes (way_id, node_id, version, sequence_id) VALUES (391, 4693, 1, 1);
INSERT INTO current_way_nodes (way_id, node_id, sequence_id) VALUES (391, 4693, 1);
INSERT INTO way_nodes (way_id, node_id, version, sequence_id) VALUES (391, 4694, 1, 2);
INSERT INTO current_way_nodes (way_id, node_id, sequence_id) VALUES (391, 4694, 2);
INSERT INTO way_nodes (way_id, node_id, version, sequence_id) VALUES (391, 4695, 1, 3);
INSERT INTO current_way_nodes (way_id, node_id, sequence_id) VALUES (391, 4695, 3);
INSERT INTO way_nodes (way_id, node_id, version, sequence_id) VALUES (391, 4696, 1, 4);
INSERT INTO current_way_nodes (way_id, node_id, sequence_id) VALUES (391, 4696, 4);
INSERT INTO way_nodes (way_id, node_id, version, sequence_id) VALUES (391, 4697, 1, 5);
INSERT INTO current_way_nodes (way_id, node_id, sequence_id) VALUES (391, 4697, 5);
INSERT INTO way_nodes (way_id, node_id, version, sequence_id) VALUES (391, 1916, 1, 6);
INSERT INTO current_way_nodes (way_id, node_id, sequence_id) VALUES (391, 1916, 6);
/* create way 396*/
INSERT INTO ways (way_id, changeset_id, visible, "timestamp", version) VALUES (396, 3, true, (now() at time zone 'utc'), 1);
INSERT INTO current_ways (id, changeset_id, visible, "timestamp", version) VALUES (396, 3, true, (now() at time zone 'utc'), 1);
INSERT INTO current_way_tags (way_id, k, v) VALUES (396, 'accuracy', '5');
INSERT INTO way_tags (way_id, k, v, version) VALUES (396, 'accuracy', '5', 1);
INSERT INTO current_way_tags (way_id, k, v) VALUES (396, 'hoot:id', '396');
INSERT INTO way_tags (way_id, k, v, version) VALUES (396, 'hoot:id', '396', 1);
INSERT INTO current_way_tags (way_id, k, v) VALUES (396, 'hoot:status', '2');
INSERT INTO way_tags (way_id, k, v, version) VALUES (396, 'hoot:status', '2', 1);
INSERT INTO current_way_tags (way_id, k, v) VALUES (396, 'name', 'Lincoln Memorial Cir');
INSERT INTO way_tags (way_id, k, v, version) VALUES (396, 'name', 'Lincoln Memorial Cir', 1);
INSERT INTO current_way_tags (way_id, k, v) VALUES (396, 'highway', 'unclassified');
INSERT INTO way_tags (way_id, k, v, version) VALUES (396, 'highway', 'unclassified', 1);
INSERT INTO way_nodes (way_id, node_id, version, sequence_id) VALUES (396, 4922, 1, 1);
INSERT INTO current_way_nodes (way_id, node_id, sequence_id) VALUES (396, 4922, 1);
INSERT INTO way_nodes (way_id, node_id, version, sequence_id) VALUES (396, 4599, 1, 2);
INSERT INTO current_way_nodes (way_id, node_id, sequence_id) VALUES (396, 4599, 2);
INSERT INTO way_nodes (way_id, node_id, version, sequence_id) VALUES (396, 4600, 1, 3);
INSERT INTO current_way_nodes (way_id, node_id, sequence_id) VALUES (396, 4600, 3);
INSERT INTO way_nodes (way_id, node_id, version, sequence_id) VALUES (396, 4601, 1, 4);
INSERT INTO current_way_nodes (way_id, node_id, sequence_id) VALUES (396, 4601, 4);
INSERT INTO way_nodes (way_id, node_id, version, sequence_id) VALUES (396, 4602, 1, 5);
INSERT INTO current_way_nodes (way_id, node_id, sequence_id) VALUES (396, 4602, 5);
INSERT INTO way_nodes (way_id, node_id, version, sequence_id) VALUES (396, 4919, 1, 6);
INSERT INTO current_way_nodes (way_id, node_id, sequence_id) VALUES (396, 4919, 6);
/* create way 397*/
INSERT INTO ways (way_id, changeset_id, visible, "timestamp", version) VALUES (397, 3, true, (now() at time zone 'utc'), 1);
INSERT INTO current_ways (id, changeset_id, visible, "timestamp", version) VALUES (397, 3, true, (now() at time zone 'utc'), 1);
INSERT INTO current_way_tags (way_id, k, v) VALUES (397, 'accuracy', '5');
INSERT INTO way_tags (way_id, k, v, version) VALUES (397, 'accuracy', '5', 1);
INSERT INTO current_way_tags (way_id, k, v) VALUES (397, 'hoot:id', '397');
INSERT INTO way_tags (way_id, k, v, version) VALUES (397, 'hoot:id', '397', 1);
INSERT INTO current_way_tags (way_id, k, v) VALUES (397, 'hoot:status', '3');
INSERT INTO way_tags (way_id, k, v, version) VALUES (397, 'hoot:status', '3', 1);
INSERT INTO current_way_tags (way_id, k, v) VALUES (397, 'name', 'LINCOLN MEMORIAL CIR SW');
INSERT INTO way_tags (way_id, k, v, version) VALUES (397, 'name', 'LINCOLN MEMORIAL CIR SW', 1);
INSERT INTO current_way_tags (way_id, k, v) VALUES (397, 'highway', 'road');
INSERT INTO way_tags (way_id, k, v, version) VALUES (397, 'highway', 'road', 1);
INSERT INTO way_nodes (way_id, node_id, version, sequence_id) VALUES (397, 4919, 1, 1);
INSERT INTO current_way_nodes (way_id, node_id, sequence_id) VALUES (397, 4919, 1);
INSERT INTO way_nodes (way_id, node_id, version, sequence_id) VALUES (397, 100, 1, 2);
INSERT INTO current_way_nodes (way_id, node_id, sequence_id) VALUES (397, 100, 2);
INSERT INTO way_nodes (way_id, node_id, version, sequence_id) VALUES (397, 101, 1, 3);
INSERT INTO current_way_nodes (way_id, node_id, sequence_id) VALUES (397, 101, 3);
INSERT INTO way_nodes (way_id, node_id, version, sequence_id) VALUES (397, 102, 1, 4);
INSERT INTO current_way_nodes (way_id, node_id, sequence_id) VALUES (397, 102, 4);
INSERT INTO way_nodes (way_id, node_id, version, sequence_id) VALUES (397, 103, 1, 5);
INSERT INTO current_way_nodes (way_id, node_id, sequence_id) VALUES (397, 103, 5);
INSERT INTO way_nodes (way_id, node_id, version, sequence_id) VALUES (397, 104, 1, 6);
INSERT INTO current_way_nodes (way_id, node_id, sequence_id) VALUES (397, 104, 6);
INSERT INTO way_nodes (way_id, node_id, version, sequence_id) VALUES (397, 105, 1, 7);
INSERT INTO current_way_nodes (way_id, node_id, sequence_id) VALUES (397, 105, 7);
INSERT INTO way_nodes (way_id, node_id, version, sequence_id) VALUES (397, 106, 1, 8);
INSERT INTO current_way_nodes (way_id, node_id, sequence_id) VALUES (397, 106, 8);
INSERT INTO way_nodes (way_id, node_id, version, sequence_id) VALUES (397, 107, 1, 9);
INSERT INTO current_way_nodes (way_id, node_id, sequence_id) VALUES (397, 107, 9);
INSERT INTO way_nodes (way_id, node_id, version, sequence_id) VALUES (397, 108, 1, 10);
INSERT INTO current_way_nodes (way_id, node_id, sequence_id) VALUES (397, 108, 10);
INSERT INTO way_nodes (way_id, node_id, version, sequence_id) VALUES (397, 109, 1, 11);
INSERT INTO current_way_nodes (way_id, node_id, sequence_id) VALUES (397, 109, 11);
INSERT INTO way_nodes (way_id, node_id, version, sequence_id) VALUES (397, 110, 1, 12);
INSERT INTO current_way_nodes (way_id, node_id, sequence_id) VALUES (397, 110, 12);
INSERT INTO way_nodes (way_id, node_id, version, sequence_id) VALUES (397, 112, 1, 13);
INSERT INTO current_way_nodes (way_id, node_id, sequence_id) VALUES (397, 112, 13);
INSERT INTO way_nodes (way_id, node_id, version, sequence_id) VALUES (397, 114, 1, 14);
INSERT INTO current_way_nodes (way_id, node_id, sequence_id) VALUES (397, 114, 14);
INSERT INTO way_nodes (way_id, node_id, version, sequence_id) VALUES (397, 116, 1, 15);
INSERT INTO current_way_nodes (way_id, node_id, sequence_id) VALUES (397, 116, 15);
INSERT INTO way_nodes (way_id, node_id, version, sequence_id) VALUES (397, 118, 1, 16);
INSERT INTO current_way_nodes (way_id, node_id, sequence_id) VALUES (397, 118, 16);
INSERT INTO way_nodes (way_id, node_id, version, sequence_id) VALUES (397, 120, 1, 17);
INSERT INTO current_way_nodes (way_id, node_id, sequence_id) VALUES (397, 120, 17);
INSERT INTO way_nodes (way_id, node_id, version, sequence_id) VALUES (397, 122, 1, 18);
INSERT INTO current_way_nodes (way_id, node_id, sequence_id) VALUES (397, 122, 18);
INSERT INTO way_nodes (way_id, node_id, version, sequence_id) VALUES (397, 123, 1, 19);
INSERT INTO current_way_nodes (way_id, node_id, sequence_id) VALUES (397, 123, 19);
INSERT INTO way_nodes (way_id, node_id, version, sequence_id) VALUES (397, 124, 1, 20);
INSERT INTO current_way_nodes (way_id, node_id, sequence_id) VALUES (397, 124, 20);
INSERT INTO way_nodes (way_id, node_id, version, sequence_id) VALUES (397, 125, 1, 21);
INSERT INTO current_way_nodes (way_id, node_id, sequence_id) VALUES (397, 125, 21);
INSERT INTO way_nodes (way_id, node_id, version, sequence_id) VALUES (397, 126, 1, 22);
INSERT INTO current_way_nodes (way_id, node_id, sequence_id) VALUES (397, 126, 22);
INSERT INTO way_nodes (way_id, node_id, version, sequence_id) VALUES (397, 127, 1, 23);
INSERT INTO current_way_nodes (way_id, node_id, sequence_id) VALUES (397, 127, 23);
INSERT INTO way_nodes (way_id, node_id, version, sequence_id) VALUES (397, 128, 1, 24);
INSERT INTO current_way_nodes (way_id, node_id, sequence_id) VALUES (397, 128, 24);
INSERT INTO way_nodes (way_id, node_id, version, sequence_id) VALUES (397, 129, 1, 25);
INSERT INTO current_way_nodes (way_id, node_id, sequence_id) VALUES (397, 129, 25);
INSERT INTO way_nodes (way_id, node_id, version, sequence_id) VALUES (397, 130, 1, 26);
INSERT INTO current_way_nodes (way_id, node_id, sequence_id) VALUES (397, 130, 26);
INSERT INTO way_nodes (way_id, node_id, version, sequence_id) VALUES (397, 131, 1, 27);
INSERT INTO current_way_nodes (way_id, node_id, sequence_id) VALUES (397, 131, 27);
INSERT INTO way_nodes (way_id, node_id, version, sequence_id) VALUES (397, 132, 1, 28);
INSERT INTO current_way_nodes (way_id, node_id, sequence_id) VALUES (397, 132, 28);
INSERT INTO way_nodes (way_id, node_id, version, sequence_id) VALUES (397, 133, 1, 29);
INSERT INTO current_way_nodes (way_id, node_id, sequence_id) VALUES (397, 133, 29);
INSERT INTO way_nodes (way_id, node_id, version, sequence_id) VALUES (397, 134, 1, 30);
INSERT INTO current_way_nodes (way_id, node_id, sequence_id) VALUES (397, 134, 30);
/* create way 398*/
INSERT INTO ways (way_id, changeset_id, visible, "timestamp", version) VALUES (398, 3, true, (now() at time zone 'utc'), 1);
INSERT INTO current_ways (id, changeset_id, visible, "timestamp", version) VALUES (398, 3, true, (now() at time zone 'utc'), 1);
INSERT INTO current_way_tags (way_id, k, v) VALUES (398, 'accuracy', '5');
INSERT INTO way_tags (way_id, k, v, version) VALUES (398, 'accuracy', '5', 1);
INSERT INTO current_way_tags (way_id, k, v) VALUES (398, 'hoot:id', '398');
INSERT INTO way_tags (way_id, k, v, version) VALUES (398, 'hoot:id', '398', 1);
INSERT INTO current_way_tags (way_id, k, v) VALUES (398, 'hoot:status', '2');
INSERT INTO way_tags (way_id, k, v, version) VALUES (398, 'hoot:status', '2', 1);
INSERT INTO current_way_tags (way_id, k, v) VALUES (398, 'highway', 'road');
INSERT INTO way_tags (way_id, k, v, version) VALUES (398, 'highway', 'road', 1);
INSERT INTO way_nodes (way_id, node_id, version, sequence_id) VALUES (398, 4926, 1, 1);
INSERT INTO current_way_nodes (way_id, node_id, sequence_id) VALUES (398, 4926, 1);
INSERT INTO way_nodes (way_id, node_id, version, sequence_id) VALUES (398, 4387, 1, 2);
INSERT INTO current_way_nodes (way_id, node_id, sequence_id) VALUES (398, 4387, 2);
INSERT INTO way_nodes (way_id, node_id, version, sequence_id) VALUES (398, 4388, 1, 3);
INSERT INTO current_way_nodes (way_id, node_id, sequence_id) VALUES (398, 4388, 3);
INSERT INTO way_nodes (way_id, node_id, version, sequence_id) VALUES (398, 4389, 1, 4);
INSERT INTO current_way_nodes (way_id, node_id, sequence_id) VALUES (398, 4389, 4);
INSERT INTO way_nodes (way_id, node_id, version, sequence_id) VALUES (398, 4390, 1, 5);
INSERT INTO current_way_nodes (way_id, node_id, sequence_id) VALUES (398, 4390, 5);
INSERT INTO way_nodes (way_id, node_id, version, sequence_id) VALUES (398, 4391, 1, 6);
INSERT INTO current_way_nodes (way_id, node_id, sequence_id) VALUES (398, 4391, 6);
INSERT INTO way_nodes (way_id, node_id, version, sequence_id) VALUES (398, 4392, 1, 7);
INSERT INTO current_way_nodes (way_id, node_id, sequence_id) VALUES (398, 4392, 7);
INSERT INTO way_nodes (way_id, node_id, version, sequence_id) VALUES (398, 4393, 1, 8);
INSERT INTO current_way_nodes (way_id, node_id, sequence_id) VALUES (398, 4393, 8);
INSERT INTO way_nodes (way_id, node_id, version, sequence_id) VALUES (398, 4394, 1, 9);
INSERT INTO current_way_nodes (way_id, node_id, sequence_id) VALUES (398, 4394, 9);
INSERT INTO way_nodes (way_id, node_id, version, sequence_id) VALUES (398, 4395, 1, 10);
INSERT INTO current_way_nodes (way_id, node_id, sequence_id) VALUES (398, 4395, 10);
INSERT INTO way_nodes (way_id, node_id, version, sequence_id) VALUES (398, 4396, 1, 11);
INSERT INTO current_way_nodes (way_id, node_id, sequence_id) VALUES (398, 4396, 11);
INSERT INTO way_nodes (way_id, node_id, version, sequence_id) VALUES (398, 4397, 1, 12);
INSERT INTO current_way_nodes (way_id, node_id, sequence_id) VALUES (398, 4397, 12);
INSERT INTO way_nodes (way_id, node_id, version, sequence_id) VALUES (398, 4398, 1, 13);
INSERT INTO current_way_nodes (way_id, node_id, sequence_id) VALUES (398, 4398, 13);
INSERT INTO way_nodes (way_id, node_id, version, sequence_id) VALUES (398, 4399, 1, 14);
INSERT INTO current_way_nodes (way_id, node_id, sequence_id) VALUES (398, 4399, 14);
INSERT INTO way_nodes (way_id, node_id, version, sequence_id) VALUES (398, 4400, 1, 15);
INSERT INTO current_way_nodes (way_id, node_id, sequence_id) VALUES (398, 4400, 15);
INSERT INTO way_nodes (way_id, node_id, version, sequence_id) VALUES (398, 4401, 1, 16);
INSERT INTO current_way_nodes (way_id, node_id, sequence_id) VALUES (398, 4401, 16);
INSERT INTO way_nodes (way_id, node_id, version, sequence_id) VALUES (398, 4402, 1, 17);
INSERT INTO current_way_nodes (way_id, node_id, sequence_id) VALUES (398, 4402, 17);
INSERT INTO way_nodes (way_id, node_id, version, sequence_id) VALUES (398, 4403, 1, 18);
INSERT INTO current_way_nodes (way_id, node_id, sequence_id) VALUES (398, 4403, 18);
INSERT INTO way_nodes (way_id, node_id, version, sequence_id) VALUES (398, 4404, 1, 19);
INSERT INTO current_way_nodes (way_id, node_id, sequence_id) VALUES (398, 4404, 19);
INSERT INTO way_nodes (way_id, node_id, version, sequence_id) VALUES (398, 4405, 1, 20);
INSERT INTO current_way_nodes (way_id, node_id, sequence_id) VALUES (398, 4405, 20);
INSERT INTO way_nodes (way_id, node_id, version, sequence_id) VALUES (398, 4406, 1, 21);
INSERT INTO current_way_nodes (way_id, node_id, sequence_id) VALUES (398, 4406, 21);
INSERT INTO way_nodes (way_id, node_id, version, sequence_id) VALUES (398, 4407, 1, 22);
INSERT INTO current_way_nodes (way_id, node_id, sequence_id) VALUES (398, 4407, 22);
INSERT INTO way_nodes (way_id, node_id, version, sequence_id) VALUES (398, 4408, 1, 23);
INSERT INTO current_way_nodes (way_id, node_id, sequence_id) VALUES (398, 4408, 23);
INSERT INTO way_nodes (way_id, node_id, version, sequence_id) VALUES (398, 4409, 1, 24);
INSERT INTO current_way_nodes (way_id, node_id, sequence_id) VALUES (398, 4409, 24);
INSERT INTO way_nodes (way_id, node_id, version, sequence_id) VALUES (398, 4410, 1, 25);
INSERT INTO current_way_nodes (way_id, node_id, sequence_id) VALUES (398, 4410, 25);
INSERT INTO way_nodes (way_id, node_id, version, sequence_id) VALUES (398, 4411, 1, 26);
INSERT INTO current_way_nodes (way_id, node_id, sequence_id) VALUES (398, 4411, 26);
INSERT INTO way_nodes (way_id, node_id, version, sequence_id) VALUES (398, 4412, 1, 27);
INSERT INTO current_way_nodes (way_id, node_id, sequence_id) VALUES (398, 4412, 27);
INSERT INTO way_nodes (way_id, node_id, version, sequence_id) VALUES (398, 4413, 1, 28);
INSERT INTO current_way_nodes (way_id, node_id, sequence_id) VALUES (398, 4413, 28);
INSERT INTO way_nodes (way_id, node_id, version, sequence_id) VALUES (398, 4414, 1, 29);
INSERT INTO current_way_nodes (way_id, node_id, sequence_id) VALUES (398, 4414, 29);
INSERT INTO way_nodes (way_id, node_id, version, sequence_id) VALUES (398, 4415, 1, 30);
INSERT INTO current_way_nodes (way_id, node_id, sequence_id) VALUES (398, 4415, 30);
INSERT INTO way_nodes (way_id, node_id, version, sequence_id) VALUES (398, 4416, 1, 31);
INSERT INTO current_way_nodes (way_id, node_id, sequence_id) VALUES (398, 4416, 31);
INSERT INTO way_nodes (way_id, node_id, version, sequence_id) VALUES (398, 4417, 1, 32);
INSERT INTO current_way_nodes (way_id, node_id, sequence_id) VALUES (398, 4417, 32);
INSERT INTO way_nodes (way_id, node_id, version, sequence_id) VALUES (398, 4418, 1, 33);
INSERT INTO current_way_nodes (way_id, node_id, sequence_id) VALUES (398, 4418, 33);
INSERT INTO way_nodes (way_id, node_id, version, sequence_id) VALUES (398, 4419, 1, 34);
INSERT INTO current_way_nodes (way_id, node_id, sequence_id) VALUES (398, 4419, 34);
INSERT INTO way_nodes (way_id, node_id, version, sequence_id) VALUES (398, 4420, 1, 35);
INSERT INTO current_way_nodes (way_id, node_id, sequence_id) VALUES (398, 4420, 35);
INSERT INTO way_nodes (way_id, node_id, version, sequence_id) VALUES (398, 4421, 1, 36);
INSERT INTO current_way_nodes (way_id, node_id, sequence_id) VALUES (398, 4421, 36);
INSERT INTO way_nodes (way_id, node_id, version, sequence_id) VALUES (398, 4422, 1, 37);
INSERT INTO current_way_nodes (way_id, node_id, sequence_id) VALUES (398, 4422, 37);
INSERT INTO way_nodes (way_id, node_id, version, sequence_id) VALUES (398, 4423, 1, 38);
INSERT INTO current_way_nodes (way_id, node_id, sequence_id) VALUES (398, 4423, 38);
INSERT INTO way_nodes (way_id, node_id, version, sequence_id) VALUES (398, 4424, 1, 39);
INSERT INTO current_way_nodes (way_id, node_id, sequence_id) VALUES (398, 4424, 39);
INSERT INTO way_nodes (way_id, node_id, version, sequence_id) VALUES (398, 4425, 1, 40);
INSERT INTO current_way_nodes (way_id, node_id, sequence_id) VALUES (398, 4425, 40);
INSERT INTO way_nodes (way_id, node_id, version, sequence_id) VALUES (398, 4426, 1, 41);
INSERT INTO current_way_nodes (way_id, node_id, sequence_id) VALUES (398, 4426, 41);
INSERT INTO way_nodes (way_id, node_id, version, sequence_id) VALUES (398, 4919, 1, 42);
INSERT INTO current_way_nodes (way_id, node_id, sequence_id) VALUES (398, 4919, 42);
/* create way 399*/
INSERT INTO ways (way_id, changeset_id, visible, "timestamp", version) VALUES (399, 3, true, (now() at time zone 'utc'), 1);
INSERT INTO current_ways (id, changeset_id, visible, "timestamp", version) VALUES (399, 3, true, (now() at time zone 'utc'), 1);
INSERT INTO current_way_tags (way_id, k, v) VALUES (399, 'accuracy', '5');
INSERT INTO way_tags (way_id, k, v, version) VALUES (399, 'accuracy', '5', 1);
INSERT INTO current_way_tags (way_id, k, v) VALUES (399, 'hoot:id', '399');
INSERT INTO way_tags (way_id, k, v, version) VALUES (399, 'hoot:id', '399', 1);
INSERT INTO current_way_tags (way_id, k, v) VALUES (399, 'hoot:status', '1');
INSERT INTO way_tags (way_id, k, v, version) VALUES (399, 'hoot:status', '1', 1);
INSERT INTO current_way_tags (way_id, k, v) VALUES (399, 'name', 'INTERSTATE 66  BN');
INSERT INTO way_tags (way_id, k, v, version) VALUES (399, 'name', 'INTERSTATE 66  BN', 1);
INSERT INTO current_way_tags (way_id, k, v) VALUES (399, 'highway', 'motorway');
INSERT INTO way_tags (way_id, k, v, version) VALUES (399, 'highway', 'motorway', 1);
INSERT INTO way_nodes (way_id, node_id, version, sequence_id) VALUES (399, 4920, 1, 1);
INSERT INTO current_way_nodes (way_id, node_id, sequence_id) VALUES (399, 4920, 1);
INSERT INTO way_nodes (way_id, node_id, version, sequence_id) VALUES (399, 3150, 1, 2);
INSERT INTO current_way_nodes (way_id, node_id, sequence_id) VALUES (399, 3150, 2);
INSERT INTO way_nodes (way_id, node_id, version, sequence_id) VALUES (399, 3148, 1, 3);
INSERT INTO current_way_nodes (way_id, node_id, sequence_id) VALUES (399, 3148, 3);
INSERT INTO way_nodes (way_id, node_id, version, sequence_id) VALUES (399, 3146, 1, 4);
INSERT INTO current_way_nodes (way_id, node_id, sequence_id) VALUES (399, 3146, 4);
INSERT INTO way_nodes (way_id, node_id, version, sequence_id) VALUES (399, 3144, 1, 5);
INSERT INTO current_way_nodes (way_id, node_id, sequence_id) VALUES (399, 3144, 5);
INSERT INTO way_nodes (way_id, node_id, version, sequence_id) VALUES (399, 3142, 1, 6);
INSERT INTO current_way_nodes (way_id, node_id, sequence_id) VALUES (399, 3142, 6);
INSERT INTO way_nodes (way_id, node_id, version, sequence_id) VALUES (399, 3140, 1, 7);
INSERT INTO current_way_nodes (way_id, node_id, sequence_id) VALUES (399, 3140, 7);
INSERT INTO way_nodes (way_id, node_id, version, sequence_id) VALUES (399, 3138, 1, 8);
INSERT INTO current_way_nodes (way_id, node_id, sequence_id) VALUES (399, 3138, 8);
INSERT INTO way_nodes (way_id, node_id, version, sequence_id) VALUES (399, 3136, 1, 9);
INSERT INTO current_way_nodes (way_id, node_id, sequence_id) VALUES (399, 3136, 9);
INSERT INTO way_nodes (way_id, node_id, version, sequence_id) VALUES (399, 3134, 1, 10);
INSERT INTO current_way_nodes (way_id, node_id, sequence_id) VALUES (399, 3134, 10);
INSERT INTO way_nodes (way_id, node_id, version, sequence_id) VALUES (399, 3132, 1, 11);
INSERT INTO current_way_nodes (way_id, node_id, sequence_id) VALUES (399, 3132, 11);
INSERT INTO way_nodes (way_id, node_id, version, sequence_id) VALUES (399, 3130, 1, 12);
INSERT INTO current_way_nodes (way_id, node_id, sequence_id) VALUES (399, 3130, 12);
INSERT INTO way_nodes (way_id, node_id, version, sequence_id) VALUES (399, 3128, 1, 13);
INSERT INTO current_way_nodes (way_id, node_id, sequence_id) VALUES (399, 3128, 13);
INSERT INTO way_nodes (way_id, node_id, version, sequence_id) VALUES (399, 3126, 1, 14);
INSERT INTO current_way_nodes (way_id, node_id, sequence_id) VALUES (399, 3126, 14);
INSERT INTO way_nodes (way_id, node_id, version, sequence_id) VALUES (399, 3660, 1, 15);
INSERT INTO current_way_nodes (way_id, node_id, sequence_id) VALUES (399, 3660, 15);
INSERT INTO way_nodes (way_id, node_id, version, sequence_id) VALUES (399, 3124, 1, 16);
INSERT INTO current_way_nodes (way_id, node_id, sequence_id) VALUES (399, 3124, 16);
INSERT INTO way_nodes (way_id, node_id, version, sequence_id) VALUES (399, 3122, 1, 17);
INSERT INTO current_way_nodes (way_id, node_id, sequence_id) VALUES (399, 3122, 17);
INSERT INTO way_nodes (way_id, node_id, version, sequence_id) VALUES (399, 3120, 1, 18);
INSERT INTO current_way_nodes (way_id, node_id, sequence_id) VALUES (399, 3120, 18);
INSERT INTO way_nodes (way_id, node_id, version, sequence_id) VALUES (399, 3350, 1, 19);
INSERT INTO current_way_nodes (way_id, node_id, sequence_id) VALUES (399, 3350, 19);
INSERT INTO way_nodes (way_id, node_id, version, sequence_id) VALUES (399, 3118, 1, 20);
INSERT INTO current_way_nodes (way_id, node_id, sequence_id) VALUES (399, 3118, 20);
INSERT INTO way_nodes (way_id, node_id, version, sequence_id) VALUES (399, 3116, 1, 21);
INSERT INTO current_way_nodes (way_id, node_id, sequence_id) VALUES (399, 3116, 21);
INSERT INTO way_nodes (way_id, node_id, version, sequence_id) VALUES (399, 3114, 1, 22);
INSERT INTO current_way_nodes (way_id, node_id, sequence_id) VALUES (399, 3114, 22);
INSERT INTO way_nodes (way_id, node_id, version, sequence_id) VALUES (399, 3112, 1, 23);
INSERT INTO current_way_nodes (way_id, node_id, sequence_id) VALUES (399, 3112, 23);
INSERT INTO way_nodes (way_id, node_id, version, sequence_id) VALUES (399, 3110, 1, 24);
INSERT INTO current_way_nodes (way_id, node_id, sequence_id) VALUES (399, 3110, 24);
INSERT INTO way_nodes (way_id, node_id, version, sequence_id) VALUES (399, 3108, 1, 25);
INSERT INTO current_way_nodes (way_id, node_id, sequence_id) VALUES (399, 3108, 25);
INSERT INTO way_nodes (way_id, node_id, version, sequence_id) VALUES (399, 3106, 1, 26);
INSERT INTO current_way_nodes (way_id, node_id, sequence_id) VALUES (399, 3106, 26);
INSERT INTO way_nodes (way_id, node_id, version, sequence_id) VALUES (399, 3104, 1, 27);
INSERT INTO current_way_nodes (way_id, node_id, sequence_id) VALUES (399, 3104, 27);
INSERT INTO way_nodes (way_id, node_id, version, sequence_id) VALUES (399, 3102, 1, 28);
INSERT INTO current_way_nodes (way_id, node_id, sequence_id) VALUES (399, 3102, 28);
INSERT INTO way_nodes (way_id, node_id, version, sequence_id) VALUES (399, 3100, 1, 29);
INSERT INTO current_way_nodes (way_id, node_id, sequence_id) VALUES (399, 3100, 29);
INSERT INTO way_nodes (way_id, node_id, version, sequence_id) VALUES (399, 1563, 1, 30);
INSERT INTO current_way_nodes (way_id, node_id, sequence_id) VALUES (399, 1563, 30);
INSERT INTO way_nodes (way_id, node_id, version, sequence_id) VALUES (399, 3098, 1, 31);
INSERT INTO current_way_nodes (way_id, node_id, sequence_id) VALUES (399, 3098, 31);
INSERT INTO way_nodes (way_id, node_id, version, sequence_id) VALUES (399, 3096, 1, 32);
INSERT INTO current_way_nodes (way_id, node_id, sequence_id) VALUES (399, 3096, 32);
INSERT INTO way_nodes (way_id, node_id, version, sequence_id) VALUES (399, 3094, 1, 33);
INSERT INTO current_way_nodes (way_id, node_id, sequence_id) VALUES (399, 3094, 33);
INSERT INTO way_nodes (way_id, node_id, version, sequence_id) VALUES (399, 3092, 1, 34);
INSERT INTO current_way_nodes (way_id, node_id, sequence_id) VALUES (399, 3092, 34);
INSERT INTO way_nodes (way_id, node_id, version, sequence_id) VALUES (399, 3091, 1, 35);
INSERT INTO current_way_nodes (way_id, node_id, sequence_id) VALUES (399, 3091, 35);
INSERT INTO way_nodes (way_id, node_id, version, sequence_id) VALUES (399, 3090, 1, 36);
INSERT INTO current_way_nodes (way_id, node_id, sequence_id) VALUES (399, 3090, 36);
INSERT INTO way_nodes (way_id, node_id, version, sequence_id) VALUES (399, 3089, 1, 37);
INSERT INTO current_way_nodes (way_id, node_id, sequence_id) VALUES (399, 3089, 37);
INSERT INTO way_nodes (way_id, node_id, version, sequence_id) VALUES (399, 3088, 1, 38);
INSERT INTO current_way_nodes (way_id, node_id, sequence_id) VALUES (399, 3088, 38);
INSERT INTO way_nodes (way_id, node_id, version, sequence_id) VALUES (399, 3087, 1, 39);
INSERT INTO current_way_nodes (way_id, node_id, sequence_id) VALUES (399, 3087, 39);
INSERT INTO way_nodes (way_id, node_id, version, sequence_id) VALUES (399, 3086, 1, 40);
INSERT INTO current_way_nodes (way_id, node_id, sequence_id) VALUES (399, 3086, 40);
INSERT INTO way_nodes (way_id, node_id, version, sequence_id) VALUES (399, 3084, 1, 41);
INSERT INTO current_way_nodes (way_id, node_id, sequence_id) VALUES (399, 3084, 41);
INSERT INTO way_nodes (way_id, node_id, version, sequence_id) VALUES (399, 3082, 1, 42);
INSERT INTO current_way_nodes (way_id, node_id, sequence_id) VALUES (399, 3082, 42);
INSERT INTO way_nodes (way_id, node_id, version, sequence_id) VALUES (399, 3080, 1, 43);
INSERT INTO current_way_nodes (way_id, node_id, sequence_id) VALUES (399, 3080, 43);
INSERT INTO way_nodes (way_id, node_id, version, sequence_id) VALUES (399, 3078, 1, 44);
INSERT INTO current_way_nodes (way_id, node_id, sequence_id) VALUES (399, 3078, 44);
INSERT INTO way_nodes (way_id, node_id, version, sequence_id) VALUES (399, 3075, 1, 45);
INSERT INTO current_way_nodes (way_id, node_id, sequence_id) VALUES (399, 3075, 45);
INSERT INTO way_nodes (way_id, node_id, version, sequence_id) VALUES (399, 3072, 1, 46);
INSERT INTO current_way_nodes (way_id, node_id, sequence_id) VALUES (399, 3072, 46);
INSERT INTO way_nodes (way_id, node_id, version, sequence_id) VALUES (399, 3069, 1, 47);
INSERT INTO current_way_nodes (way_id, node_id, sequence_id) VALUES (399, 3069, 47);
INSERT INTO way_nodes (way_id, node_id, version, sequence_id) VALUES (399, 3066, 1, 48);
INSERT INTO current_way_nodes (way_id, node_id, sequence_id) VALUES (399, 3066, 48);
INSERT INTO way_nodes (way_id, node_id, version, sequence_id) VALUES (399, 3063, 1, 49);
INSERT INTO current_way_nodes (way_id, node_id, sequence_id) VALUES (399, 3063, 49);
INSERT INTO way_nodes (way_id, node_id, version, sequence_id) VALUES (399, 3060, 1, 50);
INSERT INTO current_way_nodes (way_id, node_id, sequence_id) VALUES (399, 3060, 50);
INSERT INTO way_nodes (way_id, node_id, version, sequence_id) VALUES (399, 3057, 1, 51);
INSERT INTO current_way_nodes (way_id, node_id, sequence_id) VALUES (399, 3057, 51);
INSERT INTO way_nodes (way_id, node_id, version, sequence_id) VALUES (399, 3054, 1, 52);
INSERT INTO current_way_nodes (way_id, node_id, sequence_id) VALUES (399, 3054, 52);
INSERT INTO way_nodes (way_id, node_id, version, sequence_id) VALUES (399, 3051, 1, 53);
INSERT INTO current_way_nodes (way_id, node_id, sequence_id) VALUES (399, 3051, 53);
INSERT INTO way_nodes (way_id, node_id, version, sequence_id) VALUES (399, 3048, 1, 54);
INSERT INTO current_way_nodes (way_id, node_id, sequence_id) VALUES (399, 3048, 54);
INSERT INTO way_nodes (way_id, node_id, version, sequence_id) VALUES (399, 3045, 1, 55);
INSERT INTO current_way_nodes (way_id, node_id, sequence_id) VALUES (399, 3045, 55);
INSERT INTO way_nodes (way_id, node_id, version, sequence_id) VALUES (399, 3042, 1, 56);
INSERT INTO current_way_nodes (way_id, node_id, sequence_id) VALUES (399, 3042, 56);
INSERT INTO way_nodes (way_id, node_id, version, sequence_id) VALUES (399, 3039, 1, 57);
INSERT INTO current_way_nodes (way_id, node_id, sequence_id) VALUES (399, 3039, 57);
INSERT INTO way_nodes (way_id, node_id, version, sequence_id) VALUES (399, 3036, 1, 58);
INSERT INTO current_way_nodes (way_id, node_id, sequence_id) VALUES (399, 3036, 58);
INSERT INTO way_nodes (way_id, node_id, version, sequence_id) VALUES (399, 3033, 1, 59);
INSERT INTO current_way_nodes (way_id, node_id, sequence_id) VALUES (399, 3033, 59);
INSERT INTO way_nodes (way_id, node_id, version, sequence_id) VALUES (399, 3030, 1, 60);
INSERT INTO current_way_nodes (way_id, node_id, sequence_id) VALUES (399, 3030, 60);
INSERT INTO way_nodes (way_id, node_id, version, sequence_id) VALUES (399, 3027, 1, 61);
INSERT INTO current_way_nodes (way_id, node_id, sequence_id) VALUES (399, 3027, 61);
INSERT INTO way_nodes (way_id, node_id, version, sequence_id) VALUES (399, 3024, 1, 62);
INSERT INTO current_way_nodes (way_id, node_id, sequence_id) VALUES (399, 3024, 62);
INSERT INTO way_nodes (way_id, node_id, version, sequence_id) VALUES (399, 3021, 1, 63);
INSERT INTO current_way_nodes (way_id, node_id, sequence_id) VALUES (399, 3021, 63);
INSERT INTO way_nodes (way_id, node_id, version, sequence_id) VALUES (399, 3018, 1, 64);
INSERT INTO current_way_nodes (way_id, node_id, sequence_id) VALUES (399, 3018, 64);
INSERT INTO way_nodes (way_id, node_id, version, sequence_id) VALUES (399, 3015, 1, 65);
INSERT INTO current_way_nodes (way_id, node_id, sequence_id) VALUES (399, 3015, 65);
INSERT INTO way_nodes (way_id, node_id, version, sequence_id) VALUES (399, 3011, 1, 66);
INSERT INTO current_way_nodes (way_id, node_id, sequence_id) VALUES (399, 3011, 66);
INSERT INTO way_nodes (way_id, node_id, version, sequence_id) VALUES (399, 3007, 1, 67);
INSERT INTO current_way_nodes (way_id, node_id, sequence_id) VALUES (399, 3007, 67);
INSERT INTO way_nodes (way_id, node_id, version, sequence_id) VALUES (399, 3003, 1, 68);
INSERT INTO current_way_nodes (way_id, node_id, sequence_id) VALUES (399, 3003, 68);
INSERT INTO way_nodes (way_id, node_id, version, sequence_id) VALUES (399, 2998, 1, 69);
INSERT INTO current_way_nodes (way_id, node_id, sequence_id) VALUES (399, 2998, 69);
INSERT INTO way_nodes (way_id, node_id, version, sequence_id) VALUES (399, 2993, 1, 70);
INSERT INTO current_way_nodes (way_id, node_id, sequence_id) VALUES (399, 2993, 70);
INSERT INTO way_nodes (way_id, node_id, version, sequence_id) VALUES (399, 2988, 1, 71);
INSERT INTO current_way_nodes (way_id, node_id, sequence_id) VALUES (399, 2988, 71);
INSERT INTO way_nodes (way_id, node_id, version, sequence_id) VALUES (399, 2983, 1, 72);
INSERT INTO current_way_nodes (way_id, node_id, sequence_id) VALUES (399, 2983, 72);
INSERT INTO way_nodes (way_id, node_id, version, sequence_id) VALUES (399, 2978, 1, 73);
INSERT INTO current_way_nodes (way_id, node_id, sequence_id) VALUES (399, 2978, 73);
INSERT INTO way_nodes (way_id, node_id, version, sequence_id) VALUES (399, 2973, 1, 74);
INSERT INTO current_way_nodes (way_id, node_id, sequence_id) VALUES (399, 2973, 74);
INSERT INTO way_nodes (way_id, node_id, version, sequence_id) VALUES (399, 2968, 1, 75);
INSERT INTO current_way_nodes (way_id, node_id, sequence_id) VALUES (399, 2968, 75);
INSERT INTO way_nodes (way_id, node_id, version, sequence_id) VALUES (399, 2964, 1, 76);
INSERT INTO current_way_nodes (way_id, node_id, sequence_id) VALUES (399, 2964, 76);
INSERT INTO way_nodes (way_id, node_id, version, sequence_id) VALUES (399, 2960, 1, 77);
INSERT INTO current_way_nodes (way_id, node_id, sequence_id) VALUES (399, 2960, 77);
INSERT INTO way_nodes (way_id, node_id, version, sequence_id) VALUES (399, 2956, 1, 78);
INSERT INTO current_way_nodes (way_id, node_id, sequence_id) VALUES (399, 2956, 78);
INSERT INTO way_nodes (way_id, node_id, version, sequence_id) VALUES (399, 2952, 1, 79);
INSERT INTO current_way_nodes (way_id, node_id, sequence_id) VALUES (399, 2952, 79);
INSERT INTO way_nodes (way_id, node_id, version, sequence_id) VALUES (399, 3280, 1, 80);
INSERT INTO current_way_nodes (way_id, node_id, sequence_id) VALUES (399, 3280, 80);
/* create way 400*/
INSERT INTO ways (way_id, changeset_id, visible, "timestamp", version) VALUES (400, 3, true, (now() at time zone 'utc'), 1);
INSERT INTO current_ways (id, changeset_id, visible, "timestamp", version) VALUES (400, 3, true, (now() at time zone 'utc'), 1);
INSERT INTO current_way_tags (way_id, k, v) VALUES (400, 'accuracy', '5');
INSERT INTO way_tags (way_id, k, v, version) VALUES (400, 'accuracy', '5', 1);
INSERT INTO current_way_tags (way_id, k, v) VALUES (400, 'hoot:id', '400');
INSERT INTO way_tags (way_id, k, v, version) VALUES (400, 'hoot:id', '400', 1);
INSERT INTO current_way_tags (way_id, k, v) VALUES (400, 'hoot:status', '2');
INSERT INTO way_tags (way_id, k, v, version) VALUES (400, 'hoot:status', '2', 1);
INSERT INTO current_way_tags (way_id, k, v) VALUES (400, 'highway', 'road');
INSERT INTO way_tags (way_id, k, v, version) VALUES (400, 'highway', 'road', 1);
INSERT INTO way_nodes (way_id, node_id, version, sequence_id) VALUES (400, 4660, 1, 1);
INSERT INTO current_way_nodes (way_id, node_id, sequence_id) VALUES (400, 4660, 1);
INSERT INTO way_nodes (way_id, node_id, version, sequence_id) VALUES (400, 4363, 1, 2);
INSERT INTO current_way_nodes (way_id, node_id, sequence_id) VALUES (400, 4363, 2);
INSERT INTO way_nodes (way_id, node_id, version, sequence_id) VALUES (400, 4365, 1, 3);
INSERT INTO current_way_nodes (way_id, node_id, sequence_id) VALUES (400, 4365, 3);
INSERT INTO way_nodes (way_id, node_id, version, sequence_id) VALUES (400, 4367, 1, 4);
INSERT INTO current_way_nodes (way_id, node_id, sequence_id) VALUES (400, 4367, 4);
INSERT INTO way_nodes (way_id, node_id, version, sequence_id) VALUES (400, 4369, 1, 5);
INSERT INTO current_way_nodes (way_id, node_id, sequence_id) VALUES (400, 4369, 5);
INSERT INTO way_nodes (way_id, node_id, version, sequence_id) VALUES (400, 4371, 1, 6);
INSERT INTO current_way_nodes (way_id, node_id, sequence_id) VALUES (400, 4371, 6);
INSERT INTO way_nodes (way_id, node_id, version, sequence_id) VALUES (400, 4372, 1, 7);
INSERT INTO current_way_nodes (way_id, node_id, sequence_id) VALUES (400, 4372, 7);
INSERT INTO way_nodes (way_id, node_id, version, sequence_id) VALUES (400, 4373, 1, 8);
INSERT INTO current_way_nodes (way_id, node_id, sequence_id) VALUES (400, 4373, 8);
INSERT INTO way_nodes (way_id, node_id, version, sequence_id) VALUES (400, 4374, 1, 9);
INSERT INTO current_way_nodes (way_id, node_id, sequence_id) VALUES (400, 4374, 9);
INSERT INTO way_nodes (way_id, node_id, version, sequence_id) VALUES (400, 4375, 1, 10);
INSERT INTO current_way_nodes (way_id, node_id, sequence_id) VALUES (400, 4375, 10);
INSERT INTO way_nodes (way_id, node_id, version, sequence_id) VALUES (400, 4376, 1, 11);
INSERT INTO current_way_nodes (way_id, node_id, sequence_id) VALUES (400, 4376, 11);
INSERT INTO way_nodes (way_id, node_id, version, sequence_id) VALUES (400, 4377, 1, 12);
INSERT INTO current_way_nodes (way_id, node_id, sequence_id) VALUES (400, 4377, 12);
INSERT INTO way_nodes (way_id, node_id, version, sequence_id) VALUES (400, 4378, 1, 13);
INSERT INTO current_way_nodes (way_id, node_id, sequence_id) VALUES (400, 4378, 13);
INSERT INTO way_nodes (way_id, node_id, version, sequence_id) VALUES (400, 4379, 1, 14);
INSERT INTO current_way_nodes (way_id, node_id, sequence_id) VALUES (400, 4379, 14);
INSERT INTO way_nodes (way_id, node_id, version, sequence_id) VALUES (400, 4380, 1, 15);
INSERT INTO current_way_nodes (way_id, node_id, sequence_id) VALUES (400, 4380, 15);
INSERT INTO way_nodes (way_id, node_id, version, sequence_id) VALUES (400, 4381, 1, 16);
INSERT INTO current_way_nodes (way_id, node_id, sequence_id) VALUES (400, 4381, 16);
INSERT INTO way_nodes (way_id, node_id, version, sequence_id) VALUES (400, 4382, 1, 17);
INSERT INTO current_way_nodes (way_id, node_id, sequence_id) VALUES (400, 4382, 17);
INSERT INTO way_nodes (way_id, node_id, version, sequence_id) VALUES (400, 4383, 1, 18);
INSERT INTO current_way_nodes (way_id, node_id, sequence_id) VALUES (400, 4383, 18);
INSERT INTO way_nodes (way_id, node_id, version, sequence_id) VALUES (400, 4384, 1, 19);
INSERT INTO current_way_nodes (way_id, node_id, sequence_id) VALUES (400, 4384, 19);
INSERT INTO way_nodes (way_id, node_id, version, sequence_id) VALUES (400, 4385, 1, 20);
INSERT INTO current_way_nodes (way_id, node_id, sequence_id) VALUES (400, 4385, 20);
INSERT INTO way_nodes (way_id, node_id, version, sequence_id) VALUES (400, 4386, 1, 21);
INSERT INTO current_way_nodes (way_id, node_id, sequence_id) VALUES (400, 4386, 21);
INSERT INTO way_nodes (way_id, node_id, version, sequence_id) VALUES (400, 4926, 1, 22);
INSERT INTO current_way_nodes (way_id, node_id, sequence_id) VALUES (400, 4926, 22);
/* create way 401*/
INSERT INTO ways (way_id, changeset_id, visible, "timestamp", version) VALUES (401, 3, true, (now() at time zone 'utc'), 1);
INSERT INTO current_ways (id, changeset_id, visible, "timestamp", version) VALUES (401, 3, true, (now() at time zone 'utc'), 1);
INSERT INTO current_way_tags (way_id, k, v) VALUES (401, 'accuracy', '5');
INSERT INTO way_tags (way_id, k, v, version) VALUES (401, 'accuracy', '5', 1);
INSERT INTO current_way_tags (way_id, k, v) VALUES (401, 'hoot:id', '401');
INSERT INTO way_tags (way_id, k, v, version) VALUES (401, 'hoot:id', '401', 1);
INSERT INTO current_way_tags (way_id, k, v) VALUES (401, 'hoot:status', '1');
INSERT INTO way_tags (way_id, k, v, version) VALUES (401, 'hoot:status', '1', 1);
INSERT INTO current_way_tags (way_id, k, v) VALUES (401, 'name', 'INTERSTATE 66  BN');
INSERT INTO way_tags (way_id, k, v, version) VALUES (401, 'name', 'INTERSTATE 66  BN', 1);
INSERT INTO current_way_tags (way_id, k, v) VALUES (401, 'highway', 'motorway');
INSERT INTO way_tags (way_id, k, v, version) VALUES (401, 'highway', 'motorway', 1);
INSERT INTO way_nodes (way_id, node_id, version, sequence_id) VALUES (401, 2039, 1, 1);
INSERT INTO current_way_nodes (way_id, node_id, sequence_id) VALUES (401, 2039, 1);
INSERT INTO way_nodes (way_id, node_id, version, sequence_id) VALUES (401, 3209, 1, 2);
INSERT INTO current_way_nodes (way_id, node_id, sequence_id) VALUES (401, 3209, 2);
INSERT INTO way_nodes (way_id, node_id, version, sequence_id) VALUES (401, 3207, 1, 3);
INSERT INTO current_way_nodes (way_id, node_id, sequence_id) VALUES (401, 3207, 3);
INSERT INTO way_nodes (way_id, node_id, version, sequence_id) VALUES (401, 3205, 1, 4);
INSERT INTO current_way_nodes (way_id, node_id, sequence_id) VALUES (401, 3205, 4);
INSERT INTO way_nodes (way_id, node_id, version, sequence_id) VALUES (401, 3203, 1, 5);
INSERT INTO current_way_nodes (way_id, node_id, sequence_id) VALUES (401, 3203, 5);
INSERT INTO way_nodes (way_id, node_id, version, sequence_id) VALUES (401, 4921, 1, 6);
INSERT INTO current_way_nodes (way_id, node_id, sequence_id) VALUES (401, 4921, 6);
/* create way 402*/
INSERT INTO ways (way_id, changeset_id, visible, "timestamp", version) VALUES (402, 3, true, (now() at time zone 'utc'), 1);
INSERT INTO current_ways (id, changeset_id, visible, "timestamp", version) VALUES (402, 3, true, (now() at time zone 'utc'), 1);
INSERT INTO current_way_tags (way_id, k, v) VALUES (402, 'accuracy', '5');
INSERT INTO way_tags (way_id, k, v, version) VALUES (402, 'accuracy', '5', 1);
INSERT INTO current_way_tags (way_id, k, v) VALUES (402, 'hoot:id', '402');
INSERT INTO way_tags (way_id, k, v, version) VALUES (402, 'hoot:id', '402', 1);
INSERT INTO current_way_tags (way_id, k, v) VALUES (402, 'hoot:status', '2');
INSERT INTO way_tags (way_id, k, v, version) VALUES (402, 'hoot:status', '2', 1);
INSERT INTO current_way_tags (way_id, k, v) VALUES (402, 'highway', 'road');
INSERT INTO way_tags (way_id, k, v, version) VALUES (402, 'highway', 'road', 1);
INSERT INTO way_nodes (way_id, node_id, version, sequence_id) VALUES (402, 4923, 1, 1);
INSERT INTO current_way_nodes (way_id, node_id, sequence_id) VALUES (402, 4923, 1);
INSERT INTO way_nodes (way_id, node_id, version, sequence_id) VALUES (402, 4543, 1, 2);
INSERT INTO current_way_nodes (way_id, node_id, sequence_id) VALUES (402, 4543, 2);
INSERT INTO way_nodes (way_id, node_id, version, sequence_id) VALUES (402, 4544, 1, 3);
INSERT INTO current_way_nodes (way_id, node_id, sequence_id) VALUES (402, 4544, 3);
INSERT INTO way_nodes (way_id, node_id, version, sequence_id) VALUES (402, 4545, 1, 4);
INSERT INTO current_way_nodes (way_id, node_id, sequence_id) VALUES (402, 4545, 4);
INSERT INTO way_nodes (way_id, node_id, version, sequence_id) VALUES (402, 4546, 1, 5);
INSERT INTO current_way_nodes (way_id, node_id, sequence_id) VALUES (402, 4546, 5);
INSERT INTO way_nodes (way_id, node_id, version, sequence_id) VALUES (402, 4547, 1, 6);
INSERT INTO current_way_nodes (way_id, node_id, sequence_id) VALUES (402, 4547, 6);
INSERT INTO way_nodes (way_id, node_id, version, sequence_id) VALUES (402, 4548, 1, 7);
INSERT INTO current_way_nodes (way_id, node_id, sequence_id) VALUES (402, 4548, 7);
INSERT INTO way_nodes (way_id, node_id, version, sequence_id) VALUES (402, 4549, 1, 8);
INSERT INTO current_way_nodes (way_id, node_id, sequence_id) VALUES (402, 4549, 8);
INSERT INTO way_nodes (way_id, node_id, version, sequence_id) VALUES (402, 4550, 1, 9);
INSERT INTO current_way_nodes (way_id, node_id, sequence_id) VALUES (402, 4550, 9);
INSERT INTO way_nodes (way_id, node_id, version, sequence_id) VALUES (402, 4551, 1, 10);
INSERT INTO current_way_nodes (way_id, node_id, sequence_id) VALUES (402, 4551, 10);
INSERT INTO way_nodes (way_id, node_id, version, sequence_id) VALUES (402, 4552, 1, 11);
INSERT INTO current_way_nodes (way_id, node_id, sequence_id) VALUES (402, 4552, 11);
INSERT INTO way_nodes (way_id, node_id, version, sequence_id) VALUES (402, 4553, 1, 12);
INSERT INTO current_way_nodes (way_id, node_id, sequence_id) VALUES (402, 4553, 12);
INSERT INTO way_nodes (way_id, node_id, version, sequence_id) VALUES (402, 4554, 1, 13);
INSERT INTO current_way_nodes (way_id, node_id, sequence_id) VALUES (402, 4554, 13);
INSERT INTO way_nodes (way_id, node_id, version, sequence_id) VALUES (402, 4555, 1, 14);
INSERT INTO current_way_nodes (way_id, node_id, sequence_id) VALUES (402, 4555, 14);
INSERT INTO way_nodes (way_id, node_id, version, sequence_id) VALUES (402, 4556, 1, 15);
INSERT INTO current_way_nodes (way_id, node_id, sequence_id) VALUES (402, 4556, 15);
INSERT INTO way_nodes (way_id, node_id, version, sequence_id) VALUES (402, 2039, 1, 16);
INSERT INTO current_way_nodes (way_id, node_id, sequence_id) VALUES (402, 2039, 16);
/* create way 403*/
INSERT INTO ways (way_id, changeset_id, visible, "timestamp", version) VALUES (403, 3, true, (now() at time zone 'utc'), 1);
INSERT INTO current_ways (id, changeset_id, visible, "timestamp", version) VALUES (403, 3, true, (now() at time zone 'utc'), 1);
INSERT INTO current_way_tags (way_id, k, v) VALUES (403, 'accuracy', '5');
INSERT INTO way_tags (way_id, k, v, version) VALUES (403, 'accuracy', '5', 1);
INSERT INTO current_way_tags (way_id, k, v) VALUES (403, 'hoot:id', '403');
INSERT INTO way_tags (way_id, k, v, version) VALUES (403, 'hoot:id', '403', 1);
INSERT INTO current_way_tags (way_id, k, v) VALUES (403, 'hoot:status', '2');
INSERT INTO way_tags (way_id, k, v, version) VALUES (403, 'hoot:status', '2', 1);
INSERT INTO current_way_tags (way_id, k, v) VALUES (403, 'highway', 'road');
INSERT INTO way_tags (way_id, k, v, version) VALUES (403, 'highway', 'road', 1);
INSERT INTO way_nodes (way_id, node_id, version, sequence_id) VALUES (403, 4914, 1, 1);
INSERT INTO current_way_nodes (way_id, node_id, sequence_id) VALUES (403, 4914, 1);
INSERT INTO way_nodes (way_id, node_id, version, sequence_id) VALUES (403, 4531, 1, 2);
INSERT INTO current_way_nodes (way_id, node_id, sequence_id) VALUES (403, 4531, 2);
INSERT INTO way_nodes (way_id, node_id, version, sequence_id) VALUES (403, 4532, 1, 3);
INSERT INTO current_way_nodes (way_id, node_id, sequence_id) VALUES (403, 4532, 3);
INSERT INTO way_nodes (way_id, node_id, version, sequence_id) VALUES (403, 4533, 1, 4);
INSERT INTO current_way_nodes (way_id, node_id, sequence_id) VALUES (403, 4533, 4);
INSERT INTO way_nodes (way_id, node_id, version, sequence_id) VALUES (403, 4534, 1, 5);
INSERT INTO current_way_nodes (way_id, node_id, sequence_id) VALUES (403, 4534, 5);
INSERT INTO way_nodes (way_id, node_id, version, sequence_id) VALUES (403, 4535, 1, 6);
INSERT INTO current_way_nodes (way_id, node_id, sequence_id) VALUES (403, 4535, 6);
INSERT INTO way_nodes (way_id, node_id, version, sequence_id) VALUES (403, 4536, 1, 7);
INSERT INTO current_way_nodes (way_id, node_id, sequence_id) VALUES (403, 4536, 7);
INSERT INTO way_nodes (way_id, node_id, version, sequence_id) VALUES (403, 4537, 1, 8);
INSERT INTO current_way_nodes (way_id, node_id, sequence_id) VALUES (403, 4537, 8);
INSERT INTO way_nodes (way_id, node_id, version, sequence_id) VALUES (403, 4538, 1, 9);
INSERT INTO current_way_nodes (way_id, node_id, sequence_id) VALUES (403, 4538, 9);
INSERT INTO way_nodes (way_id, node_id, version, sequence_id) VALUES (403, 4539, 1, 10);
INSERT INTO current_way_nodes (way_id, node_id, sequence_id) VALUES (403, 4539, 10);
INSERT INTO way_nodes (way_id, node_id, version, sequence_id) VALUES (403, 4540, 1, 11);
INSERT INTO current_way_nodes (way_id, node_id, sequence_id) VALUES (403, 4540, 11);
INSERT INTO way_nodes (way_id, node_id, version, sequence_id) VALUES (403, 4541, 1, 12);
INSERT INTO current_way_nodes (way_id, node_id, sequence_id) VALUES (403, 4541, 12);
INSERT INTO way_nodes (way_id, node_id, version, sequence_id) VALUES (403, 4923, 1, 13);
INSERT INTO current_way_nodes (way_id, node_id, sequence_id) VALUES (403, 4923, 13);
/* create way 404*/
INSERT INTO ways (way_id, changeset_id, visible, "timestamp", version) VALUES (404, 3, true, (now() at time zone 'utc'), 1);
INSERT INTO current_ways (id, changeset_id, visible, "timestamp", version) VALUES (404, 3, true, (now() at time zone 'utc'), 1);
INSERT INTO current_way_tags (way_id, k, v) VALUES (404, 'accuracy', '5');
INSERT INTO way_tags (way_id, k, v, version) VALUES (404, 'accuracy', '5', 1);
INSERT INTO current_way_tags (way_id, k, v) VALUES (404, 'hoot:id', '404');
INSERT INTO way_tags (way_id, k, v, version) VALUES (404, 'hoot:id', '404', 1);
INSERT INTO current_way_tags (way_id, k, v) VALUES (404, 'hoot:status', '3');
INSERT INTO way_tags (way_id, k, v, version) VALUES (404, 'hoot:status', '3', 1);
INSERT INTO current_way_tags (way_id, k, v) VALUES (404, 'alt_name', 'Lincoln Memorial Cir');
INSERT INTO way_tags (way_id, k, v, version) VALUES (404, 'alt_name', 'Lincoln Memorial Cir', 1);
INSERT INTO current_way_tags (way_id, k, v) VALUES (404, 'name', 'LINCOLN MEMORIAL CIR SW');
INSERT INTO way_tags (way_id, k, v, version) VALUES (404, 'name', 'LINCOLN MEMORIAL CIR SW', 1);
INSERT INTO current_way_tags (way_id, k, v) VALUES (404, 'highway', 'road');
INSERT INTO way_tags (way_id, k, v, version) VALUES (404, 'highway', 'road', 1);
INSERT INTO way_nodes (way_id, node_id, version, sequence_id) VALUES (404, 185, 1, 1);
INSERT INTO current_way_nodes (way_id, node_id, sequence_id) VALUES (404, 185, 1);
INSERT INTO way_nodes (way_id, node_id, version, sequence_id) VALUES (404, 184, 1, 2);
INSERT INTO current_way_nodes (way_id, node_id, sequence_id) VALUES (404, 184, 2);
INSERT INTO way_nodes (way_id, node_id, version, sequence_id) VALUES (404, 183, 1, 3);
INSERT INTO current_way_nodes (way_id, node_id, sequence_id) VALUES (404, 183, 3);
INSERT INTO way_nodes (way_id, node_id, version, sequence_id) VALUES (404, 182, 1, 4);
INSERT INTO current_way_nodes (way_id, node_id, sequence_id) VALUES (404, 182, 4);
INSERT INTO way_nodes (way_id, node_id, version, sequence_id) VALUES (404, 4922, 1, 5);
INSERT INTO current_way_nodes (way_id, node_id, sequence_id) VALUES (404, 4922, 5);
/* create way 405*/
INSERT INTO ways (way_id, changeset_id, visible, "timestamp", version) VALUES (405, 3, true, (now() at time zone 'utc'), 1);
INSERT INTO current_ways (id, changeset_id, visible, "timestamp", version) VALUES (405, 3, true, (now() at time zone 'utc'), 1);
INSERT INTO current_way_tags (way_id, k, v) VALUES (405, 'accuracy', '5');
INSERT INTO way_tags (way_id, k, v, version) VALUES (405, 'accuracy', '5', 1);
INSERT INTO current_way_tags (way_id, k, v) VALUES (405, 'hoot:id', '405');
INSERT INTO way_tags (way_id, k, v, version) VALUES (405, 'hoot:id', '405', 1);
INSERT INTO current_way_tags (way_id, k, v) VALUES (405, 'hoot:status', '3');
INSERT INTO way_tags (way_id, k, v, version) VALUES (405, 'hoot:status', '3', 1);
INSERT INTO current_way_tags (way_id, k, v) VALUES (405, 'alt_name', 'Arlington Memorial Brg');
INSERT INTO way_tags (way_id, k, v, version) VALUES (405, 'alt_name', 'Arlington Memorial Brg', 1);
INSERT INTO current_way_tags (way_id, k, v) VALUES (405, 'name', 'ARLINGTON MEMORIAL BRG SW');
INSERT INTO way_tags (way_id, k, v, version) VALUES (405, 'name', 'ARLINGTON MEMORIAL BRG SW', 1);
INSERT INTO current_way_tags (way_id, k, v) VALUES (405, 'highway', 'road');
INSERT INTO way_tags (way_id, k, v, version) VALUES (405, 'highway', 'road', 1);
INSERT INTO way_nodes (way_id, node_id, version, sequence_id) VALUES (405, 2529, 1, 1);
INSERT INTO current_way_nodes (way_id, node_id, sequence_id) VALUES (405, 2529, 1);
INSERT INTO way_nodes (way_id, node_id, version, sequence_id) VALUES (405, 1078, 1, 2);
INSERT INTO current_way_nodes (way_id, node_id, sequence_id) VALUES (405, 1078, 2);
INSERT INTO way_nodes (way_id, node_id, version, sequence_id) VALUES (405, 1077, 1, 3);
INSERT INTO current_way_nodes (way_id, node_id, sequence_id) VALUES (405, 1077, 3);
INSERT INTO way_nodes (way_id, node_id, version, sequence_id) VALUES (405, 1076, 1, 4);
INSERT INTO current_way_nodes (way_id, node_id, sequence_id) VALUES (405, 1076, 4);
INSERT INTO way_nodes (way_id, node_id, version, sequence_id) VALUES (405, 1075, 1, 5);
INSERT INTO current_way_nodes (way_id, node_id, sequence_id) VALUES (405, 1075, 5);
INSERT INTO way_nodes (way_id, node_id, version, sequence_id) VALUES (405, 1074, 1, 6);
INSERT INTO current_way_nodes (way_id, node_id, sequence_id) VALUES (405, 1074, 6);
INSERT INTO way_nodes (way_id, node_id, version, sequence_id) VALUES (405, 1073, 1, 7);
INSERT INTO current_way_nodes (way_id, node_id, sequence_id) VALUES (405, 1073, 7);
INSERT INTO way_nodes (way_id, node_id, version, sequence_id) VALUES (405, 4231, 1, 8);
INSERT INTO current_way_nodes (way_id, node_id, sequence_id) VALUES (405, 4231, 8);
/* create way 406*/
INSERT INTO ways (way_id, changeset_id, visible, "timestamp", version) VALUES (406, 3, true, (now() at time zone 'utc'), 1);
INSERT INTO current_ways (id, changeset_id, visible, "timestamp", version) VALUES (406, 3, true, (now() at time zone 'utc'), 1);
INSERT INTO current_way_tags (way_id, k, v) VALUES (406, 'accuracy', '5');
INSERT INTO way_tags (way_id, k, v, version) VALUES (406, 'accuracy', '5', 1);
INSERT INTO current_way_tags (way_id, k, v) VALUES (406, 'hoot:id', '406');
INSERT INTO way_tags (way_id, k, v, version) VALUES (406, 'hoot:id', '406', 1);
INSERT INTO current_way_tags (way_id, k, v) VALUES (406, 'hoot:status', '3');
INSERT INTO way_tags (way_id, k, v, version) VALUES (406, 'hoot:status', '3', 1);
INSERT INTO current_way_tags (way_id, k, v) VALUES (406, 'alt_name', 'Ohio Dr SW');
INSERT INTO way_tags (way_id, k, v, version) VALUES (406, 'alt_name', 'Ohio Dr SW', 1);
INSERT INTO current_way_tags (way_id, k, v) VALUES (406, 'name', 'OHIO DR SW');
INSERT INTO way_tags (way_id, k, v, version) VALUES (406, 'name', 'OHIO DR SW', 1);
INSERT INTO current_way_tags (way_id, k, v) VALUES (406, 'highway', 'road');
INSERT INTO way_tags (way_id, k, v, version) VALUES (406, 'highway', 'road', 1);
INSERT INTO way_nodes (way_id, node_id, version, sequence_id) VALUES (406, 2529, 1, 1);
INSERT INTO current_way_nodes (way_id, node_id, sequence_id) VALUES (406, 2529, 1);
INSERT INTO way_nodes (way_id, node_id, version, sequence_id) VALUES (406, 2526, 1, 2);
INSERT INTO current_way_nodes (way_id, node_id, sequence_id) VALUES (406, 2526, 2);
INSERT INTO way_nodes (way_id, node_id, version, sequence_id) VALUES (406, 2522, 1, 3);
INSERT INTO current_way_nodes (way_id, node_id, sequence_id) VALUES (406, 2522, 3);
INSERT INTO way_nodes (way_id, node_id, version, sequence_id) VALUES (406, 2518, 1, 4);
INSERT INTO current_way_nodes (way_id, node_id, sequence_id) VALUES (406, 2518, 4);
INSERT INTO way_nodes (way_id, node_id, version, sequence_id) VALUES (406, 2514, 1, 5);
INSERT INTO current_way_nodes (way_id, node_id, sequence_id) VALUES (406, 2514, 5);
INSERT INTO way_nodes (way_id, node_id, version, sequence_id) VALUES (406, 2510, 1, 6);
INSERT INTO current_way_nodes (way_id, node_id, sequence_id) VALUES (406, 2510, 6);
INSERT INTO way_nodes (way_id, node_id, version, sequence_id) VALUES (406, 2506, 1, 7);
INSERT INTO current_way_nodes (way_id, node_id, sequence_id) VALUES (406, 2506, 7);
INSERT INTO way_nodes (way_id, node_id, version, sequence_id) VALUES (406, 2502, 1, 8);
INSERT INTO current_way_nodes (way_id, node_id, sequence_id) VALUES (406, 2502, 8);
INSERT INTO way_nodes (way_id, node_id, version, sequence_id) VALUES (406, 2498, 1, 9);
INSERT INTO current_way_nodes (way_id, node_id, sequence_id) VALUES (406, 2498, 9);
INSERT INTO way_nodes (way_id, node_id, version, sequence_id) VALUES (406, 2494, 1, 10);
INSERT INTO current_way_nodes (way_id, node_id, sequence_id) VALUES (406, 2494, 10);
INSERT INTO way_nodes (way_id, node_id, version, sequence_id) VALUES (406, 2490, 1, 11);
INSERT INTO current_way_nodes (way_id, node_id, sequence_id) VALUES (406, 2490, 11);
INSERT INTO way_nodes (way_id, node_id, version, sequence_id) VALUES (406, 2486, 1, 12);
INSERT INTO current_way_nodes (way_id, node_id, sequence_id) VALUES (406, 2486, 12);
INSERT INTO way_nodes (way_id, node_id, version, sequence_id) VALUES (406, 2482, 1, 13);
INSERT INTO current_way_nodes (way_id, node_id, sequence_id) VALUES (406, 2482, 13);
INSERT INTO way_nodes (way_id, node_id, version, sequence_id) VALUES (406, 2479, 1, 14);
INSERT INTO current_way_nodes (way_id, node_id, sequence_id) VALUES (406, 2479, 14);
INSERT INTO way_nodes (way_id, node_id, version, sequence_id) VALUES (406, 2476, 1, 15);
INSERT INTO current_way_nodes (way_id, node_id, sequence_id) VALUES (406, 2476, 15);
INSERT INTO way_nodes (way_id, node_id, version, sequence_id) VALUES (406, 2473, 1, 16);
INSERT INTO current_way_nodes (way_id, node_id, sequence_id) VALUES (406, 2473, 16);
INSERT INTO way_nodes (way_id, node_id, version, sequence_id) VALUES (406, 2470, 1, 17);
INSERT INTO current_way_nodes (way_id, node_id, sequence_id) VALUES (406, 2470, 17);
INSERT INTO way_nodes (way_id, node_id, version, sequence_id) VALUES (406, 2467, 1, 18);
INSERT INTO current_way_nodes (way_id, node_id, sequence_id) VALUES (406, 2467, 18);
INSERT INTO way_nodes (way_id, node_id, version, sequence_id) VALUES (406, 2464, 1, 19);
INSERT INTO current_way_nodes (way_id, node_id, sequence_id) VALUES (406, 2464, 19);
INSERT INTO way_nodes (way_id, node_id, version, sequence_id) VALUES (406, 2461, 1, 20);
INSERT INTO current_way_nodes (way_id, node_id, sequence_id) VALUES (406, 2461, 20);
INSERT INTO way_nodes (way_id, node_id, version, sequence_id) VALUES (406, 2458, 1, 21);
INSERT INTO current_way_nodes (way_id, node_id, sequence_id) VALUES (406, 2458, 21);
INSERT INTO way_nodes (way_id, node_id, version, sequence_id) VALUES (406, 2455, 1, 22);
INSERT INTO current_way_nodes (way_id, node_id, sequence_id) VALUES (406, 2455, 22);
INSERT INTO way_nodes (way_id, node_id, version, sequence_id) VALUES (406, 2064, 1, 23);
INSERT INTO current_way_nodes (way_id, node_id, sequence_id) VALUES (406, 2064, 23);
/* create way 407*/
INSERT INTO ways (way_id, changeset_id, visible, "timestamp", version) VALUES (407, 3, true, (now() at time zone 'utc'), 1);
INSERT INTO current_ways (id, changeset_id, visible, "timestamp", version) VALUES (407, 3, true, (now() at time zone 'utc'), 1);
INSERT INTO current_way_tags (way_id, k, v) VALUES (407, 'accuracy', '5');
INSERT INTO way_tags (way_id, k, v, version) VALUES (407, 'accuracy', '5', 1);
INSERT INTO current_way_tags (way_id, k, v) VALUES (407, 'hoot:id', '407');
INSERT INTO way_tags (way_id, k, v, version) VALUES (407, 'hoot:id', '407', 1);
INSERT INTO current_way_tags (way_id, k, v) VALUES (407, 'hoot:status', '3');
INSERT INTO way_tags (way_id, k, v, version) VALUES (407, 'hoot:status', '3', 1);
INSERT INTO current_way_tags (way_id, k, v) VALUES (407, 'alt_name', 'Lincoln Memorial Cir');
INSERT INTO way_tags (way_id, k, v, version) VALUES (407, 'alt_name', 'Lincoln Memorial Cir', 1);
INSERT INTO current_way_tags (way_id, k, v) VALUES (407, 'name', 'LINCOLN MEMORIAL CIR NW');
INSERT INTO way_tags (way_id, k, v, version) VALUES (407, 'name', 'LINCOLN MEMORIAL CIR NW', 1);
INSERT INTO current_way_tags (way_id, k, v) VALUES (407, 'highway', 'road');
INSERT INTO way_tags (way_id, k, v, version) VALUES (407, 'highway', 'road', 1);
INSERT INTO way_nodes (way_id, node_id, version, sequence_id) VALUES (407, 1825, 1, 1);
INSERT INTO current_way_nodes (way_id, node_id, sequence_id) VALUES (407, 1825, 1);
INSERT INTO way_nodes (way_id, node_id, version, sequence_id) VALUES (407, 1071, 1, 2);
INSERT INTO current_way_nodes (way_id, node_id, sequence_id) VALUES (407, 1071, 2);
INSERT INTO way_nodes (way_id, node_id, version, sequence_id) VALUES (407, 1069, 1, 3);
INSERT INTO current_way_nodes (way_id, node_id, sequence_id) VALUES (407, 1069, 3);
INSERT INTO way_nodes (way_id, node_id, version, sequence_id) VALUES (407, 1067, 1, 4);
INSERT INTO current_way_nodes (way_id, node_id, sequence_id) VALUES (407, 1067, 4);
INSERT INTO way_nodes (way_id, node_id, version, sequence_id) VALUES (407, 1065, 1, 5);
INSERT INTO current_way_nodes (way_id, node_id, sequence_id) VALUES (407, 1065, 5);
INSERT INTO way_nodes (way_id, node_id, version, sequence_id) VALUES (407, 1063, 1, 6);
INSERT INTO current_way_nodes (way_id, node_id, sequence_id) VALUES (407, 1063, 6);
INSERT INTO way_nodes (way_id, node_id, version, sequence_id) VALUES (407, 1061, 1, 7);
INSERT INTO current_way_nodes (way_id, node_id, sequence_id) VALUES (407, 1061, 7);
INSERT INTO way_nodes (way_id, node_id, version, sequence_id) VALUES (407, 1059, 1, 8);
INSERT INTO current_way_nodes (way_id, node_id, sequence_id) VALUES (407, 1059, 8);
INSERT INTO way_nodes (way_id, node_id, version, sequence_id) VALUES (407, 1057, 1, 9);
INSERT INTO current_way_nodes (way_id, node_id, sequence_id) VALUES (407, 1057, 9);
INSERT INTO way_nodes (way_id, node_id, version, sequence_id) VALUES (407, 1055, 1, 10);
INSERT INTO current_way_nodes (way_id, node_id, sequence_id) VALUES (407, 1055, 10);
INSERT INTO way_nodes (way_id, node_id, version, sequence_id) VALUES (407, 1053, 1, 11);
INSERT INTO current_way_nodes (way_id, node_id, sequence_id) VALUES (407, 1053, 11);
INSERT INTO way_nodes (way_id, node_id, version, sequence_id) VALUES (407, 1051, 1, 12);
INSERT INTO current_way_nodes (way_id, node_id, sequence_id) VALUES (407, 1051, 12);
INSERT INTO way_nodes (way_id, node_id, version, sequence_id) VALUES (407, 1049, 1, 13);
INSERT INTO current_way_nodes (way_id, node_id, sequence_id) VALUES (407, 1049, 13);
INSERT INTO way_nodes (way_id, node_id, version, sequence_id) VALUES (407, 1047, 1, 14);
INSERT INTO current_way_nodes (way_id, node_id, sequence_id) VALUES (407, 1047, 14);
INSERT INTO way_nodes (way_id, node_id, version, sequence_id) VALUES (407, 1044, 1, 15);
INSERT INTO current_way_nodes (way_id, node_id, sequence_id) VALUES (407, 1044, 15);
INSERT INTO way_nodes (way_id, node_id, version, sequence_id) VALUES (407, 1041, 1, 16);
INSERT INTO current_way_nodes (way_id, node_id, sequence_id) VALUES (407, 1041, 16);
INSERT INTO way_nodes (way_id, node_id, version, sequence_id) VALUES (407, 1038, 1, 17);
INSERT INTO current_way_nodes (way_id, node_id, sequence_id) VALUES (407, 1038, 17);
INSERT INTO way_nodes (way_id, node_id, version, sequence_id) VALUES (407, 1035, 1, 18);
INSERT INTO current_way_nodes (way_id, node_id, sequence_id) VALUES (407, 1035, 18);
INSERT INTO way_nodes (way_id, node_id, version, sequence_id) VALUES (407, 1032, 1, 19);
INSERT INTO current_way_nodes (way_id, node_id, sequence_id) VALUES (407, 1032, 19);
INSERT INTO way_nodes (way_id, node_id, version, sequence_id) VALUES (407, 1029, 1, 20);
INSERT INTO current_way_nodes (way_id, node_id, sequence_id) VALUES (407, 1029, 20);
INSERT INTO way_nodes (way_id, node_id, version, sequence_id) VALUES (407, 1026, 1, 21);
INSERT INTO current_way_nodes (way_id, node_id, sequence_id) VALUES (407, 1026, 21);
INSERT INTO way_nodes (way_id, node_id, version, sequence_id) VALUES (407, 1023, 1, 22);
INSERT INTO current_way_nodes (way_id, node_id, sequence_id) VALUES (407, 1023, 22);
INSERT INTO way_nodes (way_id, node_id, version, sequence_id) VALUES (407, 1020, 1, 23);
INSERT INTO current_way_nodes (way_id, node_id, sequence_id) VALUES (407, 1020, 23);
INSERT INTO way_nodes (way_id, node_id, version, sequence_id) VALUES (407, 1017, 1, 24);
INSERT INTO current_way_nodes (way_id, node_id, sequence_id) VALUES (407, 1017, 24);
INSERT INTO way_nodes (way_id, node_id, version, sequence_id) VALUES (407, 1014, 1, 25);
INSERT INTO current_way_nodes (way_id, node_id, sequence_id) VALUES (407, 1014, 25);
INSERT INTO way_nodes (way_id, node_id, version, sequence_id) VALUES (407, 1011, 1, 26);
INSERT INTO current_way_nodes (way_id, node_id, sequence_id) VALUES (407, 1011, 26);
INSERT INTO way_nodes (way_id, node_id, version, sequence_id) VALUES (407, 1008, 1, 27);
INSERT INTO current_way_nodes (way_id, node_id, sequence_id) VALUES (407, 1008, 27);
INSERT INTO way_nodes (way_id, node_id, version, sequence_id) VALUES (407, 1005, 1, 28);
INSERT INTO current_way_nodes (way_id, node_id, sequence_id) VALUES (407, 1005, 28);
INSERT INTO way_nodes (way_id, node_id, version, sequence_id) VALUES (407, 4923, 1, 29);
INSERT INTO current_way_nodes (way_id, node_id, sequence_id) VALUES (407, 4923, 29);
/* create way 408*/
INSERT INTO ways (way_id, changeset_id, visible, "timestamp", version) VALUES (408, 3, true, (now() at time zone 'utc'), 1);
INSERT INTO current_ways (id, changeset_id, visible, "timestamp", version) VALUES (408, 3, true, (now() at time zone 'utc'), 1);
INSERT INTO current_way_tags (way_id, k, v) VALUES (408, 'accuracy', '5');
INSERT INTO way_tags (way_id, k, v, version) VALUES (408, 'accuracy', '5', 1);
INSERT INTO current_way_tags (way_id, k, v) VALUES (408, 'hoot:id', '408');
INSERT INTO way_tags (way_id, k, v, version) VALUES (408, 'hoot:id', '408', 1);
INSERT INTO current_way_tags (way_id, k, v) VALUES (408, 'hoot:status', '2');
INSERT INTO way_tags (way_id, k, v, version) VALUES (408, 'hoot:status', '2', 1);
INSERT INTO current_way_tags (way_id, k, v) VALUES (408, 'name', 'Independence Ave SW');
INSERT INTO way_tags (way_id, k, v, version) VALUES (408, 'name', 'Independence Ave SW', 1);
INSERT INTO current_way_tags (way_id, k, v) VALUES (408, 'highway', 'unclassified');
INSERT INTO way_tags (way_id, k, v, version) VALUES (408, 'highway', 'unclassified', 1);
INSERT INTO way_nodes (way_id, node_id, version, sequence_id) VALUES (408, 4805, 1, 1);
INSERT INTO current_way_nodes (way_id, node_id, sequence_id) VALUES (408, 4805, 1);
INSERT INTO way_nodes (way_id, node_id, version, sequence_id) VALUES (408, 4806, 1, 2);
INSERT INTO current_way_nodes (way_id, node_id, sequence_id) VALUES (408, 4806, 2);
INSERT INTO way_nodes (way_id, node_id, version, sequence_id) VALUES (408, 4807, 1, 3);
INSERT INTO current_way_nodes (way_id, node_id, sequence_id) VALUES (408, 4807, 3);
INSERT INTO way_nodes (way_id, node_id, version, sequence_id) VALUES (408, 4808, 1, 4);
INSERT INTO current_way_nodes (way_id, node_id, sequence_id) VALUES (408, 4808, 4);
INSERT INTO way_nodes (way_id, node_id, version, sequence_id) VALUES (408, 4809, 1, 5);
INSERT INTO current_way_nodes (way_id, node_id, sequence_id) VALUES (408, 4809, 5);
INSERT INTO way_nodes (way_id, node_id, version, sequence_id) VALUES (408, 4810, 1, 6);
INSERT INTO current_way_nodes (way_id, node_id, sequence_id) VALUES (408, 4810, 6);
INSERT INTO way_nodes (way_id, node_id, version, sequence_id) VALUES (408, 4811, 1, 7);
INSERT INTO current_way_nodes (way_id, node_id, sequence_id) VALUES (408, 4811, 7);
INSERT INTO way_nodes (way_id, node_id, version, sequence_id) VALUES (408, 4812, 1, 8);
INSERT INTO current_way_nodes (way_id, node_id, sequence_id) VALUES (408, 4812, 8);
INSERT INTO way_nodes (way_id, node_id, version, sequence_id) VALUES (408, 4813, 1, 9);
INSERT INTO current_way_nodes (way_id, node_id, sequence_id) VALUES (408, 4813, 9);
INSERT INTO way_nodes (way_id, node_id, version, sequence_id) VALUES (408, 4814, 1, 10);
INSERT INTO current_way_nodes (way_id, node_id, sequence_id) VALUES (408, 4814, 10);
INSERT INTO way_nodes (way_id, node_id, version, sequence_id) VALUES (408, 4815, 1, 11);
INSERT INTO current_way_nodes (way_id, node_id, sequence_id) VALUES (408, 4815, 11);
INSERT INTO way_nodes (way_id, node_id, version, sequence_id) VALUES (408, 4816, 1, 12);
INSERT INTO current_way_nodes (way_id, node_id, sequence_id) VALUES (408, 4816, 12);
INSERT INTO way_nodes (way_id, node_id, version, sequence_id) VALUES (408, 4817, 1, 13);
INSERT INTO current_way_nodes (way_id, node_id, sequence_id) VALUES (408, 4817, 13);
INSERT INTO way_nodes (way_id, node_id, version, sequence_id) VALUES (408, 4818, 1, 14);
INSERT INTO current_way_nodes (way_id, node_id, sequence_id) VALUES (408, 4818, 14);
INSERT INTO way_nodes (way_id, node_id, version, sequence_id) VALUES (408, 4819, 1, 15);
INSERT INTO current_way_nodes (way_id, node_id, sequence_id) VALUES (408, 4819, 15);
INSERT INTO way_nodes (way_id, node_id, version, sequence_id) VALUES (408, 4820, 1, 16);
INSERT INTO current_way_nodes (way_id, node_id, sequence_id) VALUES (408, 4820, 16);
INSERT INTO way_nodes (way_id, node_id, version, sequence_id) VALUES (408, 4821, 1, 17);
INSERT INTO current_way_nodes (way_id, node_id, sequence_id) VALUES (408, 4821, 17);
INSERT INTO way_nodes (way_id, node_id, version, sequence_id) VALUES (408, 4822, 1, 18);
INSERT INTO current_way_nodes (way_id, node_id, sequence_id) VALUES (408, 4822, 18);
INSERT INTO way_nodes (way_id, node_id, version, sequence_id) VALUES (408, 4823, 1, 19);
INSERT INTO current_way_nodes (way_id, node_id, sequence_id) VALUES (408, 4823, 19);
INSERT INTO way_nodes (way_id, node_id, version, sequence_id) VALUES (408, 4824, 1, 20);
INSERT INTO current_way_nodes (way_id, node_id, sequence_id) VALUES (408, 4824, 20);
INSERT INTO way_nodes (way_id, node_id, version, sequence_id) VALUES (408, 4825, 1, 21);
INSERT INTO current_way_nodes (way_id, node_id, sequence_id) VALUES (408, 4825, 21);
INSERT INTO way_nodes (way_id, node_id, version, sequence_id) VALUES (408, 4826, 1, 22);
INSERT INTO current_way_nodes (way_id, node_id, sequence_id) VALUES (408, 4826, 22);
INSERT INTO way_nodes (way_id, node_id, version, sequence_id) VALUES (408, 4827, 1, 23);
INSERT INTO current_way_nodes (way_id, node_id, sequence_id) VALUES (408, 4827, 23);
INSERT INTO way_nodes (way_id, node_id, version, sequence_id) VALUES (408, 4828, 1, 24);
INSERT INTO current_way_nodes (way_id, node_id, sequence_id) VALUES (408, 4828, 24);
INSERT INTO way_nodes (way_id, node_id, version, sequence_id) VALUES (408, 4829, 1, 25);
INSERT INTO current_way_nodes (way_id, node_id, sequence_id) VALUES (408, 4829, 25);
INSERT INTO way_nodes (way_id, node_id, version, sequence_id) VALUES (408, 4830, 1, 26);
INSERT INTO current_way_nodes (way_id, node_id, sequence_id) VALUES (408, 4830, 26);
INSERT INTO way_nodes (way_id, node_id, version, sequence_id) VALUES (408, 4831, 1, 27);
INSERT INTO current_way_nodes (way_id, node_id, sequence_id) VALUES (408, 4831, 27);
INSERT INTO way_nodes (way_id, node_id, version, sequence_id) VALUES (408, 4832, 1, 28);
INSERT INTO current_way_nodes (way_id, node_id, sequence_id) VALUES (408, 4832, 28);
INSERT INTO way_nodes (way_id, node_id, version, sequence_id) VALUES (408, 4833, 1, 29);
INSERT INTO current_way_nodes (way_id, node_id, sequence_id) VALUES (408, 4833, 29);
INSERT INTO way_nodes (way_id, node_id, version, sequence_id) VALUES (408, 4834, 1, 30);
INSERT INTO current_way_nodes (way_id, node_id, sequence_id) VALUES (408, 4834, 30);
INSERT INTO way_nodes (way_id, node_id, version, sequence_id) VALUES (408, 4835, 1, 31);
INSERT INTO current_way_nodes (way_id, node_id, sequence_id) VALUES (408, 4835, 31);
INSERT INTO way_nodes (way_id, node_id, version, sequence_id) VALUES (408, 4836, 1, 32);
INSERT INTO current_way_nodes (way_id, node_id, sequence_id) VALUES (408, 4836, 32);
INSERT INTO way_nodes (way_id, node_id, version, sequence_id) VALUES (408, 4837, 1, 33);
INSERT INTO current_way_nodes (way_id, node_id, sequence_id) VALUES (408, 4837, 33);
INSERT INTO way_nodes (way_id, node_id, version, sequence_id) VALUES (408, 4838, 1, 34);
INSERT INTO current_way_nodes (way_id, node_id, sequence_id) VALUES (408, 4838, 34);
INSERT INTO way_nodes (way_id, node_id, version, sequence_id) VALUES (408, 4839, 1, 35);
INSERT INTO current_way_nodes (way_id, node_id, sequence_id) VALUES (408, 4839, 35);
INSERT INTO way_nodes (way_id, node_id, version, sequence_id) VALUES (408, 4840, 1, 36);
INSERT INTO current_way_nodes (way_id, node_id, sequence_id) VALUES (408, 4840, 36);
INSERT INTO way_nodes (way_id, node_id, version, sequence_id) VALUES (408, 4841, 1, 37);
INSERT INTO current_way_nodes (way_id, node_id, sequence_id) VALUES (408, 4841, 37);
INSERT INTO way_nodes (way_id, node_id, version, sequence_id) VALUES (408, 4842, 1, 38);
INSERT INTO current_way_nodes (way_id, node_id, sequence_id) VALUES (408, 4842, 38);
INSERT INTO way_nodes (way_id, node_id, version, sequence_id) VALUES (408, 4843, 1, 39);
INSERT INTO current_way_nodes (way_id, node_id, sequence_id) VALUES (408, 4843, 39);
INSERT INTO way_nodes (way_id, node_id, version, sequence_id) VALUES (408, 4844, 1, 40);
INSERT INTO current_way_nodes (way_id, node_id, sequence_id) VALUES (408, 4844, 40);
INSERT INTO way_nodes (way_id, node_id, version, sequence_id) VALUES (408, 4845, 1, 41);
INSERT INTO current_way_nodes (way_id, node_id, sequence_id) VALUES (408, 4845, 41);
INSERT INTO way_nodes (way_id, node_id, version, sequence_id) VALUES (408, 4846, 1, 42);
INSERT INTO current_way_nodes (way_id, node_id, sequence_id) VALUES (408, 4846, 42);
INSERT INTO way_nodes (way_id, node_id, version, sequence_id) VALUES (408, 4847, 1, 43);
INSERT INTO current_way_nodes (way_id, node_id, sequence_id) VALUES (408, 4847, 43);
INSERT INTO way_nodes (way_id, node_id, version, sequence_id) VALUES (408, 4848, 1, 44);
INSERT INTO current_way_nodes (way_id, node_id, sequence_id) VALUES (408, 4848, 44);
INSERT INTO way_nodes (way_id, node_id, version, sequence_id) VALUES (408, 4849, 1, 45);
INSERT INTO current_way_nodes (way_id, node_id, sequence_id) VALUES (408, 4849, 45);
INSERT INTO way_nodes (way_id, node_id, version, sequence_id) VALUES (408, 4850, 1, 46);
INSERT INTO current_way_nodes (way_id, node_id, sequence_id) VALUES (408, 4850, 46);
INSERT INTO way_nodes (way_id, node_id, version, sequence_id) VALUES (408, 4851, 1, 47);
INSERT INTO current_way_nodes (way_id, node_id, sequence_id) VALUES (408, 4851, 47);
INSERT INTO way_nodes (way_id, node_id, version, sequence_id) VALUES (408, 4852, 1, 48);
INSERT INTO current_way_nodes (way_id, node_id, sequence_id) VALUES (408, 4852, 48);
INSERT INTO way_nodes (way_id, node_id, version, sequence_id) VALUES (408, 4853, 1, 49);
INSERT INTO current_way_nodes (way_id, node_id, sequence_id) VALUES (408, 4853, 49);
INSERT INTO way_nodes (way_id, node_id, version, sequence_id) VALUES (408, 4854, 1, 50);
INSERT INTO current_way_nodes (way_id, node_id, sequence_id) VALUES (408, 4854, 50);
INSERT INTO way_nodes (way_id, node_id, version, sequence_id) VALUES (408, 4855, 1, 51);
INSERT INTO current_way_nodes (way_id, node_id, sequence_id) VALUES (408, 4855, 51);
INSERT INTO way_nodes (way_id, node_id, version, sequence_id) VALUES (408, 4856, 1, 52);
INSERT INTO current_way_nodes (way_id, node_id, sequence_id) VALUES (408, 4856, 52);
INSERT INTO way_nodes (way_id, node_id, version, sequence_id) VALUES (408, 4857, 1, 53);
INSERT INTO current_way_nodes (way_id, node_id, sequence_id) VALUES (408, 4857, 53);
INSERT INTO way_nodes (way_id, node_id, version, sequence_id) VALUES (408, 4858, 1, 54);
INSERT INTO current_way_nodes (way_id, node_id, sequence_id) VALUES (408, 4858, 54);
INSERT INTO way_nodes (way_id, node_id, version, sequence_id) VALUES (408, 4859, 1, 55);
INSERT INTO current_way_nodes (way_id, node_id, sequence_id) VALUES (408, 4859, 55);
INSERT INTO way_nodes (way_id, node_id, version, sequence_id) VALUES (408, 4860, 1, 56);
INSERT INTO current_way_nodes (way_id, node_id, sequence_id) VALUES (408, 4860, 56);
INSERT INTO way_nodes (way_id, node_id, version, sequence_id) VALUES (408, 4861, 1, 57);
INSERT INTO current_way_nodes (way_id, node_id, sequence_id) VALUES (408, 4861, 57);
INSERT INTO way_nodes (way_id, node_id, version, sequence_id) VALUES (408, 4862, 1, 58);
INSERT INTO current_way_nodes (way_id, node_id, sequence_id) VALUES (408, 4862, 58);
INSERT INTO way_nodes (way_id, node_id, version, sequence_id) VALUES (408, 4863, 1, 59);
INSERT INTO current_way_nodes (way_id, node_id, sequence_id) VALUES (408, 4863, 59);
INSERT INTO way_nodes (way_id, node_id, version, sequence_id) VALUES (408, 4864, 1, 60);
INSERT INTO current_way_nodes (way_id, node_id, sequence_id) VALUES (408, 4864, 60);
INSERT INTO way_nodes (way_id, node_id, version, sequence_id) VALUES (408, 4865, 1, 61);
INSERT INTO current_way_nodes (way_id, node_id, sequence_id) VALUES (408, 4865, 61);
INSERT INTO way_nodes (way_id, node_id, version, sequence_id) VALUES (408, 4866, 1, 62);
INSERT INTO current_way_nodes (way_id, node_id, sequence_id) VALUES (408, 4866, 62);
INSERT INTO way_nodes (way_id, node_id, version, sequence_id) VALUES (408, 4867, 1, 63);
INSERT INTO current_way_nodes (way_id, node_id, sequence_id) VALUES (408, 4867, 63);
INSERT INTO way_nodes (way_id, node_id, version, sequence_id) VALUES (408, 4868, 1, 64);
INSERT INTO current_way_nodes (way_id, node_id, sequence_id) VALUES (408, 4868, 64);
INSERT INTO way_nodes (way_id, node_id, version, sequence_id) VALUES (408, 4869, 1, 65);
INSERT INTO current_way_nodes (way_id, node_id, sequence_id) VALUES (408, 4869, 65);
INSERT INTO way_nodes (way_id, node_id, version, sequence_id) VALUES (408, 4870, 1, 66);
INSERT INTO current_way_nodes (way_id, node_id, sequence_id) VALUES (408, 4870, 66);
INSERT INTO way_nodes (way_id, node_id, version, sequence_id) VALUES (408, 4871, 1, 67);
INSERT INTO current_way_nodes (way_id, node_id, sequence_id) VALUES (408, 4871, 67);
INSERT INTO way_nodes (way_id, node_id, version, sequence_id) VALUES (408, 4872, 1, 68);
INSERT INTO current_way_nodes (way_id, node_id, sequence_id) VALUES (408, 4872, 68);
INSERT INTO way_nodes (way_id, node_id, version, sequence_id) VALUES (408, 4873, 1, 69);
INSERT INTO current_way_nodes (way_id, node_id, sequence_id) VALUES (408, 4873, 69);
INSERT INTO way_nodes (way_id, node_id, version, sequence_id) VALUES (408, 4874, 1, 70);
INSERT INTO current_way_nodes (way_id, node_id, sequence_id) VALUES (408, 4874, 70);
INSERT INTO way_nodes (way_id, node_id, version, sequence_id) VALUES (408, 4875, 1, 71);
INSERT INTO current_way_nodes (way_id, node_id, sequence_id) VALUES (408, 4875, 71);
INSERT INTO way_nodes (way_id, node_id, version, sequence_id) VALUES (408, 4876, 1, 72);
INSERT INTO current_way_nodes (way_id, node_id, sequence_id) VALUES (408, 4876, 72);
INSERT INTO way_nodes (way_id, node_id, version, sequence_id) VALUES (408, 4877, 1, 73);
INSERT INTO current_way_nodes (way_id, node_id, sequence_id) VALUES (408, 4877, 73);
INSERT INTO way_nodes (way_id, node_id, version, sequence_id) VALUES (408, 4878, 1, 74);
INSERT INTO current_way_nodes (way_id, node_id, sequence_id) VALUES (408, 4878, 74);
INSERT INTO way_nodes (way_id, node_id, version, sequence_id) VALUES (408, 4879, 1, 75);
INSERT INTO current_way_nodes (way_id, node_id, sequence_id) VALUES (408, 4879, 75);
INSERT INTO way_nodes (way_id, node_id, version, sequence_id) VALUES (408, 4880, 1, 76);
INSERT INTO current_way_nodes (way_id, node_id, sequence_id) VALUES (408, 4880, 76);
INSERT INTO way_nodes (way_id, node_id, version, sequence_id) VALUES (408, 4881, 1, 77);
INSERT INTO current_way_nodes (way_id, node_id, sequence_id) VALUES (408, 4881, 77);
INSERT INTO way_nodes (way_id, node_id, version, sequence_id) VALUES (408, 4882, 1, 78);
INSERT INTO current_way_nodes (way_id, node_id, sequence_id) VALUES (408, 4882, 78);
INSERT INTO way_nodes (way_id, node_id, version, sequence_id) VALUES (408, 4883, 1, 79);
INSERT INTO current_way_nodes (way_id, node_id, sequence_id) VALUES (408, 4883, 79);
INSERT INTO way_nodes (way_id, node_id, version, sequence_id) VALUES (408, 4884, 1, 80);
INSERT INTO current_way_nodes (way_id, node_id, sequence_id) VALUES (408, 4884, 80);
INSERT INTO way_nodes (way_id, node_id, version, sequence_id) VALUES (408, 4885, 1, 81);
INSERT INTO current_way_nodes (way_id, node_id, sequence_id) VALUES (408, 4885, 81);
INSERT INTO way_nodes (way_id, node_id, version, sequence_id) VALUES (408, 4886, 1, 82);
INSERT INTO current_way_nodes (way_id, node_id, sequence_id) VALUES (408, 4886, 82);
INSERT INTO way_nodes (way_id, node_id, version, sequence_id) VALUES (408, 4887, 1, 83);
INSERT INTO current_way_nodes (way_id, node_id, sequence_id) VALUES (408, 4887, 83);
INSERT INTO way_nodes (way_id, node_id, version, sequence_id) VALUES (408, 4888, 1, 84);
INSERT INTO current_way_nodes (way_id, node_id, sequence_id) VALUES (408, 4888, 84);
INSERT INTO way_nodes (way_id, node_id, version, sequence_id) VALUES (408, 4889, 1, 85);
INSERT INTO current_way_nodes (way_id, node_id, sequence_id) VALUES (408, 4889, 85);
INSERT INTO way_nodes (way_id, node_id, version, sequence_id) VALUES (408, 4890, 1, 86);
INSERT INTO current_way_nodes (way_id, node_id, sequence_id) VALUES (408, 4890, 86);
INSERT INTO way_nodes (way_id, node_id, version, sequence_id) VALUES (408, 4891, 1, 87);
INSERT INTO current_way_nodes (way_id, node_id, sequence_id) VALUES (408, 4891, 87);
INSERT INTO way_nodes (way_id, node_id, version, sequence_id) VALUES (408, 3386, 1, 88);
INSERT INTO current_way_nodes (way_id, node_id, sequence_id) VALUES (408, 3386, 88);
/* create way 409*/
INSERT INTO ways (way_id, changeset_id, visible, "timestamp", version) VALUES (409, 3, true, (now() at time zone 'utc'), 1);
INSERT INTO current_ways (id, changeset_id, visible, "timestamp", version) VALUES (409, 3, true, (now() at time zone 'utc'), 1);
INSERT INTO current_way_tags (way_id, k, v) VALUES (409, 'accuracy', '5');
INSERT INTO way_tags (way_id, k, v, version) VALUES (409, 'accuracy', '5', 1);
INSERT INTO current_way_tags (way_id, k, v) VALUES (409, 'hoot:id', '409');
INSERT INTO way_tags (way_id, k, v, version) VALUES (409, 'hoot:id', '409', 1);
INSERT INTO current_way_tags (way_id, k, v) VALUES (409, 'hoot:status', '2');
INSERT INTO way_tags (way_id, k, v, version) VALUES (409, 'hoot:status', '2', 1);
INSERT INTO current_way_tags (way_id, k, v) VALUES (409, 'name', 'Lincoln Memorial Cir');
INSERT INTO way_tags (way_id, k, v, version) VALUES (409, 'name', 'Lincoln Memorial Cir', 1);
INSERT INTO current_way_tags (way_id, k, v) VALUES (409, 'highway', 'unclassified');
INSERT INTO way_tags (way_id, k, v, version) VALUES (409, 'highway', 'unclassified', 1);
INSERT INTO way_nodes (way_id, node_id, version, sequence_id) VALUES (409, 372, 1, 1);
INSERT INTO current_way_nodes (way_id, node_id, sequence_id) VALUES (409, 372, 1);
INSERT INTO way_nodes (way_id, node_id, version, sequence_id) VALUES (409, 4618, 1, 2);
INSERT INTO current_way_nodes (way_id, node_id, sequence_id) VALUES (409, 4618, 2);
INSERT INTO way_nodes (way_id, node_id, version, sequence_id) VALUES (409, 4619, 1, 3);
INSERT INTO current_way_nodes (way_id, node_id, sequence_id) VALUES (409, 4619, 3);
INSERT INTO way_nodes (way_id, node_id, version, sequence_id) VALUES (409, 4620, 1, 4);
INSERT INTO current_way_nodes (way_id, node_id, sequence_id) VALUES (409, 4620, 4);
INSERT INTO way_nodes (way_id, node_id, version, sequence_id) VALUES (409, 4621, 1, 5);
INSERT INTO current_way_nodes (way_id, node_id, sequence_id) VALUES (409, 4621, 5);
INSERT INTO way_nodes (way_id, node_id, version, sequence_id) VALUES (409, 4622, 1, 6);
INSERT INTO current_way_nodes (way_id, node_id, sequence_id) VALUES (409, 4622, 6);
INSERT INTO way_nodes (way_id, node_id, version, sequence_id) VALUES (409, 4623, 1, 7);
INSERT INTO current_way_nodes (way_id, node_id, sequence_id) VALUES (409, 4623, 7);
INSERT INTO way_nodes (way_id, node_id, version, sequence_id) VALUES (409, 4624, 1, 8);
INSERT INTO current_way_nodes (way_id, node_id, sequence_id) VALUES (409, 4624, 8);
INSERT INTO way_nodes (way_id, node_id, version, sequence_id) VALUES (409, 4625, 1, 9);
INSERT INTO current_way_nodes (way_id, node_id, sequence_id) VALUES (409, 4625, 9);
INSERT INTO way_nodes (way_id, node_id, version, sequence_id) VALUES (409, 4626, 1, 10);
INSERT INTO current_way_nodes (way_id, node_id, sequence_id) VALUES (409, 4626, 10);
INSERT INTO way_nodes (way_id, node_id, version, sequence_id) VALUES (409, 4627, 1, 11);
INSERT INTO current_way_nodes (way_id, node_id, sequence_id) VALUES (409, 4627, 11);
INSERT INTO way_nodes (way_id, node_id, version, sequence_id) VALUES (409, 4628, 1, 12);
INSERT INTO current_way_nodes (way_id, node_id, sequence_id) VALUES (409, 4628, 12);
INSERT INTO way_nodes (way_id, node_id, version, sequence_id) VALUES (409, 4629, 1, 13);
INSERT INTO current_way_nodes (way_id, node_id, sequence_id) VALUES (409, 4629, 13);
INSERT INTO way_nodes (way_id, node_id, version, sequence_id) VALUES (409, 4630, 1, 14);
INSERT INTO current_way_nodes (way_id, node_id, sequence_id) VALUES (409, 4630, 14);
INSERT INTO way_nodes (way_id, node_id, version, sequence_id) VALUES (409, 4631, 1, 15);
INSERT INTO current_way_nodes (way_id, node_id, sequence_id) VALUES (409, 4631, 15);
INSERT INTO way_nodes (way_id, node_id, version, sequence_id) VALUES (409, 4632, 1, 16);
INSERT INTO current_way_nodes (way_id, node_id, sequence_id) VALUES (409, 4632, 16);
INSERT INTO way_nodes (way_id, node_id, version, sequence_id) VALUES (409, 4633, 1, 17);
INSERT INTO current_way_nodes (way_id, node_id, sequence_id) VALUES (409, 4633, 17);
INSERT INTO way_nodes (way_id, node_id, version, sequence_id) VALUES (409, 4634, 1, 18);
INSERT INTO current_way_nodes (way_id, node_id, sequence_id) VALUES (409, 4634, 18);
INSERT INTO way_nodes (way_id, node_id, version, sequence_id) VALUES (409, 4635, 1, 19);
INSERT INTO current_way_nodes (way_id, node_id, sequence_id) VALUES (409, 4635, 19);
INSERT INTO way_nodes (way_id, node_id, version, sequence_id) VALUES (409, 4636, 1, 20);
INSERT INTO current_way_nodes (way_id, node_id, sequence_id) VALUES (409, 4636, 20);
INSERT INTO way_nodes (way_id, node_id, version, sequence_id) VALUES (409, 4637, 1, 21);
INSERT INTO current_way_nodes (way_id, node_id, sequence_id) VALUES (409, 4637, 21);
INSERT INTO way_nodes (way_id, node_id, version, sequence_id) VALUES (409, 4638, 1, 22);
INSERT INTO current_way_nodes (way_id, node_id, sequence_id) VALUES (409, 4638, 22);
INSERT INTO way_nodes (way_id, node_id, version, sequence_id) VALUES (409, 4639, 1, 23);
INSERT INTO current_way_nodes (way_id, node_id, sequence_id) VALUES (409, 4639, 23);
INSERT INTO way_nodes (way_id, node_id, version, sequence_id) VALUES (409, 4640, 1, 24);
INSERT INTO current_way_nodes (way_id, node_id, sequence_id) VALUES (409, 4640, 24);
INSERT INTO way_nodes (way_id, node_id, version, sequence_id) VALUES (409, 4641, 1, 25);
INSERT INTO current_way_nodes (way_id, node_id, sequence_id) VALUES (409, 4641, 25);
INSERT INTO way_nodes (way_id, node_id, version, sequence_id) VALUES (409, 4642, 1, 26);
INSERT INTO current_way_nodes (way_id, node_id, sequence_id) VALUES (409, 4642, 26);
INSERT INTO way_nodes (way_id, node_id, version, sequence_id) VALUES (409, 4643, 1, 27);
INSERT INTO current_way_nodes (way_id, node_id, sequence_id) VALUES (409, 4643, 27);
INSERT INTO way_nodes (way_id, node_id, version, sequence_id) VALUES (409, 4644, 1, 28);
INSERT INTO current_way_nodes (way_id, node_id, sequence_id) VALUES (409, 4644, 28);
INSERT INTO way_nodes (way_id, node_id, version, sequence_id) VALUES (409, 1916, 1, 29);
INSERT INTO current_way_nodes (way_id, node_id, sequence_id) VALUES (409, 1916, 29);
/* create way 410*/
INSERT INTO ways (way_id, changeset_id, visible, "timestamp", version) VALUES (410, 3, true, (now() at time zone 'utc'), 1);
INSERT INTO current_ways (id, changeset_id, visible, "timestamp", version) VALUES (410, 3, true, (now() at time zone 'utc'), 1);
INSERT INTO current_way_tags (way_id, k, v) VALUES (410, 'accuracy', '5');
INSERT INTO way_tags (way_id, k, v, version) VALUES (410, 'accuracy', '5', 1);
INSERT INTO current_way_tags (way_id, k, v) VALUES (410, 'hoot:id', '410');
INSERT INTO way_tags (way_id, k, v, version) VALUES (410, 'hoot:id', '410', 1);
INSERT INTO current_way_tags (way_id, k, v) VALUES (410, 'hoot:status', '3');
INSERT INTO way_tags (way_id, k, v, version) VALUES (410, 'hoot:status', '3', 1);
INSERT INTO current_way_tags (way_id, k, v) VALUES (410, 'alt_name', 'Daniel French Dr SW');
INSERT INTO way_tags (way_id, k, v, version) VALUES (410, 'alt_name', 'Daniel French Dr SW', 1);
INSERT INTO current_way_tags (way_id, k, v) VALUES (410, 'name', 'DANIEL C FRENCH DR SW');
INSERT INTO way_tags (way_id, k, v, version) VALUES (410, 'name', 'DANIEL C FRENCH DR SW', 1);
INSERT INTO current_way_tags (way_id, k, v) VALUES (410, 'highway', 'road');
INSERT INTO way_tags (way_id, k, v, version) VALUES (410, 'highway', 'road', 1);
INSERT INTO way_nodes (way_id, node_id, version, sequence_id) VALUES (410, 4925, 1, 1);
INSERT INTO current_way_nodes (way_id, node_id, sequence_id) VALUES (410, 4925, 1);
INSERT INTO way_nodes (way_id, node_id, version, sequence_id) VALUES (410, 1789, 1, 2);
INSERT INTO current_way_nodes (way_id, node_id, sequence_id) VALUES (410, 1789, 2);
INSERT INTO way_nodes (way_id, node_id, version, sequence_id) VALUES (410, 1787, 1, 3);
INSERT INTO current_way_nodes (way_id, node_id, sequence_id) VALUES (410, 1787, 3);
INSERT INTO way_nodes (way_id, node_id, version, sequence_id) VALUES (410, 1785, 1, 4);
INSERT INTO current_way_nodes (way_id, node_id, sequence_id) VALUES (410, 1785, 4);
INSERT INTO way_nodes (way_id, node_id, version, sequence_id) VALUES (410, 1783, 1, 5);
INSERT INTO current_way_nodes (way_id, node_id, sequence_id) VALUES (410, 1783, 5);
INSERT INTO way_nodes (way_id, node_id, version, sequence_id) VALUES (410, 1781, 1, 6);
INSERT INTO current_way_nodes (way_id, node_id, sequence_id) VALUES (410, 1781, 6);
INSERT INTO way_nodes (way_id, node_id, version, sequence_id) VALUES (410, 1779, 1, 7);
INSERT INTO current_way_nodes (way_id, node_id, sequence_id) VALUES (410, 1779, 7);
INSERT INTO way_nodes (way_id, node_id, version, sequence_id) VALUES (410, 1777, 1, 8);
INSERT INTO current_way_nodes (way_id, node_id, sequence_id) VALUES (410, 1777, 8);
INSERT INTO way_nodes (way_id, node_id, version, sequence_id) VALUES (410, 1775, 1, 9);
INSERT INTO current_way_nodes (way_id, node_id, sequence_id) VALUES (410, 1775, 9);
INSERT INTO way_nodes (way_id, node_id, version, sequence_id) VALUES (410, 1773, 1, 10);
INSERT INTO current_way_nodes (way_id, node_id, sequence_id) VALUES (410, 1773, 10);
INSERT INTO way_nodes (way_id, node_id, version, sequence_id) VALUES (410, 1771, 1, 11);
INSERT INTO current_way_nodes (way_id, node_id, sequence_id) VALUES (410, 1771, 11);
INSERT INTO way_nodes (way_id, node_id, version, sequence_id) VALUES (410, 1769, 1, 12);
INSERT INTO current_way_nodes (way_id, node_id, sequence_id) VALUES (410, 1769, 12);
INSERT INTO way_nodes (way_id, node_id, version, sequence_id) VALUES (410, 1767, 1, 13);
INSERT INTO current_way_nodes (way_id, node_id, sequence_id) VALUES (410, 1767, 13);
INSERT INTO way_nodes (way_id, node_id, version, sequence_id) VALUES (410, 1765, 1, 14);
INSERT INTO current_way_nodes (way_id, node_id, sequence_id) VALUES (410, 1765, 14);
INSERT INTO way_nodes (way_id, node_id, version, sequence_id) VALUES (410, 1763, 1, 15);
INSERT INTO current_way_nodes (way_id, node_id, sequence_id) VALUES (410, 1763, 15);
INSERT INTO way_nodes (way_id, node_id, version, sequence_id) VALUES (410, 1761, 1, 16);
INSERT INTO current_way_nodes (way_id, node_id, sequence_id) VALUES (410, 1761, 16);
INSERT INTO way_nodes (way_id, node_id, version, sequence_id) VALUES (410, 4924, 1, 17);
INSERT INTO current_way_nodes (way_id, node_id, sequence_id) VALUES (410, 4924, 17);
/* create way 411*/
INSERT INTO ways (way_id, changeset_id, visible, "timestamp", version) VALUES (411, 3, true, (now() at time zone 'utc'), 1);
INSERT INTO current_ways (id, changeset_id, visible, "timestamp", version) VALUES (411, 3, true, (now() at time zone 'utc'), 1);
INSERT INTO current_way_tags (way_id, k, v) VALUES (411, 'accuracy', '5');
INSERT INTO way_tags (way_id, k, v, version) VALUES (411, 'accuracy', '5', 1);
INSERT INTO current_way_tags (way_id, k, v) VALUES (411, 'hoot:id', '411');
INSERT INTO way_tags (way_id, k, v, version) VALUES (411, 'hoot:id', '411', 1);
INSERT INTO current_way_tags (way_id, k, v) VALUES (411, 'hoot:status', '3');
INSERT INTO way_tags (way_id, k, v, version) VALUES (411, 'hoot:status', '3', 1);
INSERT INTO current_way_tags (way_id, k, v) VALUES (411, 'alt_name', 'Daniel French Dr SW');
INSERT INTO way_tags (way_id, k, v, version) VALUES (411, 'alt_name', 'Daniel French Dr SW', 1);
INSERT INTO current_way_tags (way_id, k, v) VALUES (411, 'name', 'DANIEL C FRENCH DR SW');
INSERT INTO way_tags (way_id, k, v, version) VALUES (411, 'name', 'DANIEL C FRENCH DR SW', 1);
INSERT INTO current_way_tags (way_id, k, v) VALUES (411, 'highway', 'road');
INSERT INTO way_tags (way_id, k, v, version) VALUES (411, 'highway', 'road', 1);
INSERT INTO way_nodes (way_id, node_id, version, sequence_id) VALUES (411, 372, 1, 1);
INSERT INTO current_way_nodes (way_id, node_id, sequence_id) VALUES (411, 372, 1);
INSERT INTO way_nodes (way_id, node_id, version, sequence_id) VALUES (411, 1795, 1, 2);
INSERT INTO current_way_nodes (way_id, node_id, sequence_id) VALUES (411, 1795, 2);
INSERT INTO way_nodes (way_id, node_id, version, sequence_id) VALUES (411, 1793, 1, 3);
INSERT INTO current_way_nodes (way_id, node_id, sequence_id) VALUES (411, 1793, 3);
INSERT INTO way_nodes (way_id, node_id, version, sequence_id) VALUES (411, 1791, 1, 4);
INSERT INTO current_way_nodes (way_id, node_id, sequence_id) VALUES (411, 1791, 4);
INSERT INTO way_nodes (way_id, node_id, version, sequence_id) VALUES (411, 4925, 1, 5);
INSERT INTO current_way_nodes (way_id, node_id, sequence_id) VALUES (411, 4925, 5);
/* create way 412*/
INSERT INTO ways (way_id, changeset_id, visible, "timestamp", version) VALUES (412, 3, true, (now() at time zone 'utc'), 1);
INSERT INTO current_ways (id, changeset_id, visible, "timestamp", version) VALUES (412, 3, true, (now() at time zone 'utc'), 1);
INSERT INTO current_way_tags (way_id, k, v) VALUES (412, 'accuracy', '5');
INSERT INTO way_tags (way_id, k, v, version) VALUES (412, 'accuracy', '5', 1);
INSERT INTO current_way_tags (way_id, k, v) VALUES (412, 'hoot:id', '412');
INSERT INTO way_tags (way_id, k, v, version) VALUES (412, 'hoot:id', '412', 1);
INSERT INTO current_way_tags (way_id, k, v) VALUES (412, 'hoot:status', '2');
INSERT INTO way_tags (way_id, k, v, version) VALUES (412, 'hoot:status', '2', 1);
INSERT INTO current_way_tags (way_id, k, v) VALUES (412, 'highway', 'road');
INSERT INTO way_tags (way_id, k, v, version) VALUES (412, 'highway', 'road', 1);
INSERT INTO way_nodes (way_id, node_id, version, sequence_id) VALUES (412, 4922, 1, 1);
INSERT INTO current_way_nodes (way_id, node_id, sequence_id) VALUES (412, 4922, 1);
INSERT INTO way_nodes (way_id, node_id, version, sequence_id) VALUES (412, 4521, 1, 2);
INSERT INTO current_way_nodes (way_id, node_id, sequence_id) VALUES (412, 4521, 2);
INSERT INTO way_nodes (way_id, node_id, version, sequence_id) VALUES (412, 4522, 1, 3);
INSERT INTO current_way_nodes (way_id, node_id, sequence_id) VALUES (412, 4522, 3);
INSERT INTO way_nodes (way_id, node_id, version, sequence_id) VALUES (412, 4523, 1, 4);
INSERT INTO current_way_nodes (way_id, node_id, sequence_id) VALUES (412, 4523, 4);
INSERT INTO way_nodes (way_id, node_id, version, sequence_id) VALUES (412, 4524, 1, 5);
INSERT INTO current_way_nodes (way_id, node_id, sequence_id) VALUES (412, 4524, 5);
INSERT INTO way_nodes (way_id, node_id, version, sequence_id) VALUES (412, 4525, 1, 6);
INSERT INTO current_way_nodes (way_id, node_id, sequence_id) VALUES (412, 4525, 6);
INSERT INTO way_nodes (way_id, node_id, version, sequence_id) VALUES (412, 4526, 1, 7);
INSERT INTO current_way_nodes (way_id, node_id, sequence_id) VALUES (412, 4526, 7);
INSERT INTO way_nodes (way_id, node_id, version, sequence_id) VALUES (412, 4527, 1, 8);
INSERT INTO current_way_nodes (way_id, node_id, sequence_id) VALUES (412, 4527, 8);
INSERT INTO way_nodes (way_id, node_id, version, sequence_id) VALUES (412, 4528, 1, 9);
INSERT INTO current_way_nodes (way_id, node_id, sequence_id) VALUES (412, 4528, 9);
INSERT INTO way_nodes (way_id, node_id, version, sequence_id) VALUES (412, 4529, 1, 10);
INSERT INTO current_way_nodes (way_id, node_id, sequence_id) VALUES (412, 4529, 10);
INSERT INTO way_nodes (way_id, node_id, version, sequence_id) VALUES (412, 4530, 1, 11);
INSERT INTO current_way_nodes (way_id, node_id, sequence_id) VALUES (412, 4530, 11);
INSERT INTO way_nodes (way_id, node_id, version, sequence_id) VALUES (412, 4914, 1, 12);
INSERT INTO current_way_nodes (way_id, node_id, sequence_id) VALUES (412, 4914, 12);
/* create way 413*/
INSERT INTO ways (way_id, changeset_id, visible, "timestamp", version) VALUES (413, 3, true, (now() at time zone 'utc'), 1);
INSERT INTO current_ways (id, changeset_id, visible, "timestamp", version) VALUES (413, 3, true, (now() at time zone 'utc'), 1);
INSERT INTO current_way_tags (way_id, k, v) VALUES (413, 'accuracy', '5');
INSERT INTO way_tags (way_id, k, v, version) VALUES (413, 'accuracy', '5', 1);
INSERT INTO current_way_tags (way_id, k, v) VALUES (413, 'hoot:id', '413');
INSERT INTO way_tags (way_id, k, v, version) VALUES (413, 'hoot:id', '413', 1);
INSERT INTO current_way_tags (way_id, k, v) VALUES (413, 'hoot:status', '3');
INSERT INTO way_tags (way_id, k, v, version) VALUES (413, 'hoot:status', '3', 1);
INSERT INTO current_way_tags (way_id, k, v) VALUES (413, 'alt_name', 'Rock Crk and Potomac Pkwy NW');
INSERT INTO way_tags (way_id, k, v, version) VALUES (413, 'alt_name', 'Rock Crk and Potomac Pkwy NW', 1);
INSERT INTO current_way_tags (way_id, k, v) VALUES (413, 'name', 'ROCK CREEK & POTOMAC PKWY NW');
INSERT INTO way_tags (way_id, k, v, version) VALUES (413, 'name', 'ROCK CREEK & POTOMAC PKWY NW', 1);
INSERT INTO current_way_tags (way_id, k, v) VALUES (413, 'highway', 'road');
INSERT INTO way_tags (way_id, k, v, version) VALUES (413, 'highway', 'road', 1);
INSERT INTO way_nodes (way_id, node_id, version, sequence_id) VALUES (413, 2041, 1, 1);
INSERT INTO current_way_nodes (way_id, node_id, sequence_id) VALUES (413, 2041, 1);
INSERT INTO way_nodes (way_id, node_id, version, sequence_id) VALUES (413, 3705, 1, 2);
INSERT INTO current_way_nodes (way_id, node_id, sequence_id) VALUES (413, 3705, 2);
INSERT INTO way_nodes (way_id, node_id, version, sequence_id) VALUES (413, 3703, 1, 3);
INSERT INTO current_way_nodes (way_id, node_id, sequence_id) VALUES (413, 3703, 3);
INSERT INTO way_nodes (way_id, node_id, version, sequence_id) VALUES (413, 3701, 1, 4);
INSERT INTO current_way_nodes (way_id, node_id, sequence_id) VALUES (413, 3701, 4);
INSERT INTO way_nodes (way_id, node_id, version, sequence_id) VALUES (413, 3699, 1, 5);
INSERT INTO current_way_nodes (way_id, node_id, sequence_id) VALUES (413, 3699, 5);
INSERT INTO way_nodes (way_id, node_id, version, sequence_id) VALUES (413, 3697, 1, 6);
INSERT INTO current_way_nodes (way_id, node_id, sequence_id) VALUES (413, 3697, 6);
INSERT INTO way_nodes (way_id, node_id, version, sequence_id) VALUES (413, 3695, 1, 7);
INSERT INTO current_way_nodes (way_id, node_id, sequence_id) VALUES (413, 3695, 7);
INSERT INTO way_nodes (way_id, node_id, version, sequence_id) VALUES (413, 3693, 1, 8);
INSERT INTO current_way_nodes (way_id, node_id, sequence_id) VALUES (413, 3693, 8);
INSERT INTO way_nodes (way_id, node_id, version, sequence_id) VALUES (413, 3691, 1, 9);
INSERT INTO current_way_nodes (way_id, node_id, sequence_id) VALUES (413, 3691, 9);
INSERT INTO way_nodes (way_id, node_id, version, sequence_id) VALUES (413, 3689, 1, 10);
INSERT INTO current_way_nodes (way_id, node_id, sequence_id) VALUES (413, 3689, 10);
INSERT INTO way_nodes (way_id, node_id, version, sequence_id) VALUES (413, 3687, 1, 11);
INSERT INTO current_way_nodes (way_id, node_id, sequence_id) VALUES (413, 3687, 11);
INSERT INTO way_nodes (way_id, node_id, version, sequence_id) VALUES (413, 3685, 1, 12);
INSERT INTO current_way_nodes (way_id, node_id, sequence_id) VALUES (413, 3685, 12);
INSERT INTO way_nodes (way_id, node_id, version, sequence_id) VALUES (413, 3683, 1, 13);
INSERT INTO current_way_nodes (way_id, node_id, sequence_id) VALUES (413, 3683, 13);
INSERT INTO way_nodes (way_id, node_id, version, sequence_id) VALUES (413, 3681, 1, 14);
INSERT INTO current_way_nodes (way_id, node_id, sequence_id) VALUES (413, 3681, 14);
INSERT INTO way_nodes (way_id, node_id, version, sequence_id) VALUES (413, 3679, 1, 15);
INSERT INTO current_way_nodes (way_id, node_id, sequence_id) VALUES (413, 3679, 15);
INSERT INTO way_nodes (way_id, node_id, version, sequence_id) VALUES (413, 3677, 1, 16);
INSERT INTO current_way_nodes (way_id, node_id, sequence_id) VALUES (413, 3677, 16);
INSERT INTO way_nodes (way_id, node_id, version, sequence_id) VALUES (413, 3675, 1, 17);
INSERT INTO current_way_nodes (way_id, node_id, sequence_id) VALUES (413, 3675, 17);
INSERT INTO way_nodes (way_id, node_id, version, sequence_id) VALUES (413, 3673, 1, 18);
INSERT INTO current_way_nodes (way_id, node_id, sequence_id) VALUES (413, 3673, 18);
INSERT INTO way_nodes (way_id, node_id, version, sequence_id) VALUES (413, 3671, 1, 19);
INSERT INTO current_way_nodes (way_id, node_id, sequence_id) VALUES (413, 3671, 19);
INSERT INTO way_nodes (way_id, node_id, version, sequence_id) VALUES (413, 3669, 1, 20);
INSERT INTO current_way_nodes (way_id, node_id, sequence_id) VALUES (413, 3669, 20);
INSERT INTO way_nodes (way_id, node_id, version, sequence_id) VALUES (413, 3667, 1, 21);
INSERT INTO current_way_nodes (way_id, node_id, sequence_id) VALUES (413, 3667, 21);
INSERT INTO way_nodes (way_id, node_id, version, sequence_id) VALUES (413, 3665, 1, 22);
INSERT INTO current_way_nodes (way_id, node_id, sequence_id) VALUES (413, 3665, 22);
INSERT INTO way_nodes (way_id, node_id, version, sequence_id) VALUES (413, 3663, 1, 23);
INSERT INTO current_way_nodes (way_id, node_id, sequence_id) VALUES (413, 3663, 23);
INSERT INTO way_nodes (way_id, node_id, version, sequence_id) VALUES (413, 3661, 1, 24);
INSERT INTO current_way_nodes (way_id, node_id, sequence_id) VALUES (413, 3661, 24);
INSERT INTO way_nodes (way_id, node_id, version, sequence_id) VALUES (413, 3659, 1, 25);
INSERT INTO current_way_nodes (way_id, node_id, sequence_id) VALUES (413, 3659, 25);
INSERT INTO way_nodes (way_id, node_id, version, sequence_id) VALUES (413, 3657, 1, 26);
INSERT INTO current_way_nodes (way_id, node_id, sequence_id) VALUES (413, 3657, 26);
INSERT INTO way_nodes (way_id, node_id, version, sequence_id) VALUES (413, 3655, 1, 27);
INSERT INTO current_way_nodes (way_id, node_id, sequence_id) VALUES (413, 3655, 27);
INSERT INTO way_nodes (way_id, node_id, version, sequence_id) VALUES (413, 3653, 1, 28);
INSERT INTO current_way_nodes (way_id, node_id, sequence_id) VALUES (413, 3653, 28);
INSERT INTO way_nodes (way_id, node_id, version, sequence_id) VALUES (413, 3651, 1, 29);
INSERT INTO current_way_nodes (way_id, node_id, sequence_id) VALUES (413, 3651, 29);
INSERT INTO way_nodes (way_id, node_id, version, sequence_id) VALUES (413, 3649, 1, 30);
INSERT INTO current_way_nodes (way_id, node_id, sequence_id) VALUES (413, 3649, 30);
INSERT INTO way_nodes (way_id, node_id, version, sequence_id) VALUES (413, 3647, 1, 31);
INSERT INTO current_way_nodes (way_id, node_id, sequence_id) VALUES (413, 3647, 31);
INSERT INTO way_nodes (way_id, node_id, version, sequence_id) VALUES (413, 3645, 1, 32);
INSERT INTO current_way_nodes (way_id, node_id, sequence_id) VALUES (413, 3645, 32);
INSERT INTO way_nodes (way_id, node_id, version, sequence_id) VALUES (413, 3643, 1, 33);
INSERT INTO current_way_nodes (way_id, node_id, sequence_id) VALUES (413, 3643, 33);
INSERT INTO way_nodes (way_id, node_id, version, sequence_id) VALUES (413, 3641, 1, 34);
INSERT INTO current_way_nodes (way_id, node_id, sequence_id) VALUES (413, 3641, 34);
INSERT INTO way_nodes (way_id, node_id, version, sequence_id) VALUES (413, 3640, 1, 35);
INSERT INTO current_way_nodes (way_id, node_id, sequence_id) VALUES (413, 3640, 35);
INSERT INTO way_nodes (way_id, node_id, version, sequence_id) VALUES (413, 3639, 1, 36);
INSERT INTO current_way_nodes (way_id, node_id, sequence_id) VALUES (413, 3639, 36);
INSERT INTO way_nodes (way_id, node_id, version, sequence_id) VALUES (413, 3638, 1, 37);
INSERT INTO current_way_nodes (way_id, node_id, sequence_id) VALUES (413, 3638, 37);
INSERT INTO way_nodes (way_id, node_id, version, sequence_id) VALUES (413, 3637, 1, 38);
INSERT INTO current_way_nodes (way_id, node_id, sequence_id) VALUES (413, 3637, 38);
INSERT INTO way_nodes (way_id, node_id, version, sequence_id) VALUES (413, 3636, 1, 39);
INSERT INTO current_way_nodes (way_id, node_id, sequence_id) VALUES (413, 3636, 39);
INSERT INTO way_nodes (way_id, node_id, version, sequence_id) VALUES (413, 3635, 1, 40);
INSERT INTO current_way_nodes (way_id, node_id, sequence_id) VALUES (413, 3635, 40);
INSERT INTO way_nodes (way_id, node_id, version, sequence_id) VALUES (413, 3633, 1, 41);
INSERT INTO current_way_nodes (way_id, node_id, sequence_id) VALUES (413, 3633, 41);
INSERT INTO way_nodes (way_id, node_id, version, sequence_id) VALUES (413, 3631, 1, 42);
INSERT INTO current_way_nodes (way_id, node_id, sequence_id) VALUES (413, 3631, 42);
INSERT INTO way_nodes (way_id, node_id, version, sequence_id) VALUES (413, 3629, 1, 43);
INSERT INTO current_way_nodes (way_id, node_id, sequence_id) VALUES (413, 3629, 43);
INSERT INTO way_nodes (way_id, node_id, version, sequence_id) VALUES (413, 3626, 1, 44);
INSERT INTO current_way_nodes (way_id, node_id, sequence_id) VALUES (413, 3626, 44);
INSERT INTO way_nodes (way_id, node_id, version, sequence_id) VALUES (413, 3623, 1, 45);
INSERT INTO current_way_nodes (way_id, node_id, sequence_id) VALUES (413, 3623, 45);
INSERT INTO way_nodes (way_id, node_id, version, sequence_id) VALUES (413, 3620, 1, 46);
INSERT INTO current_way_nodes (way_id, node_id, sequence_id) VALUES (413, 3620, 46);
INSERT INTO way_nodes (way_id, node_id, version, sequence_id) VALUES (413, 3617, 1, 47);
INSERT INTO current_way_nodes (way_id, node_id, sequence_id) VALUES (413, 3617, 47);
INSERT INTO way_nodes (way_id, node_id, version, sequence_id) VALUES (413, 1619, 1, 48);
INSERT INTO current_way_nodes (way_id, node_id, sequence_id) VALUES (413, 1619, 48);
/* create way 414*/
INSERT INTO ways (way_id, changeset_id, visible, "timestamp", version) VALUES (414, 3, true, (now() at time zone 'utc'), 1);
INSERT INTO current_ways (id, changeset_id, visible, "timestamp", version) VALUES (414, 3, true, (now() at time zone 'utc'), 1);
INSERT INTO current_way_tags (way_id, k, v) VALUES (414, 'accuracy', '5');
INSERT INTO way_tags (way_id, k, v, version) VALUES (414, 'accuracy', '5', 1);
INSERT INTO current_way_tags (way_id, k, v) VALUES (414, 'hoot:id', '414');
INSERT INTO way_tags (way_id, k, v, version) VALUES (414, 'hoot:id', '414', 1);
INSERT INTO current_way_tags (way_id, k, v) VALUES (414, 'hoot:status', '3');
INSERT INTO way_tags (way_id, k, v, version) VALUES (414, 'hoot:status', '3', 1);
INSERT INTO current_way_tags (way_id, k, v) VALUES (414, 'alt_name', 'Ohio Dr SW');
INSERT INTO way_tags (way_id, k, v, version) VALUES (414, 'alt_name', 'Ohio Dr SW', 1);
INSERT INTO current_way_tags (way_id, k, v) VALUES (414, 'name', 'OHIO DR NW');
INSERT INTO way_tags (way_id, k, v, version) VALUES (414, 'name', 'OHIO DR NW', 1);
INSERT INTO current_way_tags (way_id, k, v) VALUES (414, 'highway', 'road');
INSERT INTO way_tags (way_id, k, v, version) VALUES (414, 'highway', 'road', 1);
INSERT INTO way_nodes (way_id, node_id, version, sequence_id) VALUES (414, 2041, 1, 1);
INSERT INTO current_way_nodes (way_id, node_id, sequence_id) VALUES (414, 2041, 1);
INSERT INTO way_nodes (way_id, node_id, version, sequence_id) VALUES (414, 2040, 1, 2);
INSERT INTO current_way_nodes (way_id, node_id, sequence_id) VALUES (414, 2040, 2);
INSERT INTO way_nodes (way_id, node_id, version, sequence_id) VALUES (414, 2039, 1, 3);
INSERT INTO current_way_nodes (way_id, node_id, sequence_id) VALUES (414, 2039, 3);
/* create way 415*/
INSERT INTO ways (way_id, changeset_id, visible, "timestamp", version) VALUES (415, 3, true, (now() at time zone 'utc'), 1);
INSERT INTO current_ways (id, changeset_id, visible, "timestamp", version) VALUES (415, 3, true, (now() at time zone 'utc'), 1);
INSERT INTO current_way_tags (way_id, k, v) VALUES (415, 'accuracy', '5');
INSERT INTO way_tags (way_id, k, v, version) VALUES (415, 'accuracy', '5', 1);
INSERT INTO current_way_tags (way_id, k, v) VALUES (415, 'hoot:id', '415');
INSERT INTO way_tags (way_id, k, v, version) VALUES (415, 'hoot:id', '415', 1);
INSERT INTO current_way_tags (way_id, k, v) VALUES (415, 'hoot:status', '2');
INSERT INTO way_tags (way_id, k, v, version) VALUES (415, 'hoot:status', '2', 1);
INSERT INTO current_way_tags (way_id, k, v) VALUES (415, 'name', 'Independence Ave SW');
INSERT INTO way_tags (way_id, k, v, version) VALUES (415, 'name', 'Independence Ave SW', 1);
INSERT INTO current_way_tags (way_id, k, v) VALUES (415, 'highway', 'unclassified');
INSERT INTO way_tags (way_id, k, v, version) VALUES (415, 'highway', 'unclassified', 1);
INSERT INTO way_nodes (way_id, node_id, version, sequence_id) VALUES (415, 4653, 1, 1);
INSERT INTO current_way_nodes (way_id, node_id, sequence_id) VALUES (415, 4653, 1);
INSERT INTO way_nodes (way_id, node_id, version, sequence_id) VALUES (415, 4917, 1, 2);
INSERT INTO current_way_nodes (way_id, node_id, sequence_id) VALUES (415, 4917, 2);
/* create way 416*/
INSERT INTO ways (way_id, changeset_id, visible, "timestamp", version) VALUES (416, 3, true, (now() at time zone 'utc'), 1);
INSERT INTO current_ways (id, changeset_id, visible, "timestamp", version) VALUES (416, 3, true, (now() at time zone 'utc'), 1);
INSERT INTO current_way_tags (way_id, k, v) VALUES (416, 'accuracy', '5');
INSERT INTO way_tags (way_id, k, v, version) VALUES (416, 'accuracy', '5', 1);
INSERT INTO current_way_tags (way_id, k, v) VALUES (416, 'hoot:id', '416');
INSERT INTO way_tags (way_id, k, v, version) VALUES (416, 'hoot:id', '416', 1);
INSERT INTO current_way_tags (way_id, k, v) VALUES (416, 'hoot:status', '2');
INSERT INTO way_tags (way_id, k, v, version) VALUES (416, 'hoot:status', '2', 1);
INSERT INTO current_way_tags (way_id, k, v) VALUES (416, 'name', 'Independence Ave SW');
INSERT INTO way_tags (way_id, k, v, version) VALUES (416, 'name', 'Independence Ave SW', 1);
INSERT INTO current_way_tags (way_id, k, v) VALUES (416, 'highway', 'unclassified');
INSERT INTO way_tags (way_id, k, v, version) VALUES (416, 'highway', 'unclassified', 1);
INSERT INTO way_nodes (way_id, node_id, version, sequence_id) VALUES (416, 4927, 1, 1);
INSERT INTO current_way_nodes (way_id, node_id, sequence_id) VALUES (416, 4927, 1);
INSERT INTO way_nodes (way_id, node_id, version, sequence_id) VALUES (416, 4444, 1, 2);
INSERT INTO current_way_nodes (way_id, node_id, sequence_id) VALUES (416, 4444, 2);
INSERT INTO way_nodes (way_id, node_id, version, sequence_id) VALUES (416, 4653, 1, 3);
INSERT INTO current_way_nodes (way_id, node_id, sequence_id) VALUES (416, 4653, 3);
/* create way 417*/
INSERT INTO ways (way_id, changeset_id, visible, "timestamp", version) VALUES (417, 3, true, (now() at time zone 'utc'), 1);
INSERT INTO current_ways (id, changeset_id, visible, "timestamp", version) VALUES (417, 3, true, (now() at time zone 'utc'), 1);
INSERT INTO current_way_tags (way_id, k, v) VALUES (417, 'accuracy', '5');
INSERT INTO way_tags (way_id, k, v, version) VALUES (417, 'accuracy', '5', 1);
INSERT INTO current_way_tags (way_id, k, v) VALUES (417, 'hoot:id', '417');
INSERT INTO way_tags (way_id, k, v, version) VALUES (417, 'hoot:id', '417', 1);
INSERT INTO current_way_tags (way_id, k, v) VALUES (417, 'hoot:status', '2');
INSERT INTO way_tags (way_id, k, v, version) VALUES (417, 'hoot:status', '2', 1);
INSERT INTO current_way_tags (way_id, k, v) VALUES (417, 'highway', 'road');
INSERT INTO way_tags (way_id, k, v, version) VALUES (417, 'highway', 'road', 1);
INSERT INTO way_nodes (way_id, node_id, version, sequence_id) VALUES (417, 4653, 1, 1);
INSERT INTO current_way_nodes (way_id, node_id, sequence_id) VALUES (417, 4653, 1);
INSERT INTO way_nodes (way_id, node_id, version, sequence_id) VALUES (417, 4654, 1, 2);
INSERT INTO current_way_nodes (way_id, node_id, sequence_id) VALUES (417, 4654, 2);
INSERT INTO way_nodes (way_id, node_id, version, sequence_id) VALUES (417, 4655, 1, 3);
INSERT INTO current_way_nodes (way_id, node_id, sequence_id) VALUES (417, 4655, 3);
INSERT INTO way_nodes (way_id, node_id, version, sequence_id) VALUES (417, 4656, 1, 4);
INSERT INTO current_way_nodes (way_id, node_id, sequence_id) VALUES (417, 4656, 4);
INSERT INTO way_nodes (way_id, node_id, version, sequence_id) VALUES (417, 4657, 1, 5);
INSERT INTO current_way_nodes (way_id, node_id, sequence_id) VALUES (417, 4657, 5);
INSERT INTO way_nodes (way_id, node_id, version, sequence_id) VALUES (417, 4658, 1, 6);
INSERT INTO current_way_nodes (way_id, node_id, sequence_id) VALUES (417, 4658, 6);
INSERT INTO way_nodes (way_id, node_id, version, sequence_id) VALUES (417, 4659, 1, 7);
INSERT INTO current_way_nodes (way_id, node_id, sequence_id) VALUES (417, 4659, 7);
INSERT INTO way_nodes (way_id, node_id, version, sequence_id) VALUES (417, 4660, 1, 8);
INSERT INTO current_way_nodes (way_id, node_id, sequence_id) VALUES (417, 4660, 8);
/* create way 418*/
INSERT INTO ways (way_id, changeset_id, visible, "timestamp", version) VALUES (418, 3, true, (now() at time zone 'utc'), 1);
INSERT INTO current_ways (id, changeset_id, visible, "timestamp", version) VALUES (418, 3, true, (now() at time zone 'utc'), 1);
INSERT INTO current_way_tags (way_id, k, v) VALUES (418, 'accuracy', '5');
INSERT INTO way_tags (way_id, k, v, version) VALUES (418, 'accuracy', '5', 1);
INSERT INTO current_way_tags (way_id, k, v) VALUES (418, 'hoot:id', '418');
INSERT INTO way_tags (way_id, k, v, version) VALUES (418, 'hoot:id', '418', 1);
INSERT INTO current_way_tags (way_id, k, v) VALUES (418, 'hoot:status', '2');
INSERT INTO way_tags (way_id, k, v, version) VALUES (418, 'hoot:status', '2', 1);
INSERT INTO current_way_tags (way_id, k, v) VALUES (418, 'highway', 'road');
INSERT INTO way_tags (way_id, k, v, version) VALUES (418, 'highway', 'road', 1);
INSERT INTO way_nodes (way_id, node_id, version, sequence_id) VALUES (418, 4928, 1, 1);
INSERT INTO current_way_nodes (way_id, node_id, sequence_id) VALUES (418, 4928, 1);
INSERT INTO way_nodes (way_id, node_id, version, sequence_id) VALUES (418, 4653, 1, 2);
INSERT INTO current_way_nodes (way_id, node_id, sequence_id) VALUES (418, 4653, 2);
/* create way 419*/
INSERT INTO ways (way_id, changeset_id, visible, "timestamp", version) VALUES (419, 3, true, (now() at time zone 'utc'), 1);
INSERT INTO current_ways (id, changeset_id, visible, "timestamp", version) VALUES (419, 3, true, (now() at time zone 'utc'), 1);
INSERT INTO current_way_tags (way_id, k, v) VALUES (419, 'accuracy', '5');
INSERT INTO way_tags (way_id, k, v, version) VALUES (419, 'accuracy', '5', 1);
INSERT INTO current_way_tags (way_id, k, v) VALUES (419, 'hoot:id', '419');
INSERT INTO way_tags (way_id, k, v, version) VALUES (419, 'hoot:id', '419', 1);
INSERT INTO current_way_tags (way_id, k, v) VALUES (419, 'hoot:status', '3');
INSERT INTO way_tags (way_id, k, v, version) VALUES (419, 'hoot:status', '3', 1);
INSERT INTO current_way_tags (way_id, k, v) VALUES (419, 'alt_name', 'Ohio Dr SW');
INSERT INTO way_tags (way_id, k, v, version) VALUES (419, 'alt_name', 'Ohio Dr SW', 1);
INSERT INTO current_way_tags (way_id, k, v) VALUES (419, 'name', 'OHIO DR SW');
INSERT INTO way_tags (way_id, k, v, version) VALUES (419, 'name', 'OHIO DR SW', 1);
INSERT INTO current_way_tags (way_id, k, v) VALUES (419, 'highway', 'road');
INSERT INTO way_tags (way_id, k, v, version) VALUES (419, 'highway', 'road', 1);
INSERT INTO way_nodes (way_id, node_id, version, sequence_id) VALUES (419, 4926, 1, 1);
INSERT INTO current_way_nodes (way_id, node_id, sequence_id) VALUES (419, 4926, 1);
INSERT INTO way_nodes (way_id, node_id, version, sequence_id) VALUES (419, 2571, 1, 2);
INSERT INTO current_way_nodes (way_id, node_id, sequence_id) VALUES (419, 2571, 2);
INSERT INTO way_nodes (way_id, node_id, version, sequence_id) VALUES (419, 2569, 1, 3);
INSERT INTO current_way_nodes (way_id, node_id, sequence_id) VALUES (419, 2569, 3);
INSERT INTO way_nodes (way_id, node_id, version, sequence_id) VALUES (419, 2567, 1, 4);
INSERT INTO current_way_nodes (way_id, node_id, sequence_id) VALUES (419, 2567, 4);
INSERT INTO way_nodes (way_id, node_id, version, sequence_id) VALUES (419, 2565, 1, 5);
INSERT INTO current_way_nodes (way_id, node_id, sequence_id) VALUES (419, 2565, 5);
INSERT INTO way_nodes (way_id, node_id, version, sequence_id) VALUES (419, 2563, 1, 6);
INSERT INTO current_way_nodes (way_id, node_id, sequence_id) VALUES (419, 2563, 6);
INSERT INTO way_nodes (way_id, node_id, version, sequence_id) VALUES (419, 2561, 1, 7);
INSERT INTO current_way_nodes (way_id, node_id, sequence_id) VALUES (419, 2561, 7);
INSERT INTO way_nodes (way_id, node_id, version, sequence_id) VALUES (419, 2559, 1, 8);
INSERT INTO current_way_nodes (way_id, node_id, sequence_id) VALUES (419, 2559, 8);
INSERT INTO way_nodes (way_id, node_id, version, sequence_id) VALUES (419, 2556, 1, 9);
INSERT INTO current_way_nodes (way_id, node_id, sequence_id) VALUES (419, 2556, 9);
INSERT INTO way_nodes (way_id, node_id, version, sequence_id) VALUES (419, 2553, 1, 10);
INSERT INTO current_way_nodes (way_id, node_id, sequence_id) VALUES (419, 2553, 10);
INSERT INTO way_nodes (way_id, node_id, version, sequence_id) VALUES (419, 2550, 1, 11);
INSERT INTO current_way_nodes (way_id, node_id, sequence_id) VALUES (419, 2550, 11);
INSERT INTO way_nodes (way_id, node_id, version, sequence_id) VALUES (419, 2547, 1, 12);
INSERT INTO current_way_nodes (way_id, node_id, sequence_id) VALUES (419, 2547, 12);
INSERT INTO way_nodes (way_id, node_id, version, sequence_id) VALUES (419, 2544, 1, 13);
INSERT INTO current_way_nodes (way_id, node_id, sequence_id) VALUES (419, 2544, 13);
INSERT INTO way_nodes (way_id, node_id, version, sequence_id) VALUES (419, 2541, 1, 14);
INSERT INTO current_way_nodes (way_id, node_id, sequence_id) VALUES (419, 2541, 14);
INSERT INTO way_nodes (way_id, node_id, version, sequence_id) VALUES (419, 2538, 1, 15);
INSERT INTO current_way_nodes (way_id, node_id, sequence_id) VALUES (419, 2538, 15);
INSERT INTO way_nodes (way_id, node_id, version, sequence_id) VALUES (419, 2535, 1, 16);
INSERT INTO current_way_nodes (way_id, node_id, sequence_id) VALUES (419, 2535, 16);
INSERT INTO way_nodes (way_id, node_id, version, sequence_id) VALUES (419, 2532, 1, 17);
INSERT INTO current_way_nodes (way_id, node_id, sequence_id) VALUES (419, 2532, 17);
INSERT INTO way_nodes (way_id, node_id, version, sequence_id) VALUES (419, 2529, 1, 18);
INSERT INTO current_way_nodes (way_id, node_id, sequence_id) VALUES (419, 2529, 18);
/* create way 420*/
INSERT INTO ways (way_id, changeset_id, visible, "timestamp", version) VALUES (420, 3, true, (now() at time zone 'utc'), 1);
INSERT INTO current_ways (id, changeset_id, visible, "timestamp", version) VALUES (420, 3, true, (now() at time zone 'utc'), 1);
INSERT INTO current_way_tags (way_id, k, v) VALUES (420, 'accuracy', '5');
INSERT INTO way_tags (way_id, k, v, version) VALUES (420, 'accuracy', '5', 1);
INSERT INTO current_way_tags (way_id, k, v) VALUES (420, 'hoot:id', '420');
INSERT INTO way_tags (way_id, k, v, version) VALUES (420, 'hoot:id', '420', 1);
INSERT INTO current_way_tags (way_id, k, v) VALUES (420, 'hoot:status', '2');
INSERT INTO way_tags (way_id, k, v, version) VALUES (420, 'hoot:status', '2', 1);
INSERT INTO current_way_tags (way_id, k, v) VALUES (420, 'highway', 'road');
INSERT INTO way_tags (way_id, k, v, version) VALUES (420, 'highway', 'road', 1);
INSERT INTO way_nodes (way_id, node_id, version, sequence_id) VALUES (420, 4919, 1, 1);
INSERT INTO current_way_nodes (way_id, node_id, sequence_id) VALUES (420, 4919, 1);
INSERT INTO way_nodes (way_id, node_id, version, sequence_id) VALUES (420, 4646, 1, 2);
INSERT INTO current_way_nodes (way_id, node_id, sequence_id) VALUES (420, 4646, 2);
INSERT INTO way_nodes (way_id, node_id, version, sequence_id) VALUES (420, 4647, 1, 3);
INSERT INTO current_way_nodes (way_id, node_id, sequence_id) VALUES (420, 4647, 3);
INSERT INTO way_nodes (way_id, node_id, version, sequence_id) VALUES (420, 4648, 1, 4);
INSERT INTO current_way_nodes (way_id, node_id, sequence_id) VALUES (420, 4648, 4);
INSERT INTO way_nodes (way_id, node_id, version, sequence_id) VALUES (420, 4649, 1, 5);
INSERT INTO current_way_nodes (way_id, node_id, sequence_id) VALUES (420, 4649, 5);
INSERT INTO way_nodes (way_id, node_id, version, sequence_id) VALUES (420, 4650, 1, 6);
INSERT INTO current_way_nodes (way_id, node_id, sequence_id) VALUES (420, 4650, 6);
INSERT INTO way_nodes (way_id, node_id, version, sequence_id) VALUES (420, 4651, 1, 7);
INSERT INTO current_way_nodes (way_id, node_id, sequence_id) VALUES (420, 4651, 7);
INSERT INTO way_nodes (way_id, node_id, version, sequence_id) VALUES (420, 4928, 1, 8);
INSERT INTO current_way_nodes (way_id, node_id, sequence_id) VALUES (420, 4928, 8);
/* create way 421*/
INSERT INTO ways (way_id, changeset_id, visible, "timestamp", version) VALUES (421, 3, true, (now() at time zone 'utc'), 1);
INSERT INTO current_ways (id, changeset_id, visible, "timestamp", version) VALUES (421, 3, true, (now() at time zone 'utc'), 1);
INSERT INTO current_way_tags (way_id, k, v) VALUES (421, 'accuracy', '5');
INSERT INTO way_tags (way_id, k, v, version) VALUES (421, 'accuracy', '5', 1);
INSERT INTO current_way_tags (way_id, k, v) VALUES (421, 'hoot:id', '421');
INSERT INTO way_tags (way_id, k, v, version) VALUES (421, 'hoot:id', '421', 1);
INSERT INTO current_way_tags (way_id, k, v) VALUES (421, 'hoot:status', '3');
INSERT INTO way_tags (way_id, k, v, version) VALUES (421, 'hoot:status', '3', 1);
INSERT INTO current_way_tags (way_id, k, v) VALUES (421, 'alt_name', 'Independence Ave SW');
INSERT INTO way_tags (way_id, k, v, version) VALUES (421, 'alt_name', 'Independence Ave SW', 1);
INSERT INTO current_way_tags (way_id, k, v) VALUES (421, 'name', 'OHIO DR SW');
INSERT INTO way_tags (way_id, k, v, version) VALUES (421, 'name', 'OHIO DR SW', 1);
INSERT INTO current_way_tags (way_id, k, v) VALUES (421, 'highway', 'road');
INSERT INTO way_tags (way_id, k, v, version) VALUES (421, 'highway', 'road', 1);
INSERT INTO way_nodes (way_id, node_id, version, sequence_id) VALUES (421, 4928, 1, 1);
INSERT INTO current_way_nodes (way_id, node_id, sequence_id) VALUES (421, 4928, 1);
INSERT INTO way_nodes (way_id, node_id, version, sequence_id) VALUES (421, 2599, 1, 2);
INSERT INTO current_way_nodes (way_id, node_id, sequence_id) VALUES (421, 2599, 2);
INSERT INTO way_nodes (way_id, node_id, version, sequence_id) VALUES (421, 2597, 1, 3);
INSERT INTO current_way_nodes (way_id, node_id, sequence_id) VALUES (421, 2597, 3);
INSERT INTO way_nodes (way_id, node_id, version, sequence_id) VALUES (421, 4927, 1, 4);
INSERT INTO current_way_nodes (way_id, node_id, sequence_id) VALUES (421, 4927, 4);
/* create way 422*/
INSERT INTO ways (way_id, changeset_id, visible, "timestamp", version) VALUES (422, 3, true, (now() at time zone 'utc'), 1);
INSERT INTO current_ways (id, changeset_id, visible, "timestamp", version) VALUES (422, 3, true, (now() at time zone 'utc'), 1);
INSERT INTO current_way_tags (way_id, k, v) VALUES (422, 'accuracy', '5');
INSERT INTO way_tags (way_id, k, v, version) VALUES (422, 'accuracy', '5', 1);
INSERT INTO current_way_tags (way_id, k, v) VALUES (422, 'hoot:id', '422');
INSERT INTO way_tags (way_id, k, v, version) VALUES (422, 'hoot:id', '422', 1);
INSERT INTO current_way_tags (way_id, k, v) VALUES (422, 'hoot:status', '2');
INSERT INTO way_tags (way_id, k, v, version) VALUES (422, 'hoot:status', '2', 1);
INSERT INTO current_way_tags (way_id, k, v) VALUES (422, 'name', 'Ohio Dr SW');
INSERT INTO way_tags (way_id, k, v, version) VALUES (422, 'name', 'Ohio Dr SW', 1);
INSERT INTO current_way_tags (way_id, k, v) VALUES (422, 'highway', 'unclassified');
INSERT INTO way_tags (way_id, k, v, version) VALUES (422, 'highway', 'unclassified', 1);
INSERT INTO way_nodes (way_id, node_id, version, sequence_id) VALUES (422, 4921, 1, 1);
INSERT INTO current_way_nodes (way_id, node_id, sequence_id) VALUES (422, 4921, 1);
INSERT INTO way_nodes (way_id, node_id, version, sequence_id) VALUES (422, 4448, 1, 2);
INSERT INTO current_way_nodes (way_id, node_id, sequence_id) VALUES (422, 4448, 2);
INSERT INTO way_nodes (way_id, node_id, version, sequence_id) VALUES (422, 4449, 1, 3);
INSERT INTO current_way_nodes (way_id, node_id, sequence_id) VALUES (422, 4449, 3);
INSERT INTO way_nodes (way_id, node_id, version, sequence_id) VALUES (422, 4450, 1, 4);
INSERT INTO current_way_nodes (way_id, node_id, sequence_id) VALUES (422, 4450, 4);
INSERT INTO way_nodes (way_id, node_id, version, sequence_id) VALUES (422, 2039, 1, 5);
INSERT INTO current_way_nodes (way_id, node_id, sequence_id) VALUES (422, 2039, 5);
/* create way 423*/
INSERT INTO ways (way_id, changeset_id, visible, "timestamp", version) VALUES (423, 3, true, (now() at time zone 'utc'), 1);
INSERT INTO current_ways (id, changeset_id, visible, "timestamp", version) VALUES (423, 3, true, (now() at time zone 'utc'), 1);
INSERT INTO current_way_tags (way_id, k, v) VALUES (423, 'accuracy', '5');
INSERT INTO way_tags (way_id, k, v, version) VALUES (423, 'accuracy', '5', 1);
INSERT INTO current_way_tags (way_id, k, v) VALUES (423, 'hoot:id', '423');
INSERT INTO way_tags (way_id, k, v, version) VALUES (423, 'hoot:id', '423', 1);
INSERT INTO current_way_tags (way_id, k, v) VALUES (423, 'hoot:status', '3');
INSERT INTO way_tags (way_id, k, v, version) VALUES (423, 'hoot:status', '3', 1);
INSERT INTO current_way_tags (way_id, k, v) VALUES (423, 'alt_name', 'Independence Ave SW');
INSERT INTO way_tags (way_id, k, v, version) VALUES (423, 'alt_name', 'Independence Ave SW', 1);
INSERT INTO current_way_tags (way_id, k, v) VALUES (423, 'name', 'OHIO DR SW');
INSERT INTO way_tags (way_id, k, v, version) VALUES (423, 'name', 'OHIO DR SW', 1);
INSERT INTO current_way_tags (way_id, k, v) VALUES (423, 'highway', 'road');
INSERT INTO way_tags (way_id, k, v, version) VALUES (423, 'highway', 'road', 1);
INSERT INTO way_nodes (way_id, node_id, version, sequence_id) VALUES (423, 2601, 1, 1);
INSERT INTO current_way_nodes (way_id, node_id, sequence_id) VALUES (423, 2601, 1);
INSERT INTO way_nodes (way_id, node_id, version, sequence_id) VALUES (423, 4928, 1, 2);
INSERT INTO current_way_nodes (way_id, node_id, sequence_id) VALUES (423, 4928, 2);
/* create way 424*/
INSERT INTO ways (way_id, changeset_id, visible, "timestamp", version) VALUES (424, 3, true, (now() at time zone 'utc'), 1);
INSERT INTO current_ways (id, changeset_id, visible, "timestamp", version) VALUES (424, 3, true, (now() at time zone 'utc'), 1);
INSERT INTO current_way_tags (way_id, k, v) VALUES (424, 'accuracy', '5');
INSERT INTO way_tags (way_id, k, v, version) VALUES (424, 'accuracy', '5', 1);
INSERT INTO current_way_tags (way_id, k, v) VALUES (424, 'hoot:id', '424');
INSERT INTO way_tags (way_id, k, v, version) VALUES (424, 'hoot:id', '424', 1);
INSERT INTO current_way_tags (way_id, k, v) VALUES (424, 'hoot:status', '2');
INSERT INTO way_tags (way_id, k, v, version) VALUES (424, 'hoot:status', '2', 1);
INSERT INTO current_way_tags (way_id, k, v) VALUES (424, 'highway', 'road');
INSERT INTO way_tags (way_id, k, v, version) VALUES (424, 'highway', 'road', 1);
INSERT INTO way_nodes (way_id, node_id, version, sequence_id) VALUES (424, 4913, 1, 1);
INSERT INTO current_way_nodes (way_id, node_id, sequence_id) VALUES (424, 4913, 1);
INSERT INTO way_nodes (way_id, node_id, version, sequence_id) VALUES (424, 4427, 1, 2);
INSERT INTO current_way_nodes (way_id, node_id, sequence_id) VALUES (424, 4427, 2);
INSERT INTO way_nodes (way_id, node_id, version, sequence_id) VALUES (424, 4428, 1, 3);
INSERT INTO current_way_nodes (way_id, node_id, sequence_id) VALUES (424, 4428, 3);
INSERT INTO way_nodes (way_id, node_id, version, sequence_id) VALUES (424, 4429, 1, 4);
INSERT INTO current_way_nodes (way_id, node_id, sequence_id) VALUES (424, 4429, 4);
INSERT INTO way_nodes (way_id, node_id, version, sequence_id) VALUES (424, 4921, 1, 5);
INSERT INTO current_way_nodes (way_id, node_id, sequence_id) VALUES (424, 4921, 5);
/* create way 425*/
INSERT INTO ways (way_id, changeset_id, visible, "timestamp", version) VALUES (425, 3, true, (now() at time zone 'utc'), 1);
INSERT INTO current_ways (id, changeset_id, visible, "timestamp", version) VALUES (425, 3, true, (now() at time zone 'utc'), 1);
INSERT INTO current_way_tags (way_id, k, v) VALUES (425, 'accuracy', '5');
INSERT INTO way_tags (way_id, k, v, version) VALUES (425, 'accuracy', '5', 1);
INSERT INTO current_way_tags (way_id, k, v) VALUES (425, 'hoot:id', '425');
INSERT INTO way_tags (way_id, k, v, version) VALUES (425, 'hoot:id', '425', 1);
INSERT INTO current_way_tags (way_id, k, v) VALUES (425, 'hoot:status', '2');
INSERT INTO way_tags (way_id, k, v, version) VALUES (425, 'hoot:status', '2', 1);
INSERT INTO current_way_tags (way_id, k, v) VALUES (425, 'name', '23rd St NW');
INSERT INTO way_tags (way_id, k, v, version) VALUES (425, 'name', '23rd St NW', 1);
INSERT INTO current_way_tags (way_id, k, v) VALUES (425, 'highway', 'unclassified');
INSERT INTO way_tags (way_id, k, v, version) VALUES (425, 'highway', 'unclassified', 1);
INSERT INTO way_nodes (way_id, node_id, version, sequence_id) VALUES (425, 1824, 1, 1);
INSERT INTO current_way_nodes (way_id, node_id, sequence_id) VALUES (425, 1824, 1);
INSERT INTO way_nodes (way_id, node_id, version, sequence_id) VALUES (425, 4721, 1, 2);
INSERT INTO current_way_nodes (way_id, node_id, sequence_id) VALUES (425, 4721, 2);
INSERT INTO way_nodes (way_id, node_id, version, sequence_id) VALUES (425, 4722, 1, 3);
INSERT INTO current_way_nodes (way_id, node_id, sequence_id) VALUES (425, 4722, 3);
INSERT INTO way_nodes (way_id, node_id, version, sequence_id) VALUES (425, 4723, 1, 4);
INSERT INTO current_way_nodes (way_id, node_id, sequence_id) VALUES (425, 4723, 4);
INSERT INTO way_nodes (way_id, node_id, version, sequence_id) VALUES (425, 4724, 1, 5);
INSERT INTO current_way_nodes (way_id, node_id, sequence_id) VALUES (425, 4724, 5);
INSERT INTO way_nodes (way_id, node_id, version, sequence_id) VALUES (425, 4725, 1, 6);
INSERT INTO current_way_nodes (way_id, node_id, sequence_id) VALUES (425, 4725, 6);
INSERT INTO way_nodes (way_id, node_id, version, sequence_id) VALUES (425, 4726, 1, 7);
INSERT INTO current_way_nodes (way_id, node_id, sequence_id) VALUES (425, 4726, 7);
INSERT INTO way_nodes (way_id, node_id, version, sequence_id) VALUES (425, 4727, 1, 8);
INSERT INTO current_way_nodes (way_id, node_id, sequence_id) VALUES (425, 4727, 8);
INSERT INTO way_nodes (way_id, node_id, version, sequence_id) VALUES (425, 4728, 1, 9);
INSERT INTO current_way_nodes (way_id, node_id, sequence_id) VALUES (425, 4728, 9);
INSERT INTO way_nodes (way_id, node_id, version, sequence_id) VALUES (425, 4729, 1, 10);
INSERT INTO current_way_nodes (way_id, node_id, sequence_id) VALUES (425, 4729, 10);
INSERT INTO way_nodes (way_id, node_id, version, sequence_id) VALUES (425, 4730, 1, 11);
INSERT INTO current_way_nodes (way_id, node_id, sequence_id) VALUES (425, 4730, 11);
INSERT INTO way_nodes (way_id, node_id, version, sequence_id) VALUES (425, 4731, 1, 12);
INSERT INTO current_way_nodes (way_id, node_id, sequence_id) VALUES (425, 4731, 12);
INSERT INTO way_nodes (way_id, node_id, version, sequence_id) VALUES (425, 4732, 1, 13);
INSERT INTO current_way_nodes (way_id, node_id, sequence_id) VALUES (425, 4732, 13);
INSERT INTO way_nodes (way_id, node_id, version, sequence_id) VALUES (425, 4733, 1, 14);
INSERT INTO current_way_nodes (way_id, node_id, sequence_id) VALUES (425, 4733, 14);
INSERT INTO way_nodes (way_id, node_id, version, sequence_id) VALUES (425, 4734, 1, 15);
INSERT INTO current_way_nodes (way_id, node_id, sequence_id) VALUES (425, 4734, 15);
INSERT INTO way_nodes (way_id, node_id, version, sequence_id) VALUES (425, 4735, 1, 16);
INSERT INTO current_way_nodes (way_id, node_id, sequence_id) VALUES (425, 4735, 16);
INSERT INTO way_nodes (way_id, node_id, version, sequence_id) VALUES (425, 4736, 1, 17);
INSERT INTO current_way_nodes (way_id, node_id, sequence_id) VALUES (425, 4736, 17);
INSERT INTO way_nodes (way_id, node_id, version, sequence_id) VALUES (425, 4737, 1, 18);
INSERT INTO current_way_nodes (way_id, node_id, sequence_id) VALUES (425, 4737, 18);
INSERT INTO way_nodes (way_id, node_id, version, sequence_id) VALUES (425, 4738, 1, 19);
INSERT INTO current_way_nodes (way_id, node_id, sequence_id) VALUES (425, 4738, 19);
INSERT INTO way_nodes (way_id, node_id, version, sequence_id) VALUES (425, 4739, 1, 20);
INSERT INTO current_way_nodes (way_id, node_id, sequence_id) VALUES (425, 4739, 20);
INSERT INTO way_nodes (way_id, node_id, version, sequence_id) VALUES (425, 4740, 1, 21);
INSERT INTO current_way_nodes (way_id, node_id, sequence_id) VALUES (425, 4740, 21);
INSERT INTO way_nodes (way_id, node_id, version, sequence_id) VALUES (425, 4741, 1, 22);
INSERT INTO current_way_nodes (way_id, node_id, sequence_id) VALUES (425, 4741, 22);
INSERT INTO way_nodes (way_id, node_id, version, sequence_id) VALUES (425, 4742, 1, 23);
INSERT INTO current_way_nodes (way_id, node_id, sequence_id) VALUES (425, 4742, 23);
INSERT INTO way_nodes (way_id, node_id, version, sequence_id) VALUES (425, 4743, 1, 24);
INSERT INTO current_way_nodes (way_id, node_id, sequence_id) VALUES (425, 4743, 24);
INSERT INTO way_nodes (way_id, node_id, version, sequence_id) VALUES (425, 4744, 1, 25);
INSERT INTO current_way_nodes (way_id, node_id, sequence_id) VALUES (425, 4744, 25);
INSERT INTO way_nodes (way_id, node_id, version, sequence_id) VALUES (425, 4745, 1, 26);
INSERT INTO current_way_nodes (way_id, node_id, sequence_id) VALUES (425, 4745, 26);
INSERT INTO way_nodes (way_id, node_id, version, sequence_id) VALUES (425, 4746, 1, 27);
INSERT INTO current_way_nodes (way_id, node_id, sequence_id) VALUES (425, 4746, 27);
INSERT INTO way_nodes (way_id, node_id, version, sequence_id) VALUES (425, 4747, 1, 28);
INSERT INTO current_way_nodes (way_id, node_id, sequence_id) VALUES (425, 4747, 28);
INSERT INTO way_nodes (way_id, node_id, version, sequence_id) VALUES (425, 4748, 1, 29);
INSERT INTO current_way_nodes (way_id, node_id, sequence_id) VALUES (425, 4748, 29);
INSERT INTO way_nodes (way_id, node_id, version, sequence_id) VALUES (425, 4749, 1, 30);
INSERT INTO current_way_nodes (way_id, node_id, sequence_id) VALUES (425, 4749, 30);
INSERT INTO way_nodes (way_id, node_id, version, sequence_id) VALUES (425, 4750, 1, 31);
INSERT INTO current_way_nodes (way_id, node_id, sequence_id) VALUES (425, 4750, 31);
INSERT INTO way_nodes (way_id, node_id, version, sequence_id) VALUES (425, 4751, 1, 32);
INSERT INTO current_way_nodes (way_id, node_id, sequence_id) VALUES (425, 4751, 32);
INSERT INTO way_nodes (way_id, node_id, version, sequence_id) VALUES (425, 4752, 1, 33);
INSERT INTO current_way_nodes (way_id, node_id, sequence_id) VALUES (425, 4752, 33);
INSERT INTO way_nodes (way_id, node_id, version, sequence_id) VALUES (425, 4753, 1, 34);
INSERT INTO current_way_nodes (way_id, node_id, sequence_id) VALUES (425, 4753, 34);
INSERT INTO way_nodes (way_id, node_id, version, sequence_id) VALUES (425, 4754, 1, 35);
INSERT INTO current_way_nodes (way_id, node_id, sequence_id) VALUES (425, 4754, 35);
INSERT INTO way_nodes (way_id, node_id, version, sequence_id) VALUES (425, 4755, 1, 36);
INSERT INTO current_way_nodes (way_id, node_id, sequence_id) VALUES (425, 4755, 36);
INSERT INTO way_nodes (way_id, node_id, version, sequence_id) VALUES (425, 4756, 1, 37);
INSERT INTO current_way_nodes (way_id, node_id, sequence_id) VALUES (425, 4756, 37);
INSERT INTO way_nodes (way_id, node_id, version, sequence_id) VALUES (425, 4757, 1, 38);
INSERT INTO current_way_nodes (way_id, node_id, sequence_id) VALUES (425, 4757, 38);
INSERT INTO way_nodes (way_id, node_id, version, sequence_id) VALUES (425, 4758, 1, 39);
INSERT INTO current_way_nodes (way_id, node_id, sequence_id) VALUES (425, 4758, 39);
INSERT INTO way_nodes (way_id, node_id, version, sequence_id) VALUES (425, 4759, 1, 40);
INSERT INTO current_way_nodes (way_id, node_id, sequence_id) VALUES (425, 4759, 40);
INSERT INTO way_nodes (way_id, node_id, version, sequence_id) VALUES (425, 4760, 1, 41);
INSERT INTO current_way_nodes (way_id, node_id, sequence_id) VALUES (425, 4760, 41);
INSERT INTO way_nodes (way_id, node_id, version, sequence_id) VALUES (425, 4761, 1, 42);
INSERT INTO current_way_nodes (way_id, node_id, sequence_id) VALUES (425, 4761, 42);
INSERT INTO way_nodes (way_id, node_id, version, sequence_id) VALUES (425, 4762, 1, 43);
INSERT INTO current_way_nodes (way_id, node_id, sequence_id) VALUES (425, 4762, 43);
INSERT INTO way_nodes (way_id, node_id, version, sequence_id) VALUES (425, 4763, 1, 44);
INSERT INTO current_way_nodes (way_id, node_id, sequence_id) VALUES (425, 4763, 44);
INSERT INTO way_nodes (way_id, node_id, version, sequence_id) VALUES (425, 4764, 1, 45);
INSERT INTO current_way_nodes (way_id, node_id, sequence_id) VALUES (425, 4764, 45);
INSERT INTO way_nodes (way_id, node_id, version, sequence_id) VALUES (425, 4765, 1, 46);
INSERT INTO current_way_nodes (way_id, node_id, sequence_id) VALUES (425, 4765, 46);
INSERT INTO way_nodes (way_id, node_id, version, sequence_id) VALUES (425, 4766, 1, 47);
INSERT INTO current_way_nodes (way_id, node_id, sequence_id) VALUES (425, 4766, 47);
INSERT INTO way_nodes (way_id, node_id, version, sequence_id) VALUES (425, 4767, 1, 48);
INSERT INTO current_way_nodes (way_id, node_id, sequence_id) VALUES (425, 4767, 48);
INSERT INTO way_nodes (way_id, node_id, version, sequence_id) VALUES (425, 4768, 1, 49);
INSERT INTO current_way_nodes (way_id, node_id, sequence_id) VALUES (425, 4768, 49);
INSERT INTO way_nodes (way_id, node_id, version, sequence_id) VALUES (425, 4769, 1, 50);
INSERT INTO current_way_nodes (way_id, node_id, sequence_id) VALUES (425, 4769, 50);
INSERT INTO way_nodes (way_id, node_id, version, sequence_id) VALUES (425, 4770, 1, 51);
INSERT INTO current_way_nodes (way_id, node_id, sequence_id) VALUES (425, 4770, 51);
INSERT INTO way_nodes (way_id, node_id, version, sequence_id) VALUES (425, 4771, 1, 52);
INSERT INTO current_way_nodes (way_id, node_id, sequence_id) VALUES (425, 4771, 52);
INSERT INTO way_nodes (way_id, node_id, version, sequence_id) VALUES (425, 4772, 1, 53);
INSERT INTO current_way_nodes (way_id, node_id, sequence_id) VALUES (425, 4772, 53);
INSERT INTO way_nodes (way_id, node_id, version, sequence_id) VALUES (425, 4773, 1, 54);
INSERT INTO current_way_nodes (way_id, node_id, sequence_id) VALUES (425, 4773, 54);
INSERT INTO way_nodes (way_id, node_id, version, sequence_id) VALUES (425, 4774, 1, 55);
INSERT INTO current_way_nodes (way_id, node_id, sequence_id) VALUES (425, 4774, 55);
INSERT INTO way_nodes (way_id, node_id, version, sequence_id) VALUES (425, 4775, 1, 56);
INSERT INTO current_way_nodes (way_id, node_id, sequence_id) VALUES (425, 4775, 56);
INSERT INTO way_nodes (way_id, node_id, version, sequence_id) VALUES (425, 4776, 1, 57);
INSERT INTO current_way_nodes (way_id, node_id, sequence_id) VALUES (425, 4776, 57);
INSERT INTO way_nodes (way_id, node_id, version, sequence_id) VALUES (425, 4777, 1, 58);
INSERT INTO current_way_nodes (way_id, node_id, sequence_id) VALUES (425, 4777, 58);
INSERT INTO way_nodes (way_id, node_id, version, sequence_id) VALUES (425, 4778, 1, 59);
INSERT INTO current_way_nodes (way_id, node_id, sequence_id) VALUES (425, 4778, 59);
INSERT INTO way_nodes (way_id, node_id, version, sequence_id) VALUES (425, 4779, 1, 60);
INSERT INTO current_way_nodes (way_id, node_id, sequence_id) VALUES (425, 4779, 60);
INSERT INTO way_nodes (way_id, node_id, version, sequence_id) VALUES (425, 4780, 1, 61);
INSERT INTO current_way_nodes (way_id, node_id, sequence_id) VALUES (425, 4780, 61);
INSERT INTO way_nodes (way_id, node_id, version, sequence_id) VALUES (425, 4781, 1, 62);
INSERT INTO current_way_nodes (way_id, node_id, sequence_id) VALUES (425, 4781, 62);
INSERT INTO way_nodes (way_id, node_id, version, sequence_id) VALUES (425, 4782, 1, 63);
INSERT INTO current_way_nodes (way_id, node_id, sequence_id) VALUES (425, 4782, 63);
INSERT INTO way_nodes (way_id, node_id, version, sequence_id) VALUES (425, 4783, 1, 64);
INSERT INTO current_way_nodes (way_id, node_id, sequence_id) VALUES (425, 4783, 64);
INSERT INTO way_nodes (way_id, node_id, version, sequence_id) VALUES (425, 4784, 1, 65);
INSERT INTO current_way_nodes (way_id, node_id, sequence_id) VALUES (425, 4784, 65);
INSERT INTO way_nodes (way_id, node_id, version, sequence_id) VALUES (425, 4785, 1, 66);
INSERT INTO current_way_nodes (way_id, node_id, sequence_id) VALUES (425, 4785, 66);
INSERT INTO way_nodes (way_id, node_id, version, sequence_id) VALUES (425, 4786, 1, 67);
INSERT INTO current_way_nodes (way_id, node_id, sequence_id) VALUES (425, 4786, 67);
INSERT INTO way_nodes (way_id, node_id, version, sequence_id) VALUES (425, 4787, 1, 68);
INSERT INTO current_way_nodes (way_id, node_id, sequence_id) VALUES (425, 4787, 68);
INSERT INTO way_nodes (way_id, node_id, version, sequence_id) VALUES (425, 4788, 1, 69);
INSERT INTO current_way_nodes (way_id, node_id, sequence_id) VALUES (425, 4788, 69);
INSERT INTO way_nodes (way_id, node_id, version, sequence_id) VALUES (425, 4789, 1, 70);
INSERT INTO current_way_nodes (way_id, node_id, sequence_id) VALUES (425, 4789, 70);
INSERT INTO way_nodes (way_id, node_id, version, sequence_id) VALUES (425, 4790, 1, 71);
INSERT INTO current_way_nodes (way_id, node_id, sequence_id) VALUES (425, 4790, 71);
INSERT INTO way_nodes (way_id, node_id, version, sequence_id) VALUES (425, 4791, 1, 72);
INSERT INTO current_way_nodes (way_id, node_id, sequence_id) VALUES (425, 4791, 72);
INSERT INTO way_nodes (way_id, node_id, version, sequence_id) VALUES (425, 4792, 1, 73);
INSERT INTO current_way_nodes (way_id, node_id, sequence_id) VALUES (425, 4792, 73);
INSERT INTO way_nodes (way_id, node_id, version, sequence_id) VALUES (425, 4793, 1, 74);
INSERT INTO current_way_nodes (way_id, node_id, sequence_id) VALUES (425, 4793, 74);
INSERT INTO way_nodes (way_id, node_id, version, sequence_id) VALUES (425, 4794, 1, 75);
INSERT INTO current_way_nodes (way_id, node_id, sequence_id) VALUES (425, 4794, 75);
INSERT INTO way_nodes (way_id, node_id, version, sequence_id) VALUES (425, 4795, 1, 76);
INSERT INTO current_way_nodes (way_id, node_id, sequence_id) VALUES (425, 4795, 76);
INSERT INTO way_nodes (way_id, node_id, version, sequence_id) VALUES (425, 4796, 1, 77);
INSERT INTO current_way_nodes (way_id, node_id, sequence_id) VALUES (425, 4796, 77);
INSERT INTO way_nodes (way_id, node_id, version, sequence_id) VALUES (425, 4797, 1, 78);
INSERT INTO current_way_nodes (way_id, node_id, sequence_id) VALUES (425, 4797, 78);
INSERT INTO way_nodes (way_id, node_id, version, sequence_id) VALUES (425, 4798, 1, 79);
INSERT INTO current_way_nodes (way_id, node_id, sequence_id) VALUES (425, 4798, 79);
INSERT INTO way_nodes (way_id, node_id, version, sequence_id) VALUES (425, 4799, 1, 80);
INSERT INTO current_way_nodes (way_id, node_id, sequence_id) VALUES (425, 4799, 80);
INSERT INTO way_nodes (way_id, node_id, version, sequence_id) VALUES (425, 4800, 1, 81);
INSERT INTO current_way_nodes (way_id, node_id, sequence_id) VALUES (425, 4800, 81);
INSERT INTO way_nodes (way_id, node_id, version, sequence_id) VALUES (425, 4801, 1, 82);
INSERT INTO current_way_nodes (way_id, node_id, sequence_id) VALUES (425, 4801, 82);
INSERT INTO way_nodes (way_id, node_id, version, sequence_id) VALUES (425, 4802, 1, 83);
INSERT INTO current_way_nodes (way_id, node_id, sequence_id) VALUES (425, 4802, 83);
INSERT INTO way_nodes (way_id, node_id, version, sequence_id) VALUES (425, 4803, 1, 84);
INSERT INTO current_way_nodes (way_id, node_id, sequence_id) VALUES (425, 4803, 84);
INSERT INTO way_nodes (way_id, node_id, version, sequence_id) VALUES (425, 4804, 1, 85);
INSERT INTO current_way_nodes (way_id, node_id, sequence_id) VALUES (425, 4804, 85);
/* create way 426*/
INSERT INTO ways (way_id, changeset_id, visible, "timestamp", version) VALUES (426, 3, true, (now() at time zone 'utc'), 1);
INSERT INTO current_ways (id, changeset_id, visible, "timestamp", version) VALUES (426, 3, true, (now() at time zone 'utc'), 1);
INSERT INTO current_way_tags (way_id, k, v) VALUES (426, 'accuracy', '5');
INSERT INTO way_tags (way_id, k, v, version) VALUES (426, 'accuracy', '5', 1);
INSERT INTO current_way_tags (way_id, k, v) VALUES (426, 'hoot:id', '426');
INSERT INTO way_tags (way_id, k, v, version) VALUES (426, 'hoot:id', '426', 1);
INSERT INTO current_way_tags (way_id, k, v) VALUES (426, 'hoot:status', '2');
INSERT INTO way_tags (way_id, k, v, version) VALUES (426, 'hoot:status', '2', 1);
INSERT INTO current_way_tags (way_id, k, v) VALUES (426, 'name', 'Independence Ave SW');
INSERT INTO way_tags (way_id, k, v, version) VALUES (426, 'name', 'Independence Ave SW', 1);
INSERT INTO current_way_tags (way_id, k, v) VALUES (426, 'highway', 'unclassified');
INSERT INTO way_tags (way_id, k, v, version) VALUES (426, 'highway', 'unclassified', 1);
INSERT INTO way_nodes (way_id, node_id, version, sequence_id) VALUES (426, 4917, 1, 1);
INSERT INTO current_way_nodes (way_id, node_id, sequence_id) VALUES (426, 4917, 1);
INSERT INTO way_nodes (way_id, node_id, version, sequence_id) VALUES (426, 4446, 1, 2);
INSERT INTO current_way_nodes (way_id, node_id, sequence_id) VALUES (426, 4446, 2);
INSERT INTO way_nodes (way_id, node_id, version, sequence_id) VALUES (426, 4892, 1, 3);
INSERT INTO current_way_nodes (way_id, node_id, sequence_id) VALUES (426, 4892, 3);
INSERT INTO way_nodes (way_id, node_id, version, sequence_id) VALUES (426, 4893, 1, 4);
INSERT INTO current_way_nodes (way_id, node_id, sequence_id) VALUES (426, 4893, 4);
INSERT INTO way_nodes (way_id, node_id, version, sequence_id) VALUES (426, 4894, 1, 5);
INSERT INTO current_way_nodes (way_id, node_id, sequence_id) VALUES (426, 4894, 5);
INSERT INTO way_nodes (way_id, node_id, version, sequence_id) VALUES (426, 4895, 1, 6);
INSERT INTO current_way_nodes (way_id, node_id, sequence_id) VALUES (426, 4895, 6);
INSERT INTO way_nodes (way_id, node_id, version, sequence_id) VALUES (426, 4896, 1, 7);
INSERT INTO current_way_nodes (way_id, node_id, sequence_id) VALUES (426, 4896, 7);
INSERT INTO way_nodes (way_id, node_id, version, sequence_id) VALUES (426, 4897, 1, 8);
INSERT INTO current_way_nodes (way_id, node_id, sequence_id) VALUES (426, 4897, 8);
INSERT INTO way_nodes (way_id, node_id, version, sequence_id) VALUES (426, 4898, 1, 9);
INSERT INTO current_way_nodes (way_id, node_id, sequence_id) VALUES (426, 4898, 9);
INSERT INTO way_nodes (way_id, node_id, version, sequence_id) VALUES (426, 4899, 1, 10);
INSERT INTO current_way_nodes (way_id, node_id, sequence_id) VALUES (426, 4899, 10);
INSERT INTO way_nodes (way_id, node_id, version, sequence_id) VALUES (426, 4900, 1, 11);
INSERT INTO current_way_nodes (way_id, node_id, sequence_id) VALUES (426, 4900, 11);
INSERT INTO way_nodes (way_id, node_id, version, sequence_id) VALUES (426, 4901, 1, 12);
INSERT INTO current_way_nodes (way_id, node_id, sequence_id) VALUES (426, 4901, 12);
INSERT INTO way_nodes (way_id, node_id, version, sequence_id) VALUES (426, 4902, 1, 13);
INSERT INTO current_way_nodes (way_id, node_id, sequence_id) VALUES (426, 4902, 13);
INSERT INTO way_nodes (way_id, node_id, version, sequence_id) VALUES (426, 4903, 1, 14);
INSERT INTO current_way_nodes (way_id, node_id, sequence_id) VALUES (426, 4903, 14);
INSERT INTO way_nodes (way_id, node_id, version, sequence_id) VALUES (426, 4904, 1, 15);
INSERT INTO current_way_nodes (way_id, node_id, sequence_id) VALUES (426, 4904, 15);
INSERT INTO way_nodes (way_id, node_id, version, sequence_id) VALUES (426, 4905, 1, 16);
INSERT INTO current_way_nodes (way_id, node_id, sequence_id) VALUES (426, 4905, 16);
INSERT INTO way_nodes (way_id, node_id, version, sequence_id) VALUES (426, 4906, 1, 17);
INSERT INTO current_way_nodes (way_id, node_id, sequence_id) VALUES (426, 4906, 17);
INSERT INTO way_nodes (way_id, node_id, version, sequence_id) VALUES (426, 4907, 1, 18);
INSERT INTO current_way_nodes (way_id, node_id, sequence_id) VALUES (426, 4907, 18);
INSERT INTO way_nodes (way_id, node_id, version, sequence_id) VALUES (426, 4908, 1, 19);
INSERT INTO current_way_nodes (way_id, node_id, sequence_id) VALUES (426, 4908, 19);
INSERT INTO way_nodes (way_id, node_id, version, sequence_id) VALUES (426, 4909, 1, 20);
INSERT INTO current_way_nodes (way_id, node_id, sequence_id) VALUES (426, 4909, 20);
INSERT INTO way_nodes (way_id, node_id, version, sequence_id) VALUES (426, 4910, 1, 21);
INSERT INTO current_way_nodes (way_id, node_id, sequence_id) VALUES (426, 4910, 21);
INSERT INTO way_nodes (way_id, node_id, version, sequence_id) VALUES (426, 4911, 1, 22);
INSERT INTO current_way_nodes (way_id, node_id, sequence_id) VALUES (426, 4911, 22);
INSERT INTO way_nodes (way_id, node_id, version, sequence_id) VALUES (426, 4912, 1, 23);
INSERT INTO current_way_nodes (way_id, node_id, sequence_id) VALUES (426, 4912, 23);
/* create way 427*/
INSERT INTO ways (way_id, changeset_id, visible, "timestamp", version) VALUES (427, 3, true, (now() at time zone 'utc'), 1);
INSERT INTO current_ways (id, changeset_id, visible, "timestamp", version) VALUES (427, 3, true, (now() at time zone 'utc'), 1);
INSERT INTO current_way_tags (way_id, k, v) VALUES (427, 'accuracy', '5');
INSERT INTO way_tags (way_id, k, v, version) VALUES (427, 'accuracy', '5', 1);
INSERT INTO current_way_tags (way_id, k, v) VALUES (427, 'hoot:id', '427');
INSERT INTO way_tags (way_id, k, v, version) VALUES (427, 'hoot:id', '427', 1);
INSERT INTO current_way_tags (way_id, k, v) VALUES (427, 'hoot:status', '3');
INSERT INTO way_tags (way_id, k, v, version) VALUES (427, 'hoot:status', '3', 1);
INSERT INTO current_way_tags (way_id, k, v) VALUES (427, 'name', 'INTERSTATE 66  BN');
INSERT INTO way_tags (way_id, k, v, version) VALUES (427, 'name', 'INTERSTATE 66  BN', 1);
INSERT INTO current_way_tags (way_id, k, v) VALUES (427, 'highway', 'motorway');
INSERT INTO way_tags (way_id, k, v, version) VALUES (427, 'highway', 'motorway', 1);
INSERT INTO way_nodes (way_id, node_id, version, sequence_id) VALUES (427, 2026, 1, 1);
INSERT INTO current_way_nodes (way_id, node_id, sequence_id) VALUES (427, 2026, 1);
INSERT INTO way_nodes (way_id, node_id, version, sequence_id) VALUES (427, 4913, 1, 2);
INSERT INTO current_way_nodes (way_id, node_id, sequence_id) VALUES (427, 4913, 2);
/* create way 428*/
INSERT INTO ways (way_id, changeset_id, visible, "timestamp", version) VALUES (428, 3, true, (now() at time zone 'utc'), 1);
INSERT INTO current_ways (id, changeset_id, visible, "timestamp", version) VALUES (428, 3, true, (now() at time zone 'utc'), 1);
INSERT INTO current_way_tags (way_id, k, v) VALUES (428, 'accuracy', '5');
INSERT INTO way_tags (way_id, k, v, version) VALUES (428, 'accuracy', '5', 1);
INSERT INTO current_way_tags (way_id, k, v) VALUES (428, 'hoot:id', '428');
INSERT INTO way_tags (way_id, k, v, version) VALUES (428, 'hoot:id', '428', 1);
INSERT INTO current_way_tags (way_id, k, v) VALUES (428, 'hoot:status', '3');
INSERT INTO way_tags (way_id, k, v, version) VALUES (428, 'hoot:status', '3', 1);
INSERT INTO current_way_tags (way_id, k, v) VALUES (428, 'alt_name', 'Rock Crk and Potomac Pkwy NW');
INSERT INTO way_tags (way_id, k, v, version) VALUES (428, 'alt_name', 'Rock Crk and Potomac Pkwy NW', 1);
INSERT INTO current_way_tags (way_id, k, v) VALUES (428, 'name', 'ROCK CREEK & POTOMAC PKWY NW');
INSERT INTO way_tags (way_id, k, v, version) VALUES (428, 'name', 'ROCK CREEK & POTOMAC PKWY NW', 1);
INSERT INTO current_way_tags (way_id, k, v) VALUES (428, 'highway', 'road');
INSERT INTO way_tags (way_id, k, v, version) VALUES (428, 'highway', 'road', 1);
INSERT INTO way_nodes (way_id, node_id, version, sequence_id) VALUES (428, 4914, 1, 1);
INSERT INTO current_way_nodes (way_id, node_id, sequence_id) VALUES (428, 4914, 1);
INSERT INTO way_nodes (way_id, node_id, version, sequence_id) VALUES (428, 3709, 1, 2);
INSERT INTO current_way_nodes (way_id, node_id, sequence_id) VALUES (428, 3709, 2);
INSERT INTO way_nodes (way_id, node_id, version, sequence_id) VALUES (428, 3707, 1, 3);
INSERT INTO current_way_nodes (way_id, node_id, sequence_id) VALUES (428, 3707, 3);
INSERT INTO way_nodes (way_id, node_id, version, sequence_id) VALUES (428, 2041, 1, 4);
INSERT INTO current_way_nodes (way_id, node_id, sequence_id) VALUES (428, 2041, 4);
/* create way 429*/
INSERT INTO ways (way_id, changeset_id, visible, "timestamp", version) VALUES (429, 3, true, (now() at time zone 'utc'), 1);
INSERT INTO current_ways (id, changeset_id, visible, "timestamp", version) VALUES (429, 3, true, (now() at time zone 'utc'), 1);
INSERT INTO current_way_tags (way_id, k, v) VALUES (429, 'accuracy', '5');
INSERT INTO way_tags (way_id, k, v, version) VALUES (429, 'accuracy', '5', 1);
INSERT INTO current_way_tags (way_id, k, v) VALUES (429, 'hoot:id', '429');
INSERT INTO way_tags (way_id, k, v, version) VALUES (429, 'hoot:id', '429', 1);
INSERT INTO current_way_tags (way_id, k, v) VALUES (429, 'hoot:status', '3');
INSERT INTO way_tags (way_id, k, v, version) VALUES (429, 'hoot:status', '3', 1);
INSERT INTO current_way_tags (way_id, k, v) VALUES (429, 'name', 'OHIO DR SW');
INSERT INTO way_tags (way_id, k, v, version) VALUES (429, 'name', 'OHIO DR SW', 1);
INSERT INTO current_way_tags (way_id, k, v) VALUES (429, 'highway', 'road');
INSERT INTO way_tags (way_id, k, v, version) VALUES (429, 'highway', 'road', 1);
INSERT INTO way_nodes (way_id, node_id, version, sequence_id) VALUES (429, 4915, 1, 1);
INSERT INTO current_way_nodes (way_id, node_id, sequence_id) VALUES (429, 4915, 1);
INSERT INTO way_nodes (way_id, node_id, version, sequence_id) VALUES (429, 2276, 1, 2);
INSERT INTO current_way_nodes (way_id, node_id, sequence_id) VALUES (429, 2276, 2);
INSERT INTO way_nodes (way_id, node_id, version, sequence_id) VALUES (429, 2273, 1, 3);
INSERT INTO current_way_nodes (way_id, node_id, sequence_id) VALUES (429, 2273, 3);
INSERT INTO way_nodes (way_id, node_id, version, sequence_id) VALUES (429, 2270, 1, 4);
INSERT INTO current_way_nodes (way_id, node_id, sequence_id) VALUES (429, 2270, 4);
INSERT INTO way_nodes (way_id, node_id, version, sequence_id) VALUES (429, 2267, 1, 5);
INSERT INTO current_way_nodes (way_id, node_id, sequence_id) VALUES (429, 2267, 5);
INSERT INTO way_nodes (way_id, node_id, version, sequence_id) VALUES (429, 2264, 1, 6);
INSERT INTO current_way_nodes (way_id, node_id, sequence_id) VALUES (429, 2264, 6);
INSERT INTO way_nodes (way_id, node_id, version, sequence_id) VALUES (429, 2261, 1, 7);
INSERT INTO current_way_nodes (way_id, node_id, sequence_id) VALUES (429, 2261, 7);
INSERT INTO way_nodes (way_id, node_id, version, sequence_id) VALUES (429, 2258, 1, 8);
INSERT INTO current_way_nodes (way_id, node_id, sequence_id) VALUES (429, 2258, 8);
INSERT INTO way_nodes (way_id, node_id, version, sequence_id) VALUES (429, 4916, 1, 9);
INSERT INTO current_way_nodes (way_id, node_id, sequence_id) VALUES (429, 4916, 9);
/* create way 430*/
INSERT INTO ways (way_id, changeset_id, visible, "timestamp", version) VALUES (430, 3, true, (now() at time zone 'utc'), 1);
INSERT INTO current_ways (id, changeset_id, visible, "timestamp", version) VALUES (430, 3, true, (now() at time zone 'utc'), 1);
INSERT INTO current_way_tags (way_id, k, v) VALUES (430, 'accuracy', '5');
INSERT INTO way_tags (way_id, k, v, version) VALUES (430, 'accuracy', '5', 1);
INSERT INTO current_way_tags (way_id, k, v) VALUES (430, 'hoot:id', '430');
INSERT INTO way_tags (way_id, k, v, version) VALUES (430, 'hoot:id', '430', 1);
INSERT INTO current_way_tags (way_id, k, v) VALUES (430, 'hoot:status', '3');
INSERT INTO way_tags (way_id, k, v, version) VALUES (430, 'hoot:status', '3', 1);
INSERT INTO current_way_tags (way_id, k, v) VALUES (430, 'name', 'OHIO DR SW');
INSERT INTO way_tags (way_id, k, v, version) VALUES (430, 'name', 'OHIO DR SW', 1);
INSERT INTO current_way_tags (way_id, k, v) VALUES (430, 'highway', 'road');
INSERT INTO way_tags (way_id, k, v, version) VALUES (430, 'highway', 'road', 1);
INSERT INTO way_nodes (way_id, node_id, version, sequence_id) VALUES (430, 4916, 1, 1);
INSERT INTO current_way_nodes (way_id, node_id, sequence_id) VALUES (430, 4916, 1);
INSERT INTO way_nodes (way_id, node_id, version, sequence_id) VALUES (430, 2255, 1, 2);
INSERT INTO current_way_nodes (way_id, node_id, sequence_id) VALUES (430, 2255, 2);
INSERT INTO way_nodes (way_id, node_id, version, sequence_id) VALUES (430, 2252, 1, 3);
INSERT INTO current_way_nodes (way_id, node_id, sequence_id) VALUES (430, 2252, 3);
INSERT INTO way_nodes (way_id, node_id, version, sequence_id) VALUES (430, 2249, 1, 4);
INSERT INTO current_way_nodes (way_id, node_id, sequence_id) VALUES (430, 2249, 4);
INSERT INTO way_nodes (way_id, node_id, version, sequence_id) VALUES (430, 4917, 1, 5);
INSERT INTO current_way_nodes (way_id, node_id, sequence_id) VALUES (430, 4917, 5);
/* create way 431*/
INSERT INTO ways (way_id, changeset_id, visible, "timestamp", version) VALUES (431, 3, true, (now() at time zone 'utc'), 1);
INSERT INTO current_ways (id, changeset_id, visible, "timestamp", version) VALUES (431, 3, true, (now() at time zone 'utc'), 1);
INSERT INTO current_way_tags (way_id, k, v) VALUES (431, 'accuracy', '5');
INSERT INTO way_tags (way_id, k, v, version) VALUES (431, 'accuracy', '5', 1);
INSERT INTO current_way_tags (way_id, k, v) VALUES (431, 'hoot:id', '431');
INSERT INTO way_tags (way_id, k, v, version) VALUES (431, 'hoot:id', '431', 1);
INSERT INTO current_way_tags (way_id, k, v) VALUES (431, 'hoot:status', '3');
INSERT INTO way_tags (way_id, k, v, version) VALUES (431, 'hoot:status', '3', 1);
INSERT INTO current_way_tags (way_id, k, v) VALUES (431, 'name', 'OHIO DR SW');
INSERT INTO way_tags (way_id, k, v, version) VALUES (431, 'name', 'OHIO DR SW', 1);
INSERT INTO current_way_tags (way_id, k, v) VALUES (431, 'highway', 'road');
INSERT INTO way_tags (way_id, k, v, version) VALUES (431, 'highway', 'road', 1);
INSERT INTO way_nodes (way_id, node_id, version, sequence_id) VALUES (431, 4917, 1, 1);
INSERT INTO current_way_nodes (way_id, node_id, sequence_id) VALUES (431, 4917, 1);
INSERT INTO way_nodes (way_id, node_id, version, sequence_id) VALUES (431, 2601, 1, 2);
INSERT INTO current_way_nodes (way_id, node_id, sequence_id) VALUES (431, 2601, 2);
/* create way 432*/
INSERT INTO ways (way_id, changeset_id, visible, "timestamp", version) VALUES (432, 3, true, (now() at time zone 'utc'), 1);
INSERT INTO current_ways (id, changeset_id, visible, "timestamp", version) VALUES (432, 3, true, (now() at time zone 'utc'), 1);
INSERT INTO current_way_tags (way_id, k, v) VALUES (432, 'accuracy', '5');
INSERT INTO way_tags (way_id, k, v, version) VALUES (432, 'accuracy', '5', 1);
INSERT INTO current_way_tags (way_id, k, v) VALUES (432, 'hoot:id', '432');
INSERT INTO way_tags (way_id, k, v, version) VALUES (432, 'hoot:id', '432', 1);
INSERT INTO current_way_tags (way_id, k, v) VALUES (432, 'hoot:status', '2');
INSERT INTO way_tags (way_id, k, v, version) VALUES (432, 'hoot:status', '2', 1);
INSERT INTO current_way_tags (way_id, k, v) VALUES (432, 'highway', 'road');
INSERT INTO way_tags (way_id, k, v, version) VALUES (432, 'highway', 'road', 1);
INSERT INTO way_nodes (way_id, node_id, version, sequence_id) VALUES (432, 4698, 1, 1);
INSERT INTO current_way_nodes (way_id, node_id, sequence_id) VALUES (432, 4698, 1);
INSERT INTO way_nodes (way_id, node_id, version, sequence_id) VALUES (432, 4699, 1, 2);
INSERT INTO current_way_nodes (way_id, node_id, sequence_id) VALUES (432, 4699, 2);
INSERT INTO way_nodes (way_id, node_id, version, sequence_id) VALUES (432, 4918, 1, 3);
INSERT INTO current_way_nodes (way_id, node_id, sequence_id) VALUES (432, 4918, 3);
/* create way 433*/
INSERT INTO ways (way_id, changeset_id, visible, "timestamp", version) VALUES (433, 3, true, (now() at time zone 'utc'), 1);
INSERT INTO current_ways (id, changeset_id, visible, "timestamp", version) VALUES (433, 3, true, (now() at time zone 'utc'), 1);
INSERT INTO current_way_tags (way_id, k, v) VALUES (433, 'accuracy', '5');
INSERT INTO way_tags (way_id, k, v, version) VALUES (433, 'accuracy', '5', 1);
INSERT INTO current_way_tags (way_id, k, v) VALUES (433, 'hoot:id', '433');
INSERT INTO way_tags (way_id, k, v, version) VALUES (433, 'hoot:id', '433', 1);
INSERT INTO current_way_tags (way_id, k, v) VALUES (433, 'hoot:status', '3');
INSERT INTO way_tags (way_id, k, v, version) VALUES (433, 'hoot:status', '3', 1);
INSERT INTO current_way_tags (way_id, k, v) VALUES (433, 'name', 'OHIO DR NW');
INSERT INTO way_tags (way_id, k, v, version) VALUES (433, 'name', 'OHIO DR NW', 1);
INSERT INTO current_way_tags (way_id, k, v) VALUES (433, 'highway', 'road');
INSERT INTO way_tags (way_id, k, v, version) VALUES (433, 'highway', 'road', 1);
INSERT INTO way_nodes (way_id, node_id, version, sequence_id) VALUES (433, 2026, 1, 1);
INSERT INTO current_way_nodes (way_id, node_id, sequence_id) VALUES (433, 2026, 1);
INSERT INTO way_nodes (way_id, node_id, version, sequence_id) VALUES (433, 1674, 1, 2);
INSERT INTO current_way_nodes (way_id, node_id, sequence_id) VALUES (433, 1674, 2);
INSERT INTO way_nodes (way_id, node_id, version, sequence_id) VALUES (433, 1672, 1, 3);
INSERT INTO current_way_nodes (way_id, node_id, sequence_id) VALUES (433, 1672, 3);
INSERT INTO way_nodes (way_id, node_id, version, sequence_id) VALUES (433, 1670, 1, 4);
INSERT INTO current_way_nodes (way_id, node_id, sequence_id) VALUES (433, 1670, 4);
INSERT INTO way_nodes (way_id, node_id, version, sequence_id) VALUES (433, 1668, 1, 5);
INSERT INTO current_way_nodes (way_id, node_id, sequence_id) VALUES (433, 1668, 5);
INSERT INTO way_nodes (way_id, node_id, version, sequence_id) VALUES (433, 1666, 1, 6);
INSERT INTO current_way_nodes (way_id, node_id, sequence_id) VALUES (433, 1666, 6);
INSERT INTO way_nodes (way_id, node_id, version, sequence_id) VALUES (433, 1664, 1, 7);
INSERT INTO current_way_nodes (way_id, node_id, sequence_id) VALUES (433, 1664, 7);
INSERT INTO way_nodes (way_id, node_id, version, sequence_id) VALUES (433, 4918, 1, 8);
INSERT INTO current_way_nodes (way_id, node_id, sequence_id) VALUES (433, 4918, 8);
UPDATE changesets SET min_lat=388864325, max_lat=389019870, min_lon=-770532279, max_lon=-770319859, num_changes=438 WHERE id=3;
