INSERT INTO changesets (id, user_id, created_at, closed_at) VALUES (3, 1, (now() at time zone 'utc'), (now() at time zone 'utc'));
INSERT INTO changeset_tags (changeset_id, k, v) VALUES (3, 'written_by', 'Hootenanny');
/* create node 4160*/
INSERT INTO nodes (node_id, latitude, longitude, changeset_id, visible, "timestamp", tile, version) VALUES (4160, 185274010, -724805894, 3, true, (now() at time zone 'utc'), 1642347363, 1);
INSERT INTO current_nodes (id, latitude, longitude, changeset_id, visible, "timestamp", tile, version) VALUES (4160, 185274010, -724805894, 3, true, (now() at time zone 'utc'), 1642347363, 1);
/* create node 4161*/
INSERT INTO nodes (node_id, latitude, longitude, changeset_id, visible, "timestamp", tile, version) VALUES (4161, 185319994, -724778307, 3, true, (now() at time zone 'utc'), 1642347373, 1);
INSERT INTO current_nodes (id, latitude, longitude, changeset_id, visible, "timestamp", tile, version) VALUES (4161, 185319994, -724778307, 3, true, (now() at time zone 'utc'), 1642347373, 1);
/* create node 4162*/
INSERT INTO nodes (node_id, latitude, longitude, changeset_id, visible, "timestamp", tile, version) VALUES (4162, 185321448, -724777508, 3, true, (now() at time zone 'utc'), 1642347373, 1);
INSERT INTO current_nodes (id, latitude, longitude, changeset_id, visible, "timestamp", tile, version) VALUES (4162, 185321448, -724777508, 3, true, (now() at time zone 'utc'), 1642347373, 1);
/* create node 4163*/
INSERT INTO nodes (node_id, latitude, longitude, changeset_id, visible, "timestamp", tile, version) VALUES (4163, 185322931, -724776681, 3, true, (now() at time zone 'utc'), 1642347373, 1);
INSERT INTO current_nodes (id, latitude, longitude, changeset_id, visible, "timestamp", tile, version) VALUES (4163, 185322931, -724776681, 3, true, (now() at time zone 'utc'), 1642347373, 1);
/* create node 4164*/
INSERT INTO nodes (node_id, latitude, longitude, changeset_id, visible, "timestamp", tile, version) VALUES (4164, 185323473, -724776054, 3, true, (now() at time zone 'utc'), 1642347373, 1);
INSERT INTO current_nodes (id, latitude, longitude, changeset_id, visible, "timestamp", tile, version) VALUES (4164, 185323473, -724776054, 3, true, (now() at time zone 'utc'), 1642347373, 1);
/* create node 4165*/
INSERT INTO nodes (node_id, latitude, longitude, changeset_id, visible, "timestamp", tile, version) VALUES (4165, 185323901, -724775341, 3, true, (now() at time zone 'utc'), 1642347373, 1);
INSERT INTO current_nodes (id, latitude, longitude, changeset_id, visible, "timestamp", tile, version) VALUES (4165, 185323901, -724775341, 3, true, (now() at time zone 'utc'), 1642347373, 1);
/* create node 4166*/
INSERT INTO nodes (node_id, latitude, longitude, changeset_id, visible, "timestamp", tile, version) VALUES (4166, 185324471, -724773972, 3, true, (now() at time zone 'utc'), 1642347373, 1);
INSERT INTO current_nodes (id, latitude, longitude, changeset_id, visible, "timestamp", tile, version) VALUES (4166, 185324471, -724773972, 3, true, (now() at time zone 'utc'), 1642347373, 1);
/* create node 4167*/
INSERT INTO nodes (node_id, latitude, longitude, changeset_id, visible, "timestamp", tile, version) VALUES (4167, 185325013, -724772745, 3, true, (now() at time zone 'utc'), 1642347373, 1);
INSERT INTO current_nodes (id, latitude, longitude, changeset_id, visible, "timestamp", tile, version) VALUES (4167, 185325013, -724772745, 3, true, (now() at time zone 'utc'), 1642347373, 1);
/* create node 4168*/
INSERT INTO nodes (node_id, latitude, longitude, changeset_id, visible, "timestamp", tile, version) VALUES (4168, 185326097, -724771576, 3, true, (now() at time zone 'utc'), 1642347373, 1);
INSERT INTO current_nodes (id, latitude, longitude, changeset_id, visible, "timestamp", tile, version) VALUES (4168, 185326097, -724771576, 3, true, (now() at time zone 'utc'), 1642347373, 1);
/* create node 4169*/
INSERT INTO nodes (node_id, latitude, longitude, changeset_id, visible, "timestamp", tile, version) VALUES (4169, 185327723, -724769979, 3, true, (now() at time zone 'utc'), 1642347373, 1);
INSERT INTO current_nodes (id, latitude, longitude, changeset_id, visible, "timestamp", tile, version) VALUES (4169, 185327723, -724769979, 3, true, (now() at time zone 'utc'), 1642347373, 1);
/* create node 4170*/
INSERT INTO nodes (node_id, latitude, longitude, changeset_id, visible, "timestamp", tile, version) VALUES (4170, 185328778, -724768125, 3, true, (now() at time zone 'utc'), 1642347373, 1);
INSERT INTO current_nodes (id, latitude, longitude, changeset_id, visible, "timestamp", tile, version) VALUES (4170, 185328778, -724768125, 3, true, (now() at time zone 'utc'), 1642347373, 1);
/* create node 4171*/
INSERT INTO nodes (node_id, latitude, longitude, changeset_id, visible, "timestamp", tile, version) VALUES (4171, 185330033, -724766242, 3, true, (now() at time zone 'utc'), 1642347373, 1);
INSERT INTO current_nodes (id, latitude, longitude, changeset_id, visible, "timestamp", tile, version) VALUES (4171, 185330033, -724766242, 3, true, (now() at time zone 'utc'), 1642347373, 1);
/* create node 4172*/
INSERT INTO nodes (node_id, latitude, longitude, changeset_id, visible, "timestamp", tile, version) VALUES (4172, 185330375, -724765301, 3, true, (now() at time zone 'utc'), 1642347373, 1);
INSERT INTO current_nodes (id, latitude, longitude, changeset_id, visible, "timestamp", tile, version) VALUES (4172, 185330375, -724765301, 3, true, (now() at time zone 'utc'), 1642347373, 1);
/* create node 4173*/
INSERT INTO nodes (node_id, latitude, longitude, changeset_id, visible, "timestamp", tile, version) VALUES (4173, 185330632, -724764474, 3, true, (now() at time zone 'utc'), 1642347373, 1);
INSERT INTO current_nodes (id, latitude, longitude, changeset_id, visible, "timestamp", tile, version) VALUES (4173, 185330632, -724764474, 3, true, (now() at time zone 'utc'), 1642347373, 1);
/* create node 4174*/
INSERT INTO nodes (node_id, latitude, longitude, changeset_id, visible, "timestamp", tile, version) VALUES (4174, 185331174, -724763419, 3, true, (now() at time zone 'utc'), 1642347373, 1);
INSERT INTO current_nodes (id, latitude, longitude, changeset_id, visible, "timestamp", tile, version) VALUES (4174, 185331174, -724763419, 3, true, (now() at time zone 'utc'), 1642347373, 1);
/* create node 4175*/
INSERT INTO nodes (node_id, latitude, longitude, changeset_id, visible, "timestamp", tile, version) VALUES (4175, 185331602, -724762877, 3, true, (now() at time zone 'utc'), 1642347373, 1);
INSERT INTO current_nodes (id, latitude, longitude, changeset_id, visible, "timestamp", tile, version) VALUES (4175, 185331602, -724762877, 3, true, (now() at time zone 'utc'), 1642347373, 1);
/* create node 4176*/
INSERT INTO nodes (node_id, latitude, longitude, changeset_id, visible, "timestamp", tile, version) VALUES (4176, 185332115, -724762791, 3, true, (now() at time zone 'utc'), 1642347373, 1);
INSERT INTO current_nodes (id, latitude, longitude, changeset_id, visible, "timestamp", tile, version) VALUES (4176, 185332115, -724762791, 3, true, (now() at time zone 'utc'), 1642347373, 1);
/* create node 4177*/
INSERT INTO nodes (node_id, latitude, longitude, changeset_id, visible, "timestamp", tile, version) VALUES (4177, 185332743, -724762962, 3, true, (now() at time zone 'utc'), 1642347373, 1);
INSERT INTO current_nodes (id, latitude, longitude, changeset_id, visible, "timestamp", tile, version) VALUES (4177, 185332743, -724762962, 3, true, (now() at time zone 'utc'), 1642347373, 1);
/* create node 4178*/
INSERT INTO nodes (node_id, latitude, longitude, changeset_id, visible, "timestamp", tile, version) VALUES (4178, 185333285, -724763076, 3, true, (now() at time zone 'utc'), 1642347373, 1);
INSERT INTO current_nodes (id, latitude, longitude, changeset_id, visible, "timestamp", tile, version) VALUES (4178, 185333285, -724763076, 3, true, (now() at time zone 'utc'), 1642347373, 1);
/* create node 4179*/
INSERT INTO nodes (node_id, latitude, longitude, changeset_id, visible, "timestamp", tile, version) VALUES (4179, 185333712, -724762905, 3, true, (now() at time zone 'utc'), 1642347373, 1);
INSERT INTO current_nodes (id, latitude, longitude, changeset_id, visible, "timestamp", tile, version) VALUES (4179, 185333712, -724762905, 3, true, (now() at time zone 'utc'), 1642347373, 1);
/* create node 4180*/
INSERT INTO nodes (node_id, latitude, longitude, changeset_id, visible, "timestamp", tile, version) VALUES (4180, 185334112, -724762477, 3, true, (now() at time zone 'utc'), 1642347373, 1);
INSERT INTO current_nodes (id, latitude, longitude, changeset_id, visible, "timestamp", tile, version) VALUES (4180, 185334112, -724762477, 3, true, (now() at time zone 'utc'), 1642347373, 1);
/* create node 4181*/
INSERT INTO nodes (node_id, latitude, longitude, changeset_id, visible, "timestamp", tile, version) VALUES (4181, 185334397, -724761736, 3, true, (now() at time zone 'utc'), 1642347373, 1);
INSERT INTO current_nodes (id, latitude, longitude, changeset_id, visible, "timestamp", tile, version) VALUES (4181, 185334397, -724761736, 3, true, (now() at time zone 'utc'), 1642347373, 1);
/* create node 4182*/
INSERT INTO nodes (node_id, latitude, longitude, changeset_id, visible, "timestamp", tile, version) VALUES (4182, 185334511, -724760852, 3, true, (now() at time zone 'utc'), 1642347373, 1);
INSERT INTO current_nodes (id, latitude, longitude, changeset_id, visible, "timestamp", tile, version) VALUES (4182, 185334511, -724760852, 3, true, (now() at time zone 'utc'), 1642347373, 1);
/* create node 4183*/
INSERT INTO nodes (node_id, latitude, longitude, changeset_id, visible, "timestamp", tile, version) VALUES (4183, 185334511, -724759996, 3, true, (now() at time zone 'utc'), 1642347373, 1);
INSERT INTO current_nodes (id, latitude, longitude, changeset_id, visible, "timestamp", tile, version) VALUES (4183, 185334511, -724759996, 3, true, (now() at time zone 'utc'), 1642347373, 1);
/* create node 4184*/
INSERT INTO nodes (node_id, latitude, longitude, changeset_id, visible, "timestamp", tile, version) VALUES (4184, 185334597, -724759254, 3, true, (now() at time zone 'utc'), 1642347373, 1);
INSERT INTO current_nodes (id, latitude, longitude, changeset_id, visible, "timestamp", tile, version) VALUES (4184, 185334597, -724759254, 3, true, (now() at time zone 'utc'), 1642347373, 1);
/* create node 4185*/
INSERT INTO nodes (node_id, latitude, longitude, changeset_id, visible, "timestamp", tile, version) VALUES (4185, 185334796, -724758855, 3, true, (now() at time zone 'utc'), 1642347373, 1);
INSERT INTO current_nodes (id, latitude, longitude, changeset_id, visible, "timestamp", tile, version) VALUES (4185, 185334796, -724758855, 3, true, (now() at time zone 'utc'), 1642347373, 1);
/* create node 4186*/
INSERT INTO nodes (node_id, latitude, longitude, changeset_id, visible, "timestamp", tile, version) VALUES (4186, 185335424, -724758969, 3, true, (now() at time zone 'utc'), 1642347373, 1);
INSERT INTO current_nodes (id, latitude, longitude, changeset_id, visible, "timestamp", tile, version) VALUES (4186, 185335424, -724758969, 3, true, (now() at time zone 'utc'), 1642347373, 1);
/* create node 4187*/
INSERT INTO nodes (node_id, latitude, longitude, changeset_id, visible, "timestamp", tile, version) VALUES (4187, 185336165, -724759083, 3, true, (now() at time zone 'utc'), 1642347373, 1);
INSERT INTO current_nodes (id, latitude, longitude, changeset_id, visible, "timestamp", tile, version) VALUES (4187, 185336165, -724759083, 3, true, (now() at time zone 'utc'), 1642347373, 1);
/* create node 4188*/
INSERT INTO nodes (node_id, latitude, longitude, changeset_id, visible, "timestamp", tile, version) VALUES (4188, 185336935, -724759254, 3, true, (now() at time zone 'utc'), 1642347373, 1);
INSERT INTO current_nodes (id, latitude, longitude, changeset_id, visible, "timestamp", tile, version) VALUES (4188, 185336935, -724759254, 3, true, (now() at time zone 'utc'), 1642347373, 1);
/* create node 4189*/
INSERT INTO nodes (node_id, latitude, longitude, changeset_id, visible, "timestamp", tile, version) VALUES (4189, 185337506, -724759426, 3, true, (now() at time zone 'utc'), 1642347373, 1);
INSERT INTO current_nodes (id, latitude, longitude, changeset_id, visible, "timestamp", tile, version) VALUES (4189, 185337506, -724759426, 3, true, (now() at time zone 'utc'), 1642347373, 1);
/* create node 4190*/
INSERT INTO nodes (node_id, latitude, longitude, changeset_id, visible, "timestamp", tile, version) VALUES (4190, 185338048, -724759682, 3, true, (now() at time zone 'utc'), 1642347373, 1);
INSERT INTO current_nodes (id, latitude, longitude, changeset_id, visible, "timestamp", tile, version) VALUES (4190, 185338048, -724759682, 3, true, (now() at time zone 'utc'), 1642347373, 1);
/* create node 4191*/
INSERT INTO nodes (node_id, latitude, longitude, changeset_id, visible, "timestamp", tile, version) VALUES (4191, 185338561, -724760110, 3, true, (now() at time zone 'utc'), 1642347373, 1);
INSERT INTO current_nodes (id, latitude, longitude, changeset_id, visible, "timestamp", tile, version) VALUES (4191, 185338561, -724760110, 3, true, (now() at time zone 'utc'), 1642347373, 1);
/* create node 4192*/
INSERT INTO nodes (node_id, latitude, longitude, changeset_id, visible, "timestamp", tile, version) VALUES (4192, 185339274, -724760395, 3, true, (now() at time zone 'utc'), 1642347373, 1);
INSERT INTO current_nodes (id, latitude, longitude, changeset_id, visible, "timestamp", tile, version) VALUES (4192, 185339274, -724760395, 3, true, (now() at time zone 'utc'), 1642347373, 1);
/* create node 4193*/
INSERT INTO nodes (node_id, latitude, longitude, changeset_id, visible, "timestamp", tile, version) VALUES (4193, 185341497, -724760286, 3, true, (now() at time zone 'utc'), 1642347373, 1);
INSERT INTO current_nodes (id, latitude, longitude, changeset_id, visible, "timestamp", tile, version) VALUES (4193, 185341497, -724760286, 3, true, (now() at time zone 'utc'), 1642347373, 1);
/* create node 4194*/
INSERT INTO nodes (node_id, latitude, longitude, changeset_id, visible, "timestamp", tile, version) VALUES (4194, 185342183, -724760253, 3, true, (now() at time zone 'utc'), 1642347373, 1);
INSERT INTO current_nodes (id, latitude, longitude, changeset_id, visible, "timestamp", tile, version) VALUES (4194, 185342183, -724760253, 3, true, (now() at time zone 'utc'), 1642347373, 1);
/* create node 4195*/
INSERT INTO nodes (node_id, latitude, longitude, changeset_id, visible, "timestamp", tile, version) VALUES (4195, 185344408, -724759825, 3, true, (now() at time zone 'utc'), 1642347384, 1);
INSERT INTO current_nodes (id, latitude, longitude, changeset_id, visible, "timestamp", tile, version) VALUES (4195, 185344408, -724759825, 3, true, (now() at time zone 'utc'), 1642347384, 1);
/* create node 4196*/
INSERT INTO nodes (node_id, latitude, longitude, changeset_id, visible, "timestamp", tile, version) VALUES (4196, 185346405, -724759426, 3, true, (now() at time zone 'utc'), 1642347384, 1);
INSERT INTO current_nodes (id, latitude, longitude, changeset_id, visible, "timestamp", tile, version) VALUES (4196, 185346405, -724759426, 3, true, (now() at time zone 'utc'), 1642347384, 1);
/* create node 4197*/
INSERT INTO nodes (node_id, latitude, longitude, changeset_id, visible, "timestamp", tile, version) VALUES (4197, 185348487, -724758827, 3, true, (now() at time zone 'utc'), 1642347384, 1);
INSERT INTO current_nodes (id, latitude, longitude, changeset_id, visible, "timestamp", tile, version) VALUES (4197, 185348487, -724758827, 3, true, (now() at time zone 'utc'), 1642347384, 1);
/* create node 4198*/
INSERT INTO nodes (node_id, latitude, longitude, changeset_id, visible, "timestamp", tile, version) VALUES (4198, 185350854, -724758085, 3, true, (now() at time zone 'utc'), 1642347384, 1);
INSERT INTO current_nodes (id, latitude, longitude, changeset_id, visible, "timestamp", tile, version) VALUES (4198, 185350854, -724758085, 3, true, (now() at time zone 'utc'), 1642347384, 1);
/* create node 4199*/
INSERT INTO nodes (node_id, latitude, longitude, changeset_id, visible, "timestamp", tile, version) VALUES (4199, 185352679, -724757743, 3, true, (now() at time zone 'utc'), 1642347384, 1);
INSERT INTO current_nodes (id, latitude, longitude, changeset_id, visible, "timestamp", tile, version) VALUES (4199, 185352679, -724757743, 3, true, (now() at time zone 'utc'), 1642347384, 1);
/* create node 4200*/
INSERT INTO nodes (node_id, latitude, longitude, changeset_id, visible, "timestamp", tile, version) VALUES (4200, 185354105, -724757657, 3, true, (now() at time zone 'utc'), 1642347384, 1);
INSERT INTO current_nodes (id, latitude, longitude, changeset_id, visible, "timestamp", tile, version) VALUES (4200, 185354105, -724757657, 3, true, (now() at time zone 'utc'), 1642347384, 1);
/* create node 4201*/
INSERT INTO nodes (node_id, latitude, longitude, changeset_id, visible, "timestamp", tile, version) VALUES (4201, 185355161, -724758085, 3, true, (now() at time zone 'utc'), 1642347384, 1);
INSERT INTO current_nodes (id, latitude, longitude, changeset_id, visible, "timestamp", tile, version) VALUES (4201, 185355161, -724758085, 3, true, (now() at time zone 'utc'), 1642347384, 1);
/* create node 4202*/
INSERT INTO nodes (node_id, latitude, longitude, changeset_id, visible, "timestamp", tile, version) VALUES (4202, 185357728, -724759454, 3, true, (now() at time zone 'utc'), 1642347384, 1);
INSERT INTO current_nodes (id, latitude, longitude, changeset_id, visible, "timestamp", tile, version) VALUES (4202, 185357728, -724759454, 3, true, (now() at time zone 'utc'), 1642347384, 1);
/* create node 4203*/
INSERT INTO nodes (node_id, latitude, longitude, changeset_id, visible, "timestamp", tile, version) VALUES (4203, 185359610, -724760196, 3, true, (now() at time zone 'utc'), 1642347384, 1);
INSERT INTO current_nodes (id, latitude, longitude, changeset_id, visible, "timestamp", tile, version) VALUES (4203, 185359610, -724760196, 3, true, (now() at time zone 'utc'), 1642347384, 1);
/* create node 4204*/
INSERT INTO nodes (node_id, latitude, longitude, changeset_id, visible, "timestamp", tile, version) VALUES (4204, 185361778, -724761251, 3, true, (now() at time zone 'utc'), 1642347384, 1);
INSERT INTO current_nodes (id, latitude, longitude, changeset_id, visible, "timestamp", tile, version) VALUES (4204, 185361778, -724761251, 3, true, (now() at time zone 'utc'), 1642347384, 1);
/* create node 4205*/
INSERT INTO nodes (node_id, latitude, longitude, changeset_id, visible, "timestamp", tile, version) VALUES (4205, 185364088, -724762050, 3, true, (now() at time zone 'utc'), 1642347384, 1);
INSERT INTO current_nodes (id, latitude, longitude, changeset_id, visible, "timestamp", tile, version) VALUES (4205, 185364088, -724762050, 3, true, (now() at time zone 'utc'), 1642347384, 1);
/* create node 4206*/
INSERT INTO nodes (node_id, latitude, longitude, changeset_id, visible, "timestamp", tile, version) VALUES (4206, 185366113, -724762763, 3, true, (now() at time zone 'utc'), 1642347384, 1);
INSERT INTO current_nodes (id, latitude, longitude, changeset_id, visible, "timestamp", tile, version) VALUES (4206, 185366113, -724762763, 3, true, (now() at time zone 'utc'), 1642347384, 1);
/* create node 4207*/
INSERT INTO nodes (node_id, latitude, longitude, changeset_id, visible, "timestamp", tile, version) VALUES (4207, 185368024, -724763105, 3, true, (now() at time zone 'utc'), 1642347384, 1);
INSERT INTO current_nodes (id, latitude, longitude, changeset_id, visible, "timestamp", tile, version) VALUES (4207, 185368024, -724763105, 3, true, (now() at time zone 'utc'), 1642347384, 1);
/* create node 4208*/
INSERT INTO nodes (node_id, latitude, longitude, changeset_id, visible, "timestamp", tile, version) VALUES (4208, 185369650, -724763048, 3, true, (now() at time zone 'utc'), 1642347384, 1);
INSERT INTO current_nodes (id, latitude, longitude, changeset_id, visible, "timestamp", tile, version) VALUES (4208, 185369650, -724763048, 3, true, (now() at time zone 'utc'), 1642347384, 1);
/* create node 4209*/
INSERT INTO nodes (node_id, latitude, longitude, changeset_id, visible, "timestamp", tile, version) VALUES (4209, 185372017, -724762591, 3, true, (now() at time zone 'utc'), 1642347385, 1);
INSERT INTO current_nodes (id, latitude, longitude, changeset_id, visible, "timestamp", tile, version) VALUES (4209, 185372017, -724762591, 3, true, (now() at time zone 'utc'), 1642347385, 1);
/* create node 4210*/
INSERT INTO nodes (node_id, latitude, longitude, changeset_id, visible, "timestamp", tile, version) VALUES (4210, 185373386, -724761736, 3, true, (now() at time zone 'utc'), 1642347385, 1);
INSERT INTO current_nodes (id, latitude, longitude, changeset_id, visible, "timestamp", tile, version) VALUES (4210, 185373386, -724761736, 3, true, (now() at time zone 'utc'), 1642347385, 1);
/* create node 4211*/
INSERT INTO nodes (node_id, latitude, longitude, changeset_id, visible, "timestamp", tile, version) VALUES (4211, 185375211, -724760852, 3, true, (now() at time zone 'utc'), 1642347385, 1);
INSERT INTO current_nodes (id, latitude, longitude, changeset_id, visible, "timestamp", tile, version) VALUES (4211, 185375211, -724760852, 3, true, (now() at time zone 'utc'), 1642347385, 1);
/* create node 4212*/
INSERT INTO nodes (node_id, latitude, longitude, changeset_id, visible, "timestamp", tile, version) VALUES (4212, 185376010, -724760338, 3, true, (now() at time zone 'utc'), 1642347385, 1);
INSERT INTO current_nodes (id, latitude, longitude, changeset_id, visible, "timestamp", tile, version) VALUES (4212, 185376010, -724760338, 3, true, (now() at time zone 'utc'), 1642347385, 1);
/* create node 4213*/
INSERT INTO nodes (node_id, latitude, longitude, changeset_id, visible, "timestamp", tile, version) VALUES (4213, 185377322, -724760053, 3, true, (now() at time zone 'utc'), 1642347385, 1);
INSERT INTO current_nodes (id, latitude, longitude, changeset_id, visible, "timestamp", tile, version) VALUES (4213, 185377322, -724760053, 3, true, (now() at time zone 'utc'), 1642347385, 1);
/* create node 4214*/
INSERT INTO nodes (node_id, latitude, longitude, changeset_id, visible, "timestamp", tile, version) VALUES (4214, 185378776, -724759825, 3, true, (now() at time zone 'utc'), 1642347385, 1);
INSERT INTO current_nodes (id, latitude, longitude, changeset_id, visible, "timestamp", tile, version) VALUES (4214, 185378776, -724759825, 3, true, (now() at time zone 'utc'), 1642347385, 1);
/* create node 4215*/
INSERT INTO nodes (node_id, latitude, longitude, changeset_id, visible, "timestamp", tile, version) VALUES (4215, 185379946, -724759939, 3, true, (now() at time zone 'utc'), 1642347385, 1);
INSERT INTO current_nodes (id, latitude, longitude, changeset_id, visible, "timestamp", tile, version) VALUES (4215, 185379946, -724759939, 3, true, (now() at time zone 'utc'), 1642347385, 1);
/* create node 4216*/
INSERT INTO nodes (node_id, latitude, longitude, changeset_id, visible, "timestamp", tile, version) VALUES (4216, 185381172, -724760110, 3, true, (now() at time zone 'utc'), 1642347385, 1);
INSERT INTO current_nodes (id, latitude, longitude, changeset_id, visible, "timestamp", tile, version) VALUES (4216, 185381172, -724760110, 3, true, (now() at time zone 'utc'), 1642347385, 1);
/* create node 4217*/
INSERT INTO nodes (node_id, latitude, longitude, changeset_id, visible, "timestamp", tile, version) VALUES (4217, 185382098, -724759934, 3, true, (now() at time zone 'utc'), 1642347385, 1);
INSERT INTO current_nodes (id, latitude, longitude, changeset_id, visible, "timestamp", tile, version) VALUES (4217, 185382098, -724759934, 3, true, (now() at time zone 'utc'), 1642347385, 1);
/* create node 4218*/
INSERT INTO nodes (node_id, latitude, longitude, changeset_id, visible, "timestamp", tile, version) VALUES (4218, 185382234, -724759908, 3, true, (now() at time zone 'utc'), 1642347385, 1);
INSERT INTO current_nodes (id, latitude, longitude, changeset_id, visible, "timestamp", tile, version) VALUES (4218, 185382234, -724759908, 3, true, (now() at time zone 'utc'), 1642347385, 1);
/* create node 4219*/
INSERT INTO nodes (node_id, latitude, longitude, changeset_id, visible, "timestamp", tile, version) VALUES (4219, 185382370, -724759882, 3, true, (now() at time zone 'utc'), 1642347385, 1);
INSERT INTO current_nodes (id, latitude, longitude, changeset_id, visible, "timestamp", tile, version) VALUES (4219, 185382370, -724759882, 3, true, (now() at time zone 'utc'), 1642347385, 1);
/* create node 4220*/
INSERT INTO nodes (node_id, latitude, longitude, changeset_id, visible, "timestamp", tile, version) VALUES (4220, 185383967, -724759625, 3, true, (now() at time zone 'utc'), 1642347385, 1);
INSERT INTO current_nodes (id, latitude, longitude, changeset_id, visible, "timestamp", tile, version) VALUES (4220, 185383967, -724759625, 3, true, (now() at time zone 'utc'), 1642347385, 1);
/* create node 4221*/
INSERT INTO nodes (node_id, latitude, longitude, changeset_id, visible, "timestamp", tile, version) VALUES (4221, 185384638, -724759625, 3, true, (now() at time zone 'utc'), 1642347385, 1);
INSERT INTO current_nodes (id, latitude, longitude, changeset_id, visible, "timestamp", tile, version) VALUES (4221, 185384638, -724759625, 3, true, (now() at time zone 'utc'), 1642347385, 1);
/* create node 4222*/
INSERT INTO nodes (node_id, latitude, longitude, changeset_id, visible, "timestamp", tile, version) VALUES (4222, 185385308, -724759625, 3, true, (now() at time zone 'utc'), 1642347385, 1);
INSERT INTO current_nodes (id, latitude, longitude, changeset_id, visible, "timestamp", tile, version) VALUES (4222, 185385308, -724759625, 3, true, (now() at time zone 'utc'), 1642347385, 1);
/* create node 4223*/
INSERT INTO nodes (node_id, latitude, longitude, changeset_id, visible, "timestamp", tile, version) VALUES (4223, 185386306, -724759454, 3, true, (now() at time zone 'utc'), 1642347385, 1);
INSERT INTO current_nodes (id, latitude, longitude, changeset_id, visible, "timestamp", tile, version) VALUES (4223, 185386306, -724759454, 3, true, (now() at time zone 'utc'), 1642347385, 1);
/* create node 4224*/
INSERT INTO nodes (node_id, latitude, longitude, changeset_id, visible, "timestamp", tile, version) VALUES (4224, 185387333, -724759055, 3, true, (now() at time zone 'utc'), 1642347385, 1);
INSERT INTO current_nodes (id, latitude, longitude, changeset_id, visible, "timestamp", tile, version) VALUES (4224, 185387333, -724759055, 3, true, (now() at time zone 'utc'), 1642347385, 1);
/* create node 4225*/
INSERT INTO nodes (node_id, latitude, longitude, changeset_id, visible, "timestamp", tile, version) VALUES (4225, 185274081, -724805939, 3, true, (now() at time zone 'utc'), 1642347363, 1);
INSERT INTO current_nodes (id, latitude, longitude, changeset_id, visible, "timestamp", tile, version) VALUES (4225, 185274081, -724805939, 3, true, (now() at time zone 'utc'), 1642347363, 1);
/* create node 4226*/
INSERT INTO nodes (node_id, latitude, longitude, changeset_id, visible, "timestamp", tile, version) VALUES (4226, 185388103, -724758941, 3, true, (now() at time zone 'utc'), 1642347385, 1);
INSERT INTO current_nodes (id, latitude, longitude, changeset_id, visible, "timestamp", tile, version) VALUES (4226, 185388103, -724758941, 3, true, (now() at time zone 'utc'), 1642347385, 1);
/* modify way 268*/
INSERT INTO ways (way_id, changeset_id, visible, "timestamp", version) VALUES (268, 3, true, (now() at time zone 'utc'), 2);
UPDATE current_ways SET changeset_id=3, visible=true, "timestamp"=(now() at time zone 'utc'), version=2 WHERE id=268;
DELETE FROM current_way_tags WHERE way_id = 268;
DELETE FROM way_tags WHERE way_id = 268;
INSERT INTO current_way_tags (way_id, k, v) VALUES (268, 'source', 'geoeye');
INSERT INTO way_tags (way_id, k, v, version) VALUES (268, 'source', 'geoeye', 2);
INSERT INTO current_way_tags (way_id, k, v) VALUES (268, 'source:horiz_accuracy_cat', 'accurate');
INSERT INTO way_tags (way_id, k, v, version) VALUES (268, 'source:horiz_accuracy_cat', 'accurate', 2);
INSERT INTO current_way_tags (way_id, k, v) VALUES (268, 'status', 'functional');
INSERT INTO way_tags (way_id, k, v, version) VALUES (268, 'status', 'functional', 2);
INSERT INTO current_way_tags (way_id, k, v) VALUES (268, 'highway:min_width', '3');
INSERT INTO way_tags (way_id, k, v, version) VALUES (268, 'highway:min_width', '3', 2);
INSERT INTO current_way_tags (way_id, k, v) VALUES (268, 'source:date_time', '2010-01-13');
INSERT INTO way_tags (way_id, k, v, version) VALUES (268, 'source:date_time', '2010-01-13', 2);
INSERT INTO current_way_tags (way_id, k, v) VALUES (268, 'lanes', '1');
INSERT INTO way_tags (way_id, k, v, version) VALUES (268, 'lanes', '1', 2);
INSERT INTO current_way_tags (way_id, k, v) VALUES (268, 'seasonal', 'no');
INSERT INTO way_tags (way_id, k, v, version) VALUES (268, 'seasonal', 'no', 2);
INSERT INTO current_way_tags (way_id, k, v) VALUES (268, 'source:vertical_source_category', 'no_elevations');
INSERT INTO way_tags (way_id, k, v, version) VALUES (268, 'source:vertical_source_category', 'no_elevations', 2);
INSERT INTO current_way_tags (way_id, k, v) VALUES (268, 'source:name', 'very_high_resolution_commercial_monoscopic_imagery');
INSERT INTO way_tags (way_id, k, v, version) VALUES (268, 'source:name', 'very_high_resolution_commercial_monoscopic_imagery', 2);
INSERT INTO current_way_tags (way_id, k, v) VALUES (268, 'surface', 'unpaved');
INSERT INTO way_tags (way_id, k, v, version) VALUES (268, 'surface', 'unpaved', 2);
INSERT INTO current_way_tags (way_id, k, v) VALUES (268, 'source:abs_horiz_accuracy', '25');
INSERT INTO way_tags (way_id, k, v, version) VALUES (268, 'source:abs_horiz_accuracy', '25', 2);
INSERT INTO current_way_tags (way_id, k, v) VALUES (268, 'median', 'no');
INSERT INTO way_tags (way_id, k, v, version) VALUES (268, 'median', 'no', 2);
INSERT INTO current_way_tags (way_id, k, v) VALUES (268, 'source:copyright', '© 2010. Her Majesty the Queen in Right of Canada.');
INSERT INTO way_tags (way_id, k, v, version) VALUES (268, 'source:copyright', '© 2010. Her Majesty the Queen in Right of Canada.', 2);
INSERT INTO current_way_tags (way_id, k, v) VALUES (268, 'source:abs_vert_accuracy_eval', 'NA');
INSERT INTO way_tags (way_id, k, v, version) VALUES (268, 'source:abs_vert_accuracy_eval', 'NA', 2);
INSERT INTO current_way_tags (way_id, k, v) VALUES (268, 'source:description', 'IKONOS Imagery');
INSERT INTO way_tags (way_id, k, v, version) VALUES (268, 'source:description', 'IKONOS Imagery', 2);
INSERT INTO current_way_tags (way_id, k, v) VALUES (268, 'source:review_source_type', 'NA');
INSERT INTO way_tags (way_id, k, v, version) VALUES (268, 'source:review_source_type', 'NA', 2);
INSERT INTO current_way_tags (way_id, k, v) VALUES (268, 'REF2', 'todo');
INSERT INTO way_tags (way_id, k, v, version) VALUES (268, 'REF2', 'todo', 2);
INSERT INTO current_way_tags (way_id, k, v) VALUES (268, 'highway', 'path');
INSERT INTO way_tags (way_id, k, v, version) VALUES (268, 'highway', 'path', 2);
INSERT INTO current_way_tags (way_id, k, v) VALUES (268, 'source:datetime', '2010-01-18T18:46:23.000Z;2016-09-29T18:41:47Z');
INSERT INTO way_tags (way_id, k, v, version) VALUES (268, 'source:datetime', '2010-01-18T18:46:23.000Z;2016-09-29T18:41:47Z', 2);
INSERT INTO current_way_tags (way_id, k, v) VALUES (268, 'source:abs_horiz_accuracy_eval', 'emc_product_specification');
INSERT INTO way_tags (way_id, k, v, version) VALUES (268, 'source:abs_horiz_accuracy_eval', 'emc_product_specification', 2);
INSERT INTO current_way_tags (way_id, k, v) VALUES (268, 'source:abs_vert_accuracy', '-32765');
INSERT INTO way_tags (way_id, k, v, version) VALUES (268, 'source:abs_vert_accuracy', '-32765', 2);
INSERT INTO current_way_tags (way_id, k, v) VALUES (268, 'location', 'surface');
INSERT INTO way_tags (way_id, k, v, version) VALUES (268, 'location', 'surface', 2);
DELETE FROM current_way_nodes WHERE way_id = 268;
DELETE FROM way_nodes WHERE way_id = 268;
INSERT INTO way_nodes (way_id, node_id, version, sequence_id) VALUES (268, 4225, 1, 1);
INSERT INTO current_way_nodes (way_id, node_id, sequence_id) VALUES (268, 4225, 1);
INSERT INTO way_nodes (way_id, node_id, version, sequence_id) VALUES (268, 507, 1, 2);
INSERT INTO current_way_nodes (way_id, node_id, sequence_id) VALUES (268, 507, 2);
INSERT INTO way_nodes (way_id, node_id, version, sequence_id) VALUES (268, 510, 1, 3);
INSERT INTO current_way_nodes (way_id, node_id, sequence_id) VALUES (268, 510, 3);
INSERT INTO way_nodes (way_id, node_id, version, sequence_id) VALUES (268, 511, 1, 4);
INSERT INTO current_way_nodes (way_id, node_id, sequence_id) VALUES (268, 511, 4);
INSERT INTO way_nodes (way_id, node_id, version, sequence_id) VALUES (268, 513, 1, 5);
INSERT INTO current_way_nodes (way_id, node_id, sequence_id) VALUES (268, 513, 5);
INSERT INTO way_nodes (way_id, node_id, version, sequence_id) VALUES (268, 514, 1, 6);
INSERT INTO current_way_nodes (way_id, node_id, sequence_id) VALUES (268, 514, 6);
INSERT INTO way_nodes (way_id, node_id, version, sequence_id) VALUES (268, 516, 1, 7);
INSERT INTO current_way_nodes (way_id, node_id, sequence_id) VALUES (268, 516, 7);
INSERT INTO way_nodes (way_id, node_id, version, sequence_id) VALUES (268, 518, 1, 8);
INSERT INTO current_way_nodes (way_id, node_id, sequence_id) VALUES (268, 518, 8);
INSERT INTO way_nodes (way_id, node_id, version, sequence_id) VALUES (268, 519, 1, 9);
INSERT INTO current_way_nodes (way_id, node_id, sequence_id) VALUES (268, 519, 9);
INSERT INTO way_nodes (way_id, node_id, version, sequence_id) VALUES (268, 540, 1, 10);
INSERT INTO current_way_nodes (way_id, node_id, sequence_id) VALUES (268, 540, 10);
INSERT INTO way_nodes (way_id, node_id, version, sequence_id) VALUES (268, 541, 1, 11);
INSERT INTO current_way_nodes (way_id, node_id, sequence_id) VALUES (268, 541, 11);
INSERT INTO way_nodes (way_id, node_id, version, sequence_id) VALUES (268, 542, 1, 12);
INSERT INTO current_way_nodes (way_id, node_id, sequence_id) VALUES (268, 542, 12);
INSERT INTO way_nodes (way_id, node_id, version, sequence_id) VALUES (268, 543, 1, 13);
INSERT INTO current_way_nodes (way_id, node_id, sequence_id) VALUES (268, 543, 13);
INSERT INTO way_nodes (way_id, node_id, version, sequence_id) VALUES (268, 544, 1, 14);
INSERT INTO current_way_nodes (way_id, node_id, sequence_id) VALUES (268, 544, 14);
INSERT INTO way_nodes (way_id, node_id, version, sequence_id) VALUES (268, 545, 1, 15);
INSERT INTO current_way_nodes (way_id, node_id, sequence_id) VALUES (268, 545, 15);
INSERT INTO way_nodes (way_id, node_id, version, sequence_id) VALUES (268, 546, 1, 16);
INSERT INTO current_way_nodes (way_id, node_id, sequence_id) VALUES (268, 546, 16);
INSERT INTO way_nodes (way_id, node_id, version, sequence_id) VALUES (268, 547, 1, 17);
INSERT INTO current_way_nodes (way_id, node_id, sequence_id) VALUES (268, 547, 17);
INSERT INTO way_nodes (way_id, node_id, version, sequence_id) VALUES (268, 548, 1, 18);
INSERT INTO current_way_nodes (way_id, node_id, sequence_id) VALUES (268, 548, 18);
INSERT INTO way_nodes (way_id, node_id, version, sequence_id) VALUES (268, 549, 1, 19);
INSERT INTO current_way_nodes (way_id, node_id, sequence_id) VALUES (268, 549, 19);
INSERT INTO way_nodes (way_id, node_id, version, sequence_id) VALUES (268, 550, 1, 20);
INSERT INTO current_way_nodes (way_id, node_id, sequence_id) VALUES (268, 550, 20);
INSERT INTO way_nodes (way_id, node_id, version, sequence_id) VALUES (268, 551, 1, 21);
INSERT INTO current_way_nodes (way_id, node_id, sequence_id) VALUES (268, 551, 21);
INSERT INTO way_nodes (way_id, node_id, version, sequence_id) VALUES (268, 552, 1, 22);
INSERT INTO current_way_nodes (way_id, node_id, sequence_id) VALUES (268, 552, 22);
INSERT INTO way_nodes (way_id, node_id, version, sequence_id) VALUES (268, 553, 1, 23);
INSERT INTO current_way_nodes (way_id, node_id, sequence_id) VALUES (268, 553, 23);
INSERT INTO way_nodes (way_id, node_id, version, sequence_id) VALUES (268, 554, 1, 24);
INSERT INTO current_way_nodes (way_id, node_id, sequence_id) VALUES (268, 554, 24);
INSERT INTO way_nodes (way_id, node_id, version, sequence_id) VALUES (268, 555, 1, 25);
INSERT INTO current_way_nodes (way_id, node_id, sequence_id) VALUES (268, 555, 25);
INSERT INTO way_nodes (way_id, node_id, version, sequence_id) VALUES (268, 556, 1, 26);
INSERT INTO current_way_nodes (way_id, node_id, sequence_id) VALUES (268, 556, 26);
INSERT INTO way_nodes (way_id, node_id, version, sequence_id) VALUES (268, 557, 1, 27);
INSERT INTO current_way_nodes (way_id, node_id, sequence_id) VALUES (268, 557, 27);
INSERT INTO way_nodes (way_id, node_id, version, sequence_id) VALUES (268, 558, 1, 28);
INSERT INTO current_way_nodes (way_id, node_id, sequence_id) VALUES (268, 558, 28);
INSERT INTO way_nodes (way_id, node_id, version, sequence_id) VALUES (268, 559, 1, 29);
INSERT INTO current_way_nodes (way_id, node_id, sequence_id) VALUES (268, 559, 29);
INSERT INTO way_nodes (way_id, node_id, version, sequence_id) VALUES (268, 560, 1, 30);
INSERT INTO current_way_nodes (way_id, node_id, sequence_id) VALUES (268, 560, 30);
INSERT INTO way_nodes (way_id, node_id, version, sequence_id) VALUES (268, 561, 1, 31);
INSERT INTO current_way_nodes (way_id, node_id, sequence_id) VALUES (268, 561, 31);
INSERT INTO way_nodes (way_id, node_id, version, sequence_id) VALUES (268, 562, 1, 32);
INSERT INTO current_way_nodes (way_id, node_id, sequence_id) VALUES (268, 562, 32);
INSERT INTO way_nodes (way_id, node_id, version, sequence_id) VALUES (268, 563, 1, 33);
INSERT INTO current_way_nodes (way_id, node_id, sequence_id) VALUES (268, 563, 33);
INSERT INTO way_nodes (way_id, node_id, version, sequence_id) VALUES (268, 564, 1, 34);
INSERT INTO current_way_nodes (way_id, node_id, sequence_id) VALUES (268, 564, 34);
INSERT INTO way_nodes (way_id, node_id, version, sequence_id) VALUES (268, 565, 1, 35);
INSERT INTO current_way_nodes (way_id, node_id, sequence_id) VALUES (268, 565, 35);
INSERT INTO way_nodes (way_id, node_id, version, sequence_id) VALUES (268, 566, 1, 36);
INSERT INTO current_way_nodes (way_id, node_id, sequence_id) VALUES (268, 566, 36);
INSERT INTO way_nodes (way_id, node_id, version, sequence_id) VALUES (268, 567, 1, 37);
INSERT INTO current_way_nodes (way_id, node_id, sequence_id) VALUES (268, 567, 37);
INSERT INTO way_nodes (way_id, node_id, version, sequence_id) VALUES (268, 568, 1, 38);
INSERT INTO current_way_nodes (way_id, node_id, sequence_id) VALUES (268, 568, 38);
INSERT INTO way_nodes (way_id, node_id, version, sequence_id) VALUES (268, 569, 1, 39);
INSERT INTO current_way_nodes (way_id, node_id, sequence_id) VALUES (268, 569, 39);
INSERT INTO way_nodes (way_id, node_id, version, sequence_id) VALUES (268, 570, 1, 40);
INSERT INTO current_way_nodes (way_id, node_id, sequence_id) VALUES (268, 570, 40);
INSERT INTO way_nodes (way_id, node_id, version, sequence_id) VALUES (268, 571, 1, 41);
INSERT INTO current_way_nodes (way_id, node_id, sequence_id) VALUES (268, 571, 41);
INSERT INTO way_nodes (way_id, node_id, version, sequence_id) VALUES (268, 572, 1, 42);
INSERT INTO current_way_nodes (way_id, node_id, sequence_id) VALUES (268, 572, 42);
INSERT INTO way_nodes (way_id, node_id, version, sequence_id) VALUES (268, 573, 1, 43);
INSERT INTO current_way_nodes (way_id, node_id, sequence_id) VALUES (268, 573, 43);
INSERT INTO way_nodes (way_id, node_id, version, sequence_id) VALUES (268, 574, 1, 44);
INSERT INTO current_way_nodes (way_id, node_id, sequence_id) VALUES (268, 574, 44);
INSERT INTO way_nodes (way_id, node_id, version, sequence_id) VALUES (268, 575, 1, 45);
INSERT INTO current_way_nodes (way_id, node_id, sequence_id) VALUES (268, 575, 45);
INSERT INTO way_nodes (way_id, node_id, version, sequence_id) VALUES (268, 576, 1, 46);
INSERT INTO current_way_nodes (way_id, node_id, sequence_id) VALUES (268, 576, 46);
INSERT INTO way_nodes (way_id, node_id, version, sequence_id) VALUES (268, 577, 1, 47);
INSERT INTO current_way_nodes (way_id, node_id, sequence_id) VALUES (268, 577, 47);
/* create way 390*/
INSERT INTO ways (way_id, changeset_id, visible, "timestamp", version) VALUES (390, 3, true, (now() at time zone 'utc'), 1);
INSERT INTO current_ways (id, changeset_id, visible, "timestamp", version) VALUES (390, 3, true, (now() at time zone 'utc'), 1);
INSERT INTO current_way_tags (way_id, k, v) VALUES (390, 'source:horiz_accuracy_cat', 'accurate');
INSERT INTO way_tags (way_id, k, v, version) VALUES (390, 'source:horiz_accuracy_cat', 'accurate', 1);
INSERT INTO current_way_tags (way_id, k, v) VALUES (390, 'status', 'functional');
INSERT INTO way_tags (way_id, k, v, version) VALUES (390, 'status', 'functional', 1);
INSERT INTO current_way_tags (way_id, k, v) VALUES (390, 'highway:min_width', '3');
INSERT INTO way_tags (way_id, k, v, version) VALUES (390, 'highway:min_width', '3', 1);
INSERT INTO current_way_tags (way_id, k, v) VALUES (390, 'source:date_time', '2010-01-13');
INSERT INTO way_tags (way_id, k, v, version) VALUES (390, 'source:date_time', '2010-01-13', 1);
INSERT INTO current_way_tags (way_id, k, v) VALUES (390, 'lanes', '1');
INSERT INTO way_tags (way_id, k, v, version) VALUES (390, 'lanes', '1', 1);
INSERT INTO current_way_tags (way_id, k, v) VALUES (390, 'seasonal', 'no');
INSERT INTO way_tags (way_id, k, v, version) VALUES (390, 'seasonal', 'no', 1);
INSERT INTO current_way_tags (way_id, k, v) VALUES (390, 'source:vertical_source_category', 'no_elevations');
INSERT INTO way_tags (way_id, k, v, version) VALUES (390, 'source:vertical_source_category', 'no_elevations', 1);
INSERT INTO current_way_tags (way_id, k, v) VALUES (390, 'source:name', 'very_high_resolution_commercial_monoscopic_imagery');
INSERT INTO way_tags (way_id, k, v, version) VALUES (390, 'source:name', 'very_high_resolution_commercial_monoscopic_imagery', 1);
INSERT INTO current_way_tags (way_id, k, v) VALUES (390, 'source:abs_horiz_accuracy', '25');
INSERT INTO way_tags (way_id, k, v, version) VALUES (390, 'source:abs_horiz_accuracy', '25', 1);
INSERT INTO current_way_tags (way_id, k, v) VALUES (390, 'surface', 'unpaved');
INSERT INTO way_tags (way_id, k, v, version) VALUES (390, 'surface', 'unpaved', 1);
INSERT INTO current_way_tags (way_id, k, v) VALUES (390, 'median', 'no');
INSERT INTO way_tags (way_id, k, v, version) VALUES (390, 'median', 'no', 1);
INSERT INTO current_way_tags (way_id, k, v) VALUES (390, 'source:copyright', '© 2010. Her Majesty the Queen in Right of Canada.');
INSERT INTO way_tags (way_id, k, v, version) VALUES (390, 'source:copyright', '© 2010. Her Majesty the Queen in Right of Canada.', 1);
INSERT INTO current_way_tags (way_id, k, v) VALUES (390, 'source:abs_vert_accuracy_eval', 'NA');
INSERT INTO way_tags (way_id, k, v, version) VALUES (390, 'source:abs_vert_accuracy_eval', 'NA', 1);
INSERT INTO current_way_tags (way_id, k, v) VALUES (390, 'source:description', 'IKONOS Imagery');
INSERT INTO way_tags (way_id, k, v, version) VALUES (390, 'source:description', 'IKONOS Imagery', 1);
INSERT INTO current_way_tags (way_id, k, v) VALUES (390, 'source:review_source_type', 'NA');
INSERT INTO way_tags (way_id, k, v, version) VALUES (390, 'source:review_source_type', 'NA', 1);
INSERT INTO current_way_tags (way_id, k, v) VALUES (390, 'REF2', 'todo');
INSERT INTO way_tags (way_id, k, v, version) VALUES (390, 'REF2', 'todo', 1);
INSERT INTO current_way_tags (way_id, k, v) VALUES (390, 'highway', 'road');
INSERT INTO way_tags (way_id, k, v, version) VALUES (390, 'highway', 'road', 1);
INSERT INTO current_way_tags (way_id, k, v) VALUES (390, 'source:datetime', '2016-09-29T18:41:47Z');
INSERT INTO way_tags (way_id, k, v, version) VALUES (390, 'source:datetime', '2016-09-29T18:41:47Z', 1);
INSERT INTO current_way_tags (way_id, k, v) VALUES (390, 'source:abs_horiz_accuracy_eval', 'emc_product_specification');
INSERT INTO way_tags (way_id, k, v, version) VALUES (390, 'source:abs_horiz_accuracy_eval', 'emc_product_specification', 1);
INSERT INTO current_way_tags (way_id, k, v) VALUES (390, 'source:abs_vert_accuracy', '-32765');
INSERT INTO way_tags (way_id, k, v, version) VALUES (390, 'source:abs_vert_accuracy', '-32765', 1);
INSERT INTO current_way_tags (way_id, k, v) VALUES (390, 'location', 'surface');
INSERT INTO way_tags (way_id, k, v, version) VALUES (390, 'location', 'surface', 1);
INSERT INTO way_nodes (way_id, node_id, version, sequence_id) VALUES (390, 4225, 1, 1);
INSERT INTO current_way_nodes (way_id, node_id, sequence_id) VALUES (390, 4225, 1);
INSERT INTO way_nodes (way_id, node_id, version, sequence_id) VALUES (390, 4160, 1, 2);
INSERT INTO current_way_nodes (way_id, node_id, sequence_id) VALUES (390, 4160, 2);
/* create way 391*/
INSERT INTO ways (way_id, changeset_id, visible, "timestamp", version) VALUES (391, 3, true, (now() at time zone 'utc'), 1);
INSERT INTO current_ways (id, changeset_id, visible, "timestamp", version) VALUES (391, 3, true, (now() at time zone 'utc'), 1);
INSERT INTO current_way_tags (way_id, k, v) VALUES (391, 'source:horiz_accuracy_cat', 'accurate');
INSERT INTO way_tags (way_id, k, v, version) VALUES (391, 'source:horiz_accuracy_cat', 'accurate', 1);
INSERT INTO current_way_tags (way_id, k, v) VALUES (391, 'status', 'functional');
INSERT INTO way_tags (way_id, k, v, version) VALUES (391, 'status', 'functional', 1);
INSERT INTO current_way_tags (way_id, k, v) VALUES (391, 'highway:min_width', '3');
INSERT INTO way_tags (way_id, k, v, version) VALUES (391, 'highway:min_width', '3', 1);
INSERT INTO current_way_tags (way_id, k, v) VALUES (391, 'source:date_time', '2010-01-13');
INSERT INTO way_tags (way_id, k, v, version) VALUES (391, 'source:date_time', '2010-01-13', 1);
INSERT INTO current_way_tags (way_id, k, v) VALUES (391, 'lanes', '1');
INSERT INTO way_tags (way_id, k, v, version) VALUES (391, 'lanes', '1', 1);
INSERT INTO current_way_tags (way_id, k, v) VALUES (391, 'seasonal', 'no');
INSERT INTO way_tags (way_id, k, v, version) VALUES (391, 'seasonal', 'no', 1);
INSERT INTO current_way_tags (way_id, k, v) VALUES (391, 'source:vertical_source_category', 'no_elevations');
INSERT INTO way_tags (way_id, k, v, version) VALUES (391, 'source:vertical_source_category', 'no_elevations', 1);
INSERT INTO current_way_tags (way_id, k, v) VALUES (391, 'source:name', 'very_high_resolution_commercial_monoscopic_imagery');
INSERT INTO way_tags (way_id, k, v, version) VALUES (391, 'source:name', 'very_high_resolution_commercial_monoscopic_imagery', 1);
INSERT INTO current_way_tags (way_id, k, v) VALUES (391, 'source:abs_horiz_accuracy', '25');
INSERT INTO way_tags (way_id, k, v, version) VALUES (391, 'source:abs_horiz_accuracy', '25', 1);
INSERT INTO current_way_tags (way_id, k, v) VALUES (391, 'surface', 'unpaved');
INSERT INTO way_tags (way_id, k, v, version) VALUES (391, 'surface', 'unpaved', 1);
INSERT INTO current_way_tags (way_id, k, v) VALUES (391, 'median', 'no');
INSERT INTO way_tags (way_id, k, v, version) VALUES (391, 'median', 'no', 1);
INSERT INTO current_way_tags (way_id, k, v) VALUES (391, 'source:copyright', '© 2010. Her Majesty the Queen in Right of Canada.');
INSERT INTO way_tags (way_id, k, v, version) VALUES (391, 'source:copyright', '© 2010. Her Majesty the Queen in Right of Canada.', 1);
INSERT INTO current_way_tags (way_id, k, v) VALUES (391, 'source:abs_vert_accuracy_eval', 'NA');
INSERT INTO way_tags (way_id, k, v, version) VALUES (391, 'source:abs_vert_accuracy_eval', 'NA', 1);
INSERT INTO current_way_tags (way_id, k, v) VALUES (391, 'source:description', 'IKONOS Imagery');
INSERT INTO way_tags (way_id, k, v, version) VALUES (391, 'source:description', 'IKONOS Imagery', 1);
INSERT INTO current_way_tags (way_id, k, v) VALUES (391, 'source:review_source_type', 'NA');
INSERT INTO way_tags (way_id, k, v, version) VALUES (391, 'source:review_source_type', 'NA', 1);
INSERT INTO current_way_tags (way_id, k, v) VALUES (391, 'REF2', 'todo');
INSERT INTO way_tags (way_id, k, v, version) VALUES (391, 'REF2', 'todo', 1);
INSERT INTO current_way_tags (way_id, k, v) VALUES (391, 'highway', 'road');
INSERT INTO way_tags (way_id, k, v, version) VALUES (391, 'highway', 'road', 1);
INSERT INTO current_way_tags (way_id, k, v) VALUES (391, 'source:datetime', '2016-09-29T18:41:47Z');
INSERT INTO way_tags (way_id, k, v, version) VALUES (391, 'source:datetime', '2016-09-29T18:41:47Z', 1);
INSERT INTO current_way_tags (way_id, k, v) VALUES (391, 'source:abs_horiz_accuracy_eval', 'emc_product_specification');
INSERT INTO way_tags (way_id, k, v, version) VALUES (391, 'source:abs_horiz_accuracy_eval', 'emc_product_specification', 1);
INSERT INTO current_way_tags (way_id, k, v) VALUES (391, 'source:abs_vert_accuracy', '-32765');
INSERT INTO way_tags (way_id, k, v, version) VALUES (391, 'source:abs_vert_accuracy', '-32765', 1);
INSERT INTO current_way_tags (way_id, k, v) VALUES (391, 'location', 'surface');
INSERT INTO way_tags (way_id, k, v, version) VALUES (391, 'location', 'surface', 1);
INSERT INTO way_nodes (way_id, node_id, version, sequence_id) VALUES (391, 4226, 1, 1);
INSERT INTO current_way_nodes (way_id, node_id, sequence_id) VALUES (391, 4226, 1);
INSERT INTO way_nodes (way_id, node_id, version, sequence_id) VALUES (391, 4224, 1, 2);
INSERT INTO current_way_nodes (way_id, node_id, sequence_id) VALUES (391, 4224, 2);
INSERT INTO way_nodes (way_id, node_id, version, sequence_id) VALUES (391, 4223, 1, 3);
INSERT INTO current_way_nodes (way_id, node_id, sequence_id) VALUES (391, 4223, 3);
INSERT INTO way_nodes (way_id, node_id, version, sequence_id) VALUES (391, 4222, 1, 4);
INSERT INTO current_way_nodes (way_id, node_id, sequence_id) VALUES (391, 4222, 4);
INSERT INTO way_nodes (way_id, node_id, version, sequence_id) VALUES (391, 4221, 1, 5);
INSERT INTO current_way_nodes (way_id, node_id, sequence_id) VALUES (391, 4221, 5);
INSERT INTO way_nodes (way_id, node_id, version, sequence_id) VALUES (391, 4220, 1, 6);
INSERT INTO current_way_nodes (way_id, node_id, sequence_id) VALUES (391, 4220, 6);
INSERT INTO way_nodes (way_id, node_id, version, sequence_id) VALUES (391, 4219, 1, 7);
INSERT INTO current_way_nodes (way_id, node_id, sequence_id) VALUES (391, 4219, 7);
INSERT INTO way_nodes (way_id, node_id, version, sequence_id) VALUES (391, 4218, 1, 8);
INSERT INTO current_way_nodes (way_id, node_id, sequence_id) VALUES (391, 4218, 8);
INSERT INTO way_nodes (way_id, node_id, version, sequence_id) VALUES (391, 4217, 1, 9);
INSERT INTO current_way_nodes (way_id, node_id, sequence_id) VALUES (391, 4217, 9);
INSERT INTO way_nodes (way_id, node_id, version, sequence_id) VALUES (391, 4216, 1, 10);
INSERT INTO current_way_nodes (way_id, node_id, sequence_id) VALUES (391, 4216, 10);
INSERT INTO way_nodes (way_id, node_id, version, sequence_id) VALUES (391, 4215, 1, 11);
INSERT INTO current_way_nodes (way_id, node_id, sequence_id) VALUES (391, 4215, 11);
INSERT INTO way_nodes (way_id, node_id, version, sequence_id) VALUES (391, 4214, 1, 12);
INSERT INTO current_way_nodes (way_id, node_id, sequence_id) VALUES (391, 4214, 12);
INSERT INTO way_nodes (way_id, node_id, version, sequence_id) VALUES (391, 4213, 1, 13);
INSERT INTO current_way_nodes (way_id, node_id, sequence_id) VALUES (391, 4213, 13);
INSERT INTO way_nodes (way_id, node_id, version, sequence_id) VALUES (391, 4212, 1, 14);
INSERT INTO current_way_nodes (way_id, node_id, sequence_id) VALUES (391, 4212, 14);
INSERT INTO way_nodes (way_id, node_id, version, sequence_id) VALUES (391, 4211, 1, 15);
INSERT INTO current_way_nodes (way_id, node_id, sequence_id) VALUES (391, 4211, 15);
INSERT INTO way_nodes (way_id, node_id, version, sequence_id) VALUES (391, 4210, 1, 16);
INSERT INTO current_way_nodes (way_id, node_id, sequence_id) VALUES (391, 4210, 16);
INSERT INTO way_nodes (way_id, node_id, version, sequence_id) VALUES (391, 4209, 1, 17);
INSERT INTO current_way_nodes (way_id, node_id, sequence_id) VALUES (391, 4209, 17);
INSERT INTO way_nodes (way_id, node_id, version, sequence_id) VALUES (391, 4208, 1, 18);
INSERT INTO current_way_nodes (way_id, node_id, sequence_id) VALUES (391, 4208, 18);
INSERT INTO way_nodes (way_id, node_id, version, sequence_id) VALUES (391, 4207, 1, 19);
INSERT INTO current_way_nodes (way_id, node_id, sequence_id) VALUES (391, 4207, 19);
INSERT INTO way_nodes (way_id, node_id, version, sequence_id) VALUES (391, 4206, 1, 20);
INSERT INTO current_way_nodes (way_id, node_id, sequence_id) VALUES (391, 4206, 20);
INSERT INTO way_nodes (way_id, node_id, version, sequence_id) VALUES (391, 4205, 1, 21);
INSERT INTO current_way_nodes (way_id, node_id, sequence_id) VALUES (391, 4205, 21);
INSERT INTO way_nodes (way_id, node_id, version, sequence_id) VALUES (391, 4204, 1, 22);
INSERT INTO current_way_nodes (way_id, node_id, sequence_id) VALUES (391, 4204, 22);
INSERT INTO way_nodes (way_id, node_id, version, sequence_id) VALUES (391, 4203, 1, 23);
INSERT INTO current_way_nodes (way_id, node_id, sequence_id) VALUES (391, 4203, 23);
INSERT INTO way_nodes (way_id, node_id, version, sequence_id) VALUES (391, 4202, 1, 24);
INSERT INTO current_way_nodes (way_id, node_id, sequence_id) VALUES (391, 4202, 24);
INSERT INTO way_nodes (way_id, node_id, version, sequence_id) VALUES (391, 4201, 1, 25);
INSERT INTO current_way_nodes (way_id, node_id, sequence_id) VALUES (391, 4201, 25);
INSERT INTO way_nodes (way_id, node_id, version, sequence_id) VALUES (391, 4200, 1, 26);
INSERT INTO current_way_nodes (way_id, node_id, sequence_id) VALUES (391, 4200, 26);
INSERT INTO way_nodes (way_id, node_id, version, sequence_id) VALUES (391, 4199, 1, 27);
INSERT INTO current_way_nodes (way_id, node_id, sequence_id) VALUES (391, 4199, 27);
INSERT INTO way_nodes (way_id, node_id, version, sequence_id) VALUES (391, 4198, 1, 28);
INSERT INTO current_way_nodes (way_id, node_id, sequence_id) VALUES (391, 4198, 28);
INSERT INTO way_nodes (way_id, node_id, version, sequence_id) VALUES (391, 4197, 1, 29);
INSERT INTO current_way_nodes (way_id, node_id, sequence_id) VALUES (391, 4197, 29);
INSERT INTO way_nodes (way_id, node_id, version, sequence_id) VALUES (391, 4196, 1, 30);
INSERT INTO current_way_nodes (way_id, node_id, sequence_id) VALUES (391, 4196, 30);
INSERT INTO way_nodes (way_id, node_id, version, sequence_id) VALUES (391, 4195, 1, 31);
INSERT INTO current_way_nodes (way_id, node_id, sequence_id) VALUES (391, 4195, 31);
INSERT INTO way_nodes (way_id, node_id, version, sequence_id) VALUES (391, 4194, 1, 32);
INSERT INTO current_way_nodes (way_id, node_id, sequence_id) VALUES (391, 4194, 32);
INSERT INTO way_nodes (way_id, node_id, version, sequence_id) VALUES (391, 4193, 1, 33);
INSERT INTO current_way_nodes (way_id, node_id, sequence_id) VALUES (391, 4193, 33);
INSERT INTO way_nodes (way_id, node_id, version, sequence_id) VALUES (391, 4192, 1, 34);
INSERT INTO current_way_nodes (way_id, node_id, sequence_id) VALUES (391, 4192, 34);
INSERT INTO way_nodes (way_id, node_id, version, sequence_id) VALUES (391, 4191, 1, 35);
INSERT INTO current_way_nodes (way_id, node_id, sequence_id) VALUES (391, 4191, 35);
INSERT INTO way_nodes (way_id, node_id, version, sequence_id) VALUES (391, 4190, 1, 36);
INSERT INTO current_way_nodes (way_id, node_id, sequence_id) VALUES (391, 4190, 36);
INSERT INTO way_nodes (way_id, node_id, version, sequence_id) VALUES (391, 4189, 1, 37);
INSERT INTO current_way_nodes (way_id, node_id, sequence_id) VALUES (391, 4189, 37);
INSERT INTO way_nodes (way_id, node_id, version, sequence_id) VALUES (391, 4188, 1, 38);
INSERT INTO current_way_nodes (way_id, node_id, sequence_id) VALUES (391, 4188, 38);
INSERT INTO way_nodes (way_id, node_id, version, sequence_id) VALUES (391, 4187, 1, 39);
INSERT INTO current_way_nodes (way_id, node_id, sequence_id) VALUES (391, 4187, 39);
INSERT INTO way_nodes (way_id, node_id, version, sequence_id) VALUES (391, 4186, 1, 40);
INSERT INTO current_way_nodes (way_id, node_id, sequence_id) VALUES (391, 4186, 40);
INSERT INTO way_nodes (way_id, node_id, version, sequence_id) VALUES (391, 4185, 1, 41);
INSERT INTO current_way_nodes (way_id, node_id, sequence_id) VALUES (391, 4185, 41);
INSERT INTO way_nodes (way_id, node_id, version, sequence_id) VALUES (391, 4184, 1, 42);
INSERT INTO current_way_nodes (way_id, node_id, sequence_id) VALUES (391, 4184, 42);
INSERT INTO way_nodes (way_id, node_id, version, sequence_id) VALUES (391, 4183, 1, 43);
INSERT INTO current_way_nodes (way_id, node_id, sequence_id) VALUES (391, 4183, 43);
INSERT INTO way_nodes (way_id, node_id, version, sequence_id) VALUES (391, 4182, 1, 44);
INSERT INTO current_way_nodes (way_id, node_id, sequence_id) VALUES (391, 4182, 44);
INSERT INTO way_nodes (way_id, node_id, version, sequence_id) VALUES (391, 4181, 1, 45);
INSERT INTO current_way_nodes (way_id, node_id, sequence_id) VALUES (391, 4181, 45);
INSERT INTO way_nodes (way_id, node_id, version, sequence_id) VALUES (391, 4180, 1, 46);
INSERT INTO current_way_nodes (way_id, node_id, sequence_id) VALUES (391, 4180, 46);
INSERT INTO way_nodes (way_id, node_id, version, sequence_id) VALUES (391, 4179, 1, 47);
INSERT INTO current_way_nodes (way_id, node_id, sequence_id) VALUES (391, 4179, 47);
INSERT INTO way_nodes (way_id, node_id, version, sequence_id) VALUES (391, 4178, 1, 48);
INSERT INTO current_way_nodes (way_id, node_id, sequence_id) VALUES (391, 4178, 48);
INSERT INTO way_nodes (way_id, node_id, version, sequence_id) VALUES (391, 4177, 1, 49);
INSERT INTO current_way_nodes (way_id, node_id, sequence_id) VALUES (391, 4177, 49);
INSERT INTO way_nodes (way_id, node_id, version, sequence_id) VALUES (391, 4176, 1, 50);
INSERT INTO current_way_nodes (way_id, node_id, sequence_id) VALUES (391, 4176, 50);
INSERT INTO way_nodes (way_id, node_id, version, sequence_id) VALUES (391, 4175, 1, 51);
INSERT INTO current_way_nodes (way_id, node_id, sequence_id) VALUES (391, 4175, 51);
INSERT INTO way_nodes (way_id, node_id, version, sequence_id) VALUES (391, 4174, 1, 52);
INSERT INTO current_way_nodes (way_id, node_id, sequence_id) VALUES (391, 4174, 52);
INSERT INTO way_nodes (way_id, node_id, version, sequence_id) VALUES (391, 4173, 1, 53);
INSERT INTO current_way_nodes (way_id, node_id, sequence_id) VALUES (391, 4173, 53);
INSERT INTO way_nodes (way_id, node_id, version, sequence_id) VALUES (391, 4172, 1, 54);
INSERT INTO current_way_nodes (way_id, node_id, sequence_id) VALUES (391, 4172, 54);
INSERT INTO way_nodes (way_id, node_id, version, sequence_id) VALUES (391, 4171, 1, 55);
INSERT INTO current_way_nodes (way_id, node_id, sequence_id) VALUES (391, 4171, 55);
INSERT INTO way_nodes (way_id, node_id, version, sequence_id) VALUES (391, 4170, 1, 56);
INSERT INTO current_way_nodes (way_id, node_id, sequence_id) VALUES (391, 4170, 56);
INSERT INTO way_nodes (way_id, node_id, version, sequence_id) VALUES (391, 4169, 1, 57);
INSERT INTO current_way_nodes (way_id, node_id, sequence_id) VALUES (391, 4169, 57);
INSERT INTO way_nodes (way_id, node_id, version, sequence_id) VALUES (391, 4168, 1, 58);
INSERT INTO current_way_nodes (way_id, node_id, sequence_id) VALUES (391, 4168, 58);
INSERT INTO way_nodes (way_id, node_id, version, sequence_id) VALUES (391, 4167, 1, 59);
INSERT INTO current_way_nodes (way_id, node_id, sequence_id) VALUES (391, 4167, 59);
INSERT INTO way_nodes (way_id, node_id, version, sequence_id) VALUES (391, 4166, 1, 60);
INSERT INTO current_way_nodes (way_id, node_id, sequence_id) VALUES (391, 4166, 60);
INSERT INTO way_nodes (way_id, node_id, version, sequence_id) VALUES (391, 4165, 1, 61);
INSERT INTO current_way_nodes (way_id, node_id, sequence_id) VALUES (391, 4165, 61);
INSERT INTO way_nodes (way_id, node_id, version, sequence_id) VALUES (391, 4164, 1, 62);
INSERT INTO current_way_nodes (way_id, node_id, sequence_id) VALUES (391, 4164, 62);
INSERT INTO way_nodes (way_id, node_id, version, sequence_id) VALUES (391, 4163, 1, 63);
INSERT INTO current_way_nodes (way_id, node_id, sequence_id) VALUES (391, 4163, 63);
INSERT INTO way_nodes (way_id, node_id, version, sequence_id) VALUES (391, 4162, 1, 64);
INSERT INTO current_way_nodes (way_id, node_id, sequence_id) VALUES (391, 4162, 64);
INSERT INTO way_nodes (way_id, node_id, version, sequence_id) VALUES (391, 4161, 1, 65);
INSERT INTO current_way_nodes (way_id, node_id, sequence_id) VALUES (391, 4161, 65);
INSERT INTO way_nodes (way_id, node_id, version, sequence_id) VALUES (391, 577, 1, 66);
INSERT INTO current_way_nodes (way_id, node_id, sequence_id) VALUES (391, 577, 66);
/* create way 392*/
INSERT INTO ways (way_id, changeset_id, visible, "timestamp", version) VALUES (392, 3, true, (now() at time zone 'utc'), 1);
INSERT INTO current_ways (id, changeset_id, visible, "timestamp", version) VALUES (392, 3, true, (now() at time zone 'utc'), 1);
INSERT INTO current_way_tags (way_id, k, v) VALUES (392, 'source', 'geoeye');
INSERT INTO way_tags (way_id, k, v, version) VALUES (392, 'source', 'geoeye', 1);
INSERT INTO current_way_tags (way_id, k, v) VALUES (392, 'highway', 'path');
INSERT INTO way_tags (way_id, k, v, version) VALUES (392, 'highway', 'path', 1);
INSERT INTO current_way_tags (way_id, k, v) VALUES (392, 'source:datetime', '2010-01-18T18:46:23.000Z');
INSERT INTO way_tags (way_id, k, v, version) VALUES (392, 'source:datetime', '2010-01-18T18:46:23.000Z', 1);
INSERT INTO way_nodes (way_id, node_id, version, sequence_id) VALUES (392, 577, 1, 1);
INSERT INTO current_way_nodes (way_id, node_id, sequence_id) VALUES (392, 577, 1);
INSERT INTO way_nodes (way_id, node_id, version, sequence_id) VALUES (392, 578, 1, 2);
INSERT INTO current_way_nodes (way_id, node_id, sequence_id) VALUES (392, 578, 2);
INSERT INTO way_nodes (way_id, node_id, version, sequence_id) VALUES (392, 579, 1, 3);
INSERT INTO current_way_nodes (way_id, node_id, sequence_id) VALUES (392, 579, 3);
INSERT INTO way_nodes (way_id, node_id, version, sequence_id) VALUES (392, 580, 1, 4);
INSERT INTO current_way_nodes (way_id, node_id, sequence_id) VALUES (392, 580, 4);
INSERT INTO way_nodes (way_id, node_id, version, sequence_id) VALUES (392, 581, 1, 5);
INSERT INTO current_way_nodes (way_id, node_id, sequence_id) VALUES (392, 581, 5);
INSERT INTO way_nodes (way_id, node_id, version, sequence_id) VALUES (392, 582, 1, 6);
INSERT INTO current_way_nodes (way_id, node_id, sequence_id) VALUES (392, 582, 6);
INSERT INTO way_nodes (way_id, node_id, version, sequence_id) VALUES (392, 583, 1, 7);
INSERT INTO current_way_nodes (way_id, node_id, sequence_id) VALUES (392, 583, 7);
INSERT INTO way_nodes (way_id, node_id, version, sequence_id) VALUES (392, 584, 1, 8);
INSERT INTO current_way_nodes (way_id, node_id, sequence_id) VALUES (392, 584, 8);
INSERT INTO way_nodes (way_id, node_id, version, sequence_id) VALUES (392, 585, 1, 9);
INSERT INTO current_way_nodes (way_id, node_id, sequence_id) VALUES (392, 585, 9);
INSERT INTO way_nodes (way_id, node_id, version, sequence_id) VALUES (392, 586, 1, 10);
INSERT INTO current_way_nodes (way_id, node_id, sequence_id) VALUES (392, 586, 10);
INSERT INTO way_nodes (way_id, node_id, version, sequence_id) VALUES (392, 608, 1, 11);
INSERT INTO current_way_nodes (way_id, node_id, sequence_id) VALUES (392, 608, 11);
INSERT INTO way_nodes (way_id, node_id, version, sequence_id) VALUES (392, 609, 1, 12);
INSERT INTO current_way_nodes (way_id, node_id, sequence_id) VALUES (392, 609, 12);
INSERT INTO way_nodes (way_id, node_id, version, sequence_id) VALUES (392, 610, 1, 13);
INSERT INTO current_way_nodes (way_id, node_id, sequence_id) VALUES (392, 610, 13);
INSERT INTO way_nodes (way_id, node_id, version, sequence_id) VALUES (392, 612, 1, 14);
INSERT INTO current_way_nodes (way_id, node_id, sequence_id) VALUES (392, 612, 14);
INSERT INTO way_nodes (way_id, node_id, version, sequence_id) VALUES (392, 613, 1, 15);
INSERT INTO current_way_nodes (way_id, node_id, sequence_id) VALUES (392, 613, 15);
INSERT INTO way_nodes (way_id, node_id, version, sequence_id) VALUES (392, 614, 1, 16);
INSERT INTO current_way_nodes (way_id, node_id, sequence_id) VALUES (392, 614, 16);
INSERT INTO way_nodes (way_id, node_id, version, sequence_id) VALUES (392, 611, 1, 17);
INSERT INTO current_way_nodes (way_id, node_id, sequence_id) VALUES (392, 611, 17);
/* create way 393*/
INSERT INTO ways (way_id, changeset_id, visible, "timestamp", version) VALUES (393, 3, true, (now() at time zone 'utc'), 1);
INSERT INTO current_ways (id, changeset_id, visible, "timestamp", version) VALUES (393, 3, true, (now() at time zone 'utc'), 1);
INSERT INTO current_way_tags (way_id, k, v) VALUES (393, 'source', 'geoeye');
INSERT INTO way_tags (way_id, k, v, version) VALUES (393, 'source', 'geoeye', 1);
INSERT INTO current_way_tags (way_id, k, v) VALUES (393, 'highway', 'path');
INSERT INTO way_tags (way_id, k, v, version) VALUES (393, 'highway', 'path', 1);
INSERT INTO current_way_tags (way_id, k, v) VALUES (393, 'source:datetime', '2010-01-18T18:46:23.000Z');
INSERT INTO way_tags (way_id, k, v, version) VALUES (393, 'source:datetime', '2010-01-18T18:46:23.000Z', 1);
INSERT INTO way_nodes (way_id, node_id, version, sequence_id) VALUES (393, 445, 1, 1);
INSERT INTO current_way_nodes (way_id, node_id, sequence_id) VALUES (393, 445, 1);
INSERT INTO way_nodes (way_id, node_id, version, sequence_id) VALUES (393, 452, 1, 2);
INSERT INTO current_way_nodes (way_id, node_id, sequence_id) VALUES (393, 452, 2);
INSERT INTO way_nodes (way_id, node_id, version, sequence_id) VALUES (393, 466, 1, 3);
INSERT INTO current_way_nodes (way_id, node_id, sequence_id) VALUES (393, 466, 3);
INSERT INTO way_nodes (way_id, node_id, version, sequence_id) VALUES (393, 467, 1, 4);
INSERT INTO current_way_nodes (way_id, node_id, sequence_id) VALUES (393, 467, 4);
INSERT INTO way_nodes (way_id, node_id, version, sequence_id) VALUES (393, 469, 1, 5);
INSERT INTO current_way_nodes (way_id, node_id, sequence_id) VALUES (393, 469, 5);
INSERT INTO way_nodes (way_id, node_id, version, sequence_id) VALUES (393, 470, 1, 6);
INSERT INTO current_way_nodes (way_id, node_id, sequence_id) VALUES (393, 470, 6);
INSERT INTO way_nodes (way_id, node_id, version, sequence_id) VALUES (393, 472, 1, 7);
INSERT INTO current_way_nodes (way_id, node_id, sequence_id) VALUES (393, 472, 7);
INSERT INTO way_nodes (way_id, node_id, version, sequence_id) VALUES (393, 474, 1, 8);
INSERT INTO current_way_nodes (way_id, node_id, sequence_id) VALUES (393, 474, 8);
INSERT INTO way_nodes (way_id, node_id, version, sequence_id) VALUES (393, 475, 1, 9);
INSERT INTO current_way_nodes (way_id, node_id, sequence_id) VALUES (393, 475, 9);
INSERT INTO way_nodes (way_id, node_id, version, sequence_id) VALUES (393, 477, 1, 10);
INSERT INTO current_way_nodes (way_id, node_id, sequence_id) VALUES (393, 477, 10);
INSERT INTO way_nodes (way_id, node_id, version, sequence_id) VALUES (393, 478, 1, 11);
INSERT INTO current_way_nodes (way_id, node_id, sequence_id) VALUES (393, 478, 11);
INSERT INTO way_nodes (way_id, node_id, version, sequence_id) VALUES (393, 480, 1, 12);
INSERT INTO current_way_nodes (way_id, node_id, sequence_id) VALUES (393, 480, 12);
INSERT INTO way_nodes (way_id, node_id, version, sequence_id) VALUES (393, 482, 1, 13);
INSERT INTO current_way_nodes (way_id, node_id, sequence_id) VALUES (393, 482, 13);
INSERT INTO way_nodes (way_id, node_id, version, sequence_id) VALUES (393, 483, 1, 14);
INSERT INTO current_way_nodes (way_id, node_id, sequence_id) VALUES (393, 483, 14);
INSERT INTO way_nodes (way_id, node_id, version, sequence_id) VALUES (393, 485, 1, 15);
INSERT INTO current_way_nodes (way_id, node_id, sequence_id) VALUES (393, 485, 15);
INSERT INTO way_nodes (way_id, node_id, version, sequence_id) VALUES (393, 487, 1, 16);
INSERT INTO current_way_nodes (way_id, node_id, sequence_id) VALUES (393, 487, 16);
INSERT INTO way_nodes (way_id, node_id, version, sequence_id) VALUES (393, 439, 1, 17);
INSERT INTO current_way_nodes (way_id, node_id, sequence_id) VALUES (393, 439, 17);
INSERT INTO way_nodes (way_id, node_id, version, sequence_id) VALUES (393, 521, 1, 18);
INSERT INTO current_way_nodes (way_id, node_id, sequence_id) VALUES (393, 521, 18);
INSERT INTO way_nodes (way_id, node_id, version, sequence_id) VALUES (393, 489, 1, 19);
INSERT INTO current_way_nodes (way_id, node_id, sequence_id) VALUES (393, 489, 19);
INSERT INTO way_nodes (way_id, node_id, version, sequence_id) VALUES (393, 490, 1, 20);
INSERT INTO current_way_nodes (way_id, node_id, sequence_id) VALUES (393, 490, 20);
INSERT INTO way_nodes (way_id, node_id, version, sequence_id) VALUES (393, 493, 1, 21);
INSERT INTO current_way_nodes (way_id, node_id, sequence_id) VALUES (393, 493, 21);
INSERT INTO way_nodes (way_id, node_id, version, sequence_id) VALUES (393, 494, 1, 22);
INSERT INTO current_way_nodes (way_id, node_id, sequence_id) VALUES (393, 494, 22);
INSERT INTO way_nodes (way_id, node_id, version, sequence_id) VALUES (393, 496, 1, 23);
INSERT INTO current_way_nodes (way_id, node_id, sequence_id) VALUES (393, 496, 23);
INSERT INTO way_nodes (way_id, node_id, version, sequence_id) VALUES (393, 497, 1, 24);
INSERT INTO current_way_nodes (way_id, node_id, sequence_id) VALUES (393, 497, 24);
INSERT INTO way_nodes (way_id, node_id, version, sequence_id) VALUES (393, 499, 1, 25);
INSERT INTO current_way_nodes (way_id, node_id, sequence_id) VALUES (393, 499, 25);
INSERT INTO way_nodes (way_id, node_id, version, sequence_id) VALUES (393, 501, 1, 26);
INSERT INTO current_way_nodes (way_id, node_id, sequence_id) VALUES (393, 501, 26);
INSERT INTO way_nodes (way_id, node_id, version, sequence_id) VALUES (393, 503, 1, 27);
INSERT INTO current_way_nodes (way_id, node_id, sequence_id) VALUES (393, 503, 27);
INSERT INTO way_nodes (way_id, node_id, version, sequence_id) VALUES (393, 504, 1, 28);
INSERT INTO current_way_nodes (way_id, node_id, sequence_id) VALUES (393, 504, 28);
INSERT INTO way_nodes (way_id, node_id, version, sequence_id) VALUES (393, 506, 1, 29);
INSERT INTO current_way_nodes (way_id, node_id, sequence_id) VALUES (393, 506, 29);
INSERT INTO way_nodes (way_id, node_id, version, sequence_id) VALUES (393, 4225, 1, 30);
INSERT INTO current_way_nodes (way_id, node_id, sequence_id) VALUES (393, 4225, 30);
UPDATE changesets SET min_lat=185274010, max_lat=185388103, min_lon=-724805939, max_lon=-724757657, num_changes=72 WHERE id=3;
