INSERT INTO changesets (id, user_id, created_at, closed_at) VALUES (3, 1, (now() at time zone 'utc'), (now() at time zone 'utc'));
INSERT INTO changeset_tags (changeset_id, k, v) VALUES (3, 'written_by', 'Hootenanny');
/* create node 4336*/
INSERT INTO nodes (node_id, latitude, longitude, changeset_id, visible, "timestamp", tile, version) VALUES (4336, 388865440, -770503539, 3, true, (now() at time zone 'utc'), 1704401523, 1);
INSERT INTO current_nodes (id, latitude, longitude, changeset_id, visible, "timestamp", tile, version) VALUES (4336, 388865440, -770503539, 3, true, (now() at time zone 'utc'), 1704401523, 1);
INSERT INTO current_node_tags (node_id, k, v) VALUES (4336, 'hoot:id', '4336');
INSERT INTO node_tags (node_id, k, v, version) VALUES (4336, 'hoot:id', '4336', 1);
INSERT INTO current_node_tags (node_id, k, v) VALUES (4336, 'hoot:status', '2');
INSERT INTO node_tags (node_id, k, v, version) VALUES (4336, 'hoot:status', '2', 1);
/* create node 4337*/
INSERT INTO nodes (node_id, latitude, longitude, changeset_id, visible, "timestamp", tile, version) VALUES (4337, 388865880, -770503849, 3, true, (now() at time zone 'utc'), 1704401523, 1);
INSERT INTO current_nodes (id, latitude, longitude, changeset_id, visible, "timestamp", tile, version) VALUES (4337, 388865880, -770503849, 3, true, (now() at time zone 'utc'), 1704401523, 1);
INSERT INTO current_node_tags (node_id, k, v) VALUES (4337, 'hoot:id', '4337');
INSERT INTO node_tags (node_id, k, v, version) VALUES (4337, 'hoot:id', '4337', 1);
INSERT INTO current_node_tags (node_id, k, v) VALUES (4337, 'hoot:status', '2');
INSERT INTO node_tags (node_id, k, v, version) VALUES (4337, 'hoot:status', '2', 1);
/* create node 4338*/
INSERT INTO nodes (node_id, latitude, longitude, changeset_id, visible, "timestamp", tile, version) VALUES (4338, 388866080, -770503919, 3, true, (now() at time zone 'utc'), 1704401523, 1);
INSERT INTO current_nodes (id, latitude, longitude, changeset_id, visible, "timestamp", tile, version) VALUES (4338, 388866080, -770503919, 3, true, (now() at time zone 'utc'), 1704401523, 1);
INSERT INTO current_node_tags (node_id, k, v) VALUES (4338, 'hoot:id', '4338');
INSERT INTO node_tags (node_id, k, v, version) VALUES (4338, 'hoot:id', '4338', 1);
INSERT INTO current_node_tags (node_id, k, v) VALUES (4338, 'hoot:status', '2');
INSERT INTO node_tags (node_id, k, v, version) VALUES (4338, 'hoot:status', '2', 1);
/* create node 4339*/
INSERT INTO nodes (node_id, latitude, longitude, changeset_id, visible, "timestamp", tile, version) VALUES (4339, 388866290, -770503949, 3, true, (now() at time zone 'utc'), 1704401523, 1);
INSERT INTO current_nodes (id, latitude, longitude, changeset_id, visible, "timestamp", tile, version) VALUES (4339, 388866290, -770503949, 3, true, (now() at time zone 'utc'), 1704401523, 1);
INSERT INTO current_node_tags (node_id, k, v) VALUES (4339, 'hoot:id', '4339');
INSERT INTO node_tags (node_id, k, v, version) VALUES (4339, 'hoot:id', '4339', 1);
INSERT INTO current_node_tags (node_id, k, v) VALUES (4339, 'hoot:status', '2');
INSERT INTO node_tags (node_id, k, v, version) VALUES (4339, 'hoot:status', '2', 1);
/* create node 4340*/
INSERT INTO nodes (node_id, latitude, longitude, changeset_id, visible, "timestamp", tile, version) VALUES (4340, 388866700, -770503909, 3, true, (now() at time zone 'utc'), 1704401523, 1);
INSERT INTO current_nodes (id, latitude, longitude, changeset_id, visible, "timestamp", tile, version) VALUES (4340, 388866700, -770503909, 3, true, (now() at time zone 'utc'), 1704401523, 1);
INSERT INTO current_node_tags (node_id, k, v) VALUES (4340, 'hoot:id', '4340');
INSERT INTO node_tags (node_id, k, v, version) VALUES (4340, 'hoot:id', '4340', 1);
INSERT INTO current_node_tags (node_id, k, v) VALUES (4340, 'hoot:status', '2');
INSERT INTO node_tags (node_id, k, v, version) VALUES (4340, 'hoot:status', '2', 1);
/* create node 4341*/
INSERT INTO nodes (node_id, latitude, longitude, changeset_id, visible, "timestamp", tile, version) VALUES (4341, 388867170, -770503689, 3, true, (now() at time zone 'utc'), 1704401526, 1);
INSERT INTO current_nodes (id, latitude, longitude, changeset_id, visible, "timestamp", tile, version) VALUES (4341, 388867170, -770503689, 3, true, (now() at time zone 'utc'), 1704401526, 1);
INSERT INTO current_node_tags (node_id, k, v) VALUES (4341, 'hoot:id', '4341');
INSERT INTO node_tags (node_id, k, v, version) VALUES (4341, 'hoot:id', '4341', 1);
INSERT INTO current_node_tags (node_id, k, v) VALUES (4341, 'hoot:status', '2');
INSERT INTO node_tags (node_id, k, v, version) VALUES (4341, 'hoot:status', '2', 1);
/* create node 4342*/
INSERT INTO nodes (node_id, latitude, longitude, changeset_id, visible, "timestamp", tile, version) VALUES (4342, 388869510, -770502459, 3, true, (now() at time zone 'utc'), 1704401526, 1);
INSERT INTO current_nodes (id, latitude, longitude, changeset_id, visible, "timestamp", tile, version) VALUES (4342, 388869510, -770502459, 3, true, (now() at time zone 'utc'), 1704401526, 1);
INSERT INTO current_node_tags (node_id, k, v) VALUES (4342, 'hoot:id', '4342');
INSERT INTO node_tags (node_id, k, v, version) VALUES (4342, 'hoot:id', '4342', 1);
INSERT INTO current_node_tags (node_id, k, v) VALUES (4342, 'hoot:status', '2');
INSERT INTO node_tags (node_id, k, v, version) VALUES (4342, 'hoot:status', '2', 1);
/* create node 4343*/
INSERT INTO nodes (node_id, latitude, longitude, changeset_id, visible, "timestamp", tile, version) VALUES (4343, 388870460, -770502109, 3, true, (now() at time zone 'utc'), 1704401526, 1);
INSERT INTO current_nodes (id, latitude, longitude, changeset_id, visible, "timestamp", tile, version) VALUES (4343, 388870460, -770502109, 3, true, (now() at time zone 'utc'), 1704401526, 1);
INSERT INTO current_node_tags (node_id, k, v) VALUES (4343, 'hoot:id', '4343');
INSERT INTO node_tags (node_id, k, v, version) VALUES (4343, 'hoot:id', '4343', 1);
INSERT INTO current_node_tags (node_id, k, v) VALUES (4343, 'hoot:status', '2');
INSERT INTO node_tags (node_id, k, v, version) VALUES (4343, 'hoot:status', '2', 1);
/* create node 4345*/
INSERT INTO nodes (node_id, latitude, longitude, changeset_id, visible, "timestamp", tile, version) VALUES (4345, 388876010, -770502419, 3, true, (now() at time zone 'utc'), 1704401526, 1);
INSERT INTO current_nodes (id, latitude, longitude, changeset_id, visible, "timestamp", tile, version) VALUES (4345, 388876010, -770502419, 3, true, (now() at time zone 'utc'), 1704401526, 1);
INSERT INTO current_node_tags (node_id, k, v) VALUES (4345, 'hoot:id', '4345');
INSERT INTO node_tags (node_id, k, v, version) VALUES (4345, 'hoot:id', '4345', 1);
INSERT INTO current_node_tags (node_id, k, v) VALUES (4345, 'hoot:status', '2');
INSERT INTO node_tags (node_id, k, v, version) VALUES (4345, 'hoot:status', '2', 1);
/* create node 4346*/
INSERT INTO nodes (node_id, latitude, longitude, changeset_id, visible, "timestamp", tile, version) VALUES (4346, 388881170, -770502409, 3, true, (now() at time zone 'utc'), 1704401526, 1);
INSERT INTO current_nodes (id, latitude, longitude, changeset_id, visible, "timestamp", tile, version) VALUES (4346, 388881170, -770502409, 3, true, (now() at time zone 'utc'), 1704401526, 1);
INSERT INTO current_node_tags (node_id, k, v) VALUES (4346, 'hoot:id', '4346');
INSERT INTO node_tags (node_id, k, v, version) VALUES (4346, 'hoot:id', '4346', 1);
INSERT INTO current_node_tags (node_id, k, v) VALUES (4346, 'hoot:status', '2');
INSERT INTO node_tags (node_id, k, v, version) VALUES (4346, 'hoot:status', '2', 1);
/* create node 4347*/
INSERT INTO nodes (node_id, latitude, longitude, changeset_id, visible, "timestamp", tile, version) VALUES (4347, 388881680, -770502459, 3, true, (now() at time zone 'utc'), 1704401526, 1);
INSERT INTO current_nodes (id, latitude, longitude, changeset_id, visible, "timestamp", tile, version) VALUES (4347, 388881680, -770502459, 3, true, (now() at time zone 'utc'), 1704401526, 1);
INSERT INTO current_node_tags (node_id, k, v) VALUES (4347, 'hoot:id', '4347');
INSERT INTO node_tags (node_id, k, v, version) VALUES (4347, 'hoot:id', '4347', 1);
INSERT INTO current_node_tags (node_id, k, v) VALUES (4347, 'hoot:status', '2');
INSERT INTO node_tags (node_id, k, v, version) VALUES (4347, 'hoot:status', '2', 1);
/* create node 4348*/
INSERT INTO nodes (node_id, latitude, longitude, changeset_id, visible, "timestamp", tile, version) VALUES (4348, 388882130, -770502829, 3, true, (now() at time zone 'utc'), 1704401526, 1);
INSERT INTO current_nodes (id, latitude, longitude, changeset_id, visible, "timestamp", tile, version) VALUES (4348, 388882130, -770502829, 3, true, (now() at time zone 'utc'), 1704401526, 1);
INSERT INTO current_node_tags (node_id, k, v) VALUES (4348, 'hoot:id', '4348');
INSERT INTO node_tags (node_id, k, v, version) VALUES (4348, 'hoot:id', '4348', 1);
INSERT INTO current_node_tags (node_id, k, v) VALUES (4348, 'hoot:status', '2');
INSERT INTO node_tags (node_id, k, v, version) VALUES (4348, 'hoot:status', '2', 1);
/* create node 4349*/
INSERT INTO nodes (node_id, latitude, longitude, changeset_id, visible, "timestamp", tile, version) VALUES (4349, 388882550, -770503559, 3, true, (now() at time zone 'utc'), 1704401526, 1);
INSERT INTO current_nodes (id, latitude, longitude, changeset_id, visible, "timestamp", tile, version) VALUES (4349, 388882550, -770503559, 3, true, (now() at time zone 'utc'), 1704401526, 1);
INSERT INTO current_node_tags (node_id, k, v) VALUES (4349, 'hoot:id', '4349');
INSERT INTO node_tags (node_id, k, v, version) VALUES (4349, 'hoot:id', '4349', 1);
INSERT INTO current_node_tags (node_id, k, v) VALUES (4349, 'hoot:status', '2');
INSERT INTO node_tags (node_id, k, v, version) VALUES (4349, 'hoot:status', '2', 1);
/* create node 4350*/
INSERT INTO nodes (node_id, latitude, longitude, changeset_id, visible, "timestamp", tile, version) VALUES (4350, 388883720, -770507599, 3, true, (now() at time zone 'utc'), 1704401526, 1);
INSERT INTO current_nodes (id, latitude, longitude, changeset_id, visible, "timestamp", tile, version) VALUES (4350, 388883720, -770507599, 3, true, (now() at time zone 'utc'), 1704401526, 1);
INSERT INTO current_node_tags (node_id, k, v) VALUES (4350, 'hoot:id', '4350');
INSERT INTO node_tags (node_id, k, v, version) VALUES (4350, 'hoot:id', '4350', 1);
INSERT INTO current_node_tags (node_id, k, v) VALUES (4350, 'hoot:status', '2');
INSERT INTO node_tags (node_id, k, v, version) VALUES (4350, 'hoot:status', '2', 1);
/* create node 4400*/
INSERT INTO nodes (node_id, latitude, longitude, changeset_id, visible, "timestamp", tile, version) VALUES (4400, 388905700, -770520909, 3, true, (now() at time zone 'utc'), 1704401527, 1);
INSERT INTO current_nodes (id, latitude, longitude, changeset_id, visible, "timestamp", tile, version) VALUES (4400, 388905700, -770520909, 3, true, (now() at time zone 'utc'), 1704401527, 1);
INSERT INTO current_node_tags (node_id, k, v) VALUES (4400, 'hoot:id', '4400');
INSERT INTO node_tags (node_id, k, v, version) VALUES (4400, 'hoot:id', '4400', 1);
INSERT INTO current_node_tags (node_id, k, v) VALUES (4400, 'hoot:status', '2');
INSERT INTO node_tags (node_id, k, v, version) VALUES (4400, 'hoot:status', '2', 1);
/* create node 4401*/
INSERT INTO nodes (node_id, latitude, longitude, changeset_id, visible, "timestamp", tile, version) VALUES (4401, 388906650, -770520479, 3, true, (now() at time zone 'utc'), 1704401527, 1);
INSERT INTO current_nodes (id, latitude, longitude, changeset_id, visible, "timestamp", tile, version) VALUES (4401, 388906650, -770520479, 3, true, (now() at time zone 'utc'), 1704401527, 1);
INSERT INTO current_node_tags (node_id, k, v) VALUES (4401, 'hoot:id', '4401');
INSERT INTO node_tags (node_id, k, v, version) VALUES (4401, 'hoot:id', '4401', 1);
INSERT INTO current_node_tags (node_id, k, v) VALUES (4401, 'hoot:status', '2');
INSERT INTO node_tags (node_id, k, v, version) VALUES (4401, 'hoot:status', '2', 1);
/* create node 4402*/
INSERT INTO nodes (node_id, latitude, longitude, changeset_id, visible, "timestamp", tile, version) VALUES (4402, 388907400, -770520169, 3, true, (now() at time zone 'utc'), 1704401527, 1);
INSERT INTO current_nodes (id, latitude, longitude, changeset_id, visible, "timestamp", tile, version) VALUES (4402, 388907400, -770520169, 3, true, (now() at time zone 'utc'), 1704401527, 1);
INSERT INTO current_node_tags (node_id, k, v) VALUES (4402, 'hoot:id', '4402');
INSERT INTO node_tags (node_id, k, v, version) VALUES (4402, 'hoot:id', '4402', 1);
INSERT INTO current_node_tags (node_id, k, v) VALUES (4402, 'hoot:status', '2');
INSERT INTO node_tags (node_id, k, v, version) VALUES (4402, 'hoot:status', '2', 1);
/* create node 4404*/
INSERT INTO nodes (node_id, latitude, longitude, changeset_id, visible, "timestamp", tile, version) VALUES (4404, 388870000, -770496479, 3, true, (now() at time zone 'utc'), 1704401526, 1);
INSERT INTO current_nodes (id, latitude, longitude, changeset_id, visible, "timestamp", tile, version) VALUES (4404, 388870000, -770496479, 3, true, (now() at time zone 'utc'), 1704401526, 1);
INSERT INTO current_node_tags (node_id, k, v) VALUES (4404, 'hoot:id', '4404');
INSERT INTO node_tags (node_id, k, v, version) VALUES (4404, 'hoot:id', '4404', 1);
INSERT INTO current_node_tags (node_id, k, v) VALUES (4404, 'hoot:status', '2');
INSERT INTO node_tags (node_id, k, v, version) VALUES (4404, 'hoot:status', '2', 1);
/* create node 4406*/
INSERT INTO nodes (node_id, latitude, longitude, changeset_id, visible, "timestamp", tile, version) VALUES (4406, 388871600, -770505949, 3, true, (now() at time zone 'utc'), 1704401526, 1);
INSERT INTO current_nodes (id, latitude, longitude, changeset_id, visible, "timestamp", tile, version) VALUES (4406, 388871600, -770505949, 3, true, (now() at time zone 'utc'), 1704401526, 1);
INSERT INTO current_node_tags (node_id, k, v) VALUES (4406, 'hoot:id', '4406');
INSERT INTO node_tags (node_id, k, v, version) VALUES (4406, 'hoot:id', '4406', 1);
INSERT INTO current_node_tags (node_id, k, v) VALUES (4406, 'hoot:status', '2');
INSERT INTO node_tags (node_id, k, v, version) VALUES (4406, 'hoot:status', '2', 1);
/* create node 4413*/
INSERT INTO nodes (node_id, latitude, longitude, changeset_id, visible, "timestamp", tile, version) VALUES (4413, 388865230, -770503319, 3, true, (now() at time zone 'utc'), 1704401523, 1);
INSERT INTO current_nodes (id, latitude, longitude, changeset_id, visible, "timestamp", tile, version) VALUES (4413, 388865230, -770503319, 3, true, (now() at time zone 'utc'), 1704401523, 1);
INSERT INTO current_node_tags (node_id, k, v) VALUES (4413, 'hoot:id', '4413');
INSERT INTO node_tags (node_id, k, v, version) VALUES (4413, 'hoot:id', '4413', 1);
INSERT INTO current_node_tags (node_id, k, v) VALUES (4413, 'hoot:status', '2');
INSERT INTO node_tags (node_id, k, v, version) VALUES (4413, 'hoot:status', '2', 1);
/* create node 4414*/
INSERT INTO nodes (node_id, latitude, longitude, changeset_id, visible, "timestamp", tile, version) VALUES (4414, 388865100, -770503119, 3, true, (now() at time zone 'utc'), 1704401523, 1);
INSERT INTO current_nodes (id, latitude, longitude, changeset_id, visible, "timestamp", tile, version) VALUES (4414, 388865100, -770503119, 3, true, (now() at time zone 'utc'), 1704401523, 1);
INSERT INTO current_node_tags (node_id, k, v) VALUES (4414, 'hoot:id', '4414');
INSERT INTO node_tags (node_id, k, v, version) VALUES (4414, 'hoot:id', '4414', 1);
INSERT INTO current_node_tags (node_id, k, v) VALUES (4414, 'hoot:status', '2');
INSERT INTO node_tags (node_id, k, v, version) VALUES (4414, 'hoot:status', '2', 1);
/* create node 4426*/
INSERT INTO nodes (node_id, latitude, longitude, changeset_id, visible, "timestamp", tile, version) VALUES (4426, 388910820, -770520759, 3, true, (now() at time zone 'utc'), 1704401527, 1);
INSERT INTO current_nodes (id, latitude, longitude, changeset_id, visible, "timestamp", tile, version) VALUES (4426, 388910820, -770520759, 3, true, (now() at time zone 'utc'), 1704401527, 1);
INSERT INTO current_node_tags (node_id, k, v) VALUES (4426, 'hoot:id', '4426');
INSERT INTO node_tags (node_id, k, v, version) VALUES (4426, 'hoot:id', '4426', 1);
INSERT INTO current_node_tags (node_id, k, v) VALUES (4426, 'hoot:status', '2');
INSERT INTO node_tags (node_id, k, v, version) VALUES (4426, 'hoot:status', '2', 1);
/* create node 4427*/
INSERT INTO nodes (node_id, latitude, longitude, changeset_id, visible, "timestamp", tile, version) VALUES (4427, 388911850, -770521799, 3, true, (now() at time zone 'utc'), 1704401527, 1);
INSERT INTO current_nodes (id, latitude, longitude, changeset_id, visible, "timestamp", tile, version) VALUES (4427, 388911850, -770521799, 3, true, (now() at time zone 'utc'), 1704401527, 1);
INSERT INTO current_node_tags (node_id, k, v) VALUES (4427, 'hoot:id', '4427');
INSERT INTO node_tags (node_id, k, v, version) VALUES (4427, 'hoot:id', '4427', 1);
INSERT INTO current_node_tags (node_id, k, v) VALUES (4427, 'hoot:status', '2');
INSERT INTO node_tags (node_id, k, v, version) VALUES (4427, 'hoot:status', '2', 1);
/* create node 4428*/
INSERT INTO nodes (node_id, latitude, longitude, changeset_id, visible, "timestamp", tile, version) VALUES (4428, 388912370, -770522749, 3, true, (now() at time zone 'utc'), 1704401527, 1);
INSERT INTO current_nodes (id, latitude, longitude, changeset_id, visible, "timestamp", tile, version) VALUES (4428, 388912370, -770522749, 3, true, (now() at time zone 'utc'), 1704401527, 1);
INSERT INTO current_node_tags (node_id, k, v) VALUES (4428, 'hoot:id', '4428');
INSERT INTO node_tags (node_id, k, v, version) VALUES (4428, 'hoot:id', '4428', 1);
INSERT INTO current_node_tags (node_id, k, v) VALUES (4428, 'hoot:status', '2');
INSERT INTO node_tags (node_id, k, v, version) VALUES (4428, 'hoot:status', '2', 1);
/* create node 4429*/
INSERT INTO nodes (node_id, latitude, longitude, changeset_id, visible, "timestamp", tile, version) VALUES (4429, 388883340, -770508099, 3, true, (now() at time zone 'utc'), 1704401526, 1);
INSERT INTO current_nodes (id, latitude, longitude, changeset_id, visible, "timestamp", tile, version) VALUES (4429, 388883340, -770508099, 3, true, (now() at time zone 'utc'), 1704401526, 1);
INSERT INTO current_node_tags (node_id, k, v) VALUES (4429, 'hoot:id', '4429');
INSERT INTO node_tags (node_id, k, v, version) VALUES (4429, 'hoot:id', '4429', 1);
INSERT INTO current_node_tags (node_id, k, v) VALUES (4429, 'hoot:status', '2');
INSERT INTO node_tags (node_id, k, v, version) VALUES (4429, 'hoot:status', '2', 1);
/* create node 4430*/
INSERT INTO nodes (node_id, latitude, longitude, changeset_id, visible, "timestamp", tile, version) VALUES (4430, 388883050, -770507879, 3, true, (now() at time zone 'utc'), 1704401526, 1);
INSERT INTO current_nodes (id, latitude, longitude, changeset_id, visible, "timestamp", tile, version) VALUES (4430, 388883050, -770507879, 3, true, (now() at time zone 'utc'), 1704401526, 1);
INSERT INTO current_node_tags (node_id, k, v) VALUES (4430, 'hoot:id', '4430');
INSERT INTO node_tags (node_id, k, v, version) VALUES (4430, 'hoot:id', '4430', 1);
INSERT INTO current_node_tags (node_id, k, v) VALUES (4430, 'hoot:status', '2');
INSERT INTO node_tags (node_id, k, v, version) VALUES (4430, 'hoot:status', '2', 1);
/* create node 4431*/
INSERT INTO nodes (node_id, latitude, longitude, changeset_id, visible, "timestamp", tile, version) VALUES (4431, 388882750, -770507689, 3, true, (now() at time zone 'utc'), 1704401526, 1);
INSERT INTO current_nodes (id, latitude, longitude, changeset_id, visible, "timestamp", tile, version) VALUES (4431, 388882750, -770507689, 3, true, (now() at time zone 'utc'), 1704401526, 1);
INSERT INTO current_node_tags (node_id, k, v) VALUES (4431, 'hoot:id', '4431');
INSERT INTO node_tags (node_id, k, v, version) VALUES (4431, 'hoot:id', '4431', 1);
INSERT INTO current_node_tags (node_id, k, v) VALUES (4431, 'hoot:status', '2');
INSERT INTO node_tags (node_id, k, v, version) VALUES (4431, 'hoot:status', '2', 1);
/* create node 4432*/
INSERT INTO nodes (node_id, latitude, longitude, changeset_id, visible, "timestamp", tile, version) VALUES (4432, 388882280, -770507459, 3, true, (now() at time zone 'utc'), 1704401526, 1);
INSERT INTO current_nodes (id, latitude, longitude, changeset_id, visible, "timestamp", tile, version) VALUES (4432, 388882280, -770507459, 3, true, (now() at time zone 'utc'), 1704401526, 1);
INSERT INTO current_node_tags (node_id, k, v) VALUES (4432, 'hoot:id', '4432');
INSERT INTO node_tags (node_id, k, v, version) VALUES (4432, 'hoot:id', '4432', 1);
INSERT INTO current_node_tags (node_id, k, v) VALUES (4432, 'hoot:status', '2');
INSERT INTO node_tags (node_id, k, v, version) VALUES (4432, 'hoot:status', '2', 1);
/* create node 4433*/
INSERT INTO nodes (node_id, latitude, longitude, changeset_id, visible, "timestamp", tile, version) VALUES (4433, 388881950, -770507359, 3, true, (now() at time zone 'utc'), 1704401526, 1);
INSERT INTO current_nodes (id, latitude, longitude, changeset_id, visible, "timestamp", tile, version) VALUES (4433, 388881950, -770507359, 3, true, (now() at time zone 'utc'), 1704401526, 1);
INSERT INTO current_node_tags (node_id, k, v) VALUES (4433, 'hoot:id', '4433');
INSERT INTO node_tags (node_id, k, v, version) VALUES (4433, 'hoot:id', '4433', 1);
INSERT INTO current_node_tags (node_id, k, v) VALUES (4433, 'hoot:status', '2');
INSERT INTO node_tags (node_id, k, v, version) VALUES (4433, 'hoot:status', '2', 1);
/* create node 4434*/
INSERT INTO nodes (node_id, latitude, longitude, changeset_id, visible, "timestamp", tile, version) VALUES (4434, 388881620, -770507289, 3, true, (now() at time zone 'utc'), 1704401526, 1);
INSERT INTO current_nodes (id, latitude, longitude, changeset_id, visible, "timestamp", tile, version) VALUES (4434, 388881620, -770507289, 3, true, (now() at time zone 'utc'), 1704401526, 1);
INSERT INTO current_node_tags (node_id, k, v) VALUES (4434, 'hoot:id', '4434');
INSERT INTO node_tags (node_id, k, v, version) VALUES (4434, 'hoot:id', '4434', 1);
INSERT INTO current_node_tags (node_id, k, v) VALUES (4434, 'hoot:status', '2');
INSERT INTO node_tags (node_id, k, v, version) VALUES (4434, 'hoot:status', '2', 1);
/* create node 4435*/
INSERT INTO nodes (node_id, latitude, longitude, changeset_id, visible, "timestamp", tile, version) VALUES (4435, 388880980, -770507219, 3, true, (now() at time zone 'utc'), 1704401526, 1);
INSERT INTO current_nodes (id, latitude, longitude, changeset_id, visible, "timestamp", tile, version) VALUES (4435, 388880980, -770507219, 3, true, (now() at time zone 'utc'), 1704401526, 1);
INSERT INTO current_node_tags (node_id, k, v) VALUES (4435, 'hoot:id', '4435');
INSERT INTO node_tags (node_id, k, v, version) VALUES (4435, 'hoot:id', '4435', 1);
INSERT INTO current_node_tags (node_id, k, v) VALUES (4435, 'hoot:status', '2');
INSERT INTO node_tags (node_id, k, v, version) VALUES (4435, 'hoot:status', '2', 1);
/* create node 4436*/
INSERT INTO nodes (node_id, latitude, longitude, changeset_id, visible, "timestamp", tile, version) VALUES (4436, 388880490, -770507279, 3, true, (now() at time zone 'utc'), 1704401526, 1);
INSERT INTO current_nodes (id, latitude, longitude, changeset_id, visible, "timestamp", tile, version) VALUES (4436, 388880490, -770507279, 3, true, (now() at time zone 'utc'), 1704401526, 1);
INSERT INTO current_node_tags (node_id, k, v) VALUES (4436, 'hoot:id', '4436');
INSERT INTO node_tags (node_id, k, v, version) VALUES (4436, 'hoot:id', '4436', 1);
INSERT INTO current_node_tags (node_id, k, v) VALUES (4436, 'hoot:status', '2');
INSERT INTO node_tags (node_id, k, v, version) VALUES (4436, 'hoot:status', '2', 1);
/* create node 4437*/
INSERT INTO nodes (node_id, latitude, longitude, changeset_id, visible, "timestamp", tile, version) VALUES (4437, 388880310, -770507309, 3, true, (now() at time zone 'utc'), 1704401526, 1);
INSERT INTO current_nodes (id, latitude, longitude, changeset_id, visible, "timestamp", tile, version) VALUES (4437, 388880310, -770507309, 3, true, (now() at time zone 'utc'), 1704401526, 1);
INSERT INTO current_node_tags (node_id, k, v) VALUES (4437, 'hoot:id', '4437');
INSERT INTO node_tags (node_id, k, v, version) VALUES (4437, 'hoot:id', '4437', 1);
INSERT INTO current_node_tags (node_id, k, v) VALUES (4437, 'hoot:status', '2');
INSERT INTO node_tags (node_id, k, v, version) VALUES (4437, 'hoot:status', '2', 1);
/* create node 4438*/
INSERT INTO nodes (node_id, latitude, longitude, changeset_id, visible, "timestamp", tile, version) VALUES (4438, 388879960, -770507399, 3, true, (now() at time zone 'utc'), 1704401526, 1);
INSERT INTO current_nodes (id, latitude, longitude, changeset_id, visible, "timestamp", tile, version) VALUES (4438, 388879960, -770507399, 3, true, (now() at time zone 'utc'), 1704401526, 1);
INSERT INTO current_node_tags (node_id, k, v) VALUES (4438, 'hoot:id', '4438');
INSERT INTO node_tags (node_id, k, v, version) VALUES (4438, 'hoot:id', '4438', 1);
INSERT INTO current_node_tags (node_id, k, v) VALUES (4438, 'hoot:status', '2');
INSERT INTO node_tags (node_id, k, v, version) VALUES (4438, 'hoot:status', '2', 1);
/* create node 4439*/
INSERT INTO nodes (node_id, latitude, longitude, changeset_id, visible, "timestamp", tile, version) VALUES (4439, 388879780, -770507459, 3, true, (now() at time zone 'utc'), 1704401526, 1);
INSERT INTO current_nodes (id, latitude, longitude, changeset_id, visible, "timestamp", tile, version) VALUES (4439, 388879780, -770507459, 3, true, (now() at time zone 'utc'), 1704401526, 1);
INSERT INTO current_node_tags (node_id, k, v) VALUES (4439, 'hoot:id', '4439');
INSERT INTO node_tags (node_id, k, v, version) VALUES (4439, 'hoot:id', '4439', 1);
INSERT INTO current_node_tags (node_id, k, v) VALUES (4439, 'hoot:status', '2');
INSERT INTO node_tags (node_id, k, v, version) VALUES (4439, 'hoot:status', '2', 1);
/* create node 4440*/
INSERT INTO nodes (node_id, latitude, longitude, changeset_id, visible, "timestamp", tile, version) VALUES (4440, 388879440, -770507599, 3, true, (now() at time zone 'utc'), 1704401526, 1);
INSERT INTO current_nodes (id, latitude, longitude, changeset_id, visible, "timestamp", tile, version) VALUES (4440, 388879440, -770507599, 3, true, (now() at time zone 'utc'), 1704401526, 1);
INSERT INTO current_node_tags (node_id, k, v) VALUES (4440, 'hoot:id', '4440');
INSERT INTO node_tags (node_id, k, v, version) VALUES (4440, 'hoot:id', '4440', 1);
INSERT INTO current_node_tags (node_id, k, v) VALUES (4440, 'hoot:status', '2');
INSERT INTO node_tags (node_id, k, v, version) VALUES (4440, 'hoot:status', '2', 1);
/* create node 4441*/
INSERT INTO nodes (node_id, latitude, longitude, changeset_id, visible, "timestamp", tile, version) VALUES (4441, 388879100, -770507779, 3, true, (now() at time zone 'utc'), 1704401526, 1);
INSERT INTO current_nodes (id, latitude, longitude, changeset_id, visible, "timestamp", tile, version) VALUES (4441, 388879100, -770507779, 3, true, (now() at time zone 'utc'), 1704401526, 1);
INSERT INTO current_node_tags (node_id, k, v) VALUES (4441, 'hoot:id', '4441');
INSERT INTO node_tags (node_id, k, v, version) VALUES (4441, 'hoot:id', '4441', 1);
INSERT INTO current_node_tags (node_id, k, v) VALUES (4441, 'hoot:status', '2');
INSERT INTO node_tags (node_id, k, v, version) VALUES (4441, 'hoot:status', '2', 1);
/* create node 4442*/
INSERT INTO nodes (node_id, latitude, longitude, changeset_id, visible, "timestamp", tile, version) VALUES (4442, 388878820, -770507959, 3, true, (now() at time zone 'utc'), 1704401526, 1);
INSERT INTO current_nodes (id, latitude, longitude, changeset_id, visible, "timestamp", tile, version) VALUES (4442, 388878820, -770507959, 3, true, (now() at time zone 'utc'), 1704401526, 1);
INSERT INTO current_node_tags (node_id, k, v) VALUES (4442, 'hoot:id', '4442');
INSERT INTO node_tags (node_id, k, v, version) VALUES (4442, 'hoot:id', '4442', 1);
INSERT INTO current_node_tags (node_id, k, v) VALUES (4442, 'hoot:status', '2');
INSERT INTO node_tags (node_id, k, v, version) VALUES (4442, 'hoot:status', '2', 1);
/* create node 4443*/
INSERT INTO nodes (node_id, latitude, longitude, changeset_id, visible, "timestamp", tile, version) VALUES (4443, 388878510, -770508189, 3, true, (now() at time zone 'utc'), 1704401526, 1);
INSERT INTO current_nodes (id, latitude, longitude, changeset_id, visible, "timestamp", tile, version) VALUES (4443, 388878510, -770508189, 3, true, (now() at time zone 'utc'), 1704401526, 1);
INSERT INTO current_node_tags (node_id, k, v) VALUES (4443, 'hoot:id', '4443');
INSERT INTO node_tags (node_id, k, v, version) VALUES (4443, 'hoot:id', '4443', 1);
INSERT INTO current_node_tags (node_id, k, v) VALUES (4443, 'hoot:status', '2');
INSERT INTO node_tags (node_id, k, v, version) VALUES (4443, 'hoot:status', '2', 1);
/* create node 4444*/
INSERT INTO nodes (node_id, latitude, longitude, changeset_id, visible, "timestamp", tile, version) VALUES (4444, 388878220, -770508449, 3, true, (now() at time zone 'utc'), 1704401526, 1);
INSERT INTO current_nodes (id, latitude, longitude, changeset_id, visible, "timestamp", tile, version) VALUES (4444, 388878220, -770508449, 3, true, (now() at time zone 'utc'), 1704401526, 1);
INSERT INTO current_node_tags (node_id, k, v) VALUES (4444, 'hoot:id', '4444');
INSERT INTO node_tags (node_id, k, v, version) VALUES (4444, 'hoot:id', '4444', 1);
INSERT INTO current_node_tags (node_id, k, v) VALUES (4444, 'hoot:status', '2');
INSERT INTO node_tags (node_id, k, v, version) VALUES (4444, 'hoot:status', '2', 1);
/* create node 4445*/
INSERT INTO nodes (node_id, latitude, longitude, changeset_id, visible, "timestamp", tile, version) VALUES (4445, 388877950, -770508739, 3, true, (now() at time zone 'utc'), 1704401526, 1);
INSERT INTO current_nodes (id, latitude, longitude, changeset_id, visible, "timestamp", tile, version) VALUES (4445, 388877950, -770508739, 3, true, (now() at time zone 'utc'), 1704401526, 1);
INSERT INTO current_node_tags (node_id, k, v) VALUES (4445, 'hoot:id', '4445');
INSERT INTO node_tags (node_id, k, v, version) VALUES (4445, 'hoot:id', '4445', 1);
INSERT INTO current_node_tags (node_id, k, v) VALUES (4445, 'hoot:status', '2');
INSERT INTO node_tags (node_id, k, v, version) VALUES (4445, 'hoot:status', '2', 1);
/* create node 4446*/
INSERT INTO nodes (node_id, latitude, longitude, changeset_id, visible, "timestamp", tile, version) VALUES (4446, 388877690, -770509059, 3, true, (now() at time zone 'utc'), 1704401526, 1);
INSERT INTO current_nodes (id, latitude, longitude, changeset_id, visible, "timestamp", tile, version) VALUES (4446, 388877690, -770509059, 3, true, (now() at time zone 'utc'), 1704401526, 1);
INSERT INTO current_node_tags (node_id, k, v) VALUES (4446, 'hoot:id', '4446');
INSERT INTO node_tags (node_id, k, v, version) VALUES (4446, 'hoot:id', '4446', 1);
INSERT INTO current_node_tags (node_id, k, v) VALUES (4446, 'hoot:status', '2');
INSERT INTO node_tags (node_id, k, v, version) VALUES (4446, 'hoot:status', '2', 1);
/* create node 4447*/
INSERT INTO nodes (node_id, latitude, longitude, changeset_id, visible, "timestamp", tile, version) VALUES (4447, 388877460, -770509399, 3, true, (now() at time zone 'utc'), 1704401526, 1);
INSERT INTO current_nodes (id, latitude, longitude, changeset_id, visible, "timestamp", tile, version) VALUES (4447, 388877460, -770509399, 3, true, (now() at time zone 'utc'), 1704401526, 1);
INSERT INTO current_node_tags (node_id, k, v) VALUES (4447, 'hoot:id', '4447');
INSERT INTO node_tags (node_id, k, v, version) VALUES (4447, 'hoot:id', '4447', 1);
INSERT INTO current_node_tags (node_id, k, v) VALUES (4447, 'hoot:status', '2');
INSERT INTO node_tags (node_id, k, v, version) VALUES (4447, 'hoot:status', '2', 1);
/* create node 4448*/
INSERT INTO nodes (node_id, latitude, longitude, changeset_id, visible, "timestamp", tile, version) VALUES (4448, 388877240, -770509769, 3, true, (now() at time zone 'utc'), 1704401526, 1);
INSERT INTO current_nodes (id, latitude, longitude, changeset_id, visible, "timestamp", tile, version) VALUES (4448, 388877240, -770509769, 3, true, (now() at time zone 'utc'), 1704401526, 1);
INSERT INTO current_node_tags (node_id, k, v) VALUES (4448, 'hoot:id', '4448');
INSERT INTO node_tags (node_id, k, v, version) VALUES (4448, 'hoot:id', '4448', 1);
INSERT INTO current_node_tags (node_id, k, v) VALUES (4448, 'hoot:status', '2');
INSERT INTO node_tags (node_id, k, v, version) VALUES (4448, 'hoot:status', '2', 1);
/* create node 4449*/
INSERT INTO nodes (node_id, latitude, longitude, changeset_id, visible, "timestamp", tile, version) VALUES (4449, 388877050, -770510159, 3, true, (now() at time zone 'utc'), 1704401526, 1);
INSERT INTO current_nodes (id, latitude, longitude, changeset_id, visible, "timestamp", tile, version) VALUES (4449, 388877050, -770510159, 3, true, (now() at time zone 'utc'), 1704401526, 1);
INSERT INTO current_node_tags (node_id, k, v) VALUES (4449, 'hoot:id', '4449');
INSERT INTO node_tags (node_id, k, v, version) VALUES (4449, 'hoot:id', '4449', 1);
INSERT INTO current_node_tags (node_id, k, v) VALUES (4449, 'hoot:status', '2');
INSERT INTO node_tags (node_id, k, v, version) VALUES (4449, 'hoot:status', '2', 1);
/* create node 4450*/
INSERT INTO nodes (node_id, latitude, longitude, changeset_id, visible, "timestamp", tile, version) VALUES (4450, 388876930, -770510449, 3, true, (now() at time zone 'utc'), 1704401526, 1);
INSERT INTO current_nodes (id, latitude, longitude, changeset_id, visible, "timestamp", tile, version) VALUES (4450, 388876930, -770510449, 3, true, (now() at time zone 'utc'), 1704401526, 1);
INSERT INTO current_node_tags (node_id, k, v) VALUES (4450, 'hoot:id', '4450');
INSERT INTO node_tags (node_id, k, v, version) VALUES (4450, 'hoot:id', '4450', 1);
INSERT INTO current_node_tags (node_id, k, v) VALUES (4450, 'hoot:status', '2');
INSERT INTO node_tags (node_id, k, v, version) VALUES (4450, 'hoot:status', '2', 1);
/* create node 4451*/
INSERT INTO nodes (node_id, latitude, longitude, changeset_id, visible, "timestamp", tile, version) VALUES (4451, 388876780, -770510849, 3, true, (now() at time zone 'utc'), 1704401526, 1);
INSERT INTO current_nodes (id, latitude, longitude, changeset_id, visible, "timestamp", tile, version) VALUES (4451, 388876780, -770510849, 3, true, (now() at time zone 'utc'), 1704401526, 1);
INSERT INTO current_node_tags (node_id, k, v) VALUES (4451, 'hoot:id', '4451');
INSERT INTO node_tags (node_id, k, v, version) VALUES (4451, 'hoot:id', '4451', 1);
INSERT INTO current_node_tags (node_id, k, v) VALUES (4451, 'hoot:status', '2');
INSERT INTO node_tags (node_id, k, v, version) VALUES (4451, 'hoot:status', '2', 1);
/* create node 4452*/
INSERT INTO nodes (node_id, latitude, longitude, changeset_id, visible, "timestamp", tile, version) VALUES (4452, 388876660, -770511259, 3, true, (now() at time zone 'utc'), 1704401526, 1);
INSERT INTO current_nodes (id, latitude, longitude, changeset_id, visible, "timestamp", tile, version) VALUES (4452, 388876660, -770511259, 3, true, (now() at time zone 'utc'), 1704401526, 1);
INSERT INTO current_node_tags (node_id, k, v) VALUES (4452, 'hoot:id', '4452');
INSERT INTO node_tags (node_id, k, v, version) VALUES (4452, 'hoot:id', '4452', 1);
INSERT INTO current_node_tags (node_id, k, v) VALUES (4452, 'hoot:status', '2');
INSERT INTO node_tags (node_id, k, v, version) VALUES (4452, 'hoot:status', '2', 1);
/* create node 4453*/
INSERT INTO nodes (node_id, latitude, longitude, changeset_id, visible, "timestamp", tile, version) VALUES (4453, 388876570, -770511679, 3, true, (now() at time zone 'utc'), 1704401526, 1);
INSERT INTO current_nodes (id, latitude, longitude, changeset_id, visible, "timestamp", tile, version) VALUES (4453, 388876570, -770511679, 3, true, (now() at time zone 'utc'), 1704401526, 1);
INSERT INTO current_node_tags (node_id, k, v) VALUES (4453, 'hoot:id', '4453');
INSERT INTO node_tags (node_id, k, v, version) VALUES (4453, 'hoot:id', '4453', 1);
INSERT INTO current_node_tags (node_id, k, v) VALUES (4453, 'hoot:status', '2');
INSERT INTO node_tags (node_id, k, v, version) VALUES (4453, 'hoot:status', '2', 1);
/* create node 4454*/
INSERT INTO nodes (node_id, latitude, longitude, changeset_id, visible, "timestamp", tile, version) VALUES (4454, 388876500, -770512109, 3, true, (now() at time zone 'utc'), 1704401526, 1);
INSERT INTO current_nodes (id, latitude, longitude, changeset_id, visible, "timestamp", tile, version) VALUES (4454, 388876500, -770512109, 3, true, (now() at time zone 'utc'), 1704401526, 1);
INSERT INTO current_node_tags (node_id, k, v) VALUES (4454, 'hoot:id', '4454');
INSERT INTO node_tags (node_id, k, v, version) VALUES (4454, 'hoot:id', '4454', 1);
INSERT INTO current_node_tags (node_id, k, v) VALUES (4454, 'hoot:status', '2');
INSERT INTO node_tags (node_id, k, v, version) VALUES (4454, 'hoot:status', '2', 1);
/* create node 4455*/
INSERT INTO nodes (node_id, latitude, longitude, changeset_id, visible, "timestamp", tile, version) VALUES (4455, 388876470, -770512549, 3, true, (now() at time zone 'utc'), 1704401526, 1);
INSERT INTO current_nodes (id, latitude, longitude, changeset_id, visible, "timestamp", tile, version) VALUES (4455, 388876470, -770512549, 3, true, (now() at time zone 'utc'), 1704401526, 1);
INSERT INTO current_node_tags (node_id, k, v) VALUES (4455, 'hoot:id', '4455');
INSERT INTO node_tags (node_id, k, v, version) VALUES (4455, 'hoot:id', '4455', 1);
INSERT INTO current_node_tags (node_id, k, v) VALUES (4455, 'hoot:status', '2');
INSERT INTO node_tags (node_id, k, v, version) VALUES (4455, 'hoot:status', '2', 1);
/* create node 4456*/
INSERT INTO nodes (node_id, latitude, longitude, changeset_id, visible, "timestamp", tile, version) VALUES (4456, 388876460, -770512989, 3, true, (now() at time zone 'utc'), 1704401526, 1);
INSERT INTO current_nodes (id, latitude, longitude, changeset_id, visible, "timestamp", tile, version) VALUES (4456, 388876460, -770512989, 3, true, (now() at time zone 'utc'), 1704401526, 1);
INSERT INTO current_node_tags (node_id, k, v) VALUES (4456, 'hoot:id', '4456');
INSERT INTO node_tags (node_id, k, v, version) VALUES (4456, 'hoot:id', '4456', 1);
INSERT INTO current_node_tags (node_id, k, v) VALUES (4456, 'hoot:status', '2');
INSERT INTO node_tags (node_id, k, v, version) VALUES (4456, 'hoot:status', '2', 1);
/* create node 4457*/
INSERT INTO nodes (node_id, latitude, longitude, changeset_id, visible, "timestamp", tile, version) VALUES (4457, 388876480, -770513419, 3, true, (now() at time zone 'utc'), 1704401526, 1);
INSERT INTO current_nodes (id, latitude, longitude, changeset_id, visible, "timestamp", tile, version) VALUES (4457, 388876480, -770513419, 3, true, (now() at time zone 'utc'), 1704401526, 1);
INSERT INTO current_node_tags (node_id, k, v) VALUES (4457, 'hoot:id', '4457');
INSERT INTO node_tags (node_id, k, v, version) VALUES (4457, 'hoot:id', '4457', 1);
INSERT INTO current_node_tags (node_id, k, v) VALUES (4457, 'hoot:status', '2');
INSERT INTO node_tags (node_id, k, v, version) VALUES (4457, 'hoot:status', '2', 1);
/* create node 4458*/
INSERT INTO nodes (node_id, latitude, longitude, changeset_id, visible, "timestamp", tile, version) VALUES (4458, 388876490, -770513859, 3, true, (now() at time zone 'utc'), 1704401526, 1);
INSERT INTO current_nodes (id, latitude, longitude, changeset_id, visible, "timestamp", tile, version) VALUES (4458, 388876490, -770513859, 3, true, (now() at time zone 'utc'), 1704401526, 1);
INSERT INTO current_node_tags (node_id, k, v) VALUES (4458, 'hoot:id', '4458');
INSERT INTO node_tags (node_id, k, v, version) VALUES (4458, 'hoot:id', '4458', 1);
INSERT INTO current_node_tags (node_id, k, v) VALUES (4458, 'hoot:status', '2');
INSERT INTO node_tags (node_id, k, v, version) VALUES (4458, 'hoot:status', '2', 1);
/* create node 4459*/
INSERT INTO nodes (node_id, latitude, longitude, changeset_id, visible, "timestamp", tile, version) VALUES (4459, 388876530, -770514269, 3, true, (now() at time zone 'utc'), 1704401526, 1);
INSERT INTO current_nodes (id, latitude, longitude, changeset_id, visible, "timestamp", tile, version) VALUES (4459, 388876530, -770514269, 3, true, (now() at time zone 'utc'), 1704401526, 1);
INSERT INTO current_node_tags (node_id, k, v) VALUES (4459, 'hoot:id', '4459');
INSERT INTO node_tags (node_id, k, v, version) VALUES (4459, 'hoot:id', '4459', 1);
INSERT INTO current_node_tags (node_id, k, v) VALUES (4459, 'hoot:status', '2');
INSERT INTO node_tags (node_id, k, v, version) VALUES (4459, 'hoot:status', '2', 1);
/* create node 4460*/
INSERT INTO nodes (node_id, latitude, longitude, changeset_id, visible, "timestamp", tile, version) VALUES (4460, 388876600, -770514679, 3, true, (now() at time zone 'utc'), 1704401526, 1);
INSERT INTO current_nodes (id, latitude, longitude, changeset_id, visible, "timestamp", tile, version) VALUES (4460, 388876600, -770514679, 3, true, (now() at time zone 'utc'), 1704401526, 1);
INSERT INTO current_node_tags (node_id, k, v) VALUES (4460, 'hoot:id', '4460');
INSERT INTO node_tags (node_id, k, v, version) VALUES (4460, 'hoot:id', '4460', 1);
INSERT INTO current_node_tags (node_id, k, v) VALUES (4460, 'hoot:status', '2');
INSERT INTO node_tags (node_id, k, v, version) VALUES (4460, 'hoot:status', '2', 1);
/* create node 4461*/
INSERT INTO nodes (node_id, latitude, longitude, changeset_id, visible, "timestamp", tile, version) VALUES (4461, 388876700, -770515069, 3, true, (now() at time zone 'utc'), 1704401526, 1);
INSERT INTO current_nodes (id, latitude, longitude, changeset_id, visible, "timestamp", tile, version) VALUES (4461, 388876700, -770515069, 3, true, (now() at time zone 'utc'), 1704401526, 1);
INSERT INTO current_node_tags (node_id, k, v) VALUES (4461, 'hoot:id', '4461');
INSERT INTO node_tags (node_id, k, v, version) VALUES (4461, 'hoot:id', '4461', 1);
INSERT INTO current_node_tags (node_id, k, v) VALUES (4461, 'hoot:status', '2');
INSERT INTO node_tags (node_id, k, v, version) VALUES (4461, 'hoot:status', '2', 1);
/* create node 4462*/
INSERT INTO nodes (node_id, latitude, longitude, changeset_id, visible, "timestamp", tile, version) VALUES (4462, 388876820, -770515459, 3, true, (now() at time zone 'utc'), 1704401526, 1);
INSERT INTO current_nodes (id, latitude, longitude, changeset_id, visible, "timestamp", tile, version) VALUES (4462, 388876820, -770515459, 3, true, (now() at time zone 'utc'), 1704401526, 1);
INSERT INTO current_node_tags (node_id, k, v) VALUES (4462, 'hoot:id', '4462');
INSERT INTO node_tags (node_id, k, v, version) VALUES (4462, 'hoot:id', '4462', 1);
INSERT INTO current_node_tags (node_id, k, v) VALUES (4462, 'hoot:status', '2');
INSERT INTO node_tags (node_id, k, v, version) VALUES (4462, 'hoot:status', '2', 1);
/* create node 4463*/
INSERT INTO nodes (node_id, latitude, longitude, changeset_id, visible, "timestamp", tile, version) VALUES (4463, 388876970, -770515829, 3, true, (now() at time zone 'utc'), 1704401526, 1);
INSERT INTO current_nodes (id, latitude, longitude, changeset_id, visible, "timestamp", tile, version) VALUES (4463, 388876970, -770515829, 3, true, (now() at time zone 'utc'), 1704401526, 1);
INSERT INTO current_node_tags (node_id, k, v) VALUES (4463, 'hoot:id', '4463');
INSERT INTO node_tags (node_id, k, v, version) VALUES (4463, 'hoot:id', '4463', 1);
INSERT INTO current_node_tags (node_id, k, v) VALUES (4463, 'hoot:status', '2');
INSERT INTO node_tags (node_id, k, v, version) VALUES (4463, 'hoot:status', '2', 1);
/* create node 4464*/
INSERT INTO nodes (node_id, latitude, longitude, changeset_id, visible, "timestamp", tile, version) VALUES (4464, 388877230, -770516429, 3, true, (now() at time zone 'utc'), 1704401526, 1);
INSERT INTO current_nodes (id, latitude, longitude, changeset_id, visible, "timestamp", tile, version) VALUES (4464, 388877230, -770516429, 3, true, (now() at time zone 'utc'), 1704401526, 1);
INSERT INTO current_node_tags (node_id, k, v) VALUES (4464, 'hoot:id', '4464');
INSERT INTO node_tags (node_id, k, v, version) VALUES (4464, 'hoot:id', '4464', 1);
INSERT INTO current_node_tags (node_id, k, v) VALUES (4464, 'hoot:status', '2');
INSERT INTO node_tags (node_id, k, v, version) VALUES (4464, 'hoot:status', '2', 1);
/* create node 4465*/
INSERT INTO nodes (node_id, latitude, longitude, changeset_id, visible, "timestamp", tile, version) VALUES (4465, 388877420, -770516769, 3, true, (now() at time zone 'utc'), 1704401526, 1);
INSERT INTO current_nodes (id, latitude, longitude, changeset_id, visible, "timestamp", tile, version) VALUES (4465, 388877420, -770516769, 3, true, (now() at time zone 'utc'), 1704401526, 1);
INSERT INTO current_node_tags (node_id, k, v) VALUES (4465, 'hoot:id', '4465');
INSERT INTO node_tags (node_id, k, v, version) VALUES (4465, 'hoot:id', '4465', 1);
INSERT INTO current_node_tags (node_id, k, v) VALUES (4465, 'hoot:status', '2');
INSERT INTO node_tags (node_id, k, v, version) VALUES (4465, 'hoot:status', '2', 1);
/* create node 4466*/
INSERT INTO nodes (node_id, latitude, longitude, changeset_id, visible, "timestamp", tile, version) VALUES (4466, 388877630, -770517089, 3, true, (now() at time zone 'utc'), 1704401526, 1);
INSERT INTO current_nodes (id, latitude, longitude, changeset_id, visible, "timestamp", tile, version) VALUES (4466, 388877630, -770517089, 3, true, (now() at time zone 'utc'), 1704401526, 1);
INSERT INTO current_node_tags (node_id, k, v) VALUES (4466, 'hoot:id', '4466');
INSERT INTO node_tags (node_id, k, v, version) VALUES (4466, 'hoot:id', '4466', 1);
INSERT INTO current_node_tags (node_id, k, v) VALUES (4466, 'hoot:status', '2');
INSERT INTO node_tags (node_id, k, v, version) VALUES (4466, 'hoot:status', '2', 1);
/* create node 4467*/
INSERT INTO nodes (node_id, latitude, longitude, changeset_id, visible, "timestamp", tile, version) VALUES (4467, 388877860, -770517379, 3, true, (now() at time zone 'utc'), 1704401526, 1);
INSERT INTO current_nodes (id, latitude, longitude, changeset_id, visible, "timestamp", tile, version) VALUES (4467, 388877860, -770517379, 3, true, (now() at time zone 'utc'), 1704401526, 1);
INSERT INTO current_node_tags (node_id, k, v) VALUES (4467, 'hoot:id', '4467');
INSERT INTO node_tags (node_id, k, v, version) VALUES (4467, 'hoot:id', '4467', 1);
INSERT INTO current_node_tags (node_id, k, v) VALUES (4467, 'hoot:status', '2');
INSERT INTO node_tags (node_id, k, v, version) VALUES (4467, 'hoot:status', '2', 1);
/* create node 4468*/
INSERT INTO nodes (node_id, latitude, longitude, changeset_id, visible, "timestamp", tile, version) VALUES (4468, 388878070, -770517609, 3, true, (now() at time zone 'utc'), 1704401526, 1);
INSERT INTO current_nodes (id, latitude, longitude, changeset_id, visible, "timestamp", tile, version) VALUES (4468, 388878070, -770517609, 3, true, (now() at time zone 'utc'), 1704401526, 1);
INSERT INTO current_node_tags (node_id, k, v) VALUES (4468, 'hoot:id', '4468');
INSERT INTO node_tags (node_id, k, v, version) VALUES (4468, 'hoot:id', '4468', 1);
INSERT INTO current_node_tags (node_id, k, v) VALUES (4468, 'hoot:status', '2');
INSERT INTO node_tags (node_id, k, v, version) VALUES (4468, 'hoot:status', '2', 1);
/* create node 4469*/
INSERT INTO nodes (node_id, latitude, longitude, changeset_id, visible, "timestamp", tile, version) VALUES (4469, 388878490, -770519029, 3, true, (now() at time zone 'utc'), 1704401526, 1);
INSERT INTO current_nodes (id, latitude, longitude, changeset_id, visible, "timestamp", tile, version) VALUES (4469, 388878490, -770519029, 3, true, (now() at time zone 'utc'), 1704401526, 1);
INSERT INTO current_node_tags (node_id, k, v) VALUES (4469, 'hoot:id', '4469');
INSERT INTO node_tags (node_id, k, v, version) VALUES (4469, 'hoot:id', '4469', 1);
INSERT INTO current_node_tags (node_id, k, v) VALUES (4469, 'hoot:status', '2');
INSERT INTO node_tags (node_id, k, v, version) VALUES (4469, 'hoot:status', '2', 1);
/* create node 4470*/
INSERT INTO nodes (node_id, latitude, longitude, changeset_id, visible, "timestamp", tile, version) VALUES (4470, 388877200, -770518069, 3, true, (now() at time zone 'utc'), 1704401526, 1);
INSERT INTO current_nodes (id, latitude, longitude, changeset_id, visible, "timestamp", tile, version) VALUES (4470, 388877200, -770518069, 3, true, (now() at time zone 'utc'), 1704401526, 1);
INSERT INTO current_node_tags (node_id, k, v) VALUES (4470, 'hoot:id', '4470');
INSERT INTO node_tags (node_id, k, v, version) VALUES (4470, 'hoot:id', '4470', 1);
INSERT INTO current_node_tags (node_id, k, v) VALUES (4470, 'hoot:status', '2');
INSERT INTO node_tags (node_id, k, v, version) VALUES (4470, 'hoot:status', '2', 1);
/* create node 4471*/
INSERT INTO nodes (node_id, latitude, longitude, changeset_id, visible, "timestamp", tile, version) VALUES (4471, 388876420, -770517159, 3, true, (now() at time zone 'utc'), 1704401526, 1);
INSERT INTO current_nodes (id, latitude, longitude, changeset_id, visible, "timestamp", tile, version) VALUES (4471, 388876420, -770517159, 3, true, (now() at time zone 'utc'), 1704401526, 1);
INSERT INTO current_node_tags (node_id, k, v) VALUES (4471, 'hoot:id', '4471');
INSERT INTO node_tags (node_id, k, v, version) VALUES (4471, 'hoot:id', '4471', 1);
INSERT INTO current_node_tags (node_id, k, v) VALUES (4471, 'hoot:status', '2');
INSERT INTO node_tags (node_id, k, v, version) VALUES (4471, 'hoot:status', '2', 1);
/* create node 4472*/
INSERT INTO nodes (node_id, latitude, longitude, changeset_id, visible, "timestamp", tile, version) VALUES (4472, 388875660, -770516219, 3, true, (now() at time zone 'utc'), 1704401526, 1);
INSERT INTO current_nodes (id, latitude, longitude, changeset_id, visible, "timestamp", tile, version) VALUES (4472, 388875660, -770516219, 3, true, (now() at time zone 'utc'), 1704401526, 1);
INSERT INTO current_node_tags (node_id, k, v) VALUES (4472, 'hoot:id', '4472');
INSERT INTO node_tags (node_id, k, v, version) VALUES (4472, 'hoot:id', '4472', 1);
INSERT INTO current_node_tags (node_id, k, v) VALUES (4472, 'hoot:status', '2');
INSERT INTO node_tags (node_id, k, v, version) VALUES (4472, 'hoot:status', '2', 1);
/* create node 4473*/
INSERT INTO nodes (node_id, latitude, longitude, changeset_id, visible, "timestamp", tile, version) VALUES (4473, 388875290, -770515739, 3, true, (now() at time zone 'utc'), 1704401526, 1);
INSERT INTO current_nodes (id, latitude, longitude, changeset_id, visible, "timestamp", tile, version) VALUES (4473, 388875290, -770515739, 3, true, (now() at time zone 'utc'), 1704401526, 1);
INSERT INTO current_node_tags (node_id, k, v) VALUES (4473, 'hoot:id', '4473');
INSERT INTO node_tags (node_id, k, v, version) VALUES (4473, 'hoot:id', '4473', 1);
INSERT INTO current_node_tags (node_id, k, v) VALUES (4473, 'hoot:status', '2');
INSERT INTO node_tags (node_id, k, v, version) VALUES (4473, 'hoot:status', '2', 1);
/* create node 4474*/
INSERT INTO nodes (node_id, latitude, longitude, changeset_id, visible, "timestamp", tile, version) VALUES (4474, 388874560, -770514759, 3, true, (now() at time zone 'utc'), 1704401526, 1);
INSERT INTO current_nodes (id, latitude, longitude, changeset_id, visible, "timestamp", tile, version) VALUES (4474, 388874560, -770514759, 3, true, (now() at time zone 'utc'), 1704401526, 1);
INSERT INTO current_node_tags (node_id, k, v) VALUES (4474, 'hoot:id', '4474');
INSERT INTO node_tags (node_id, k, v, version) VALUES (4474, 'hoot:id', '4474', 1);
INSERT INTO current_node_tags (node_id, k, v) VALUES (4474, 'hoot:status', '2');
INSERT INTO node_tags (node_id, k, v, version) VALUES (4474, 'hoot:status', '2', 1);
/* create node 4475*/
INSERT INTO nodes (node_id, latitude, longitude, changeset_id, visible, "timestamp", tile, version) VALUES (4475, 388874210, -770514259, 3, true, (now() at time zone 'utc'), 1704401526, 1);
INSERT INTO current_nodes (id, latitude, longitude, changeset_id, visible, "timestamp", tile, version) VALUES (4475, 388874210, -770514259, 3, true, (now() at time zone 'utc'), 1704401526, 1);
INSERT INTO current_node_tags (node_id, k, v) VALUES (4475, 'hoot:id', '4475');
INSERT INTO node_tags (node_id, k, v, version) VALUES (4475, 'hoot:id', '4475', 1);
INSERT INTO current_node_tags (node_id, k, v) VALUES (4475, 'hoot:status', '2');
INSERT INTO node_tags (node_id, k, v, version) VALUES (4475, 'hoot:status', '2', 1);
/* create node 4476*/
INSERT INTO nodes (node_id, latitude, longitude, changeset_id, visible, "timestamp", tile, version) VALUES (4476, 388871780, -770510649, 3, true, (now() at time zone 'utc'), 1704401526, 1);
INSERT INTO current_nodes (id, latitude, longitude, changeset_id, visible, "timestamp", tile, version) VALUES (4476, 388871780, -770510649, 3, true, (now() at time zone 'utc'), 1704401526, 1);
INSERT INTO current_node_tags (node_id, k, v) VALUES (4476, 'hoot:id', '4476');
INSERT INTO node_tags (node_id, k, v, version) VALUES (4476, 'hoot:id', '4476', 1);
INSERT INTO current_node_tags (node_id, k, v) VALUES (4476, 'hoot:status', '2');
INSERT INTO node_tags (node_id, k, v, version) VALUES (4476, 'hoot:status', '2', 1);
/* create node 4477*/
INSERT INTO nodes (node_id, latitude, longitude, changeset_id, visible, "timestamp", tile, version) VALUES (4477, 388870330, -770508459, 3, true, (now() at time zone 'utc'), 1704401526, 1);
INSERT INTO current_nodes (id, latitude, longitude, changeset_id, visible, "timestamp", tile, version) VALUES (4477, 388870330, -770508459, 3, true, (now() at time zone 'utc'), 1704401526, 1);
INSERT INTO current_node_tags (node_id, k, v) VALUES (4477, 'hoot:id', '4477');
INSERT INTO node_tags (node_id, k, v, version) VALUES (4477, 'hoot:id', '4477', 1);
INSERT INTO current_node_tags (node_id, k, v) VALUES (4477, 'hoot:status', '2');
INSERT INTO node_tags (node_id, k, v, version) VALUES (4477, 'hoot:status', '2', 1);
/* create node 4478*/
INSERT INTO nodes (node_id, latitude, longitude, changeset_id, visible, "timestamp", tile, version) VALUES (4478, 388869200, -770506539, 3, true, (now() at time zone 'utc'), 1704401526, 1);
INSERT INTO current_nodes (id, latitude, longitude, changeset_id, visible, "timestamp", tile, version) VALUES (4478, 388869200, -770506539, 3, true, (now() at time zone 'utc'), 1704401526, 1);
INSERT INTO current_node_tags (node_id, k, v) VALUES (4478, 'hoot:id', '4478');
INSERT INTO node_tags (node_id, k, v, version) VALUES (4478, 'hoot:id', '4478', 1);
INSERT INTO current_node_tags (node_id, k, v) VALUES (4478, 'hoot:status', '2');
INSERT INTO node_tags (node_id, k, v, version) VALUES (4478, 'hoot:status', '2', 1);
/* create node 4479*/
INSERT INTO nodes (node_id, latitude, longitude, changeset_id, visible, "timestamp", tile, version) VALUES (4479, 388868960, -770506199, 3, true, (now() at time zone 'utc'), 1704401526, 1);
INSERT INTO current_nodes (id, latitude, longitude, changeset_id, visible, "timestamp", tile, version) VALUES (4479, 388868960, -770506199, 3, true, (now() at time zone 'utc'), 1704401526, 1);
INSERT INTO current_node_tags (node_id, k, v) VALUES (4479, 'hoot:id', '4479');
INSERT INTO node_tags (node_id, k, v, version) VALUES (4479, 'hoot:id', '4479', 1);
INSERT INTO current_node_tags (node_id, k, v) VALUES (4479, 'hoot:status', '2');
INSERT INTO node_tags (node_id, k, v, version) VALUES (4479, 'hoot:status', '2', 1);
/* create node 4480*/
INSERT INTO nodes (node_id, latitude, longitude, changeset_id, visible, "timestamp", tile, version) VALUES (4480, 388868830, -770506039, 3, true, (now() at time zone 'utc'), 1704401526, 1);
INSERT INTO current_nodes (id, latitude, longitude, changeset_id, visible, "timestamp", tile, version) VALUES (4480, 388868830, -770506039, 3, true, (now() at time zone 'utc'), 1704401526, 1);
INSERT INTO current_node_tags (node_id, k, v) VALUES (4480, 'hoot:id', '4480');
INSERT INTO node_tags (node_id, k, v, version) VALUES (4480, 'hoot:id', '4480', 1);
INSERT INTO current_node_tags (node_id, k, v) VALUES (4480, 'hoot:status', '2');
INSERT INTO node_tags (node_id, k, v, version) VALUES (4480, 'hoot:status', '2', 1);
/* create node 4481*/
INSERT INTO nodes (node_id, latitude, longitude, changeset_id, visible, "timestamp", tile, version) VALUES (4481, 388868560, -770505749, 3, true, (now() at time zone 'utc'), 1704401526, 1);
INSERT INTO current_nodes (id, latitude, longitude, changeset_id, visible, "timestamp", tile, version) VALUES (4481, 388868560, -770505749, 3, true, (now() at time zone 'utc'), 1704401526, 1);
INSERT INTO current_node_tags (node_id, k, v) VALUES (4481, 'hoot:id', '4481');
INSERT INTO node_tags (node_id, k, v, version) VALUES (4481, 'hoot:id', '4481', 1);
INSERT INTO current_node_tags (node_id, k, v) VALUES (4481, 'hoot:status', '2');
INSERT INTO node_tags (node_id, k, v, version) VALUES (4481, 'hoot:status', '2', 1);
/* create node 4482*/
INSERT INTO nodes (node_id, latitude, longitude, changeset_id, visible, "timestamp", tile, version) VALUES (4482, 388868130, -770505359, 3, true, (now() at time zone 'utc'), 1704401526, 1);
INSERT INTO current_nodes (id, latitude, longitude, changeset_id, visible, "timestamp", tile, version) VALUES (4482, 388868130, -770505359, 3, true, (now() at time zone 'utc'), 1704401526, 1);
INSERT INTO current_node_tags (node_id, k, v) VALUES (4482, 'hoot:id', '4482');
INSERT INTO node_tags (node_id, k, v, version) VALUES (4482, 'hoot:id', '4482', 1);
INSERT INTO current_node_tags (node_id, k, v) VALUES (4482, 'hoot:status', '2');
INSERT INTO node_tags (node_id, k, v, version) VALUES (4482, 'hoot:status', '2', 1);
/* create node 4483*/
INSERT INTO nodes (node_id, latitude, longitude, changeset_id, visible, "timestamp", tile, version) VALUES (4483, 388867820, -770505149, 3, true, (now() at time zone 'utc'), 1704401526, 1);
INSERT INTO current_nodes (id, latitude, longitude, changeset_id, visible, "timestamp", tile, version) VALUES (4483, 388867820, -770505149, 3, true, (now() at time zone 'utc'), 1704401526, 1);
INSERT INTO current_node_tags (node_id, k, v) VALUES (4483, 'hoot:id', '4483');
INSERT INTO node_tags (node_id, k, v, version) VALUES (4483, 'hoot:id', '4483', 1);
INSERT INTO current_node_tags (node_id, k, v) VALUES (4483, 'hoot:status', '2');
INSERT INTO node_tags (node_id, k, v, version) VALUES (4483, 'hoot:status', '2', 1);
/* create node 4484*/
INSERT INTO nodes (node_id, latitude, longitude, changeset_id, visible, "timestamp", tile, version) VALUES (4484, 388867500, -770504959, 3, true, (now() at time zone 'utc'), 1704401526, 1);
INSERT INTO current_nodes (id, latitude, longitude, changeset_id, visible, "timestamp", tile, version) VALUES (4484, 388867500, -770504959, 3, true, (now() at time zone 'utc'), 1704401526, 1);
INSERT INTO current_node_tags (node_id, k, v) VALUES (4484, 'hoot:id', '4484');
INSERT INTO node_tags (node_id, k, v, version) VALUES (4484, 'hoot:id', '4484', 1);
INSERT INTO current_node_tags (node_id, k, v) VALUES (4484, 'hoot:status', '2');
INSERT INTO node_tags (node_id, k, v, version) VALUES (4484, 'hoot:status', '2', 1);
/* create node 4485*/
INSERT INTO nodes (node_id, latitude, longitude, changeset_id, visible, "timestamp", tile, version) VALUES (4485, 388867010, -770504749, 3, true, (now() at time zone 'utc'), 1704401523, 1);
INSERT INTO current_nodes (id, latitude, longitude, changeset_id, visible, "timestamp", tile, version) VALUES (4485, 388867010, -770504749, 3, true, (now() at time zone 'utc'), 1704401523, 1);
INSERT INTO current_node_tags (node_id, k, v) VALUES (4485, 'hoot:id', '4485');
INSERT INTO node_tags (node_id, k, v, version) VALUES (4485, 'hoot:id', '4485', 1);
INSERT INTO current_node_tags (node_id, k, v) VALUES (4485, 'hoot:status', '2');
INSERT INTO node_tags (node_id, k, v, version) VALUES (4485, 'hoot:status', '2', 1);
/* create node 4486*/
INSERT INTO nodes (node_id, latitude, longitude, changeset_id, visible, "timestamp", tile, version) VALUES (4486, 388866660, -770504559, 3, true, (now() at time zone 'utc'), 1704401523, 1);
INSERT INTO current_nodes (id, latitude, longitude, changeset_id, visible, "timestamp", tile, version) VALUES (4486, 388866660, -770504559, 3, true, (now() at time zone 'utc'), 1704401523, 1);
INSERT INTO current_node_tags (node_id, k, v) VALUES (4486, 'hoot:id', '4486');
INSERT INTO node_tags (node_id, k, v, version) VALUES (4486, 'hoot:id', '4486', 1);
INSERT INTO current_node_tags (node_id, k, v) VALUES (4486, 'hoot:status', '2');
INSERT INTO node_tags (node_id, k, v, version) VALUES (4486, 'hoot:status', '2', 1);
/* create node 4487*/
INSERT INTO nodes (node_id, latitude, longitude, changeset_id, visible, "timestamp", tile, version) VALUES (4487, 388866490, -770504449, 3, true, (now() at time zone 'utc'), 1704401523, 1);
INSERT INTO current_nodes (id, latitude, longitude, changeset_id, visible, "timestamp", tile, version) VALUES (4487, 388866490, -770504449, 3, true, (now() at time zone 'utc'), 1704401523, 1);
INSERT INTO current_node_tags (node_id, k, v) VALUES (4487, 'hoot:id', '4487');
INSERT INTO node_tags (node_id, k, v, version) VALUES (4487, 'hoot:id', '4487', 1);
INSERT INTO current_node_tags (node_id, k, v) VALUES (4487, 'hoot:status', '2');
INSERT INTO node_tags (node_id, k, v, version) VALUES (4487, 'hoot:status', '2', 1);
/* create node 4488*/
INSERT INTO nodes (node_id, latitude, longitude, changeset_id, visible, "timestamp", tile, version) VALUES (4488, 388866150, -770504209, 3, true, (now() at time zone 'utc'), 1704401523, 1);
INSERT INTO current_nodes (id, latitude, longitude, changeset_id, visible, "timestamp", tile, version) VALUES (4488, 388866150, -770504209, 3, true, (now() at time zone 'utc'), 1704401523, 1);
INSERT INTO current_node_tags (node_id, k, v) VALUES (4488, 'hoot:id', '4488');
INSERT INTO node_tags (node_id, k, v, version) VALUES (4488, 'hoot:id', '4488', 1);
INSERT INTO current_node_tags (node_id, k, v) VALUES (4488, 'hoot:status', '2');
INSERT INTO node_tags (node_id, k, v, version) VALUES (4488, 'hoot:status', '2', 1);
/* create node 4500*/
INSERT INTO nodes (node_id, latitude, longitude, changeset_id, visible, "timestamp", tile, version) VALUES (4500, 388866940, -770499789, 3, true, (now() at time zone 'utc'), 1704401523, 1);
INSERT INTO current_nodes (id, latitude, longitude, changeset_id, visible, "timestamp", tile, version) VALUES (4500, 388866940, -770499789, 3, true, (now() at time zone 'utc'), 1704401523, 1);
INSERT INTO current_node_tags (node_id, k, v) VALUES (4500, 'hoot:id', '4500');
INSERT INTO node_tags (node_id, k, v, version) VALUES (4500, 'hoot:id', '4500', 1);
INSERT INTO current_node_tags (node_id, k, v) VALUES (4500, 'hoot:status', '2');
INSERT INTO node_tags (node_id, k, v, version) VALUES (4500, 'hoot:status', '2', 1);
/* create node 4501*/
INSERT INTO nodes (node_id, latitude, longitude, changeset_id, visible, "timestamp", tile, version) VALUES (4501, 388866510, -770499779, 3, true, (now() at time zone 'utc'), 1704401523, 1);
INSERT INTO current_nodes (id, latitude, longitude, changeset_id, visible, "timestamp", tile, version) VALUES (4501, 388866510, -770499779, 3, true, (now() at time zone 'utc'), 1704401523, 1);
INSERT INTO current_node_tags (node_id, k, v) VALUES (4501, 'hoot:id', '4501');
INSERT INTO node_tags (node_id, k, v, version) VALUES (4501, 'hoot:id', '4501', 1);
INSERT INTO current_node_tags (node_id, k, v) VALUES (4501, 'hoot:status', '2');
INSERT INTO node_tags (node_id, k, v, version) VALUES (4501, 'hoot:status', '2', 1);
/* create node 4502*/
INSERT INTO nodes (node_id, latitude, longitude, changeset_id, visible, "timestamp", tile, version) VALUES (4502, 388866080, -770499949, 3, true, (now() at time zone 'utc'), 1704401523, 1);
INSERT INTO current_nodes (id, latitude, longitude, changeset_id, visible, "timestamp", tile, version) VALUES (4502, 388866080, -770499949, 3, true, (now() at time zone 'utc'), 1704401523, 1);
INSERT INTO current_node_tags (node_id, k, v) VALUES (4502, 'hoot:id', '4502');
INSERT INTO node_tags (node_id, k, v, version) VALUES (4502, 'hoot:id', '4502', 1);
INSERT INTO current_node_tags (node_id, k, v) VALUES (4502, 'hoot:status', '2');
INSERT INTO node_tags (node_id, k, v, version) VALUES (4502, 'hoot:status', '2', 1);
/* create node 4503*/
INSERT INTO nodes (node_id, latitude, longitude, changeset_id, visible, "timestamp", tile, version) VALUES (4503, 388865830, -770500119, 3, true, (now() at time zone 'utc'), 1704401523, 1);
INSERT INTO current_nodes (id, latitude, longitude, changeset_id, visible, "timestamp", tile, version) VALUES (4503, 388865830, -770500119, 3, true, (now() at time zone 'utc'), 1704401523, 1);
INSERT INTO current_node_tags (node_id, k, v) VALUES (4503, 'hoot:id', '4503');
INSERT INTO node_tags (node_id, k, v, version) VALUES (4503, 'hoot:id', '4503', 1);
INSERT INTO current_node_tags (node_id, k, v) VALUES (4503, 'hoot:status', '2');
INSERT INTO node_tags (node_id, k, v, version) VALUES (4503, 'hoot:status', '2', 1);
/* create node 4504*/
INSERT INTO nodes (node_id, latitude, longitude, changeset_id, visible, "timestamp", tile, version) VALUES (4504, 388865590, -770500329, 3, true, (now() at time zone 'utc'), 1704401523, 1);
INSERT INTO current_nodes (id, latitude, longitude, changeset_id, visible, "timestamp", tile, version) VALUES (4504, 388865590, -770500329, 3, true, (now() at time zone 'utc'), 1704401523, 1);
INSERT INTO current_node_tags (node_id, k, v) VALUES (4504, 'hoot:id', '4504');
INSERT INTO node_tags (node_id, k, v, version) VALUES (4504, 'hoot:id', '4504', 1);
INSERT INTO current_node_tags (node_id, k, v) VALUES (4504, 'hoot:status', '2');
INSERT INTO node_tags (node_id, k, v, version) VALUES (4504, 'hoot:status', '2', 1);
/* create node 4505*/
INSERT INTO nodes (node_id, latitude, longitude, changeset_id, visible, "timestamp", tile, version) VALUES (4505, 388865380, -770500559, 3, true, (now() at time zone 'utc'), 1704401523, 1);
INSERT INTO current_nodes (id, latitude, longitude, changeset_id, visible, "timestamp", tile, version) VALUES (4505, 388865380, -770500559, 3, true, (now() at time zone 'utc'), 1704401523, 1);
INSERT INTO current_node_tags (node_id, k, v) VALUES (4505, 'hoot:id', '4505');
INSERT INTO node_tags (node_id, k, v, version) VALUES (4505, 'hoot:id', '4505', 1);
INSERT INTO current_node_tags (node_id, k, v) VALUES (4505, 'hoot:status', '2');
INSERT INTO node_tags (node_id, k, v, version) VALUES (4505, 'hoot:status', '2', 1);
/* create node 4506*/
INSERT INTO nodes (node_id, latitude, longitude, changeset_id, visible, "timestamp", tile, version) VALUES (4506, 388865180, -770500819, 3, true, (now() at time zone 'utc'), 1704401523, 1);
INSERT INTO current_nodes (id, latitude, longitude, changeset_id, visible, "timestamp", tile, version) VALUES (4506, 388865180, -770500819, 3, true, (now() at time zone 'utc'), 1704401523, 1);
INSERT INTO current_node_tags (node_id, k, v) VALUES (4506, 'hoot:id', '4506');
INSERT INTO node_tags (node_id, k, v, version) VALUES (4506, 'hoot:id', '4506', 1);
INSERT INTO current_node_tags (node_id, k, v) VALUES (4506, 'hoot:status', '2');
INSERT INTO node_tags (node_id, k, v, version) VALUES (4506, 'hoot:status', '2', 1);
/* create node 4512*/
INSERT INTO nodes (node_id, latitude, longitude, changeset_id, visible, "timestamp", tile, version) VALUES (4512, 388900820, -770494719, 3, true, (now() at time zone 'utc'), 1704401527, 1);
INSERT INTO current_nodes (id, latitude, longitude, changeset_id, visible, "timestamp", tile, version) VALUES (4512, 388900820, -770494719, 3, true, (now() at time zone 'utc'), 1704401527, 1);
INSERT INTO current_node_tags (node_id, k, v) VALUES (4512, 'hoot:id', '4512');
INSERT INTO node_tags (node_id, k, v, version) VALUES (4512, 'hoot:id', '4512', 1);
INSERT INTO current_node_tags (node_id, k, v) VALUES (4512, 'hoot:status', '2');
INSERT INTO node_tags (node_id, k, v, version) VALUES (4512, 'hoot:status', '2', 1);
/* create node 4513*/
INSERT INTO nodes (node_id, latitude, longitude, changeset_id, visible, "timestamp", tile, version) VALUES (4513, 388900700, -770494479, 3, true, (now() at time zone 'utc'), 1704401527, 1);
INSERT INTO current_nodes (id, latitude, longitude, changeset_id, visible, "timestamp", tile, version) VALUES (4513, 388900700, -770494479, 3, true, (now() at time zone 'utc'), 1704401527, 1);
INSERT INTO current_node_tags (node_id, k, v) VALUES (4513, 'hoot:id', '4513');
INSERT INTO node_tags (node_id, k, v, version) VALUES (4513, 'hoot:id', '4513', 1);
INSERT INTO current_node_tags (node_id, k, v) VALUES (4513, 'hoot:status', '2');
INSERT INTO node_tags (node_id, k, v, version) VALUES (4513, 'hoot:status', '2', 1);
/* create node 4514*/
INSERT INTO nodes (node_id, latitude, longitude, changeset_id, visible, "timestamp", tile, version) VALUES (4514, 388900590, -770494229, 3, true, (now() at time zone 'utc'), 1704401527, 1);
INSERT INTO current_nodes (id, latitude, longitude, changeset_id, visible, "timestamp", tile, version) VALUES (4514, 388900590, -770494229, 3, true, (now() at time zone 'utc'), 1704401527, 1);
INSERT INTO current_node_tags (node_id, k, v) VALUES (4514, 'hoot:id', '4514');
INSERT INTO node_tags (node_id, k, v, version) VALUES (4514, 'hoot:id', '4514', 1);
INSERT INTO current_node_tags (node_id, k, v) VALUES (4514, 'hoot:status', '2');
INSERT INTO node_tags (node_id, k, v, version) VALUES (4514, 'hoot:status', '2', 1);
/* create node 4515*/
INSERT INTO nodes (node_id, latitude, longitude, changeset_id, visible, "timestamp", tile, version) VALUES (4515, 388899770, -770492899, 3, true, (now() at time zone 'utc'), 1704401527, 1);
INSERT INTO current_nodes (id, latitude, longitude, changeset_id, visible, "timestamp", tile, version) VALUES (4515, 388899770, -770492899, 3, true, (now() at time zone 'utc'), 1704401527, 1);
INSERT INTO current_node_tags (node_id, k, v) VALUES (4515, 'hoot:id', '4515');
INSERT INTO node_tags (node_id, k, v, version) VALUES (4515, 'hoot:id', '4515', 1);
INSERT INTO current_node_tags (node_id, k, v) VALUES (4515, 'hoot:status', '2');
INSERT INTO node_tags (node_id, k, v, version) VALUES (4515, 'hoot:status', '2', 1);
/* create node 4516*/
INSERT INTO nodes (node_id, latitude, longitude, changeset_id, visible, "timestamp", tile, version) VALUES (4516, 388898860, -770491839, 3, true, (now() at time zone 'utc'), 1704401527, 1);
INSERT INTO current_nodes (id, latitude, longitude, changeset_id, visible, "timestamp", tile, version) VALUES (4516, 388898860, -770491839, 3, true, (now() at time zone 'utc'), 1704401527, 1);
INSERT INTO current_node_tags (node_id, k, v) VALUES (4516, 'hoot:id', '4516');
INSERT INTO node_tags (node_id, k, v, version) VALUES (4516, 'hoot:id', '4516', 1);
INSERT INTO current_node_tags (node_id, k, v) VALUES (4516, 'hoot:status', '2');
INSERT INTO node_tags (node_id, k, v, version) VALUES (4516, 'hoot:status', '2', 1);
/* create node 4517*/
INSERT INTO nodes (node_id, latitude, longitude, changeset_id, visible, "timestamp", tile, version) VALUES (4517, 388898520, -770491489, 3, true, (now() at time zone 'utc'), 1704401527, 1);
INSERT INTO current_nodes (id, latitude, longitude, changeset_id, visible, "timestamp", tile, version) VALUES (4517, 388898520, -770491489, 3, true, (now() at time zone 'utc'), 1704401527, 1);
INSERT INTO current_node_tags (node_id, k, v) VALUES (4517, 'hoot:id', '4517');
INSERT INTO node_tags (node_id, k, v, version) VALUES (4517, 'hoot:id', '4517', 1);
INSERT INTO current_node_tags (node_id, k, v) VALUES (4517, 'hoot:status', '2');
INSERT INTO node_tags (node_id, k, v, version) VALUES (4517, 'hoot:status', '2', 1);
/* create node 4518*/
INSERT INTO nodes (node_id, latitude, longitude, changeset_id, visible, "timestamp", tile, version) VALUES (4518, 388898160, -770491159, 3, true, (now() at time zone 'utc'), 1704401527, 1);
INSERT INTO current_nodes (id, latitude, longitude, changeset_id, visible, "timestamp", tile, version) VALUES (4518, 388898160, -770491159, 3, true, (now() at time zone 'utc'), 1704401527, 1);
INSERT INTO current_node_tags (node_id, k, v) VALUES (4518, 'hoot:id', '4518');
INSERT INTO node_tags (node_id, k, v, version) VALUES (4518, 'hoot:id', '4518', 1);
INSERT INTO current_node_tags (node_id, k, v) VALUES (4518, 'hoot:status', '2');
INSERT INTO node_tags (node_id, k, v, version) VALUES (4518, 'hoot:status', '2', 1);
/* create node 4519*/
INSERT INTO nodes (node_id, latitude, longitude, changeset_id, visible, "timestamp", tile, version) VALUES (4519, 388897600, -770490729, 3, true, (now() at time zone 'utc'), 1704401527, 1);
INSERT INTO current_nodes (id, latitude, longitude, changeset_id, visible, "timestamp", tile, version) VALUES (4519, 388897600, -770490729, 3, true, (now() at time zone 'utc'), 1704401527, 1);
INSERT INTO current_node_tags (node_id, k, v) VALUES (4519, 'hoot:id', '4519');
INSERT INTO node_tags (node_id, k, v, version) VALUES (4519, 'hoot:id', '4519', 1);
INSERT INTO current_node_tags (node_id, k, v) VALUES (4519, 'hoot:status', '2');
INSERT INTO node_tags (node_id, k, v, version) VALUES (4519, 'hoot:status', '2', 1);
/* create node 4520*/
INSERT INTO nodes (node_id, latitude, longitude, changeset_id, visible, "timestamp", tile, version) VALUES (4520, 388896590, -770490169, 3, true, (now() at time zone 'utc'), 1704401527, 1);
INSERT INTO current_nodes (id, latitude, longitude, changeset_id, visible, "timestamp", tile, version) VALUES (4520, 388896590, -770490169, 3, true, (now() at time zone 'utc'), 1704401527, 1);
INSERT INTO current_node_tags (node_id, k, v) VALUES (4520, 'hoot:id', '4520');
INSERT INTO node_tags (node_id, k, v, version) VALUES (4520, 'hoot:id', '4520', 1);
INSERT INTO current_node_tags (node_id, k, v) VALUES (4520, 'hoot:status', '2');
INSERT INTO node_tags (node_id, k, v, version) VALUES (4520, 'hoot:status', '2', 1);
/* create node 4521*/
INSERT INTO nodes (node_id, latitude, longitude, changeset_id, visible, "timestamp", tile, version) VALUES (4521, 388896380, -770490079, 3, true, (now() at time zone 'utc'), 1704401527, 1);
INSERT INTO current_nodes (id, latitude, longitude, changeset_id, visible, "timestamp", tile, version) VALUES (4521, 388896380, -770490079, 3, true, (now() at time zone 'utc'), 1704401527, 1);
INSERT INTO current_node_tags (node_id, k, v) VALUES (4521, 'hoot:id', '4521');
INSERT INTO node_tags (node_id, k, v, version) VALUES (4521, 'hoot:id', '4521', 1);
INSERT INTO current_node_tags (node_id, k, v) VALUES (4521, 'hoot:status', '2');
INSERT INTO node_tags (node_id, k, v, version) VALUES (4521, 'hoot:status', '2', 1);
/* create node 4522*/
INSERT INTO nodes (node_id, latitude, longitude, changeset_id, visible, "timestamp", tile, version) VALUES (4522, 388895740, -770489879, 3, true, (now() at time zone 'utc'), 1704401527, 1);
INSERT INTO current_nodes (id, latitude, longitude, changeset_id, visible, "timestamp", tile, version) VALUES (4522, 388895740, -770489879, 3, true, (now() at time zone 'utc'), 1704401527, 1);
INSERT INTO current_node_tags (node_id, k, v) VALUES (4522, 'hoot:id', '4522');
INSERT INTO node_tags (node_id, k, v, version) VALUES (4522, 'hoot:id', '4522', 1);
INSERT INTO current_node_tags (node_id, k, v) VALUES (4522, 'hoot:status', '2');
INSERT INTO node_tags (node_id, k, v, version) VALUES (4522, 'hoot:status', '2', 1);
/* create node 4523*/
INSERT INTO nodes (node_id, latitude, longitude, changeset_id, visible, "timestamp", tile, version) VALUES (4523, 388895090, -770489759, 3, true, (now() at time zone 'utc'), 1704401527, 1);
INSERT INTO current_nodes (id, latitude, longitude, changeset_id, visible, "timestamp", tile, version) VALUES (4523, 388895090, -770489759, 3, true, (now() at time zone 'utc'), 1704401527, 1);
INSERT INTO current_node_tags (node_id, k, v) VALUES (4523, 'hoot:id', '4523');
INSERT INTO node_tags (node_id, k, v, version) VALUES (4523, 'hoot:id', '4523', 1);
INSERT INTO current_node_tags (node_id, k, v) VALUES (4523, 'hoot:status', '2');
INSERT INTO node_tags (node_id, k, v, version) VALUES (4523, 'hoot:status', '2', 1);
/* create node 4524*/
INSERT INTO nodes (node_id, latitude, longitude, changeset_id, visible, "timestamp", tile, version) VALUES (4524, 388894210, -770489679, 3, true, (now() at time zone 'utc'), 1704401526, 1);
INSERT INTO current_nodes (id, latitude, longitude, changeset_id, visible, "timestamp", tile, version) VALUES (4524, 388894210, -770489679, 3, true, (now() at time zone 'utc'), 1704401526, 1);
INSERT INTO current_node_tags (node_id, k, v) VALUES (4524, 'hoot:id', '4524');
INSERT INTO node_tags (node_id, k, v, version) VALUES (4524, 'hoot:id', '4524', 1);
INSERT INTO current_node_tags (node_id, k, v) VALUES (4524, 'hoot:status', '2');
INSERT INTO node_tags (node_id, k, v, version) VALUES (4524, 'hoot:status', '2', 1);
/* create node 4525*/
INSERT INTO nodes (node_id, latitude, longitude, changeset_id, visible, "timestamp", tile, version) VALUES (4525, 388892990, -770489639, 3, true, (now() at time zone 'utc'), 1704401526, 1);
INSERT INTO current_nodes (id, latitude, longitude, changeset_id, visible, "timestamp", tile, version) VALUES (4525, 388892990, -770489639, 3, true, (now() at time zone 'utc'), 1704401526, 1);
INSERT INTO current_node_tags (node_id, k, v) VALUES (4525, 'hoot:id', '4525');
INSERT INTO node_tags (node_id, k, v, version) VALUES (4525, 'hoot:id', '4525', 1);
INSERT INTO current_node_tags (node_id, k, v) VALUES (4525, 'hoot:status', '2');
INSERT INTO node_tags (node_id, k, v, version) VALUES (4525, 'hoot:status', '2', 1);
/* create node 4526*/
INSERT INTO nodes (node_id, latitude, longitude, changeset_id, visible, "timestamp", tile, version) VALUES (4526, 388892180, -770489659, 3, true, (now() at time zone 'utc'), 1704401526, 1);
INSERT INTO current_nodes (id, latitude, longitude, changeset_id, visible, "timestamp", tile, version) VALUES (4526, 388892180, -770489659, 3, true, (now() at time zone 'utc'), 1704401526, 1);
INSERT INTO current_node_tags (node_id, k, v) VALUES (4526, 'hoot:id', '4526');
INSERT INTO node_tags (node_id, k, v, version) VALUES (4526, 'hoot:id', '4526', 1);
INSERT INTO current_node_tags (node_id, k, v) VALUES (4526, 'hoot:status', '2');
INSERT INTO node_tags (node_id, k, v, version) VALUES (4526, 'hoot:status', '2', 1);
/* create node 4527*/
INSERT INTO nodes (node_id, latitude, longitude, changeset_id, visible, "timestamp", tile, version) VALUES (4527, 388891770, -770489679, 3, true, (now() at time zone 'utc'), 1704401526, 1);
INSERT INTO current_nodes (id, latitude, longitude, changeset_id, visible, "timestamp", tile, version) VALUES (4527, 388891770, -770489679, 3, true, (now() at time zone 'utc'), 1704401526, 1);
INSERT INTO current_node_tags (node_id, k, v) VALUES (4527, 'hoot:id', '4527');
INSERT INTO node_tags (node_id, k, v, version) VALUES (4527, 'hoot:id', '4527', 1);
INSERT INTO current_node_tags (node_id, k, v) VALUES (4527, 'hoot:status', '2');
INSERT INTO node_tags (node_id, k, v, version) VALUES (4527, 'hoot:status', '2', 1);
/* create node 4528*/
INSERT INTO nodes (node_id, latitude, longitude, changeset_id, visible, "timestamp", tile, version) VALUES (4528, 388890960, -770489749, 3, true, (now() at time zone 'utc'), 1704401526, 1);
INSERT INTO current_nodes (id, latitude, longitude, changeset_id, visible, "timestamp", tile, version) VALUES (4528, 388890960, -770489749, 3, true, (now() at time zone 'utc'), 1704401526, 1);
INSERT INTO current_node_tags (node_id, k, v) VALUES (4528, 'hoot:id', '4528');
INSERT INTO node_tags (node_id, k, v, version) VALUES (4528, 'hoot:id', '4528', 1);
INSERT INTO current_node_tags (node_id, k, v) VALUES (4528, 'hoot:status', '2');
INSERT INTO node_tags (node_id, k, v, version) VALUES (4528, 'hoot:status', '2', 1);
/* create node 4529*/
INSERT INTO nodes (node_id, latitude, longitude, changeset_id, visible, "timestamp", tile, version) VALUES (4529, 388890150, -770489859, 3, true, (now() at time zone 'utc'), 1704401526, 1);
INSERT INTO current_nodes (id, latitude, longitude, changeset_id, visible, "timestamp", tile, version) VALUES (4529, 388890150, -770489859, 3, true, (now() at time zone 'utc'), 1704401526, 1);
INSERT INTO current_node_tags (node_id, k, v) VALUES (4529, 'hoot:id', '4529');
INSERT INTO node_tags (node_id, k, v, version) VALUES (4529, 'hoot:id', '4529', 1);
INSERT INTO current_node_tags (node_id, k, v) VALUES (4529, 'hoot:status', '2');
INSERT INTO node_tags (node_id, k, v, version) VALUES (4529, 'hoot:status', '2', 1);
/* create node 4530*/
INSERT INTO nodes (node_id, latitude, longitude, changeset_id, visible, "timestamp", tile, version) VALUES (4530, 388889510, -770490039, 3, true, (now() at time zone 'utc'), 1704401526, 1);
INSERT INTO current_nodes (id, latitude, longitude, changeset_id, visible, "timestamp", tile, version) VALUES (4530, 388889510, -770490039, 3, true, (now() at time zone 'utc'), 1704401526, 1);
INSERT INTO current_node_tags (node_id, k, v) VALUES (4530, 'hoot:id', '4530');
INSERT INTO node_tags (node_id, k, v, version) VALUES (4530, 'hoot:id', '4530', 1);
INSERT INTO current_node_tags (node_id, k, v) VALUES (4530, 'hoot:status', '2');
INSERT INTO node_tags (node_id, k, v, version) VALUES (4530, 'hoot:status', '2', 1);
/* create node 4531*/
INSERT INTO nodes (node_id, latitude, longitude, changeset_id, visible, "timestamp", tile, version) VALUES (4531, 388888640, -770490439, 3, true, (now() at time zone 'utc'), 1704401526, 1);
INSERT INTO current_nodes (id, latitude, longitude, changeset_id, visible, "timestamp", tile, version) VALUES (4531, 388888640, -770490439, 3, true, (now() at time zone 'utc'), 1704401526, 1);
INSERT INTO current_node_tags (node_id, k, v) VALUES (4531, 'hoot:id', '4531');
INSERT INTO node_tags (node_id, k, v, version) VALUES (4531, 'hoot:id', '4531', 1);
INSERT INTO current_node_tags (node_id, k, v) VALUES (4531, 'hoot:status', '2');
INSERT INTO node_tags (node_id, k, v, version) VALUES (4531, 'hoot:status', '2', 1);
/* create node 4532*/
INSERT INTO nodes (node_id, latitude, longitude, changeset_id, visible, "timestamp", tile, version) VALUES (4532, 388887630, -770491129, 3, true, (now() at time zone 'utc'), 1704401526, 1);
INSERT INTO current_nodes (id, latitude, longitude, changeset_id, visible, "timestamp", tile, version) VALUES (4532, 388887630, -770491129, 3, true, (now() at time zone 'utc'), 1704401526, 1);
INSERT INTO current_node_tags (node_id, k, v) VALUES (4532, 'hoot:id', '4532');
INSERT INTO node_tags (node_id, k, v, version) VALUES (4532, 'hoot:id', '4532', 1);
INSERT INTO current_node_tags (node_id, k, v) VALUES (4532, 'hoot:status', '2');
INSERT INTO node_tags (node_id, k, v, version) VALUES (4532, 'hoot:status', '2', 1);
/* create node 4533*/
INSERT INTO nodes (node_id, latitude, longitude, changeset_id, visible, "timestamp", tile, version) VALUES (4533, 388886880, -770491819, 3, true, (now() at time zone 'utc'), 1704401526, 1);
INSERT INTO current_nodes (id, latitude, longitude, changeset_id, visible, "timestamp", tile, version) VALUES (4533, 388886880, -770491819, 3, true, (now() at time zone 'utc'), 1704401526, 1);
INSERT INTO current_node_tags (node_id, k, v) VALUES (4533, 'hoot:id', '4533');
INSERT INTO node_tags (node_id, k, v, version) VALUES (4533, 'hoot:id', '4533', 1);
INSERT INTO current_node_tags (node_id, k, v) VALUES (4533, 'hoot:status', '2');
INSERT INTO node_tags (node_id, k, v, version) VALUES (4533, 'hoot:status', '2', 1);
/* create node 4534*/
INSERT INTO nodes (node_id, latitude, longitude, changeset_id, visible, "timestamp", tile, version) VALUES (4534, 388886370, -770492409, 3, true, (now() at time zone 'utc'), 1704401526, 1);
INSERT INTO current_nodes (id, latitude, longitude, changeset_id, visible, "timestamp", tile, version) VALUES (4534, 388886370, -770492409, 3, true, (now() at time zone 'utc'), 1704401526, 1);
INSERT INTO current_node_tags (node_id, k, v) VALUES (4534, 'hoot:id', '4534');
INSERT INTO node_tags (node_id, k, v, version) VALUES (4534, 'hoot:id', '4534', 1);
INSERT INTO current_node_tags (node_id, k, v) VALUES (4534, 'hoot:status', '2');
INSERT INTO node_tags (node_id, k, v, version) VALUES (4534, 'hoot:status', '2', 1);
/* create node 4535*/
INSERT INTO nodes (node_id, latitude, longitude, changeset_id, visible, "timestamp", tile, version) VALUES (4535, 388886210, -770492619, 3, true, (now() at time zone 'utc'), 1704401526, 1);
INSERT INTO current_nodes (id, latitude, longitude, changeset_id, visible, "timestamp", tile, version) VALUES (4535, 388886210, -770492619, 3, true, (now() at time zone 'utc'), 1704401526, 1);
INSERT INTO current_node_tags (node_id, k, v) VALUES (4535, 'hoot:id', '4535');
INSERT INTO node_tags (node_id, k, v, version) VALUES (4535, 'hoot:id', '4535', 1);
INSERT INTO current_node_tags (node_id, k, v) VALUES (4535, 'hoot:status', '2');
INSERT INTO node_tags (node_id, k, v, version) VALUES (4535, 'hoot:status', '2', 1);
/* create node 4536*/
INSERT INTO nodes (node_id, latitude, longitude, changeset_id, visible, "timestamp", tile, version) VALUES (4536, 388886080, -770492809, 3, true, (now() at time zone 'utc'), 1704401526, 1);
INSERT INTO current_nodes (id, latitude, longitude, changeset_id, visible, "timestamp", tile, version) VALUES (4536, 388886080, -770492809, 3, true, (now() at time zone 'utc'), 1704401526, 1);
INSERT INTO current_node_tags (node_id, k, v) VALUES (4536, 'hoot:id', '4536');
INSERT INTO node_tags (node_id, k, v, version) VALUES (4536, 'hoot:id', '4536', 1);
INSERT INTO current_node_tags (node_id, k, v) VALUES (4536, 'hoot:status', '2');
INSERT INTO node_tags (node_id, k, v, version) VALUES (4536, 'hoot:status', '2', 1);
/* create node 4537*/
INSERT INTO nodes (node_id, latitude, longitude, changeset_id, visible, "timestamp", tile, version) VALUES (4537, 388885580, -770493319, 3, true, (now() at time zone 'utc'), 1704401526, 1);
INSERT INTO current_nodes (id, latitude, longitude, changeset_id, visible, "timestamp", tile, version) VALUES (4537, 388885580, -770493319, 3, true, (now() at time zone 'utc'), 1704401526, 1);
INSERT INTO current_node_tags (node_id, k, v) VALUES (4537, 'hoot:id', '4537');
INSERT INTO node_tags (node_id, k, v, version) VALUES (4537, 'hoot:id', '4537', 1);
INSERT INTO current_node_tags (node_id, k, v) VALUES (4537, 'hoot:status', '2');
INSERT INTO node_tags (node_id, k, v, version) VALUES (4537, 'hoot:status', '2', 1);
/* create node 4538*/
INSERT INTO nodes (node_id, latitude, longitude, changeset_id, visible, "timestamp", tile, version) VALUES (4538, 388885430, -770493509, 3, true, (now() at time zone 'utc'), 1704401526, 1);
INSERT INTO current_nodes (id, latitude, longitude, changeset_id, visible, "timestamp", tile, version) VALUES (4538, 388885430, -770493509, 3, true, (now() at time zone 'utc'), 1704401526, 1);
INSERT INTO current_node_tags (node_id, k, v) VALUES (4538, 'hoot:id', '4538');
INSERT INTO node_tags (node_id, k, v, version) VALUES (4538, 'hoot:id', '4538', 1);
INSERT INTO current_node_tags (node_id, k, v) VALUES (4538, 'hoot:status', '2');
INSERT INTO node_tags (node_id, k, v, version) VALUES (4538, 'hoot:status', '2', 1);
/* create node 4554*/
INSERT INTO nodes (node_id, latitude, longitude, changeset_id, visible, "timestamp", tile, version) VALUES (4554, 388884870, -770508419, 3, true, (now() at time zone 'utc'), 1704401526, 1);
INSERT INTO current_nodes (id, latitude, longitude, changeset_id, visible, "timestamp", tile, version) VALUES (4554, 388884870, -770508419, 3, true, (now() at time zone 'utc'), 1704401526, 1);
INSERT INTO current_node_tags (node_id, k, v) VALUES (4554, 'hoot:id', '4554');
INSERT INTO node_tags (node_id, k, v, version) VALUES (4554, 'hoot:id', '4554', 1);
INSERT INTO current_node_tags (node_id, k, v) VALUES (4554, 'hoot:status', '2');
INSERT INTO node_tags (node_id, k, v, version) VALUES (4554, 'hoot:status', '2', 1);
/* create node 4555*/
INSERT INTO nodes (node_id, latitude, longitude, changeset_id, visible, "timestamp", tile, version) VALUES (4555, 388885000, -770508909, 3, true, (now() at time zone 'utc'), 1704401526, 1);
INSERT INTO current_nodes (id, latitude, longitude, changeset_id, visible, "timestamp", tile, version) VALUES (4555, 388885000, -770508909, 3, true, (now() at time zone 'utc'), 1704401526, 1);
INSERT INTO current_node_tags (node_id, k, v) VALUES (4555, 'hoot:id', '4555');
INSERT INTO node_tags (node_id, k, v, version) VALUES (4555, 'hoot:id', '4555', 1);
INSERT INTO current_node_tags (node_id, k, v) VALUES (4555, 'hoot:status', '2');
INSERT INTO node_tags (node_id, k, v, version) VALUES (4555, 'hoot:status', '2', 1);
/* create node 4556*/
INSERT INTO nodes (node_id, latitude, longitude, changeset_id, visible, "timestamp", tile, version) VALUES (4556, 388885140, -770509389, 3, true, (now() at time zone 'utc'), 1704401526, 1);
INSERT INTO current_nodes (id, latitude, longitude, changeset_id, visible, "timestamp", tile, version) VALUES (4556, 388885140, -770509389, 3, true, (now() at time zone 'utc'), 1704401526, 1);
INSERT INTO current_node_tags (node_id, k, v) VALUES (4556, 'hoot:id', '4556');
INSERT INTO node_tags (node_id, k, v, version) VALUES (4556, 'hoot:id', '4556', 1);
INSERT INTO current_node_tags (node_id, k, v) VALUES (4556, 'hoot:status', '2');
INSERT INTO node_tags (node_id, k, v, version) VALUES (4556, 'hoot:status', '2', 1);
/* create node 4557*/
INSERT INTO nodes (node_id, latitude, longitude, changeset_id, visible, "timestamp", tile, version) VALUES (4557, 388888800, -770511919, 3, true, (now() at time zone 'utc'), 1704401526, 1);
INSERT INTO current_nodes (id, latitude, longitude, changeset_id, visible, "timestamp", tile, version) VALUES (4557, 388888800, -770511919, 3, true, (now() at time zone 'utc'), 1704401526, 1);
INSERT INTO current_node_tags (node_id, k, v) VALUES (4557, 'hoot:id', '4557');
INSERT INTO node_tags (node_id, k, v, version) VALUES (4557, 'hoot:id', '4557', 1);
INSERT INTO current_node_tags (node_id, k, v) VALUES (4557, 'hoot:status', '2');
INSERT INTO node_tags (node_id, k, v, version) VALUES (4557, 'hoot:status', '2', 1);
/* create node 4600*/
INSERT INTO nodes (node_id, latitude, longitude, changeset_id, visible, "timestamp", tile, version) VALUES (4600, 388905480, -770520369, 3, true, (now() at time zone 'utc'), 1704401527, 1);
INSERT INTO current_nodes (id, latitude, longitude, changeset_id, visible, "timestamp", tile, version) VALUES (4600, 388905480, -770520369, 3, true, (now() at time zone 'utc'), 1704401527, 1);
INSERT INTO current_node_tags (node_id, k, v) VALUES (4600, 'hoot:id', '4600');
INSERT INTO node_tags (node_id, k, v, version) VALUES (4600, 'hoot:id', '4600', 1);
INSERT INTO current_node_tags (node_id, k, v) VALUES (4600, 'hoot:status', '2');
INSERT INTO node_tags (node_id, k, v, version) VALUES (4600, 'hoot:status', '2', 1);
/* create node 4601*/
INSERT INTO nodes (node_id, latitude, longitude, changeset_id, visible, "timestamp", tile, version) VALUES (4601, 388907560, -770517899, 3, true, (now() at time zone 'utc'), 1704401527, 1);
INSERT INTO current_nodes (id, latitude, longitude, changeset_id, visible, "timestamp", tile, version) VALUES (4601, 388907560, -770517899, 3, true, (now() at time zone 'utc'), 1704401527, 1);
INSERT INTO current_node_tags (node_id, k, v) VALUES (4601, 'hoot:id', '4601');
INSERT INTO node_tags (node_id, k, v, version) VALUES (4601, 'hoot:id', '4601', 1);
INSERT INTO current_node_tags (node_id, k, v) VALUES (4601, 'hoot:status', '2');
INSERT INTO node_tags (node_id, k, v, version) VALUES (4601, 'hoot:status', '2', 1);
/* create node 4602*/
INSERT INTO nodes (node_id, latitude, longitude, changeset_id, visible, "timestamp", tile, version) VALUES (4602, 388908180, -770516569, 3, true, (now() at time zone 'utc'), 1704401527, 1);
INSERT INTO current_nodes (id, latitude, longitude, changeset_id, visible, "timestamp", tile, version) VALUES (4602, 388908180, -770516569, 3, true, (now() at time zone 'utc'), 1704401527, 1);
INSERT INTO current_node_tags (node_id, k, v) VALUES (4602, 'hoot:id', '4602');
INSERT INTO node_tags (node_id, k, v, version) VALUES (4602, 'hoot:id', '4602', 1);
INSERT INTO current_node_tags (node_id, k, v) VALUES (4602, 'hoot:status', '2');
INSERT INTO node_tags (node_id, k, v, version) VALUES (4602, 'hoot:status', '2', 1);
/* create node 4603*/
INSERT INTO nodes (node_id, latitude, longitude, changeset_id, visible, "timestamp", tile, version) VALUES (4603, 388908520, -770515549, 3, true, (now() at time zone 'utc'), 1704401527, 1);
INSERT INTO current_nodes (id, latitude, longitude, changeset_id, visible, "timestamp", tile, version) VALUES (4603, 388908520, -770515549, 3, true, (now() at time zone 'utc'), 1704401527, 1);
INSERT INTO current_node_tags (node_id, k, v) VALUES (4603, 'hoot:id', '4603');
INSERT INTO node_tags (node_id, k, v, version) VALUES (4603, 'hoot:id', '4603', 1);
INSERT INTO current_node_tags (node_id, k, v) VALUES (4603, 'hoot:status', '2');
INSERT INTO node_tags (node_id, k, v, version) VALUES (4603, 'hoot:status', '2', 1);
/* create node 4604*/
INSERT INTO nodes (node_id, latitude, longitude, changeset_id, visible, "timestamp", tile, version) VALUES (4604, 388908820, -770513939, 3, true, (now() at time zone 'utc'), 1704401527, 1);
INSERT INTO current_nodes (id, latitude, longitude, changeset_id, visible, "timestamp", tile, version) VALUES (4604, 388908820, -770513939, 3, true, (now() at time zone 'utc'), 1704401527, 1);
INSERT INTO current_node_tags (node_id, k, v) VALUES (4604, 'hoot:id', '4604');
INSERT INTO node_tags (node_id, k, v, version) VALUES (4604, 'hoot:id', '4604', 1);
INSERT INTO current_node_tags (node_id, k, v) VALUES (4604, 'hoot:status', '2');
INSERT INTO node_tags (node_id, k, v, version) VALUES (4604, 'hoot:status', '2', 1);
/* create node 4605*/
INSERT INTO nodes (node_id, latitude, longitude, changeset_id, visible, "timestamp", tile, version) VALUES (4605, 388908830, -770512829, 3, true, (now() at time zone 'utc'), 1704401527, 1);
INSERT INTO current_nodes (id, latitude, longitude, changeset_id, visible, "timestamp", tile, version) VALUES (4605, 388908830, -770512829, 3, true, (now() at time zone 'utc'), 1704401527, 1);
INSERT INTO current_node_tags (node_id, k, v) VALUES (4605, 'hoot:id', '4605');
INSERT INTO node_tags (node_id, k, v, version) VALUES (4605, 'hoot:id', '4605', 1);
INSERT INTO current_node_tags (node_id, k, v) VALUES (4605, 'hoot:status', '2');
INSERT INTO node_tags (node_id, k, v, version) VALUES (4605, 'hoot:status', '2', 1);
/* create node 4606*/
INSERT INTO nodes (node_id, latitude, longitude, changeset_id, visible, "timestamp", tile, version) VALUES (4606, 388908620, -770511529, 3, true, (now() at time zone 'utc'), 1704401527, 1);
INSERT INTO current_nodes (id, latitude, longitude, changeset_id, visible, "timestamp", tile, version) VALUES (4606, 388908620, -770511529, 3, true, (now() at time zone 'utc'), 1704401527, 1);
INSERT INTO current_node_tags (node_id, k, v) VALUES (4606, 'hoot:id', '4606');
INSERT INTO node_tags (node_id, k, v, version) VALUES (4606, 'hoot:id', '4606', 1);
INSERT INTO current_node_tags (node_id, k, v) VALUES (4606, 'hoot:status', '2');
INSERT INTO node_tags (node_id, k, v, version) VALUES (4606, 'hoot:status', '2', 1);
/* create node 4607*/
INSERT INTO nodes (node_id, latitude, longitude, changeset_id, visible, "timestamp", tile, version) VALUES (4607, 388908130, -770510199, 3, true, (now() at time zone 'utc'), 1704401527, 1);
INSERT INTO current_nodes (id, latitude, longitude, changeset_id, visible, "timestamp", tile, version) VALUES (4607, 388908130, -770510199, 3, true, (now() at time zone 'utc'), 1704401527, 1);
INSERT INTO current_node_tags (node_id, k, v) VALUES (4607, 'hoot:id', '4607');
INSERT INTO node_tags (node_id, k, v, version) VALUES (4607, 'hoot:id', '4607', 1);
INSERT INTO current_node_tags (node_id, k, v) VALUES (4607, 'hoot:status', '2');
INSERT INTO node_tags (node_id, k, v, version) VALUES (4607, 'hoot:status', '2', 1);
/* create node 4608*/
INSERT INTO nodes (node_id, latitude, longitude, changeset_id, visible, "timestamp", tile, version) VALUES (4608, 388907490, -770509149, 3, true, (now() at time zone 'utc'), 1704401527, 1);
INSERT INTO current_nodes (id, latitude, longitude, changeset_id, visible, "timestamp", tile, version) VALUES (4608, 388907490, -770509149, 3, true, (now() at time zone 'utc'), 1704401527, 1);
INSERT INTO current_node_tags (node_id, k, v) VALUES (4608, 'hoot:id', '4608');
INSERT INTO node_tags (node_id, k, v, version) VALUES (4608, 'hoot:id', '4608', 1);
INSERT INTO current_node_tags (node_id, k, v) VALUES (4608, 'hoot:status', '2');
INSERT INTO node_tags (node_id, k, v, version) VALUES (4608, 'hoot:status', '2', 1);
/* create node 4609*/
INSERT INTO nodes (node_id, latitude, longitude, changeset_id, visible, "timestamp", tile, version) VALUES (4609, 388906820, -770508449, 3, true, (now() at time zone 'utc'), 1704401527, 1);
INSERT INTO current_nodes (id, latitude, longitude, changeset_id, visible, "timestamp", tile, version) VALUES (4609, 388906820, -770508449, 3, true, (now() at time zone 'utc'), 1704401527, 1);
INSERT INTO current_node_tags (node_id, k, v) VALUES (4609, 'hoot:id', '4609');
INSERT INTO node_tags (node_id, k, v, version) VALUES (4609, 'hoot:id', '4609', 1);
INSERT INTO current_node_tags (node_id, k, v) VALUES (4609, 'hoot:status', '2');
INSERT INTO node_tags (node_id, k, v, version) VALUES (4609, 'hoot:status', '2', 1);
/* create node 4610*/
INSERT INTO nodes (node_id, latitude, longitude, changeset_id, visible, "timestamp", tile, version) VALUES (4610, 388905830, -770507789, 3, true, (now() at time zone 'utc'), 1704401527, 1);
INSERT INTO current_nodes (id, latitude, longitude, changeset_id, visible, "timestamp", tile, version) VALUES (4610, 388905830, -770507789, 3, true, (now() at time zone 'utc'), 1704401527, 1);
INSERT INTO current_node_tags (node_id, k, v) VALUES (4610, 'hoot:id', '4610');
INSERT INTO node_tags (node_id, k, v, version) VALUES (4610, 'hoot:id', '4610', 1);
INSERT INTO current_node_tags (node_id, k, v) VALUES (4610, 'hoot:status', '2');
INSERT INTO node_tags (node_id, k, v, version) VALUES (4610, 'hoot:status', '2', 1);
/* create node 4611*/
INSERT INTO nodes (node_id, latitude, longitude, changeset_id, visible, "timestamp", tile, version) VALUES (4611, 388904890, -770507539, 3, true, (now() at time zone 'utc'), 1704401527, 1);
INSERT INTO current_nodes (id, latitude, longitude, changeset_id, visible, "timestamp", tile, version) VALUES (4611, 388904890, -770507539, 3, true, (now() at time zone 'utc'), 1704401527, 1);
INSERT INTO current_node_tags (node_id, k, v) VALUES (4611, 'hoot:id', '4611');
INSERT INTO node_tags (node_id, k, v, version) VALUES (4611, 'hoot:id', '4611', 1);
INSERT INTO current_node_tags (node_id, k, v) VALUES (4611, 'hoot:status', '2');
INSERT INTO node_tags (node_id, k, v, version) VALUES (4611, 'hoot:status', '2', 1);
/* create node 4612*/
INSERT INTO nodes (node_id, latitude, longitude, changeset_id, visible, "timestamp", tile, version) VALUES (4612, 388904090, -770507589, 3, true, (now() at time zone 'utc'), 1704401527, 1);
INSERT INTO current_nodes (id, latitude, longitude, changeset_id, visible, "timestamp", tile, version) VALUES (4612, 388904090, -770507589, 3, true, (now() at time zone 'utc'), 1704401527, 1);
INSERT INTO current_node_tags (node_id, k, v) VALUES (4612, 'hoot:id', '4612');
INSERT INTO node_tags (node_id, k, v, version) VALUES (4612, 'hoot:id', '4612', 1);
INSERT INTO current_node_tags (node_id, k, v) VALUES (4612, 'hoot:status', '2');
INSERT INTO node_tags (node_id, k, v, version) VALUES (4612, 'hoot:status', '2', 1);
/* create node 4613*/
INSERT INTO nodes (node_id, latitude, longitude, changeset_id, visible, "timestamp", tile, version) VALUES (4613, 388903000, -770507869, 3, true, (now() at time zone 'utc'), 1704401527, 1);
INSERT INTO current_nodes (id, latitude, longitude, changeset_id, visible, "timestamp", tile, version) VALUES (4613, 388903000, -770507869, 3, true, (now() at time zone 'utc'), 1704401527, 1);
INSERT INTO current_node_tags (node_id, k, v) VALUES (4613, 'hoot:id', '4613');
INSERT INTO node_tags (node_id, k, v, version) VALUES (4613, 'hoot:id', '4613', 1);
INSERT INTO current_node_tags (node_id, k, v) VALUES (4613, 'hoot:status', '2');
INSERT INTO node_tags (node_id, k, v, version) VALUES (4613, 'hoot:status', '2', 1);
/* create node 4615*/
INSERT INTO nodes (node_id, latitude, longitude, changeset_id, visible, "timestamp", tile, version) VALUES (4615, 388899540, -770510629, 3, true, (now() at time zone 'utc'), 1704401527, 1);
INSERT INTO current_nodes (id, latitude, longitude, changeset_id, visible, "timestamp", tile, version) VALUES (4615, 388899540, -770510629, 3, true, (now() at time zone 'utc'), 1704401527, 1);
INSERT INTO current_node_tags (node_id, k, v) VALUES (4615, 'hoot:id', '4615');
INSERT INTO node_tags (node_id, k, v, version) VALUES (4615, 'hoot:id', '4615', 1);
INSERT INTO current_node_tags (node_id, k, v) VALUES (4615, 'hoot:status', '2');
INSERT INTO node_tags (node_id, k, v, version) VALUES (4615, 'hoot:status', '2', 1);
/* create node 4616*/
INSERT INTO nodes (node_id, latitude, longitude, changeset_id, visible, "timestamp", tile, version) VALUES (4616, 388899450, -770510929, 3, true, (now() at time zone 'utc'), 1704401527, 1);
INSERT INTO current_nodes (id, latitude, longitude, changeset_id, visible, "timestamp", tile, version) VALUES (4616, 388899450, -770510929, 3, true, (now() at time zone 'utc'), 1704401527, 1);
INSERT INTO current_node_tags (node_id, k, v) VALUES (4616, 'hoot:id', '4616');
INSERT INTO node_tags (node_id, k, v, version) VALUES (4616, 'hoot:id', '4616', 1);
INSERT INTO current_node_tags (node_id, k, v) VALUES (4616, 'hoot:status', '2');
INSERT INTO node_tags (node_id, k, v, version) VALUES (4616, 'hoot:status', '2', 1);
/* create node 4617*/
INSERT INTO nodes (node_id, latitude, longitude, changeset_id, visible, "timestamp", tile, version) VALUES (4617, 388899280, -770511619, 3, true, (now() at time zone 'utc'), 1704401527, 1);
INSERT INTO current_nodes (id, latitude, longitude, changeset_id, visible, "timestamp", tile, version) VALUES (4617, 388899280, -770511619, 3, true, (now() at time zone 'utc'), 1704401527, 1);
INSERT INTO current_node_tags (node_id, k, v) VALUES (4617, 'hoot:id', '4617');
INSERT INTO node_tags (node_id, k, v, version) VALUES (4617, 'hoot:id', '4617', 1);
INSERT INTO current_node_tags (node_id, k, v) VALUES (4617, 'hoot:status', '2');
INSERT INTO node_tags (node_id, k, v, version) VALUES (4617, 'hoot:status', '2', 1);
/* create node 4618*/
INSERT INTO nodes (node_id, latitude, longitude, changeset_id, visible, "timestamp", tile, version) VALUES (4618, 388899120, -770512349, 3, true, (now() at time zone 'utc'), 1704401527, 1);
INSERT INTO current_nodes (id, latitude, longitude, changeset_id, visible, "timestamp", tile, version) VALUES (4618, 388899120, -770512349, 3, true, (now() at time zone 'utc'), 1704401527, 1);
INSERT INTO current_node_tags (node_id, k, v) VALUES (4618, 'hoot:id', '4618');
INSERT INTO node_tags (node_id, k, v, version) VALUES (4618, 'hoot:id', '4618', 1);
INSERT INTO current_node_tags (node_id, k, v) VALUES (4618, 'hoot:status', '2');
INSERT INTO node_tags (node_id, k, v, version) VALUES (4618, 'hoot:status', '2', 1);
/* create node 4619*/
INSERT INTO nodes (node_id, latitude, longitude, changeset_id, visible, "timestamp", tile, version) VALUES (4619, 388899050, -770512709, 3, true, (now() at time zone 'utc'), 1704401527, 1);
INSERT INTO current_nodes (id, latitude, longitude, changeset_id, visible, "timestamp", tile, version) VALUES (4619, 388899050, -770512709, 3, true, (now() at time zone 'utc'), 1704401527, 1);
INSERT INTO current_node_tags (node_id, k, v) VALUES (4619, 'hoot:id', '4619');
INSERT INTO node_tags (node_id, k, v, version) VALUES (4619, 'hoot:id', '4619', 1);
INSERT INTO current_node_tags (node_id, k, v) VALUES (4619, 'hoot:status', '2');
INSERT INTO node_tags (node_id, k, v, version) VALUES (4619, 'hoot:status', '2', 1);
/* create node 4620*/
INSERT INTO nodes (node_id, latitude, longitude, changeset_id, visible, "timestamp", tile, version) VALUES (4620, 388898930, -770513449, 3, true, (now() at time zone 'utc'), 1704401527, 1);
INSERT INTO current_nodes (id, latitude, longitude, changeset_id, visible, "timestamp", tile, version) VALUES (4620, 388898930, -770513449, 3, true, (now() at time zone 'utc'), 1704401527, 1);
INSERT INTO current_node_tags (node_id, k, v) VALUES (4620, 'hoot:id', '4620');
INSERT INTO node_tags (node_id, k, v, version) VALUES (4620, 'hoot:id', '4620', 1);
INSERT INTO current_node_tags (node_id, k, v) VALUES (4620, 'hoot:status', '2');
INSERT INTO node_tags (node_id, k, v, version) VALUES (4620, 'hoot:status', '2', 1);
/* create node 4621*/
INSERT INTO nodes (node_id, latitude, longitude, changeset_id, visible, "timestamp", tile, version) VALUES (4621, 388898800, -770514509, 3, true, (now() at time zone 'utc'), 1704401527, 1);
INSERT INTO current_nodes (id, latitude, longitude, changeset_id, visible, "timestamp", tile, version) VALUES (4621, 388898800, -770514509, 3, true, (now() at time zone 'utc'), 1704401527, 1);
INSERT INTO current_node_tags (node_id, k, v) VALUES (4621, 'hoot:id', '4621');
INSERT INTO node_tags (node_id, k, v, version) VALUES (4621, 'hoot:id', '4621', 1);
INSERT INTO current_node_tags (node_id, k, v) VALUES (4621, 'hoot:status', '2');
INSERT INTO node_tags (node_id, k, v, version) VALUES (4621, 'hoot:status', '2', 1);
/* create node 4622*/
INSERT INTO nodes (node_id, latitude, longitude, changeset_id, visible, "timestamp", tile, version) VALUES (4622, 388898740, -770515289, 3, true, (now() at time zone 'utc'), 1704401527, 1);
INSERT INTO current_nodes (id, latitude, longitude, changeset_id, visible, "timestamp", tile, version) VALUES (4622, 388898740, -770515289, 3, true, (now() at time zone 'utc'), 1704401527, 1);
INSERT INTO current_node_tags (node_id, k, v) VALUES (4622, 'hoot:id', '4622');
INSERT INTO node_tags (node_id, k, v, version) VALUES (4622, 'hoot:id', '4622', 1);
INSERT INTO current_node_tags (node_id, k, v) VALUES (4622, 'hoot:status', '2');
INSERT INTO node_tags (node_id, k, v, version) VALUES (4622, 'hoot:status', '2', 1);
/* create node 4623*/
INSERT INTO nodes (node_id, latitude, longitude, changeset_id, visible, "timestamp", tile, version) VALUES (4623, 388898700, -770516079, 3, true, (now() at time zone 'utc'), 1704401527, 1);
INSERT INTO current_nodes (id, latitude, longitude, changeset_id, visible, "timestamp", tile, version) VALUES (4623, 388898700, -770516079, 3, true, (now() at time zone 'utc'), 1704401527, 1);
INSERT INTO current_node_tags (node_id, k, v) VALUES (4623, 'hoot:id', '4623');
INSERT INTO node_tags (node_id, k, v, version) VALUES (4623, 'hoot:id', '4623', 1);
INSERT INTO current_node_tags (node_id, k, v) VALUES (4623, 'hoot:status', '2');
INSERT INTO node_tags (node_id, k, v, version) VALUES (4623, 'hoot:status', '2', 1);
/* create node 4624*/
INSERT INTO nodes (node_id, latitude, longitude, changeset_id, visible, "timestamp", tile, version) VALUES (4624, 388898700, -770516859, 3, true, (now() at time zone 'utc'), 1704401527, 1);
INSERT INTO current_nodes (id, latitude, longitude, changeset_id, visible, "timestamp", tile, version) VALUES (4624, 388898700, -770516859, 3, true, (now() at time zone 'utc'), 1704401527, 1);
INSERT INTO current_node_tags (node_id, k, v) VALUES (4624, 'hoot:id', '4624');
INSERT INTO node_tags (node_id, k, v, version) VALUES (4624, 'hoot:id', '4624', 1);
INSERT INTO current_node_tags (node_id, k, v) VALUES (4624, 'hoot:status', '2');
INSERT INTO node_tags (node_id, k, v, version) VALUES (4624, 'hoot:status', '2', 1);
/* create node 4625*/
INSERT INTO nodes (node_id, latitude, longitude, changeset_id, visible, "timestamp", tile, version) VALUES (4625, 388898950, -770519879, 3, true, (now() at time zone 'utc'), 1704401527, 1);
INSERT INTO current_nodes (id, latitude, longitude, changeset_id, visible, "timestamp", tile, version) VALUES (4625, 388898950, -770519879, 3, true, (now() at time zone 'utc'), 1704401527, 1);
INSERT INTO current_node_tags (node_id, k, v) VALUES (4625, 'hoot:id', '4625');
INSERT INTO node_tags (node_id, k, v, version) VALUES (4625, 'hoot:id', '4625', 1);
INSERT INTO current_node_tags (node_id, k, v) VALUES (4625, 'hoot:status', '2');
INSERT INTO node_tags (node_id, k, v, version) VALUES (4625, 'hoot:status', '2', 1);
/* create node 4626*/
INSERT INTO nodes (node_id, latitude, longitude, changeset_id, visible, "timestamp", tile, version) VALUES (4626, 388897310, -770517669, 3, true, (now() at time zone 'utc'), 1704401527, 1);
INSERT INTO current_nodes (id, latitude, longitude, changeset_id, visible, "timestamp", tile, version) VALUES (4626, 388897310, -770517669, 3, true, (now() at time zone 'utc'), 1704401527, 1);
INSERT INTO current_node_tags (node_id, k, v) VALUES (4626, 'hoot:id', '4626');
INSERT INTO node_tags (node_id, k, v, version) VALUES (4626, 'hoot:id', '4626', 1);
INSERT INTO current_node_tags (node_id, k, v) VALUES (4626, 'hoot:status', '2');
INSERT INTO node_tags (node_id, k, v, version) VALUES (4626, 'hoot:status', '2', 1);
/* create node 4627*/
INSERT INTO nodes (node_id, latitude, longitude, changeset_id, visible, "timestamp", tile, version) VALUES (4627, 388897000, -770517249, 3, true, (now() at time zone 'utc'), 1704401527, 1);
INSERT INTO current_nodes (id, latitude, longitude, changeset_id, visible, "timestamp", tile, version) VALUES (4627, 388897000, -770517249, 3, true, (now() at time zone 'utc'), 1704401527, 1);
INSERT INTO current_node_tags (node_id, k, v) VALUES (4627, 'hoot:id', '4627');
INSERT INTO node_tags (node_id, k, v, version) VALUES (4627, 'hoot:id', '4627', 1);
INSERT INTO current_node_tags (node_id, k, v) VALUES (4627, 'hoot:status', '2');
INSERT INTO node_tags (node_id, k, v, version) VALUES (4627, 'hoot:status', '2', 1);
/* create node 4628*/
INSERT INTO nodes (node_id, latitude, longitude, changeset_id, visible, "timestamp", tile, version) VALUES (4628, 388896680, -770516849, 3, true, (now() at time zone 'utc'), 1704401527, 1);
INSERT INTO current_nodes (id, latitude, longitude, changeset_id, visible, "timestamp", tile, version) VALUES (4628, 388896680, -770516849, 3, true, (now() at time zone 'utc'), 1704401527, 1);
INSERT INTO current_node_tags (node_id, k, v) VALUES (4628, 'hoot:id', '4628');
INSERT INTO node_tags (node_id, k, v, version) VALUES (4628, 'hoot:id', '4628', 1);
INSERT INTO current_node_tags (node_id, k, v) VALUES (4628, 'hoot:status', '2');
INSERT INTO node_tags (node_id, k, v, version) VALUES (4628, 'hoot:status', '2', 1);
/* create node 4629*/
INSERT INTO nodes (node_id, latitude, longitude, changeset_id, visible, "timestamp", tile, version) VALUES (4629, 388896330, -770516479, 3, true, (now() at time zone 'utc'), 1704401527, 1);
INSERT INTO current_nodes (id, latitude, longitude, changeset_id, visible, "timestamp", tile, version) VALUES (4629, 388896330, -770516479, 3, true, (now() at time zone 'utc'), 1704401527, 1);
INSERT INTO current_node_tags (node_id, k, v) VALUES (4629, 'hoot:id', '4629');
INSERT INTO node_tags (node_id, k, v, version) VALUES (4629, 'hoot:id', '4629', 1);
INSERT INTO current_node_tags (node_id, k, v) VALUES (4629, 'hoot:status', '2');
INSERT INTO node_tags (node_id, k, v, version) VALUES (4629, 'hoot:status', '2', 1);
/* create node 4630*/
INSERT INTO nodes (node_id, latitude, longitude, changeset_id, visible, "timestamp", tile, version) VALUES (4630, 388895970, -770516129, 3, true, (now() at time zone 'utc'), 1704401527, 1);
INSERT INTO current_nodes (id, latitude, longitude, changeset_id, visible, "timestamp", tile, version) VALUES (4630, 388895970, -770516129, 3, true, (now() at time zone 'utc'), 1704401527, 1);
INSERT INTO current_node_tags (node_id, k, v) VALUES (4630, 'hoot:id', '4630');
INSERT INTO node_tags (node_id, k, v, version) VALUES (4630, 'hoot:id', '4630', 1);
INSERT INTO current_node_tags (node_id, k, v) VALUES (4630, 'hoot:status', '2');
INSERT INTO node_tags (node_id, k, v, version) VALUES (4630, 'hoot:status', '2', 1);
/* create node 4631*/
INSERT INTO nodes (node_id, latitude, longitude, changeset_id, visible, "timestamp", tile, version) VALUES (4631, 388895590, -770515819, 3, true, (now() at time zone 'utc'), 1704401527, 1);
INSERT INTO current_nodes (id, latitude, longitude, changeset_id, visible, "timestamp", tile, version) VALUES (4631, 388895590, -770515819, 3, true, (now() at time zone 'utc'), 1704401527, 1);
INSERT INTO current_node_tags (node_id, k, v) VALUES (4631, 'hoot:id', '4631');
INSERT INTO node_tags (node_id, k, v, version) VALUES (4631, 'hoot:id', '4631', 1);
INSERT INTO current_node_tags (node_id, k, v) VALUES (4631, 'hoot:status', '2');
INSERT INTO node_tags (node_id, k, v, version) VALUES (4631, 'hoot:status', '2', 1);
/* create node 4632*/
INSERT INTO nodes (node_id, latitude, longitude, changeset_id, visible, "timestamp", tile, version) VALUES (4632, 388895200, -770515539, 3, true, (now() at time zone 'utc'), 1704401527, 1);
INSERT INTO current_nodes (id, latitude, longitude, changeset_id, visible, "timestamp", tile, version) VALUES (4632, 388895200, -770515539, 3, true, (now() at time zone 'utc'), 1704401527, 1);
INSERT INTO current_node_tags (node_id, k, v) VALUES (4632, 'hoot:id', '4632');
INSERT INTO node_tags (node_id, k, v, version) VALUES (4632, 'hoot:id', '4632', 1);
INSERT INTO current_node_tags (node_id, k, v) VALUES (4632, 'hoot:status', '2');
INSERT INTO node_tags (node_id, k, v, version) VALUES (4632, 'hoot:status', '2', 1);
/* create node 4633*/
INSERT INTO nodes (node_id, latitude, longitude, changeset_id, visible, "timestamp", tile, version) VALUES (4633, 388894790, -770515299, 3, true, (now() at time zone 'utc'), 1704401527, 1);
INSERT INTO current_nodes (id, latitude, longitude, changeset_id, visible, "timestamp", tile, version) VALUES (4633, 388894790, -770515299, 3, true, (now() at time zone 'utc'), 1704401527, 1);
INSERT INTO current_node_tags (node_id, k, v) VALUES (4633, 'hoot:id', '4633');
INSERT INTO node_tags (node_id, k, v, version) VALUES (4633, 'hoot:id', '4633', 1);
INSERT INTO current_node_tags (node_id, k, v) VALUES (4633, 'hoot:status', '2');
INSERT INTO node_tags (node_id, k, v, version) VALUES (4633, 'hoot:status', '2', 1);
/* create node 4634*/
INSERT INTO nodes (node_id, latitude, longitude, changeset_id, visible, "timestamp", tile, version) VALUES (4634, 388894370, -770515079, 3, true, (now() at time zone 'utc'), 1704401526, 1);
INSERT INTO current_nodes (id, latitude, longitude, changeset_id, visible, "timestamp", tile, version) VALUES (4634, 388894370, -770515079, 3, true, (now() at time zone 'utc'), 1704401526, 1);
INSERT INTO current_node_tags (node_id, k, v) VALUES (4634, 'hoot:id', '4634');
INSERT INTO node_tags (node_id, k, v, version) VALUES (4634, 'hoot:id', '4634', 1);
INSERT INTO current_node_tags (node_id, k, v) VALUES (4634, 'hoot:status', '2');
INSERT INTO node_tags (node_id, k, v, version) VALUES (4634, 'hoot:status', '2', 1);
/* create node 4635*/
INSERT INTO nodes (node_id, latitude, longitude, changeset_id, visible, "timestamp", tile, version) VALUES (4635, 388893950, -770514899, 3, true, (now() at time zone 'utc'), 1704401526, 1);
INSERT INTO current_nodes (id, latitude, longitude, changeset_id, visible, "timestamp", tile, version) VALUES (4635, 388893950, -770514899, 3, true, (now() at time zone 'utc'), 1704401526, 1);
INSERT INTO current_node_tags (node_id, k, v) VALUES (4635, 'hoot:id', '4635');
INSERT INTO node_tags (node_id, k, v, version) VALUES (4635, 'hoot:id', '4635', 1);
INSERT INTO current_node_tags (node_id, k, v) VALUES (4635, 'hoot:status', '2');
INSERT INTO node_tags (node_id, k, v, version) VALUES (4635, 'hoot:status', '2', 1);
/* create node 4677*/
INSERT INTO nodes (node_id, latitude, longitude, changeset_id, visible, "timestamp", tile, version) VALUES (4677, 388864850, -770502379, 3, true, (now() at time zone 'utc'), 1704401523, 1);
INSERT INTO current_nodes (id, latitude, longitude, changeset_id, visible, "timestamp", tile, version) VALUES (4677, 388864850, -770502379, 3, true, (now() at time zone 'utc'), 1704401523, 1);
INSERT INTO current_node_tags (node_id, k, v) VALUES (4677, 'hoot:id', '4677');
INSERT INTO node_tags (node_id, k, v, version) VALUES (4677, 'hoot:id', '4677', 1);
INSERT INTO current_node_tags (node_id, k, v) VALUES (4677, 'hoot:status', '2');
INSERT INTO node_tags (node_id, k, v, version) VALUES (4677, 'hoot:status', '2', 1);
/* create node 4678*/
INSERT INTO nodes (node_id, latitude, longitude, changeset_id, visible, "timestamp", tile, version) VALUES (4678, 388864910, -770502659, 3, true, (now() at time zone 'utc'), 1704401523, 1);
INSERT INTO current_nodes (id, latitude, longitude, changeset_id, visible, "timestamp", tile, version) VALUES (4678, 388864910, -770502659, 3, true, (now() at time zone 'utc'), 1704401523, 1);
INSERT INTO current_node_tags (node_id, k, v) VALUES (4678, 'hoot:id', '4678');
INSERT INTO node_tags (node_id, k, v, version) VALUES (4678, 'hoot:id', '4678', 1);
INSERT INTO current_node_tags (node_id, k, v) VALUES (4678, 'hoot:status', '2');
INSERT INTO node_tags (node_id, k, v, version) VALUES (4678, 'hoot:status', '2', 1);
/* create node 4679*/
INSERT INTO nodes (node_id, latitude, longitude, changeset_id, visible, "timestamp", tile, version) VALUES (4679, 388864990, -770502899, 3, true, (now() at time zone 'utc'), 1704401523, 1);
INSERT INTO current_nodes (id, latitude, longitude, changeset_id, visible, "timestamp", tile, version) VALUES (4679, 388864990, -770502899, 3, true, (now() at time zone 'utc'), 1704401523, 1);
INSERT INTO current_node_tags (node_id, k, v) VALUES (4679, 'hoot:id', '4679');
INSERT INTO node_tags (node_id, k, v, version) VALUES (4679, 'hoot:id', '4679', 1);
INSERT INTO current_node_tags (node_id, k, v) VALUES (4679, 'hoot:status', '2');
INSERT INTO node_tags (node_id, k, v, version) VALUES (4679, 'hoot:status', '2', 1);
/* create node 4680*/
INSERT INTO nodes (node_id, latitude, longitude, changeset_id, visible, "timestamp", tile, version) VALUES (4680, 388883010, -770397599, 3, true, (now() at time zone 'utc'), 1704401534, 1);
INSERT INTO current_nodes (id, latitude, longitude, changeset_id, visible, "timestamp", tile, version) VALUES (4680, 388883010, -770397599, 3, true, (now() at time zone 'utc'), 1704401534, 1);
INSERT INTO current_node_tags (node_id, k, v) VALUES (4680, 'hoot:id', '4680');
INSERT INTO node_tags (node_id, k, v, version) VALUES (4680, 'hoot:id', '4680', 1);
INSERT INTO current_node_tags (node_id, k, v) VALUES (4680, 'hoot:status', '2');
INSERT INTO node_tags (node_id, k, v, version) VALUES (4680, 'hoot:status', '2', 1);
/* create node 4683*/
INSERT INTO nodes (node_id, latitude, longitude, changeset_id, visible, "timestamp", tile, version) VALUES (4683, 388864830, -770501899, 3, true, (now() at time zone 'utc'), 1704401523, 1);
INSERT INTO current_nodes (id, latitude, longitude, changeset_id, visible, "timestamp", tile, version) VALUES (4683, 388864830, -770501899, 3, true, (now() at time zone 'utc'), 1704401523, 1);
INSERT INTO current_node_tags (node_id, k, v) VALUES (4683, 'hoot:id', '4683');
INSERT INTO node_tags (node_id, k, v, version) VALUES (4683, 'hoot:id', '4683', 1);
INSERT INTO current_node_tags (node_id, k, v) VALUES (4683, 'hoot:status', '2');
INSERT INTO node_tags (node_id, k, v, version) VALUES (4683, 'hoot:status', '2', 1);
/* create node 4684*/
INSERT INTO nodes (node_id, latitude, longitude, changeset_id, visible, "timestamp", tile, version) VALUES (4684, 388864910, -770501389, 3, true, (now() at time zone 'utc'), 1704401523, 1);
INSERT INTO current_nodes (id, latitude, longitude, changeset_id, visible, "timestamp", tile, version) VALUES (4684, 388864910, -770501389, 3, true, (now() at time zone 'utc'), 1704401523, 1);
INSERT INTO current_node_tags (node_id, k, v) VALUES (4684, 'hoot:id', '4684');
INSERT INTO node_tags (node_id, k, v, version) VALUES (4684, 'hoot:id', '4684', 1);
INSERT INTO current_node_tags (node_id, k, v) VALUES (4684, 'hoot:status', '2');
INSERT INTO node_tags (node_id, k, v, version) VALUES (4684, 'hoot:status', '2', 1);
/* create node 4693*/
INSERT INTO nodes (node_id, latitude, longitude, changeset_id, visible, "timestamp", tile, version) VALUES (4693, 388894480, -770355369, 3, true, (now() at time zone 'utc'), 1704401620, 1);
INSERT INTO current_nodes (id, latitude, longitude, changeset_id, visible, "timestamp", tile, version) VALUES (4693, 388894480, -770355369, 3, true, (now() at time zone 'utc'), 1704401620, 1);
INSERT INTO current_node_tags (node_id, k, v) VALUES (4693, 'hoot:id', '4693');
INSERT INTO node_tags (node_id, k, v, version) VALUES (4693, 'hoot:id', '4693', 1);
INSERT INTO current_node_tags (node_id, k, v) VALUES (4693, 'hoot:status', '2');
INSERT INTO node_tags (node_id, k, v, version) VALUES (4693, 'hoot:status', '2', 1);
/* create node 4694*/
INSERT INTO nodes (node_id, latitude, longitude, changeset_id, visible, "timestamp", tile, version) VALUES (4694, 388896600, -770363189, 3, true, (now() at time zone 'utc'), 1704401621, 1);
INSERT INTO current_nodes (id, latitude, longitude, changeset_id, visible, "timestamp", tile, version) VALUES (4694, 388896600, -770363189, 3, true, (now() at time zone 'utc'), 1704401621, 1);
INSERT INTO current_node_tags (node_id, k, v) VALUES (4694, 'hoot:id', '4694');
INSERT INTO node_tags (node_id, k, v, version) VALUES (4694, 'hoot:id', '4694', 1);
INSERT INTO current_node_tags (node_id, k, v) VALUES (4694, 'hoot:status', '2');
INSERT INTO node_tags (node_id, k, v, version) VALUES (4694, 'hoot:status', '2', 1);
/* create node 4695*/
INSERT INTO nodes (node_id, latitude, longitude, changeset_id, visible, "timestamp", tile, version) VALUES (4695, 388896860, -770367019, 3, true, (now() at time zone 'utc'), 1704401621, 1);
INSERT INTO current_nodes (id, latitude, longitude, changeset_id, visible, "timestamp", tile, version) VALUES (4695, 388896860, -770367019, 3, true, (now() at time zone 'utc'), 1704401621, 1);
INSERT INTO current_node_tags (node_id, k, v) VALUES (4695, 'hoot:id', '4695');
INSERT INTO node_tags (node_id, k, v, version) VALUES (4695, 'hoot:id', '4695', 1);
INSERT INTO current_node_tags (node_id, k, v) VALUES (4695, 'hoot:status', '2');
INSERT INTO node_tags (node_id, k, v, version) VALUES (4695, 'hoot:status', '2', 1);
/* create node 4696*/
INSERT INTO nodes (node_id, latitude, longitude, changeset_id, visible, "timestamp", tile, version) VALUES (4696, 388898790, -770394799, 3, true, (now() at time zone 'utc'), 1704401535, 1);
INSERT INTO current_nodes (id, latitude, longitude, changeset_id, visible, "timestamp", tile, version) VALUES (4696, 388898790, -770394799, 3, true, (now() at time zone 'utc'), 1704401535, 1);
INSERT INTO current_node_tags (node_id, k, v) VALUES (4696, 'hoot:id', '4696');
INSERT INTO node_tags (node_id, k, v, version) VALUES (4696, 'hoot:id', '4696', 1);
INSERT INTO current_node_tags (node_id, k, v) VALUES (4696, 'hoot:status', '2');
INSERT INTO node_tags (node_id, k, v, version) VALUES (4696, 'hoot:status', '2', 1);
/* create node 4697*/
INSERT INTO nodes (node_id, latitude, longitude, changeset_id, visible, "timestamp", tile, version) VALUES (4697, 388900680, -770430449, 3, true, (now() at time zone 'utc'), 1704401533, 1);
INSERT INTO current_nodes (id, latitude, longitude, changeset_id, visible, "timestamp", tile, version) VALUES (4697, 388900680, -770430449, 3, true, (now() at time zone 'utc'), 1704401533, 1);
INSERT INTO current_node_tags (node_id, k, v) VALUES (4697, 'hoot:id', '4697');
INSERT INTO node_tags (node_id, k, v, version) VALUES (4697, 'hoot:id', '4697', 1);
INSERT INTO current_node_tags (node_id, k, v) VALUES (4697, 'hoot:status', '2');
INSERT INTO node_tags (node_id, k, v, version) VALUES (4697, 'hoot:status', '2', 1);
/* create node 4698*/
INSERT INTO nodes (node_id, latitude, longitude, changeset_id, visible, "timestamp", tile, version) VALUES (4698, 388914480, -770528849, 3, true, (now() at time zone 'utc'), 1704401527, 1);
INSERT INTO current_nodes (id, latitude, longitude, changeset_id, visible, "timestamp", tile, version) VALUES (4698, 388914480, -770528849, 3, true, (now() at time zone 'utc'), 1704401527, 1);
INSERT INTO current_node_tags (node_id, k, v) VALUES (4698, 'hoot:id', '4698');
INSERT INTO node_tags (node_id, k, v, version) VALUES (4698, 'hoot:id', '4698', 1);
INSERT INTO current_node_tags (node_id, k, v) VALUES (4698, 'hoot:status', '2');
INSERT INTO node_tags (node_id, k, v, version) VALUES (4698, 'hoot:status', '2', 1);
/* create node 4699*/
INSERT INTO nodes (node_id, latitude, longitude, changeset_id, visible, "timestamp", tile, version) VALUES (4699, 388915010, -770532279, 3, true, (now() at time zone 'utc'), 1704401527, 1);
INSERT INTO current_nodes (id, latitude, longitude, changeset_id, visible, "timestamp", tile, version) VALUES (4699, 388915010, -770532279, 3, true, (now() at time zone 'utc'), 1704401527, 1);
INSERT INTO current_node_tags (node_id, k, v) VALUES (4699, 'hoot:id', '4699');
INSERT INTO node_tags (node_id, k, v, version) VALUES (4699, 'hoot:id', '4699', 1);
INSERT INTO current_node_tags (node_id, k, v) VALUES (4699, 'hoot:status', '2');
INSERT INTO node_tags (node_id, k, v, version) VALUES (4699, 'hoot:status', '2', 1);
/* create node 4721*/
INSERT INTO nodes (node_id, latitude, longitude, changeset_id, visible, "timestamp", tile, version) VALUES (4721, 388922130, -770501469, 3, true, (now() at time zone 'utc'), 1704401698, 1);
INSERT INTO current_nodes (id, latitude, longitude, changeset_id, visible, "timestamp", tile, version) VALUES (4721, 388922130, -770501469, 3, true, (now() at time zone 'utc'), 1704401698, 1);
INSERT INTO current_node_tags (node_id, k, v) VALUES (4721, 'hoot:id', '4721');
INSERT INTO node_tags (node_id, k, v, version) VALUES (4721, 'hoot:id', '4721', 1);
INSERT INTO current_node_tags (node_id, k, v) VALUES (4721, 'hoot:status', '2');
INSERT INTO node_tags (node_id, k, v, version) VALUES (4721, 'hoot:status', '2', 1);
/* create node 4722*/
INSERT INTO nodes (node_id, latitude, longitude, changeset_id, visible, "timestamp", tile, version) VALUES (4722, 388923840, -770501459, 3, true, (now() at time zone 'utc'), 1704401698, 1);
INSERT INTO current_nodes (id, latitude, longitude, changeset_id, visible, "timestamp", tile, version) VALUES (4722, 388923840, -770501459, 3, true, (now() at time zone 'utc'), 1704401698, 1);
INSERT INTO current_node_tags (node_id, k, v) VALUES (4722, 'hoot:id', '4722');
INSERT INTO node_tags (node_id, k, v, version) VALUES (4722, 'hoot:id', '4722', 1);
INSERT INTO current_node_tags (node_id, k, v) VALUES (4722, 'hoot:status', '2');
INSERT INTO node_tags (node_id, k, v, version) VALUES (4722, 'hoot:status', '2', 1);
/* create node 4723*/
INSERT INTO nodes (node_id, latitude, longitude, changeset_id, visible, "timestamp", tile, version) VALUES (4723, 388926230, -770501429, 3, true, (now() at time zone 'utc'), 1704401698, 1);
INSERT INTO current_nodes (id, latitude, longitude, changeset_id, visible, "timestamp", tile, version) VALUES (4723, 388926230, -770501429, 3, true, (now() at time zone 'utc'), 1704401698, 1);
INSERT INTO current_node_tags (node_id, k, v) VALUES (4723, 'hoot:id', '4723');
INSERT INTO node_tags (node_id, k, v, version) VALUES (4723, 'hoot:id', '4723', 1);
INSERT INTO current_node_tags (node_id, k, v) VALUES (4723, 'hoot:status', '2');
INSERT INTO node_tags (node_id, k, v, version) VALUES (4723, 'hoot:status', '2', 1);
/* create node 4724*/
INSERT INTO nodes (node_id, latitude, longitude, changeset_id, visible, "timestamp", tile, version) VALUES (4724, 388933830, -770501389, 3, true, (now() at time zone 'utc'), 1704401698, 1);
INSERT INTO current_nodes (id, latitude, longitude, changeset_id, visible, "timestamp", tile, version) VALUES (4724, 388933830, -770501389, 3, true, (now() at time zone 'utc'), 1704401698, 1);
INSERT INTO current_node_tags (node_id, k, v) VALUES (4724, 'hoot:id', '4724');
INSERT INTO node_tags (node_id, k, v, version) VALUES (4724, 'hoot:id', '4724', 1);
INSERT INTO current_node_tags (node_id, k, v) VALUES (4724, 'hoot:status', '2');
INSERT INTO node_tags (node_id, k, v, version) VALUES (4724, 'hoot:status', '2', 1);
/* create node 4725*/
INSERT INTO nodes (node_id, latitude, longitude, changeset_id, visible, "timestamp", tile, version) VALUES (4725, 388934980, -770501359, 3, true, (now() at time zone 'utc'), 1704401698, 1);
INSERT INTO current_nodes (id, latitude, longitude, changeset_id, visible, "timestamp", tile, version) VALUES (4725, 388934980, -770501359, 3, true, (now() at time zone 'utc'), 1704401698, 1);
INSERT INTO current_node_tags (node_id, k, v) VALUES (4725, 'hoot:id', '4725');
INSERT INTO node_tags (node_id, k, v, version) VALUES (4725, 'hoot:id', '4725', 1);
INSERT INTO current_node_tags (node_id, k, v) VALUES (4725, 'hoot:status', '2');
INSERT INTO node_tags (node_id, k, v, version) VALUES (4725, 'hoot:status', '2', 1);
/* create node 4726*/
INSERT INTO nodes (node_id, latitude, longitude, changeset_id, visible, "timestamp", tile, version) VALUES (4726, 388938030, -770501369, 3, true, (now() at time zone 'utc'), 1704401698, 1);
INSERT INTO current_nodes (id, latitude, longitude, changeset_id, visible, "timestamp", tile, version) VALUES (4726, 388938030, -770501369, 3, true, (now() at time zone 'utc'), 1704401698, 1);
INSERT INTO current_node_tags (node_id, k, v) VALUES (4726, 'hoot:id', '4726');
INSERT INTO node_tags (node_id, k, v, version) VALUES (4726, 'hoot:id', '4726', 1);
INSERT INTO current_node_tags (node_id, k, v) VALUES (4726, 'hoot:status', '2');
INSERT INTO node_tags (node_id, k, v, version) VALUES (4726, 'hoot:status', '2', 1);
/* create node 4727*/
INSERT INTO nodes (node_id, latitude, longitude, changeset_id, visible, "timestamp", tile, version) VALUES (4727, 388941400, -770501359, 3, true, (now() at time zone 'utc'), 1704401698, 1);
INSERT INTO current_nodes (id, latitude, longitude, changeset_id, visible, "timestamp", tile, version) VALUES (4727, 388941400, -770501359, 3, true, (now() at time zone 'utc'), 1704401698, 1);
INSERT INTO current_node_tags (node_id, k, v) VALUES (4727, 'hoot:id', '4727');
INSERT INTO node_tags (node_id, k, v, version) VALUES (4727, 'hoot:id', '4727', 1);
INSERT INTO current_node_tags (node_id, k, v) VALUES (4727, 'hoot:status', '2');
INSERT INTO node_tags (node_id, k, v, version) VALUES (4727, 'hoot:status', '2', 1);
/* create node 4728*/
INSERT INTO nodes (node_id, latitude, longitude, changeset_id, visible, "timestamp", tile, version) VALUES (4728, 388944810, -770501329, 3, true, (now() at time zone 'utc'), 1704401698, 1);
INSERT INTO current_nodes (id, latitude, longitude, changeset_id, visible, "timestamp", tile, version) VALUES (4728, 388944810, -770501329, 3, true, (now() at time zone 'utc'), 1704401698, 1);
INSERT INTO current_node_tags (node_id, k, v) VALUES (4728, 'hoot:id', '4728');
INSERT INTO node_tags (node_id, k, v, version) VALUES (4728, 'hoot:id', '4728', 1);
INSERT INTO current_node_tags (node_id, k, v) VALUES (4728, 'hoot:status', '2');
INSERT INTO node_tags (node_id, k, v, version) VALUES (4728, 'hoot:status', '2', 1);
/* create node 4729*/
INSERT INTO nodes (node_id, latitude, longitude, changeset_id, visible, "timestamp", tile, version) VALUES (4729, 388951640, -770501319, 3, true, (now() at time zone 'utc'), 1704401699, 1);
INSERT INTO current_nodes (id, latitude, longitude, changeset_id, visible, "timestamp", tile, version) VALUES (4729, 388951640, -770501319, 3, true, (now() at time zone 'utc'), 1704401699, 1);
INSERT INTO current_node_tags (node_id, k, v) VALUES (4729, 'hoot:id', '4729');
INSERT INTO node_tags (node_id, k, v, version) VALUES (4729, 'hoot:id', '4729', 1);
INSERT INTO current_node_tags (node_id, k, v) VALUES (4729, 'hoot:status', '2');
INSERT INTO node_tags (node_id, k, v, version) VALUES (4729, 'hoot:status', '2', 1);
/* create node 4730*/
INSERT INTO nodes (node_id, latitude, longitude, changeset_id, visible, "timestamp", tile, version) VALUES (4730, 388953510, -770501289, 3, true, (now() at time zone 'utc'), 1704401699, 1);
INSERT INTO current_nodes (id, latitude, longitude, changeset_id, visible, "timestamp", tile, version) VALUES (4730, 388953510, -770501289, 3, true, (now() at time zone 'utc'), 1704401699, 1);
INSERT INTO current_node_tags (node_id, k, v) VALUES (4730, 'hoot:id', '4730');
INSERT INTO node_tags (node_id, k, v, version) VALUES (4730, 'hoot:id', '4730', 1);
INSERT INTO current_node_tags (node_id, k, v) VALUES (4730, 'hoot:status', '2');
INSERT INTO node_tags (node_id, k, v, version) VALUES (4730, 'hoot:status', '2', 1);
/* create node 4731*/
INSERT INTO nodes (node_id, latitude, longitude, changeset_id, visible, "timestamp", tile, version) VALUES (4731, 388955390, -770501249, 3, true, (now() at time zone 'utc'), 1704401699, 1);
INSERT INTO current_nodes (id, latitude, longitude, changeset_id, visible, "timestamp", tile, version) VALUES (4731, 388955390, -770501249, 3, true, (now() at time zone 'utc'), 1704401699, 1);
INSERT INTO current_node_tags (node_id, k, v) VALUES (4731, 'hoot:id', '4731');
INSERT INTO node_tags (node_id, k, v, version) VALUES (4731, 'hoot:id', '4731', 1);
INSERT INTO current_node_tags (node_id, k, v) VALUES (4731, 'hoot:status', '2');
INSERT INTO node_tags (node_id, k, v, version) VALUES (4731, 'hoot:status', '2', 1);
/* create node 4732*/
INSERT INTO nodes (node_id, latitude, longitude, changeset_id, visible, "timestamp", tile, version) VALUES (4732, 388956530, -770501209, 3, true, (now() at time zone 'utc'), 1704401699, 1);
INSERT INTO current_nodes (id, latitude, longitude, changeset_id, visible, "timestamp", tile, version) VALUES (4732, 388956530, -770501209, 3, true, (now() at time zone 'utc'), 1704401699, 1);
INSERT INTO current_node_tags (node_id, k, v) VALUES (4732, 'hoot:id', '4732');
INSERT INTO node_tags (node_id, k, v, version) VALUES (4732, 'hoot:id', '4732', 1);
INSERT INTO current_node_tags (node_id, k, v) VALUES (4732, 'hoot:status', '2');
INSERT INTO node_tags (node_id, k, v, version) VALUES (4732, 'hoot:status', '2', 1);
/* create node 4733*/
INSERT INTO nodes (node_id, latitude, longitude, changeset_id, visible, "timestamp", tile, version) VALUES (4733, 388957210, -770501209, 3, true, (now() at time zone 'utc'), 1704401699, 1);
INSERT INTO current_nodes (id, latitude, longitude, changeset_id, visible, "timestamp", tile, version) VALUES (4733, 388957210, -770501209, 3, true, (now() at time zone 'utc'), 1704401699, 1);
INSERT INTO current_node_tags (node_id, k, v) VALUES (4733, 'hoot:id', '4733');
INSERT INTO node_tags (node_id, k, v, version) VALUES (4733, 'hoot:id', '4733', 1);
INSERT INTO current_node_tags (node_id, k, v) VALUES (4733, 'hoot:status', '2');
INSERT INTO node_tags (node_id, k, v, version) VALUES (4733, 'hoot:status', '2', 1);
/* create node 4734*/
INSERT INTO nodes (node_id, latitude, longitude, changeset_id, visible, "timestamp", tile, version) VALUES (4734, 388957670, -770501219, 3, true, (now() at time zone 'utc'), 1704401699, 1);
INSERT INTO current_nodes (id, latitude, longitude, changeset_id, visible, "timestamp", tile, version) VALUES (4734, 388957670, -770501219, 3, true, (now() at time zone 'utc'), 1704401699, 1);
INSERT INTO current_node_tags (node_id, k, v) VALUES (4734, 'hoot:id', '4734');
INSERT INTO node_tags (node_id, k, v, version) VALUES (4734, 'hoot:id', '4734', 1);
INSERT INTO current_node_tags (node_id, k, v) VALUES (4734, 'hoot:status', '2');
INSERT INTO node_tags (node_id, k, v, version) VALUES (4734, 'hoot:status', '2', 1);
/* create node 4735*/
INSERT INTO nodes (node_id, latitude, longitude, changeset_id, visible, "timestamp", tile, version) VALUES (4735, 388958140, -770501199, 3, true, (now() at time zone 'utc'), 1704401699, 1);
INSERT INTO current_nodes (id, latitude, longitude, changeset_id, visible, "timestamp", tile, version) VALUES (4735, 388958140, -770501199, 3, true, (now() at time zone 'utc'), 1704401699, 1);
INSERT INTO current_node_tags (node_id, k, v) VALUES (4735, 'hoot:id', '4735');
INSERT INTO node_tags (node_id, k, v, version) VALUES (4735, 'hoot:id', '4735', 1);
INSERT INTO current_node_tags (node_id, k, v) VALUES (4735, 'hoot:status', '2');
INSERT INTO node_tags (node_id, k, v, version) VALUES (4735, 'hoot:status', '2', 1);
/* create node 4736*/
INSERT INTO nodes (node_id, latitude, longitude, changeset_id, visible, "timestamp", tile, version) VALUES (4736, 388958680, -770501199, 3, true, (now() at time zone 'utc'), 1704401699, 1);
INSERT INTO current_nodes (id, latitude, longitude, changeset_id, visible, "timestamp", tile, version) VALUES (4736, 388958680, -770501199, 3, true, (now() at time zone 'utc'), 1704401699, 1);
INSERT INTO current_node_tags (node_id, k, v) VALUES (4736, 'hoot:id', '4736');
INSERT INTO node_tags (node_id, k, v, version) VALUES (4736, 'hoot:id', '4736', 1);
INSERT INTO current_node_tags (node_id, k, v) VALUES (4736, 'hoot:status', '2');
INSERT INTO node_tags (node_id, k, v, version) VALUES (4736, 'hoot:status', '2', 1);
/* create node 4737*/
INSERT INTO nodes (node_id, latitude, longitude, changeset_id, visible, "timestamp", tile, version) VALUES (4737, 388959140, -770501189, 3, true, (now() at time zone 'utc'), 1704401699, 1);
INSERT INTO current_nodes (id, latitude, longitude, changeset_id, visible, "timestamp", tile, version) VALUES (4737, 388959140, -770501189, 3, true, (now() at time zone 'utc'), 1704401699, 1);
INSERT INTO current_node_tags (node_id, k, v) VALUES (4737, 'hoot:id', '4737');
INSERT INTO node_tags (node_id, k, v, version) VALUES (4737, 'hoot:id', '4737', 1);
INSERT INTO current_node_tags (node_id, k, v) VALUES (4737, 'hoot:status', '2');
INSERT INTO node_tags (node_id, k, v, version) VALUES (4737, 'hoot:status', '2', 1);
/* create node 4738*/
INSERT INTO nodes (node_id, latitude, longitude, changeset_id, visible, "timestamp", tile, version) VALUES (4738, 388959720, -770501159, 3, true, (now() at time zone 'utc'), 1704401699, 1);
INSERT INTO current_nodes (id, latitude, longitude, changeset_id, visible, "timestamp", tile, version) VALUES (4738, 388959720, -770501159, 3, true, (now() at time zone 'utc'), 1704401699, 1);
INSERT INTO current_node_tags (node_id, k, v) VALUES (4738, 'hoot:id', '4738');
INSERT INTO node_tags (node_id, k, v, version) VALUES (4738, 'hoot:id', '4738', 1);
INSERT INTO current_node_tags (node_id, k, v) VALUES (4738, 'hoot:status', '2');
INSERT INTO node_tags (node_id, k, v, version) VALUES (4738, 'hoot:status', '2', 1);
/* create node 4739*/
INSERT INTO nodes (node_id, latitude, longitude, changeset_id, visible, "timestamp", tile, version) VALUES (4739, 388960240, -770501169, 3, true, (now() at time zone 'utc'), 1704401699, 1);
INSERT INTO current_nodes (id, latitude, longitude, changeset_id, visible, "timestamp", tile, version) VALUES (4739, 388960240, -770501169, 3, true, (now() at time zone 'utc'), 1704401699, 1);
INSERT INTO current_node_tags (node_id, k, v) VALUES (4739, 'hoot:id', '4739');
INSERT INTO node_tags (node_id, k, v, version) VALUES (4739, 'hoot:id', '4739', 1);
INSERT INTO current_node_tags (node_id, k, v) VALUES (4739, 'hoot:status', '2');
INSERT INTO node_tags (node_id, k, v, version) VALUES (4739, 'hoot:status', '2', 1);
/* create node 4740*/
INSERT INTO nodes (node_id, latitude, longitude, changeset_id, visible, "timestamp", tile, version) VALUES (4740, 388961140, -770501189, 3, true, (now() at time zone 'utc'), 1704401699, 1);
INSERT INTO current_nodes (id, latitude, longitude, changeset_id, visible, "timestamp", tile, version) VALUES (4740, 388961140, -770501189, 3, true, (now() at time zone 'utc'), 1704401699, 1);
INSERT INTO current_node_tags (node_id, k, v) VALUES (4740, 'hoot:id', '4740');
INSERT INTO node_tags (node_id, k, v, version) VALUES (4740, 'hoot:id', '4740', 1);
INSERT INTO current_node_tags (node_id, k, v) VALUES (4740, 'hoot:status', '2');
INSERT INTO node_tags (node_id, k, v, version) VALUES (4740, 'hoot:status', '2', 1);
/* create node 4741*/
INSERT INTO nodes (node_id, latitude, longitude, changeset_id, visible, "timestamp", tile, version) VALUES (4741, 388963700, -770501169, 3, true, (now() at time zone 'utc'), 1704401699, 1);
INSERT INTO current_nodes (id, latitude, longitude, changeset_id, visible, "timestamp", tile, version) VALUES (4741, 388963700, -770501169, 3, true, (now() at time zone 'utc'), 1704401699, 1);
INSERT INTO current_node_tags (node_id, k, v) VALUES (4741, 'hoot:id', '4741');
INSERT INTO node_tags (node_id, k, v, version) VALUES (4741, 'hoot:id', '4741', 1);
INSERT INTO current_node_tags (node_id, k, v) VALUES (4741, 'hoot:status', '2');
INSERT INTO node_tags (node_id, k, v, version) VALUES (4741, 'hoot:status', '2', 1);
/* create node 4742*/
INSERT INTO nodes (node_id, latitude, longitude, changeset_id, visible, "timestamp", tile, version) VALUES (4742, 388964420, -770501149, 3, true, (now() at time zone 'utc'), 1704401699, 1);
INSERT INTO current_nodes (id, latitude, longitude, changeset_id, visible, "timestamp", tile, version) VALUES (4742, 388964420, -770501149, 3, true, (now() at time zone 'utc'), 1704401699, 1);
INSERT INTO current_node_tags (node_id, k, v) VALUES (4742, 'hoot:id', '4742');
INSERT INTO node_tags (node_id, k, v, version) VALUES (4742, 'hoot:id', '4742', 1);
INSERT INTO current_node_tags (node_id, k, v) VALUES (4742, 'hoot:status', '2');
INSERT INTO node_tags (node_id, k, v, version) VALUES (4742, 'hoot:status', '2', 1);
/* create node 4743*/
INSERT INTO nodes (node_id, latitude, longitude, changeset_id, visible, "timestamp", tile, version) VALUES (4743, 388964970, -770501159, 3, true, (now() at time zone 'utc'), 1704401699, 1);
INSERT INTO current_nodes (id, latitude, longitude, changeset_id, visible, "timestamp", tile, version) VALUES (4743, 388964970, -770501159, 3, true, (now() at time zone 'utc'), 1704401699, 1);
INSERT INTO current_node_tags (node_id, k, v) VALUES (4743, 'hoot:id', '4743');
INSERT INTO node_tags (node_id, k, v, version) VALUES (4743, 'hoot:id', '4743', 1);
INSERT INTO current_node_tags (node_id, k, v) VALUES (4743, 'hoot:status', '2');
INSERT INTO node_tags (node_id, k, v, version) VALUES (4743, 'hoot:status', '2', 1);
/* create node 4744*/
INSERT INTO nodes (node_id, latitude, longitude, changeset_id, visible, "timestamp", tile, version) VALUES (4744, 388966080, -770501159, 3, true, (now() at time zone 'utc'), 1704401699, 1);
INSERT INTO current_nodes (id, latitude, longitude, changeset_id, visible, "timestamp", tile, version) VALUES (4744, 388966080, -770501159, 3, true, (now() at time zone 'utc'), 1704401699, 1);
INSERT INTO current_node_tags (node_id, k, v) VALUES (4744, 'hoot:id', '4744');
INSERT INTO node_tags (node_id, k, v, version) VALUES (4744, 'hoot:id', '4744', 1);
INSERT INTO current_node_tags (node_id, k, v) VALUES (4744, 'hoot:status', '2');
INSERT INTO node_tags (node_id, k, v, version) VALUES (4744, 'hoot:status', '2', 1);
/* create node 4745*/
INSERT INTO nodes (node_id, latitude, longitude, changeset_id, visible, "timestamp", tile, version) VALUES (4745, 388967300, -770501189, 3, true, (now() at time zone 'utc'), 1704401699, 1);
INSERT INTO current_nodes (id, latitude, longitude, changeset_id, visible, "timestamp", tile, version) VALUES (4745, 388967300, -770501189, 3, true, (now() at time zone 'utc'), 1704401699, 1);
INSERT INTO current_node_tags (node_id, k, v) VALUES (4745, 'hoot:id', '4745');
INSERT INTO node_tags (node_id, k, v, version) VALUES (4745, 'hoot:id', '4745', 1);
INSERT INTO current_node_tags (node_id, k, v) VALUES (4745, 'hoot:status', '2');
INSERT INTO node_tags (node_id, k, v, version) VALUES (4745, 'hoot:status', '2', 1);
/* create node 4746*/
INSERT INTO nodes (node_id, latitude, longitude, changeset_id, visible, "timestamp", tile, version) VALUES (4746, 388967830, -770501189, 3, true, (now() at time zone 'utc'), 1704401699, 1);
INSERT INTO current_nodes (id, latitude, longitude, changeset_id, visible, "timestamp", tile, version) VALUES (4746, 388967830, -770501189, 3, true, (now() at time zone 'utc'), 1704401699, 1);
INSERT INTO current_node_tags (node_id, k, v) VALUES (4746, 'hoot:id', '4746');
INSERT INTO node_tags (node_id, k, v, version) VALUES (4746, 'hoot:id', '4746', 1);
INSERT INTO current_node_tags (node_id, k, v) VALUES (4746, 'hoot:status', '2');
INSERT INTO node_tags (node_id, k, v, version) VALUES (4746, 'hoot:status', '2', 1);
/* create node 4747*/
INSERT INTO nodes (node_id, latitude, longitude, changeset_id, visible, "timestamp", tile, version) VALUES (4747, 388969080, -770501239, 3, true, (now() at time zone 'utc'), 1704401699, 1);
INSERT INTO current_nodes (id, latitude, longitude, changeset_id, visible, "timestamp", tile, version) VALUES (4747, 388969080, -770501239, 3, true, (now() at time zone 'utc'), 1704401699, 1);
INSERT INTO current_node_tags (node_id, k, v) VALUES (4747, 'hoot:id', '4747');
INSERT INTO node_tags (node_id, k, v, version) VALUES (4747, 'hoot:id', '4747', 1);
INSERT INTO current_node_tags (node_id, k, v) VALUES (4747, 'hoot:status', '2');
INSERT INTO node_tags (node_id, k, v, version) VALUES (4747, 'hoot:status', '2', 1);
/* create node 4748*/
INSERT INTO nodes (node_id, latitude, longitude, changeset_id, visible, "timestamp", tile, version) VALUES (4748, 388969830, -770501289, 3, true, (now() at time zone 'utc'), 1704401699, 1);
INSERT INTO current_nodes (id, latitude, longitude, changeset_id, visible, "timestamp", tile, version) VALUES (4748, 388969830, -770501289, 3, true, (now() at time zone 'utc'), 1704401699, 1);
INSERT INTO current_node_tags (node_id, k, v) VALUES (4748, 'hoot:id', '4748');
INSERT INTO node_tags (node_id, k, v, version) VALUES (4748, 'hoot:id', '4748', 1);
INSERT INTO current_node_tags (node_id, k, v) VALUES (4748, 'hoot:status', '2');
INSERT INTO node_tags (node_id, k, v, version) VALUES (4748, 'hoot:status', '2', 1);
/* create node 4749*/
INSERT INTO nodes (node_id, latitude, longitude, changeset_id, visible, "timestamp", tile, version) VALUES (4749, 388970190, -770501329, 3, true, (now() at time zone 'utc'), 1704401699, 1);
INSERT INTO current_nodes (id, latitude, longitude, changeset_id, visible, "timestamp", tile, version) VALUES (4749, 388970190, -770501329, 3, true, (now() at time zone 'utc'), 1704401699, 1);
INSERT INTO current_node_tags (node_id, k, v) VALUES (4749, 'hoot:id', '4749');
INSERT INTO node_tags (node_id, k, v, version) VALUES (4749, 'hoot:id', '4749', 1);
INSERT INTO current_node_tags (node_id, k, v) VALUES (4749, 'hoot:status', '2');
INSERT INTO node_tags (node_id, k, v, version) VALUES (4749, 'hoot:status', '2', 1);
/* create node 4750*/
INSERT INTO nodes (node_id, latitude, longitude, changeset_id, visible, "timestamp", tile, version) VALUES (4750, 388971170, -770501339, 3, true, (now() at time zone 'utc'), 1704401699, 1);
INSERT INTO current_nodes (id, latitude, longitude, changeset_id, visible, "timestamp", tile, version) VALUES (4750, 388971170, -770501339, 3, true, (now() at time zone 'utc'), 1704401699, 1);
INSERT INTO current_node_tags (node_id, k, v) VALUES (4750, 'hoot:id', '4750');
INSERT INTO node_tags (node_id, k, v, version) VALUES (4750, 'hoot:id', '4750', 1);
INSERT INTO current_node_tags (node_id, k, v) VALUES (4750, 'hoot:status', '2');
INSERT INTO node_tags (node_id, k, v, version) VALUES (4750, 'hoot:status', '2', 1);
/* create node 4751*/
INSERT INTO nodes (node_id, latitude, longitude, changeset_id, visible, "timestamp", tile, version) VALUES (4751, 388971480, -770501339, 3, true, (now() at time zone 'utc'), 1704401699, 1);
INSERT INTO current_nodes (id, latitude, longitude, changeset_id, visible, "timestamp", tile, version) VALUES (4751, 388971480, -770501339, 3, true, (now() at time zone 'utc'), 1704401699, 1);
INSERT INTO current_node_tags (node_id, k, v) VALUES (4751, 'hoot:id', '4751');
INSERT INTO node_tags (node_id, k, v, version) VALUES (4751, 'hoot:id', '4751', 1);
INSERT INTO current_node_tags (node_id, k, v) VALUES (4751, 'hoot:status', '2');
INSERT INTO node_tags (node_id, k, v, version) VALUES (4751, 'hoot:status', '2', 1);
/* create node 4752*/
INSERT INTO nodes (node_id, latitude, longitude, changeset_id, visible, "timestamp", tile, version) VALUES (4752, 388971780, -770501339, 3, true, (now() at time zone 'utc'), 1704401699, 1);
INSERT INTO current_nodes (id, latitude, longitude, changeset_id, visible, "timestamp", tile, version) VALUES (4752, 388971780, -770501339, 3, true, (now() at time zone 'utc'), 1704401699, 1);
INSERT INTO current_node_tags (node_id, k, v) VALUES (4752, 'hoot:id', '4752');
INSERT INTO node_tags (node_id, k, v, version) VALUES (4752, 'hoot:id', '4752', 1);
INSERT INTO current_node_tags (node_id, k, v) VALUES (4752, 'hoot:status', '2');
INSERT INTO node_tags (node_id, k, v, version) VALUES (4752, 'hoot:status', '2', 1);
/* create node 4753*/
INSERT INTO nodes (node_id, latitude, longitude, changeset_id, visible, "timestamp", tile, version) VALUES (4753, 388973580, -770501359, 3, true, (now() at time zone 'utc'), 1704401699, 1);
INSERT INTO current_nodes (id, latitude, longitude, changeset_id, visible, "timestamp", tile, version) VALUES (4753, 388973580, -770501359, 3, true, (now() at time zone 'utc'), 1704401699, 1);
INSERT INTO current_node_tags (node_id, k, v) VALUES (4753, 'hoot:id', '4753');
INSERT INTO node_tags (node_id, k, v, version) VALUES (4753, 'hoot:id', '4753', 1);
INSERT INTO current_node_tags (node_id, k, v) VALUES (4753, 'hoot:status', '2');
INSERT INTO node_tags (node_id, k, v, version) VALUES (4753, 'hoot:status', '2', 1);
/* create node 4754*/
INSERT INTO nodes (node_id, latitude, longitude, changeset_id, visible, "timestamp", tile, version) VALUES (4754, 388974170, -770501369, 3, true, (now() at time zone 'utc'), 1704401699, 1);
INSERT INTO current_nodes (id, latitude, longitude, changeset_id, visible, "timestamp", tile, version) VALUES (4754, 388974170, -770501369, 3, true, (now() at time zone 'utc'), 1704401699, 1);
INSERT INTO current_node_tags (node_id, k, v) VALUES (4754, 'hoot:id', '4754');
INSERT INTO node_tags (node_id, k, v, version) VALUES (4754, 'hoot:id', '4754', 1);
INSERT INTO current_node_tags (node_id, k, v) VALUES (4754, 'hoot:status', '2');
INSERT INTO node_tags (node_id, k, v, version) VALUES (4754, 'hoot:status', '2', 1);
/* create node 4755*/
INSERT INTO nodes (node_id, latitude, longitude, changeset_id, visible, "timestamp", tile, version) VALUES (4755, 388974790, -770501349, 3, true, (now() at time zone 'utc'), 1704401699, 1);
INSERT INTO current_nodes (id, latitude, longitude, changeset_id, visible, "timestamp", tile, version) VALUES (4755, 388974790, -770501349, 3, true, (now() at time zone 'utc'), 1704401699, 1);
INSERT INTO current_node_tags (node_id, k, v) VALUES (4755, 'hoot:id', '4755');
INSERT INTO node_tags (node_id, k, v, version) VALUES (4755, 'hoot:id', '4755', 1);
INSERT INTO current_node_tags (node_id, k, v) VALUES (4755, 'hoot:status', '2');
INSERT INTO node_tags (node_id, k, v, version) VALUES (4755, 'hoot:status', '2', 1);
/* create node 4756*/
INSERT INTO nodes (node_id, latitude, longitude, changeset_id, visible, "timestamp", tile, version) VALUES (4756, 388975550, -770501339, 3, true, (now() at time zone 'utc'), 1704401699, 1);
INSERT INTO current_nodes (id, latitude, longitude, changeset_id, visible, "timestamp", tile, version) VALUES (4756, 388975550, -770501339, 3, true, (now() at time zone 'utc'), 1704401699, 1);
INSERT INTO current_node_tags (node_id, k, v) VALUES (4756, 'hoot:id', '4756');
INSERT INTO node_tags (node_id, k, v, version) VALUES (4756, 'hoot:id', '4756', 1);
INSERT INTO current_node_tags (node_id, k, v) VALUES (4756, 'hoot:status', '2');
INSERT INTO node_tags (node_id, k, v, version) VALUES (4756, 'hoot:status', '2', 1);
/* create node 4757*/
INSERT INTO nodes (node_id, latitude, longitude, changeset_id, visible, "timestamp", tile, version) VALUES (4757, 388975980, -770501319, 3, true, (now() at time zone 'utc'), 1704401699, 1);
INSERT INTO current_nodes (id, latitude, longitude, changeset_id, visible, "timestamp", tile, version) VALUES (4757, 388975980, -770501319, 3, true, (now() at time zone 'utc'), 1704401699, 1);
INSERT INTO current_node_tags (node_id, k, v) VALUES (4757, 'hoot:id', '4757');
INSERT INTO node_tags (node_id, k, v, version) VALUES (4757, 'hoot:id', '4757', 1);
INSERT INTO current_node_tags (node_id, k, v) VALUES (4757, 'hoot:status', '2');
INSERT INTO node_tags (node_id, k, v, version) VALUES (4757, 'hoot:status', '2', 1);
/* create node 4758*/
INSERT INTO nodes (node_id, latitude, longitude, changeset_id, visible, "timestamp", tile, version) VALUES (4758, 388976710, -770501359, 3, true, (now() at time zone 'utc'), 1704401699, 1);
INSERT INTO current_nodes (id, latitude, longitude, changeset_id, visible, "timestamp", tile, version) VALUES (4758, 388976710, -770501359, 3, true, (now() at time zone 'utc'), 1704401699, 1);
INSERT INTO current_node_tags (node_id, k, v) VALUES (4758, 'hoot:id', '4758');
INSERT INTO node_tags (node_id, k, v, version) VALUES (4758, 'hoot:id', '4758', 1);
INSERT INTO current_node_tags (node_id, k, v) VALUES (4758, 'hoot:status', '2');
INSERT INTO node_tags (node_id, k, v, version) VALUES (4758, 'hoot:status', '2', 1);
/* create node 4759*/
INSERT INTO nodes (node_id, latitude, longitude, changeset_id, visible, "timestamp", tile, version) VALUES (4759, 388978140, -770501389, 3, true, (now() at time zone 'utc'), 1704401702, 1);
INSERT INTO current_nodes (id, latitude, longitude, changeset_id, visible, "timestamp", tile, version) VALUES (4759, 388978140, -770501389, 3, true, (now() at time zone 'utc'), 1704401702, 1);
INSERT INTO current_node_tags (node_id, k, v) VALUES (4759, 'hoot:id', '4759');
INSERT INTO node_tags (node_id, k, v, version) VALUES (4759, 'hoot:id', '4759', 1);
INSERT INTO current_node_tags (node_id, k, v) VALUES (4759, 'hoot:status', '2');
INSERT INTO node_tags (node_id, k, v, version) VALUES (4759, 'hoot:status', '2', 1);
/* create node 4760*/
INSERT INTO nodes (node_id, latitude, longitude, changeset_id, visible, "timestamp", tile, version) VALUES (4760, 388979530, -770501339, 3, true, (now() at time zone 'utc'), 1704401702, 1);
INSERT INTO current_nodes (id, latitude, longitude, changeset_id, visible, "timestamp", tile, version) VALUES (4760, 388979530, -770501339, 3, true, (now() at time zone 'utc'), 1704401702, 1);
INSERT INTO current_node_tags (node_id, k, v) VALUES (4760, 'hoot:id', '4760');
INSERT INTO node_tags (node_id, k, v, version) VALUES (4760, 'hoot:id', '4760', 1);
INSERT INTO current_node_tags (node_id, k, v) VALUES (4760, 'hoot:status', '2');
INSERT INTO node_tags (node_id, k, v, version) VALUES (4760, 'hoot:status', '2', 1);
/* create node 4761*/
INSERT INTO nodes (node_id, latitude, longitude, changeset_id, visible, "timestamp", tile, version) VALUES (4761, 388980160, -770501329, 3, true, (now() at time zone 'utc'), 1704401702, 1);
INSERT INTO current_nodes (id, latitude, longitude, changeset_id, visible, "timestamp", tile, version) VALUES (4761, 388980160, -770501329, 3, true, (now() at time zone 'utc'), 1704401702, 1);
INSERT INTO current_node_tags (node_id, k, v) VALUES (4761, 'hoot:id', '4761');
INSERT INTO node_tags (node_id, k, v, version) VALUES (4761, 'hoot:id', '4761', 1);
INSERT INTO current_node_tags (node_id, k, v) VALUES (4761, 'hoot:status', '2');
INSERT INTO node_tags (node_id, k, v, version) VALUES (4761, 'hoot:status', '2', 1);
/* create node 4762*/
INSERT INTO nodes (node_id, latitude, longitude, changeset_id, visible, "timestamp", tile, version) VALUES (4762, 388980650, -770501349, 3, true, (now() at time zone 'utc'), 1704401702, 1);
INSERT INTO current_nodes (id, latitude, longitude, changeset_id, visible, "timestamp", tile, version) VALUES (4762, 388980650, -770501349, 3, true, (now() at time zone 'utc'), 1704401702, 1);
INSERT INTO current_node_tags (node_id, k, v) VALUES (4762, 'hoot:id', '4762');
INSERT INTO node_tags (node_id, k, v, version) VALUES (4762, 'hoot:id', '4762', 1);
INSERT INTO current_node_tags (node_id, k, v) VALUES (4762, 'hoot:status', '2');
INSERT INTO node_tags (node_id, k, v, version) VALUES (4762, 'hoot:status', '2', 1);
/* create node 4763*/
INSERT INTO nodes (node_id, latitude, longitude, changeset_id, visible, "timestamp", tile, version) VALUES (4763, 388981010, -770501349, 3, true, (now() at time zone 'utc'), 1704401702, 1);
INSERT INTO current_nodes (id, latitude, longitude, changeset_id, visible, "timestamp", tile, version) VALUES (4763, 388981010, -770501349, 3, true, (now() at time zone 'utc'), 1704401702, 1);
INSERT INTO current_node_tags (node_id, k, v) VALUES (4763, 'hoot:id', '4763');
INSERT INTO node_tags (node_id, k, v, version) VALUES (4763, 'hoot:id', '4763', 1);
INSERT INTO current_node_tags (node_id, k, v) VALUES (4763, 'hoot:status', '2');
INSERT INTO node_tags (node_id, k, v, version) VALUES (4763, 'hoot:status', '2', 1);
/* create node 4764*/
INSERT INTO nodes (node_id, latitude, longitude, changeset_id, visible, "timestamp", tile, version) VALUES (4764, 388981350, -770501339, 3, true, (now() at time zone 'utc'), 1704401702, 1);
INSERT INTO current_nodes (id, latitude, longitude, changeset_id, visible, "timestamp", tile, version) VALUES (4764, 388981350, -770501339, 3, true, (now() at time zone 'utc'), 1704401702, 1);
INSERT INTO current_node_tags (node_id, k, v) VALUES (4764, 'hoot:id', '4764');
INSERT INTO node_tags (node_id, k, v, version) VALUES (4764, 'hoot:id', '4764', 1);
INSERT INTO current_node_tags (node_id, k, v) VALUES (4764, 'hoot:status', '2');
INSERT INTO node_tags (node_id, k, v, version) VALUES (4764, 'hoot:status', '2', 1);
/* create node 4765*/
INSERT INTO nodes (node_id, latitude, longitude, changeset_id, visible, "timestamp", tile, version) VALUES (4765, 388981840, -770501359, 3, true, (now() at time zone 'utc'), 1704401702, 1);
INSERT INTO current_nodes (id, latitude, longitude, changeset_id, visible, "timestamp", tile, version) VALUES (4765, 388981840, -770501359, 3, true, (now() at time zone 'utc'), 1704401702, 1);
INSERT INTO current_node_tags (node_id, k, v) VALUES (4765, 'hoot:id', '4765');
INSERT INTO node_tags (node_id, k, v, version) VALUES (4765, 'hoot:id', '4765', 1);
INSERT INTO current_node_tags (node_id, k, v) VALUES (4765, 'hoot:status', '2');
INSERT INTO node_tags (node_id, k, v, version) VALUES (4765, 'hoot:status', '2', 1);
/* create node 4766*/
INSERT INTO nodes (node_id, latitude, longitude, changeset_id, visible, "timestamp", tile, version) VALUES (4766, 388982290, -770501359, 3, true, (now() at time zone 'utc'), 1704401702, 1);
INSERT INTO current_nodes (id, latitude, longitude, changeset_id, visible, "timestamp", tile, version) VALUES (4766, 388982290, -770501359, 3, true, (now() at time zone 'utc'), 1704401702, 1);
INSERT INTO current_node_tags (node_id, k, v) VALUES (4766, 'hoot:id', '4766');
INSERT INTO node_tags (node_id, k, v, version) VALUES (4766, 'hoot:id', '4766', 1);
INSERT INTO current_node_tags (node_id, k, v) VALUES (4766, 'hoot:status', '2');
INSERT INTO node_tags (node_id, k, v, version) VALUES (4766, 'hoot:status', '2', 1);
/* create node 4767*/
INSERT INTO nodes (node_id, latitude, longitude, changeset_id, visible, "timestamp", tile, version) VALUES (4767, 388982910, -770501339, 3, true, (now() at time zone 'utc'), 1704401702, 1);
INSERT INTO current_nodes (id, latitude, longitude, changeset_id, visible, "timestamp", tile, version) VALUES (4767, 388982910, -770501339, 3, true, (now() at time zone 'utc'), 1704401702, 1);
INSERT INTO current_node_tags (node_id, k, v) VALUES (4767, 'hoot:id', '4767');
INSERT INTO node_tags (node_id, k, v, version) VALUES (4767, 'hoot:id', '4767', 1);
INSERT INTO current_node_tags (node_id, k, v) VALUES (4767, 'hoot:status', '2');
INSERT INTO node_tags (node_id, k, v, version) VALUES (4767, 'hoot:status', '2', 1);
/* create node 4768*/
INSERT INTO nodes (node_id, latitude, longitude, changeset_id, visible, "timestamp", tile, version) VALUES (4768, 388983270, -770501349, 3, true, (now() at time zone 'utc'), 1704401702, 1);
INSERT INTO current_nodes (id, latitude, longitude, changeset_id, visible, "timestamp", tile, version) VALUES (4768, 388983270, -770501349, 3, true, (now() at time zone 'utc'), 1704401702, 1);
INSERT INTO current_node_tags (node_id, k, v) VALUES (4768, 'hoot:id', '4768');
INSERT INTO node_tags (node_id, k, v, version) VALUES (4768, 'hoot:id', '4768', 1);
INSERT INTO current_node_tags (node_id, k, v) VALUES (4768, 'hoot:status', '2');
INSERT INTO node_tags (node_id, k, v, version) VALUES (4768, 'hoot:status', '2', 1);
/* create node 4769*/
INSERT INTO nodes (node_id, latitude, longitude, changeset_id, visible, "timestamp", tile, version) VALUES (4769, 388985000, -770501389, 3, true, (now() at time zone 'utc'), 1704401702, 1);
INSERT INTO current_nodes (id, latitude, longitude, changeset_id, visible, "timestamp", tile, version) VALUES (4769, 388985000, -770501389, 3, true, (now() at time zone 'utc'), 1704401702, 1);
INSERT INTO current_node_tags (node_id, k, v) VALUES (4769, 'hoot:id', '4769');
INSERT INTO node_tags (node_id, k, v, version) VALUES (4769, 'hoot:id', '4769', 1);
INSERT INTO current_node_tags (node_id, k, v) VALUES (4769, 'hoot:status', '2');
INSERT INTO node_tags (node_id, k, v, version) VALUES (4769, 'hoot:status', '2', 1);
/* create node 4770*/
INSERT INTO nodes (node_id, latitude, longitude, changeset_id, visible, "timestamp", tile, version) VALUES (4770, 388985570, -770501389, 3, true, (now() at time zone 'utc'), 1704401702, 1);
INSERT INTO current_nodes (id, latitude, longitude, changeset_id, visible, "timestamp", tile, version) VALUES (4770, 388985570, -770501389, 3, true, (now() at time zone 'utc'), 1704401702, 1);
INSERT INTO current_node_tags (node_id, k, v) VALUES (4770, 'hoot:id', '4770');
INSERT INTO node_tags (node_id, k, v, version) VALUES (4770, 'hoot:id', '4770', 1);
INSERT INTO current_node_tags (node_id, k, v) VALUES (4770, 'hoot:status', '2');
INSERT INTO node_tags (node_id, k, v, version) VALUES (4770, 'hoot:status', '2', 1);
/* create node 4771*/
INSERT INTO nodes (node_id, latitude, longitude, changeset_id, visible, "timestamp", tile, version) VALUES (4771, 388986370, -770501369, 3, true, (now() at time zone 'utc'), 1704401702, 1);
INSERT INTO current_nodes (id, latitude, longitude, changeset_id, visible, "timestamp", tile, version) VALUES (4771, 388986370, -770501369, 3, true, (now() at time zone 'utc'), 1704401702, 1);
INSERT INTO current_node_tags (node_id, k, v) VALUES (4771, 'hoot:id', '4771');
INSERT INTO node_tags (node_id, k, v, version) VALUES (4771, 'hoot:id', '4771', 1);
INSERT INTO current_node_tags (node_id, k, v) VALUES (4771, 'hoot:status', '2');
INSERT INTO node_tags (node_id, k, v, version) VALUES (4771, 'hoot:status', '2', 1);
/* create node 4772*/
INSERT INTO nodes (node_id, latitude, longitude, changeset_id, visible, "timestamp", tile, version) VALUES (4772, 388986780, -770501369, 3, true, (now() at time zone 'utc'), 1704401702, 1);
INSERT INTO current_nodes (id, latitude, longitude, changeset_id, visible, "timestamp", tile, version) VALUES (4772, 388986780, -770501369, 3, true, (now() at time zone 'utc'), 1704401702, 1);
INSERT INTO current_node_tags (node_id, k, v) VALUES (4772, 'hoot:id', '4772');
INSERT INTO node_tags (node_id, k, v, version) VALUES (4772, 'hoot:id', '4772', 1);
INSERT INTO current_node_tags (node_id, k, v) VALUES (4772, 'hoot:status', '2');
INSERT INTO node_tags (node_id, k, v, version) VALUES (4772, 'hoot:status', '2', 1);
/* create node 4773*/
INSERT INTO nodes (node_id, latitude, longitude, changeset_id, visible, "timestamp", tile, version) VALUES (4773, 388987160, -770501359, 3, true, (now() at time zone 'utc'), 1704401702, 1);
INSERT INTO current_nodes (id, latitude, longitude, changeset_id, visible, "timestamp", tile, version) VALUES (4773, 388987160, -770501359, 3, true, (now() at time zone 'utc'), 1704401702, 1);
INSERT INTO current_node_tags (node_id, k, v) VALUES (4773, 'hoot:id', '4773');
INSERT INTO node_tags (node_id, k, v, version) VALUES (4773, 'hoot:id', '4773', 1);
INSERT INTO current_node_tags (node_id, k, v) VALUES (4773, 'hoot:status', '2');
INSERT INTO node_tags (node_id, k, v, version) VALUES (4773, 'hoot:status', '2', 1);
/* create node 4774*/
INSERT INTO nodes (node_id, latitude, longitude, changeset_id, visible, "timestamp", tile, version) VALUES (4774, 388988870, -770501399, 3, true, (now() at time zone 'utc'), 1704401702, 1);
INSERT INTO current_nodes (id, latitude, longitude, changeset_id, visible, "timestamp", tile, version) VALUES (4774, 388988870, -770501399, 3, true, (now() at time zone 'utc'), 1704401702, 1);
INSERT INTO current_node_tags (node_id, k, v) VALUES (4774, 'hoot:id', '4774');
INSERT INTO node_tags (node_id, k, v, version) VALUES (4774, 'hoot:id', '4774', 1);
INSERT INTO current_node_tags (node_id, k, v) VALUES (4774, 'hoot:status', '2');
INSERT INTO node_tags (node_id, k, v, version) VALUES (4774, 'hoot:status', '2', 1);
/* create node 4775*/
INSERT INTO nodes (node_id, latitude, longitude, changeset_id, visible, "timestamp", tile, version) VALUES (4775, 388989350, -770501419, 3, true, (now() at time zone 'utc'), 1704401702, 1);
INSERT INTO current_nodes (id, latitude, longitude, changeset_id, visible, "timestamp", tile, version) VALUES (4775, 388989350, -770501419, 3, true, (now() at time zone 'utc'), 1704401702, 1);
INSERT INTO current_node_tags (node_id, k, v) VALUES (4775, 'hoot:id', '4775');
INSERT INTO node_tags (node_id, k, v, version) VALUES (4775, 'hoot:id', '4775', 1);
INSERT INTO current_node_tags (node_id, k, v) VALUES (4775, 'hoot:status', '2');
INSERT INTO node_tags (node_id, k, v, version) VALUES (4775, 'hoot:status', '2', 1);
/* create node 4776*/
INSERT INTO nodes (node_id, latitude, longitude, changeset_id, visible, "timestamp", tile, version) VALUES (4776, 388991570, -770501369, 3, true, (now() at time zone 'utc'), 1704401702, 1);
INSERT INTO current_nodes (id, latitude, longitude, changeset_id, visible, "timestamp", tile, version) VALUES (4776, 388991570, -770501369, 3, true, (now() at time zone 'utc'), 1704401702, 1);
INSERT INTO current_node_tags (node_id, k, v) VALUES (4776, 'hoot:id', '4776');
INSERT INTO node_tags (node_id, k, v, version) VALUES (4776, 'hoot:id', '4776', 1);
INSERT INTO current_node_tags (node_id, k, v) VALUES (4776, 'hoot:status', '2');
INSERT INTO node_tags (node_id, k, v, version) VALUES (4776, 'hoot:status', '2', 1);
/* create node 4777*/
INSERT INTO nodes (node_id, latitude, longitude, changeset_id, visible, "timestamp", tile, version) VALUES (4777, 388992790, -770501319, 3, true, (now() at time zone 'utc'), 1704401702, 1);
INSERT INTO current_nodes (id, latitude, longitude, changeset_id, visible, "timestamp", tile, version) VALUES (4777, 388992790, -770501319, 3, true, (now() at time zone 'utc'), 1704401702, 1);
INSERT INTO current_node_tags (node_id, k, v) VALUES (4777, 'hoot:id', '4777');
INSERT INTO node_tags (node_id, k, v, version) VALUES (4777, 'hoot:id', '4777', 1);
INSERT INTO current_node_tags (node_id, k, v) VALUES (4777, 'hoot:status', '2');
INSERT INTO node_tags (node_id, k, v, version) VALUES (4777, 'hoot:status', '2', 1);
/* create node 4778*/
INSERT INTO nodes (node_id, latitude, longitude, changeset_id, visible, "timestamp", tile, version) VALUES (4778, 388993660, -770501319, 3, true, (now() at time zone 'utc'), 1704401702, 1);
INSERT INTO current_nodes (id, latitude, longitude, changeset_id, visible, "timestamp", tile, version) VALUES (4778, 388993660, -770501319, 3, true, (now() at time zone 'utc'), 1704401702, 1);
INSERT INTO current_node_tags (node_id, k, v) VALUES (4778, 'hoot:id', '4778');
INSERT INTO node_tags (node_id, k, v, version) VALUES (4778, 'hoot:id', '4778', 1);
INSERT INTO current_node_tags (node_id, k, v) VALUES (4778, 'hoot:status', '2');
INSERT INTO node_tags (node_id, k, v, version) VALUES (4778, 'hoot:status', '2', 1);
/* create node 4779*/
INSERT INTO nodes (node_id, latitude, longitude, changeset_id, visible, "timestamp", tile, version) VALUES (4779, 388994140, -770501329, 3, true, (now() at time zone 'utc'), 1704401702, 1);
INSERT INTO current_nodes (id, latitude, longitude, changeset_id, visible, "timestamp", tile, version) VALUES (4779, 388994140, -770501329, 3, true, (now() at time zone 'utc'), 1704401702, 1);
INSERT INTO current_node_tags (node_id, k, v) VALUES (4779, 'hoot:id', '4779');
INSERT INTO node_tags (node_id, k, v, version) VALUES (4779, 'hoot:id', '4779', 1);
INSERT INTO current_node_tags (node_id, k, v) VALUES (4779, 'hoot:status', '2');
INSERT INTO node_tags (node_id, k, v, version) VALUES (4779, 'hoot:status', '2', 1);
/* create node 4780*/
INSERT INTO nodes (node_id, latitude, longitude, changeset_id, visible, "timestamp", tile, version) VALUES (4780, 388994910, -770501329, 3, true, (now() at time zone 'utc'), 1704401702, 1);
INSERT INTO current_nodes (id, latitude, longitude, changeset_id, visible, "timestamp", tile, version) VALUES (4780, 388994910, -770501329, 3, true, (now() at time zone 'utc'), 1704401702, 1);
INSERT INTO current_node_tags (node_id, k, v) VALUES (4780, 'hoot:id', '4780');
INSERT INTO node_tags (node_id, k, v, version) VALUES (4780, 'hoot:id', '4780', 1);
INSERT INTO current_node_tags (node_id, k, v) VALUES (4780, 'hoot:status', '2');
INSERT INTO node_tags (node_id, k, v, version) VALUES (4780, 'hoot:status', '2', 1);
/* create node 4781*/
INSERT INTO nodes (node_id, latitude, longitude, changeset_id, visible, "timestamp", tile, version) VALUES (4781, 388995540, -770501319, 3, true, (now() at time zone 'utc'), 1704401702, 1);
INSERT INTO current_nodes (id, latitude, longitude, changeset_id, visible, "timestamp", tile, version) VALUES (4781, 388995540, -770501319, 3, true, (now() at time zone 'utc'), 1704401702, 1);
INSERT INTO current_node_tags (node_id, k, v) VALUES (4781, 'hoot:id', '4781');
INSERT INTO node_tags (node_id, k, v, version) VALUES (4781, 'hoot:id', '4781', 1);
INSERT INTO current_node_tags (node_id, k, v) VALUES (4781, 'hoot:status', '2');
INSERT INTO node_tags (node_id, k, v, version) VALUES (4781, 'hoot:status', '2', 1);
/* create node 4782*/
INSERT INTO nodes (node_id, latitude, longitude, changeset_id, visible, "timestamp", tile, version) VALUES (4782, 388995740, -770501309, 3, true, (now() at time zone 'utc'), 1704401702, 1);
INSERT INTO current_nodes (id, latitude, longitude, changeset_id, visible, "timestamp", tile, version) VALUES (4782, 388995740, -770501309, 3, true, (now() at time zone 'utc'), 1704401702, 1);
INSERT INTO current_node_tags (node_id, k, v) VALUES (4782, 'hoot:id', '4782');
INSERT INTO node_tags (node_id, k, v, version) VALUES (4782, 'hoot:id', '4782', 1);
INSERT INTO current_node_tags (node_id, k, v) VALUES (4782, 'hoot:status', '2');
INSERT INTO node_tags (node_id, k, v, version) VALUES (4782, 'hoot:status', '2', 1);
/* create node 4783*/
INSERT INTO nodes (node_id, latitude, longitude, changeset_id, visible, "timestamp", tile, version) VALUES (4783, 388995990, -770501309, 3, true, (now() at time zone 'utc'), 1704401702, 1);
INSERT INTO current_nodes (id, latitude, longitude, changeset_id, visible, "timestamp", tile, version) VALUES (4783, 388995990, -770501309, 3, true, (now() at time zone 'utc'), 1704401702, 1);
INSERT INTO current_node_tags (node_id, k, v) VALUES (4783, 'hoot:id', '4783');
INSERT INTO node_tags (node_id, k, v, version) VALUES (4783, 'hoot:id', '4783', 1);
INSERT INTO current_node_tags (node_id, k, v) VALUES (4783, 'hoot:status', '2');
INSERT INTO node_tags (node_id, k, v, version) VALUES (4783, 'hoot:status', '2', 1);
/* create node 4784*/
INSERT INTO nodes (node_id, latitude, longitude, changeset_id, visible, "timestamp", tile, version) VALUES (4784, 388996480, -770501289, 3, true, (now() at time zone 'utc'), 1704401702, 1);
INSERT INTO current_nodes (id, latitude, longitude, changeset_id, visible, "timestamp", tile, version) VALUES (4784, 388996480, -770501289, 3, true, (now() at time zone 'utc'), 1704401702, 1);
INSERT INTO current_node_tags (node_id, k, v) VALUES (4784, 'hoot:id', '4784');
INSERT INTO node_tags (node_id, k, v, version) VALUES (4784, 'hoot:id', '4784', 1);
INSERT INTO current_node_tags (node_id, k, v) VALUES (4784, 'hoot:status', '2');
INSERT INTO node_tags (node_id, k, v, version) VALUES (4784, 'hoot:status', '2', 1);
/* create node 4785*/
INSERT INTO nodes (node_id, latitude, longitude, changeset_id, visible, "timestamp", tile, version) VALUES (4785, 388997440, -770501309, 3, true, (now() at time zone 'utc'), 1704401702, 1);
INSERT INTO current_nodes (id, latitude, longitude, changeset_id, visible, "timestamp", tile, version) VALUES (4785, 388997440, -770501309, 3, true, (now() at time zone 'utc'), 1704401702, 1);
INSERT INTO current_node_tags (node_id, k, v) VALUES (4785, 'hoot:id', '4785');
INSERT INTO node_tags (node_id, k, v, version) VALUES (4785, 'hoot:id', '4785', 1);
INSERT INTO current_node_tags (node_id, k, v) VALUES (4785, 'hoot:status', '2');
INSERT INTO node_tags (node_id, k, v, version) VALUES (4785, 'hoot:status', '2', 1);
/* create node 4786*/
INSERT INTO nodes (node_id, latitude, longitude, changeset_id, visible, "timestamp", tile, version) VALUES (4786, 388997950, -770501299, 3, true, (now() at time zone 'utc'), 1704401702, 1);
INSERT INTO current_nodes (id, latitude, longitude, changeset_id, visible, "timestamp", tile, version) VALUES (4786, 388997950, -770501299, 3, true, (now() at time zone 'utc'), 1704401702, 1);
INSERT INTO current_node_tags (node_id, k, v) VALUES (4786, 'hoot:id', '4786');
INSERT INTO node_tags (node_id, k, v, version) VALUES (4786, 'hoot:id', '4786', 1);
INSERT INTO current_node_tags (node_id, k, v) VALUES (4786, 'hoot:status', '2');
INSERT INTO node_tags (node_id, k, v, version) VALUES (4786, 'hoot:status', '2', 1);
/* create node 4787*/
INSERT INTO nodes (node_id, latitude, longitude, changeset_id, visible, "timestamp", tile, version) VALUES (4787, 388998490, -770501309, 3, true, (now() at time zone 'utc'), 1704401702, 1);
INSERT INTO current_nodes (id, latitude, longitude, changeset_id, visible, "timestamp", tile, version) VALUES (4787, 388998490, -770501309, 3, true, (now() at time zone 'utc'), 1704401702, 1);
INSERT INTO current_node_tags (node_id, k, v) VALUES (4787, 'hoot:id', '4787');
INSERT INTO node_tags (node_id, k, v, version) VALUES (4787, 'hoot:id', '4787', 1);
INSERT INTO current_node_tags (node_id, k, v) VALUES (4787, 'hoot:status', '2');
INSERT INTO node_tags (node_id, k, v, version) VALUES (4787, 'hoot:status', '2', 1);
/* create node 4788*/
INSERT INTO nodes (node_id, latitude, longitude, changeset_id, visible, "timestamp", tile, version) VALUES (4788, 389000000, -770501269, 3, true, (now() at time zone 'utc'), 1704401702, 1);
INSERT INTO current_nodes (id, latitude, longitude, changeset_id, visible, "timestamp", tile, version) VALUES (4788, 389000000, -770501269, 3, true, (now() at time zone 'utc'), 1704401702, 1);
INSERT INTO current_node_tags (node_id, k, v) VALUES (4788, 'hoot:id', '4788');
INSERT INTO node_tags (node_id, k, v, version) VALUES (4788, 'hoot:id', '4788', 1);
INSERT INTO current_node_tags (node_id, k, v) VALUES (4788, 'hoot:status', '2');
INSERT INTO node_tags (node_id, k, v, version) VALUES (4788, 'hoot:status', '2', 1);
/* create node 4789*/
INSERT INTO nodes (node_id, latitude, longitude, changeset_id, visible, "timestamp", tile, version) VALUES (4789, 389000880, -770501289, 3, true, (now() at time zone 'utc'), 1704401702, 1);
INSERT INTO current_nodes (id, latitude, longitude, changeset_id, visible, "timestamp", tile, version) VALUES (4789, 389000880, -770501289, 3, true, (now() at time zone 'utc'), 1704401702, 1);
INSERT INTO current_node_tags (node_id, k, v) VALUES (4789, 'hoot:id', '4789');
INSERT INTO node_tags (node_id, k, v, version) VALUES (4789, 'hoot:id', '4789', 1);
INSERT INTO current_node_tags (node_id, k, v) VALUES (4789, 'hoot:status', '2');
INSERT INTO node_tags (node_id, k, v, version) VALUES (4789, 'hoot:status', '2', 1);
/* create node 4790*/
INSERT INTO nodes (node_id, latitude, longitude, changeset_id, visible, "timestamp", tile, version) VALUES (4790, 389001630, -770501329, 3, true, (now() at time zone 'utc'), 1704401702, 1);
INSERT INTO current_nodes (id, latitude, longitude, changeset_id, visible, "timestamp", tile, version) VALUES (4790, 389001630, -770501329, 3, true, (now() at time zone 'utc'), 1704401702, 1);
INSERT INTO current_node_tags (node_id, k, v) VALUES (4790, 'hoot:id', '4790');
INSERT INTO node_tags (node_id, k, v, version) VALUES (4790, 'hoot:id', '4790', 1);
INSERT INTO current_node_tags (node_id, k, v) VALUES (4790, 'hoot:status', '2');
INSERT INTO node_tags (node_id, k, v, version) VALUES (4790, 'hoot:status', '2', 1);
/* create node 4791*/
INSERT INTO nodes (node_id, latitude, longitude, changeset_id, visible, "timestamp", tile, version) VALUES (4791, 389002530, -770501349, 3, true, (now() at time zone 'utc'), 1704401702, 1);
INSERT INTO current_nodes (id, latitude, longitude, changeset_id, visible, "timestamp", tile, version) VALUES (4791, 389002530, -770501349, 3, true, (now() at time zone 'utc'), 1704401702, 1);
INSERT INTO current_node_tags (node_id, k, v) VALUES (4791, 'hoot:id', '4791');
INSERT INTO node_tags (node_id, k, v, version) VALUES (4791, 'hoot:id', '4791', 1);
INSERT INTO current_node_tags (node_id, k, v) VALUES (4791, 'hoot:status', '2');
INSERT INTO node_tags (node_id, k, v, version) VALUES (4791, 'hoot:status', '2', 1);
/* create node 4792*/
INSERT INTO nodes (node_id, latitude, longitude, changeset_id, visible, "timestamp", tile, version) VALUES (4792, 389002940, -770501349, 3, true, (now() at time zone 'utc'), 1704401702, 1);
INSERT INTO current_nodes (id, latitude, longitude, changeset_id, visible, "timestamp", tile, version) VALUES (4792, 389002940, -770501349, 3, true, (now() at time zone 'utc'), 1704401702, 1);
INSERT INTO current_node_tags (node_id, k, v) VALUES (4792, 'hoot:id', '4792');
INSERT INTO node_tags (node_id, k, v, version) VALUES (4792, 'hoot:id', '4792', 1);
INSERT INTO current_node_tags (node_id, k, v) VALUES (4792, 'hoot:status', '2');
INSERT INTO node_tags (node_id, k, v, version) VALUES (4792, 'hoot:status', '2', 1);
/* create node 4793*/
INSERT INTO nodes (node_id, latitude, longitude, changeset_id, visible, "timestamp", tile, version) VALUES (4793, 389003320, -770501359, 3, true, (now() at time zone 'utc'), 1704401702, 1);
INSERT INTO current_nodes (id, latitude, longitude, changeset_id, visible, "timestamp", tile, version) VALUES (4793, 389003320, -770501359, 3, true, (now() at time zone 'utc'), 1704401702, 1);
INSERT INTO current_node_tags (node_id, k, v) VALUES (4793, 'hoot:id', '4793');
INSERT INTO node_tags (node_id, k, v, version) VALUES (4793, 'hoot:id', '4793', 1);
INSERT INTO current_node_tags (node_id, k, v) VALUES (4793, 'hoot:status', '2');
INSERT INTO node_tags (node_id, k, v, version) VALUES (4793, 'hoot:status', '2', 1);
/* create node 4794*/
INSERT INTO nodes (node_id, latitude, longitude, changeset_id, visible, "timestamp", tile, version) VALUES (4794, 389004130, -770501329, 3, true, (now() at time zone 'utc'), 1704401702, 1);
INSERT INTO current_nodes (id, latitude, longitude, changeset_id, visible, "timestamp", tile, version) VALUES (4794, 389004130, -770501329, 3, true, (now() at time zone 'utc'), 1704401702, 1);
INSERT INTO current_node_tags (node_id, k, v) VALUES (4794, 'hoot:id', '4794');
INSERT INTO node_tags (node_id, k, v, version) VALUES (4794, 'hoot:id', '4794', 1);
INSERT INTO current_node_tags (node_id, k, v) VALUES (4794, 'hoot:status', '2');
INSERT INTO node_tags (node_id, k, v, version) VALUES (4794, 'hoot:status', '2', 1);
/* create node 4795*/
INSERT INTO nodes (node_id, latitude, longitude, changeset_id, visible, "timestamp", tile, version) VALUES (4795, 389005110, -770501329, 3, true, (now() at time zone 'utc'), 1704401703, 1);
INSERT INTO current_nodes (id, latitude, longitude, changeset_id, visible, "timestamp", tile, version) VALUES (4795, 389005110, -770501329, 3, true, (now() at time zone 'utc'), 1704401703, 1);
INSERT INTO current_node_tags (node_id, k, v) VALUES (4795, 'hoot:id', '4795');
INSERT INTO node_tags (node_id, k, v, version) VALUES (4795, 'hoot:id', '4795', 1);
INSERT INTO current_node_tags (node_id, k, v) VALUES (4795, 'hoot:status', '2');
INSERT INTO node_tags (node_id, k, v, version) VALUES (4795, 'hoot:status', '2', 1);
/* create node 4796*/
INSERT INTO nodes (node_id, latitude, longitude, changeset_id, visible, "timestamp", tile, version) VALUES (4796, 389006310, -770501309, 3, true, (now() at time zone 'utc'), 1704401703, 1);
INSERT INTO current_nodes (id, latitude, longitude, changeset_id, visible, "timestamp", tile, version) VALUES (4796, 389006310, -770501309, 3, true, (now() at time zone 'utc'), 1704401703, 1);
INSERT INTO current_node_tags (node_id, k, v) VALUES (4796, 'hoot:id', '4796');
INSERT INTO node_tags (node_id, k, v, version) VALUES (4796, 'hoot:id', '4796', 1);
INSERT INTO current_node_tags (node_id, k, v) VALUES (4796, 'hoot:status', '2');
INSERT INTO node_tags (node_id, k, v, version) VALUES (4796, 'hoot:status', '2', 1);
/* create node 4797*/
INSERT INTO nodes (node_id, latitude, longitude, changeset_id, visible, "timestamp", tile, version) VALUES (4797, 389006590, -770501289, 3, true, (now() at time zone 'utc'), 1704401703, 1);
INSERT INTO current_nodes (id, latitude, longitude, changeset_id, visible, "timestamp", tile, version) VALUES (4797, 389006590, -770501289, 3, true, (now() at time zone 'utc'), 1704401703, 1);
INSERT INTO current_node_tags (node_id, k, v) VALUES (4797, 'hoot:id', '4797');
INSERT INTO node_tags (node_id, k, v, version) VALUES (4797, 'hoot:id', '4797', 1);
INSERT INTO current_node_tags (node_id, k, v) VALUES (4797, 'hoot:status', '2');
INSERT INTO node_tags (node_id, k, v, version) VALUES (4797, 'hoot:status', '2', 1);
/* create node 4798*/
INSERT INTO nodes (node_id, latitude, longitude, changeset_id, visible, "timestamp", tile, version) VALUES (4798, 389006990, -770501279, 3, true, (now() at time zone 'utc'), 1704401703, 1);
INSERT INTO current_nodes (id, latitude, longitude, changeset_id, visible, "timestamp", tile, version) VALUES (4798, 389006990, -770501279, 3, true, (now() at time zone 'utc'), 1704401703, 1);
INSERT INTO current_node_tags (node_id, k, v) VALUES (4798, 'hoot:id', '4798');
INSERT INTO node_tags (node_id, k, v, version) VALUES (4798, 'hoot:id', '4798', 1);
INSERT INTO current_node_tags (node_id, k, v) VALUES (4798, 'hoot:status', '2');
INSERT INTO node_tags (node_id, k, v, version) VALUES (4798, 'hoot:status', '2', 1);
/* create node 4799*/
INSERT INTO nodes (node_id, latitude, longitude, changeset_id, visible, "timestamp", tile, version) VALUES (4799, 389007740, -770501279, 3, true, (now() at time zone 'utc'), 1704401703, 1);
INSERT INTO current_nodes (id, latitude, longitude, changeset_id, visible, "timestamp", tile, version) VALUES (4799, 389007740, -770501279, 3, true, (now() at time zone 'utc'), 1704401703, 1);
INSERT INTO current_node_tags (node_id, k, v) VALUES (4799, 'hoot:id', '4799');
INSERT INTO node_tags (node_id, k, v, version) VALUES (4799, 'hoot:id', '4799', 1);
INSERT INTO current_node_tags (node_id, k, v) VALUES (4799, 'hoot:status', '2');
INSERT INTO node_tags (node_id, k, v, version) VALUES (4799, 'hoot:status', '2', 1);
/* create node 4800*/
INSERT INTO nodes (node_id, latitude, longitude, changeset_id, visible, "timestamp", tile, version) VALUES (4800, 389007920, -770501289, 3, true, (now() at time zone 'utc'), 1704401703, 1);
INSERT INTO current_nodes (id, latitude, longitude, changeset_id, visible, "timestamp", tile, version) VALUES (4800, 389007920, -770501289, 3, true, (now() at time zone 'utc'), 1704401703, 1);
INSERT INTO current_node_tags (node_id, k, v) VALUES (4800, 'hoot:id', '4800');
INSERT INTO node_tags (node_id, k, v, version) VALUES (4800, 'hoot:id', '4800', 1);
INSERT INTO current_node_tags (node_id, k, v) VALUES (4800, 'hoot:status', '2');
INSERT INTO node_tags (node_id, k, v, version) VALUES (4800, 'hoot:status', '2', 1);
/* create node 4801*/
INSERT INTO nodes (node_id, latitude, longitude, changeset_id, visible, "timestamp", tile, version) VALUES (4801, 389008170, -770501289, 3, true, (now() at time zone 'utc'), 1704401703, 1);
INSERT INTO current_nodes (id, latitude, longitude, changeset_id, visible, "timestamp", tile, version) VALUES (4801, 389008170, -770501289, 3, true, (now() at time zone 'utc'), 1704401703, 1);
INSERT INTO current_node_tags (node_id, k, v) VALUES (4801, 'hoot:id', '4801');
INSERT INTO node_tags (node_id, k, v, version) VALUES (4801, 'hoot:id', '4801', 1);
INSERT INTO current_node_tags (node_id, k, v) VALUES (4801, 'hoot:status', '2');
INSERT INTO node_tags (node_id, k, v, version) VALUES (4801, 'hoot:status', '2', 1);
/* create node 4802*/
INSERT INTO nodes (node_id, latitude, longitude, changeset_id, visible, "timestamp", tile, version) VALUES (4802, 389008420, -770501309, 3, true, (now() at time zone 'utc'), 1704401703, 1);
INSERT INTO current_nodes (id, latitude, longitude, changeset_id, visible, "timestamp", tile, version) VALUES (4802, 389008420, -770501309, 3, true, (now() at time zone 'utc'), 1704401703, 1);
INSERT INTO current_node_tags (node_id, k, v) VALUES (4802, 'hoot:id', '4802');
INSERT INTO node_tags (node_id, k, v, version) VALUES (4802, 'hoot:id', '4802', 1);
INSERT INTO current_node_tags (node_id, k, v) VALUES (4802, 'hoot:status', '2');
INSERT INTO node_tags (node_id, k, v, version) VALUES (4802, 'hoot:status', '2', 1);
/* create node 4803*/
INSERT INTO nodes (node_id, latitude, longitude, changeset_id, visible, "timestamp", tile, version) VALUES (4803, 389012330, -770501249, 3, true, (now() at time zone 'utc'), 1704401703, 1);
INSERT INTO current_nodes (id, latitude, longitude, changeset_id, visible, "timestamp", tile, version) VALUES (4803, 389012330, -770501249, 3, true, (now() at time zone 'utc'), 1704401703, 1);
INSERT INTO current_node_tags (node_id, k, v) VALUES (4803, 'hoot:id', '4803');
INSERT INTO node_tags (node_id, k, v, version) VALUES (4803, 'hoot:id', '4803', 1);
INSERT INTO current_node_tags (node_id, k, v) VALUES (4803, 'hoot:status', '2');
INSERT INTO node_tags (node_id, k, v, version) VALUES (4803, 'hoot:status', '2', 1);
/* create node 4804*/
INSERT INTO nodes (node_id, latitude, longitude, changeset_id, visible, "timestamp", tile, version) VALUES (4804, 389019870, -770501199, 3, true, (now() at time zone 'utc'), 1704401703, 1);
INSERT INTO current_nodes (id, latitude, longitude, changeset_id, visible, "timestamp", tile, version) VALUES (4804, 389019870, -770501199, 3, true, (now() at time zone 'utc'), 1704401703, 1);
INSERT INTO current_node_tags (node_id, k, v) VALUES (4804, 'hoot:id', '4804');
INSERT INTO node_tags (node_id, k, v, version) VALUES (4804, 'hoot:id', '4804', 1);
INSERT INTO current_node_tags (node_id, k, v) VALUES (4804, 'hoot:status', '2');
INSERT INTO node_tags (node_id, k, v, version) VALUES (4804, 'hoot:status', '2', 1);
/* create node 4805*/
INSERT INTO nodes (node_id, latitude, longitude, changeset_id, visible, "timestamp", tile, version) VALUES (4805, 388875820, -770319859, 3, true, (now() at time zone 'utc'), 1704401620, 1);
INSERT INTO current_nodes (id, latitude, longitude, changeset_id, visible, "timestamp", tile, version) VALUES (4805, 388875820, -770319859, 3, true, (now() at time zone 'utc'), 1704401620, 1);
INSERT INTO current_node_tags (node_id, k, v) VALUES (4805, 'hoot:id', '4805');
INSERT INTO node_tags (node_id, k, v, version) VALUES (4805, 'hoot:id', '4805', 1);
INSERT INTO current_node_tags (node_id, k, v) VALUES (4805, 'hoot:status', '2');
INSERT INTO node_tags (node_id, k, v, version) VALUES (4805, 'hoot:status', '2', 1);
/* create node 4806*/
INSERT INTO nodes (node_id, latitude, longitude, changeset_id, visible, "timestamp", tile, version) VALUES (4806, 388876620, -770322269, 3, true, (now() at time zone 'utc'), 1704401620, 1);
INSERT INTO current_nodes (id, latitude, longitude, changeset_id, visible, "timestamp", tile, version) VALUES (4806, 388876620, -770322269, 3, true, (now() at time zone 'utc'), 1704401620, 1);
INSERT INTO current_node_tags (node_id, k, v) VALUES (4806, 'hoot:id', '4806');
INSERT INTO node_tags (node_id, k, v, version) VALUES (4806, 'hoot:id', '4806', 1);
INSERT INTO current_node_tags (node_id, k, v) VALUES (4806, 'hoot:status', '2');
INSERT INTO node_tags (node_id, k, v, version) VALUES (4806, 'hoot:status', '2', 1);
/* create node 4807*/
INSERT INTO nodes (node_id, latitude, longitude, changeset_id, visible, "timestamp", tile, version) VALUES (4807, 388877790, -770328269, 3, true, (now() at time zone 'utc'), 1704401620, 1);
INSERT INTO current_nodes (id, latitude, longitude, changeset_id, visible, "timestamp", tile, version) VALUES (4807, 388877790, -770328269, 3, true, (now() at time zone 'utc'), 1704401620, 1);
INSERT INTO current_node_tags (node_id, k, v) VALUES (4807, 'hoot:id', '4807');
INSERT INTO node_tags (node_id, k, v, version) VALUES (4807, 'hoot:id', '4807', 1);
INSERT INTO current_node_tags (node_id, k, v) VALUES (4807, 'hoot:status', '2');
INSERT INTO node_tags (node_id, k, v, version) VALUES (4807, 'hoot:status', '2', 1);
/* create node 4808*/
INSERT INTO nodes (node_id, latitude, longitude, changeset_id, visible, "timestamp", tile, version) VALUES (4808, 388878210, -770330069, 3, true, (now() at time zone 'utc'), 1704401620, 1);
INSERT INTO current_nodes (id, latitude, longitude, changeset_id, visible, "timestamp", tile, version) VALUES (4808, 388878210, -770330069, 3, true, (now() at time zone 'utc'), 1704401620, 1);
INSERT INTO current_node_tags (node_id, k, v) VALUES (4808, 'hoot:id', '4808');
INSERT INTO node_tags (node_id, k, v, version) VALUES (4808, 'hoot:id', '4808', 1);
INSERT INTO current_node_tags (node_id, k, v) VALUES (4808, 'hoot:status', '2');
INSERT INTO node_tags (node_id, k, v, version) VALUES (4808, 'hoot:status', '2', 1);
/* create node 4809*/
INSERT INTO nodes (node_id, latitude, longitude, changeset_id, visible, "timestamp", tile, version) VALUES (4809, 388878430, -770331359, 3, true, (now() at time zone 'utc'), 1704401620, 1);
INSERT INTO current_nodes (id, latitude, longitude, changeset_id, visible, "timestamp", tile, version) VALUES (4809, 388878430, -770331359, 3, true, (now() at time zone 'utc'), 1704401620, 1);
INSERT INTO current_node_tags (node_id, k, v) VALUES (4809, 'hoot:id', '4809');
INSERT INTO node_tags (node_id, k, v, version) VALUES (4809, 'hoot:id', '4809', 1);
INSERT INTO current_node_tags (node_id, k, v) VALUES (4809, 'hoot:status', '2');
INSERT INTO node_tags (node_id, k, v, version) VALUES (4809, 'hoot:status', '2', 1);
/* create node 4810*/
INSERT INTO nodes (node_id, latitude, longitude, changeset_id, visible, "timestamp", tile, version) VALUES (4810, 388878430, -770333779, 3, true, (now() at time zone 'utc'), 1704401620, 1);
INSERT INTO current_nodes (id, latitude, longitude, changeset_id, visible, "timestamp", tile, version) VALUES (4810, 388878430, -770333779, 3, true, (now() at time zone 'utc'), 1704401620, 1);
INSERT INTO current_node_tags (node_id, k, v) VALUES (4810, 'hoot:id', '4810');
INSERT INTO node_tags (node_id, k, v, version) VALUES (4810, 'hoot:id', '4810', 1);
INSERT INTO current_node_tags (node_id, k, v) VALUES (4810, 'hoot:status', '2');
INSERT INTO node_tags (node_id, k, v, version) VALUES (4810, 'hoot:status', '2', 1);
/* create node 4811*/
INSERT INTO nodes (node_id, latitude, longitude, changeset_id, visible, "timestamp", tile, version) VALUES (4811, 388878560, -770336749, 3, true, (now() at time zone 'utc'), 1704401620, 1);
INSERT INTO current_nodes (id, latitude, longitude, changeset_id, visible, "timestamp", tile, version) VALUES (4811, 388878560, -770336749, 3, true, (now() at time zone 'utc'), 1704401620, 1);
INSERT INTO current_node_tags (node_id, k, v) VALUES (4811, 'hoot:id', '4811');
INSERT INTO node_tags (node_id, k, v, version) VALUES (4811, 'hoot:id', '4811', 1);
INSERT INTO current_node_tags (node_id, k, v) VALUES (4811, 'hoot:status', '2');
INSERT INTO node_tags (node_id, k, v, version) VALUES (4811, 'hoot:status', '2', 1);
/* create node 4812*/
INSERT INTO nodes (node_id, latitude, longitude, changeset_id, visible, "timestamp", tile, version) VALUES (4812, 388878530, -770337599, 3, true, (now() at time zone 'utc'), 1704401620, 1);
INSERT INTO current_nodes (id, latitude, longitude, changeset_id, visible, "timestamp", tile, version) VALUES (4812, 388878530, -770337599, 3, true, (now() at time zone 'utc'), 1704401620, 1);
INSERT INTO current_node_tags (node_id, k, v) VALUES (4812, 'hoot:id', '4812');
INSERT INTO node_tags (node_id, k, v, version) VALUES (4812, 'hoot:id', '4812', 1);
INSERT INTO current_node_tags (node_id, k, v) VALUES (4812, 'hoot:status', '2');
INSERT INTO node_tags (node_id, k, v, version) VALUES (4812, 'hoot:status', '2', 1);
/* create node 4813*/
INSERT INTO nodes (node_id, latitude, longitude, changeset_id, visible, "timestamp", tile, version) VALUES (4813, 388878400, -770338179, 3, true, (now() at time zone 'utc'), 1704401620, 1);
INSERT INTO current_nodes (id, latitude, longitude, changeset_id, visible, "timestamp", tile, version) VALUES (4813, 388878400, -770338179, 3, true, (now() at time zone 'utc'), 1704401620, 1);
INSERT INTO current_node_tags (node_id, k, v) VALUES (4813, 'hoot:id', '4813');
INSERT INTO node_tags (node_id, k, v, version) VALUES (4813, 'hoot:id', '4813', 1);
INSERT INTO current_node_tags (node_id, k, v) VALUES (4813, 'hoot:status', '2');
INSERT INTO node_tags (node_id, k, v, version) VALUES (4813, 'hoot:status', '2', 1);
/* create node 4814*/
INSERT INTO nodes (node_id, latitude, longitude, changeset_id, visible, "timestamp", tile, version) VALUES (4814, 388878140, -770339009, 3, true, (now() at time zone 'utc'), 1704401620, 1);
INSERT INTO current_nodes (id, latitude, longitude, changeset_id, visible, "timestamp", tile, version) VALUES (4814, 388878140, -770339009, 3, true, (now() at time zone 'utc'), 1704401620, 1);
INSERT INTO current_node_tags (node_id, k, v) VALUES (4814, 'hoot:id', '4814');
INSERT INTO node_tags (node_id, k, v, version) VALUES (4814, 'hoot:id', '4814', 1);
INSERT INTO current_node_tags (node_id, k, v) VALUES (4814, 'hoot:status', '2');
INSERT INTO node_tags (node_id, k, v, version) VALUES (4814, 'hoot:status', '2', 1);
/* create node 4815*/
INSERT INTO nodes (node_id, latitude, longitude, changeset_id, visible, "timestamp", tile, version) VALUES (4815, 388877790, -770339809, 3, true, (now() at time zone 'utc'), 1704401620, 1);
INSERT INTO current_nodes (id, latitude, longitude, changeset_id, visible, "timestamp", tile, version) VALUES (4815, 388877790, -770339809, 3, true, (now() at time zone 'utc'), 1704401620, 1);
INSERT INTO current_node_tags (node_id, k, v) VALUES (4815, 'hoot:id', '4815');
INSERT INTO node_tags (node_id, k, v, version) VALUES (4815, 'hoot:id', '4815', 1);
INSERT INTO current_node_tags (node_id, k, v) VALUES (4815, 'hoot:status', '2');
INSERT INTO node_tags (node_id, k, v, version) VALUES (4815, 'hoot:status', '2', 1);
/* create node 4816*/
INSERT INTO nodes (node_id, latitude, longitude, changeset_id, visible, "timestamp", tile, version) VALUES (4816, 388877400, -770340869, 3, true, (now() at time zone 'utc'), 1704401620, 1);
INSERT INTO current_nodes (id, latitude, longitude, changeset_id, visible, "timestamp", tile, version) VALUES (4816, 388877400, -770340869, 3, true, (now() at time zone 'utc'), 1704401620, 1);
INSERT INTO current_node_tags (node_id, k, v) VALUES (4816, 'hoot:id', '4816');
INSERT INTO node_tags (node_id, k, v, version) VALUES (4816, 'hoot:id', '4816', 1);
INSERT INTO current_node_tags (node_id, k, v) VALUES (4816, 'hoot:status', '2');
INSERT INTO node_tags (node_id, k, v, version) VALUES (4816, 'hoot:status', '2', 1);
/* create node 4817*/
INSERT INTO nodes (node_id, latitude, longitude, changeset_id, visible, "timestamp", tile, version) VALUES (4817, 388876940, -770342929, 3, true, (now() at time zone 'utc'), 1704401620, 1);
INSERT INTO current_nodes (id, latitude, longitude, changeset_id, visible, "timestamp", tile, version) VALUES (4817, 388876940, -770342929, 3, true, (now() at time zone 'utc'), 1704401620, 1);
INSERT INTO current_node_tags (node_id, k, v) VALUES (4817, 'hoot:id', '4817');
INSERT INTO node_tags (node_id, k, v, version) VALUES (4817, 'hoot:id', '4817', 1);
INSERT INTO current_node_tags (node_id, k, v) VALUES (4817, 'hoot:status', '2');
INSERT INTO node_tags (node_id, k, v, version) VALUES (4817, 'hoot:status', '2', 1);
/* create node 4818*/
INSERT INTO nodes (node_id, latitude, longitude, changeset_id, visible, "timestamp", tile, version) VALUES (4818, 388876260, -770345619, 3, true, (now() at time zone 'utc'), 1704401620, 1);
INSERT INTO current_nodes (id, latitude, longitude, changeset_id, visible, "timestamp", tile, version) VALUES (4818, 388876260, -770345619, 3, true, (now() at time zone 'utc'), 1704401620, 1);
INSERT INTO current_node_tags (node_id, k, v) VALUES (4818, 'hoot:id', '4818');
INSERT INTO node_tags (node_id, k, v, version) VALUES (4818, 'hoot:id', '4818', 1);
INSERT INTO current_node_tags (node_id, k, v) VALUES (4818, 'hoot:status', '2');
INSERT INTO node_tags (node_id, k, v, version) VALUES (4818, 'hoot:status', '2', 1);
/* create node 4819*/
INSERT INTO nodes (node_id, latitude, longitude, changeset_id, visible, "timestamp", tile, version) VALUES (4819, 388875840, -770347809, 3, true, (now() at time zone 'utc'), 1704401620, 1);
INSERT INTO current_nodes (id, latitude, longitude, changeset_id, visible, "timestamp", tile, version) VALUES (4819, 388875840, -770347809, 3, true, (now() at time zone 'utc'), 1704401620, 1);
INSERT INTO current_node_tags (node_id, k, v) VALUES (4819, 'hoot:id', '4819');
INSERT INTO node_tags (node_id, k, v, version) VALUES (4819, 'hoot:id', '4819', 1);
INSERT INTO current_node_tags (node_id, k, v) VALUES (4819, 'hoot:status', '2');
INSERT INTO node_tags (node_id, k, v, version) VALUES (4819, 'hoot:status', '2', 1);
/* create node 4820*/
INSERT INTO nodes (node_id, latitude, longitude, changeset_id, visible, "timestamp", tile, version) VALUES (4820, 388875650, -770349149, 3, true, (now() at time zone 'utc'), 1704401620, 1);
INSERT INTO current_nodes (id, latitude, longitude, changeset_id, visible, "timestamp", tile, version) VALUES (4820, 388875650, -770349149, 3, true, (now() at time zone 'utc'), 1704401620, 1);
INSERT INTO current_node_tags (node_id, k, v) VALUES (4820, 'hoot:id', '4820');
INSERT INTO node_tags (node_id, k, v, version) VALUES (4820, 'hoot:id', '4820', 1);
INSERT INTO current_node_tags (node_id, k, v) VALUES (4820, 'hoot:status', '2');
INSERT INTO node_tags (node_id, k, v, version) VALUES (4820, 'hoot:status', '2', 1);
/* create node 4821*/
INSERT INTO nodes (node_id, latitude, longitude, changeset_id, visible, "timestamp", tile, version) VALUES (4821, 388875320, -770351959, 3, true, (now() at time zone 'utc'), 1704401620, 1);
INSERT INTO current_nodes (id, latitude, longitude, changeset_id, visible, "timestamp", tile, version) VALUES (4821, 388875320, -770351959, 3, true, (now() at time zone 'utc'), 1704401620, 1);
INSERT INTO current_node_tags (node_id, k, v) VALUES (4821, 'hoot:id', '4821');
INSERT INTO node_tags (node_id, k, v, version) VALUES (4821, 'hoot:id', '4821', 1);
INSERT INTO current_node_tags (node_id, k, v) VALUES (4821, 'hoot:status', '2');
INSERT INTO node_tags (node_id, k, v, version) VALUES (4821, 'hoot:status', '2', 1);
/* create node 4822*/
INSERT INTO nodes (node_id, latitude, longitude, changeset_id, visible, "timestamp", tile, version) VALUES (4822, 388875290, -770352379, 3, true, (now() at time zone 'utc'), 1704401620, 1);
INSERT INTO current_nodes (id, latitude, longitude, changeset_id, visible, "timestamp", tile, version) VALUES (4822, 388875290, -770352379, 3, true, (now() at time zone 'utc'), 1704401620, 1);
INSERT INTO current_node_tags (node_id, k, v) VALUES (4822, 'hoot:id', '4822');
INSERT INTO node_tags (node_id, k, v, version) VALUES (4822, 'hoot:id', '4822', 1);
INSERT INTO current_node_tags (node_id, k, v) VALUES (4822, 'hoot:status', '2');
INSERT INTO node_tags (node_id, k, v, version) VALUES (4822, 'hoot:status', '2', 1);
/* create node 4823*/
INSERT INTO nodes (node_id, latitude, longitude, changeset_id, visible, "timestamp", tile, version) VALUES (4823, 388875260, -770353359, 3, true, (now() at time zone 'utc'), 1704401620, 1);
INSERT INTO current_nodes (id, latitude, longitude, changeset_id, visible, "timestamp", tile, version) VALUES (4823, 388875260, -770353359, 3, true, (now() at time zone 'utc'), 1704401620, 1);
INSERT INTO current_node_tags (node_id, k, v) VALUES (4823, 'hoot:id', '4823');
INSERT INTO node_tags (node_id, k, v, version) VALUES (4823, 'hoot:id', '4823', 1);
INSERT INTO current_node_tags (node_id, k, v) VALUES (4823, 'hoot:status', '2');
INSERT INTO node_tags (node_id, k, v, version) VALUES (4823, 'hoot:status', '2', 1);
/* create node 4824*/
INSERT INTO nodes (node_id, latitude, longitude, changeset_id, visible, "timestamp", tile, version) VALUES (4824, 388875250, -770355349, 3, true, (now() at time zone 'utc'), 1704401620, 1);
INSERT INTO current_nodes (id, latitude, longitude, changeset_id, visible, "timestamp", tile, version) VALUES (4824, 388875250, -770355349, 3, true, (now() at time zone 'utc'), 1704401620, 1);
INSERT INTO current_node_tags (node_id, k, v) VALUES (4824, 'hoot:id', '4824');
INSERT INTO node_tags (node_id, k, v, version) VALUES (4824, 'hoot:id', '4824', 1);
INSERT INTO current_node_tags (node_id, k, v) VALUES (4824, 'hoot:status', '2');
INSERT INTO node_tags (node_id, k, v, version) VALUES (4824, 'hoot:status', '2', 1);
/* create node 4825*/
INSERT INTO nodes (node_id, latitude, longitude, changeset_id, visible, "timestamp", tile, version) VALUES (4825, 388875330, -770357989, 3, true, (now() at time zone 'utc'), 1704401620, 1);
INSERT INTO current_nodes (id, latitude, longitude, changeset_id, visible, "timestamp", tile, version) VALUES (4825, 388875330, -770357989, 3, true, (now() at time zone 'utc'), 1704401620, 1);
INSERT INTO current_node_tags (node_id, k, v) VALUES (4825, 'hoot:id', '4825');
INSERT INTO node_tags (node_id, k, v, version) VALUES (4825, 'hoot:id', '4825', 1);
INSERT INTO current_node_tags (node_id, k, v) VALUES (4825, 'hoot:status', '2');
INSERT INTO node_tags (node_id, k, v, version) VALUES (4825, 'hoot:status', '2', 1);
/* create node 4826*/
INSERT INTO nodes (node_id, latitude, longitude, changeset_id, visible, "timestamp", tile, version) VALUES (4826, 388875400, -770358999, 3, true, (now() at time zone 'utc'), 1704401620, 1);
INSERT INTO current_nodes (id, latitude, longitude, changeset_id, visible, "timestamp", tile, version) VALUES (4826, 388875400, -770358999, 3, true, (now() at time zone 'utc'), 1704401620, 1);
INSERT INTO current_node_tags (node_id, k, v) VALUES (4826, 'hoot:id', '4826');
INSERT INTO node_tags (node_id, k, v, version) VALUES (4826, 'hoot:id', '4826', 1);
INSERT INTO current_node_tags (node_id, k, v) VALUES (4826, 'hoot:status', '2');
INSERT INTO node_tags (node_id, k, v, version) VALUES (4826, 'hoot:status', '2', 1);
/* create node 4827*/
INSERT INTO nodes (node_id, latitude, longitude, changeset_id, visible, "timestamp", tile, version) VALUES (4827, 388875460, -770359539, 3, true, (now() at time zone 'utc'), 1704401620, 1);
INSERT INTO current_nodes (id, latitude, longitude, changeset_id, visible, "timestamp", tile, version) VALUES (4827, 388875460, -770359539, 3, true, (now() at time zone 'utc'), 1704401620, 1);
INSERT INTO current_node_tags (node_id, k, v) VALUES (4827, 'hoot:id', '4827');
INSERT INTO node_tags (node_id, k, v, version) VALUES (4827, 'hoot:id', '4827', 1);
INSERT INTO current_node_tags (node_id, k, v) VALUES (4827, 'hoot:status', '2');
INSERT INTO node_tags (node_id, k, v, version) VALUES (4827, 'hoot:status', '2', 1);
/* create node 4828*/
INSERT INTO nodes (node_id, latitude, longitude, changeset_id, visible, "timestamp", tile, version) VALUES (4828, 388875610, -770360529, 3, true, (now() at time zone 'utc'), 1704401620, 1);
INSERT INTO current_nodes (id, latitude, longitude, changeset_id, visible, "timestamp", tile, version) VALUES (4828, 388875610, -770360529, 3, true, (now() at time zone 'utc'), 1704401620, 1);
INSERT INTO current_node_tags (node_id, k, v) VALUES (4828, 'hoot:id', '4828');
INSERT INTO node_tags (node_id, k, v, version) VALUES (4828, 'hoot:id', '4828', 1);
INSERT INTO current_node_tags (node_id, k, v) VALUES (4828, 'hoot:status', '2');
INSERT INTO node_tags (node_id, k, v, version) VALUES (4828, 'hoot:status', '2', 1);
/* create node 4829*/
INSERT INTO nodes (node_id, latitude, longitude, changeset_id, visible, "timestamp", tile, version) VALUES (4829, 388875900, -770361909, 3, true, (now() at time zone 'utc'), 1704401620, 1);
INSERT INTO current_nodes (id, latitude, longitude, changeset_id, visible, "timestamp", tile, version) VALUES (4829, 388875900, -770361909, 3, true, (now() at time zone 'utc'), 1704401620, 1);
INSERT INTO current_node_tags (node_id, k, v) VALUES (4829, 'hoot:id', '4829');
INSERT INTO node_tags (node_id, k, v, version) VALUES (4829, 'hoot:id', '4829', 1);
INSERT INTO current_node_tags (node_id, k, v) VALUES (4829, 'hoot:status', '2');
INSERT INTO node_tags (node_id, k, v, version) VALUES (4829, 'hoot:status', '2', 1);
/* create node 4830*/
INSERT INTO nodes (node_id, latitude, longitude, changeset_id, visible, "timestamp", tile, version) VALUES (4830, 388876310, -770363269, 3, true, (now() at time zone 'utc'), 1704401620, 1);
INSERT INTO current_nodes (id, latitude, longitude, changeset_id, visible, "timestamp", tile, version) VALUES (4830, 388876310, -770363269, 3, true, (now() at time zone 'utc'), 1704401620, 1);
INSERT INTO current_node_tags (node_id, k, v) VALUES (4830, 'hoot:id', '4830');
INSERT INTO node_tags (node_id, k, v, version) VALUES (4830, 'hoot:id', '4830', 1);
INSERT INTO current_node_tags (node_id, k, v) VALUES (4830, 'hoot:status', '2');
INSERT INTO node_tags (node_id, k, v, version) VALUES (4830, 'hoot:status', '2', 1);
/* create node 4831*/
INSERT INTO nodes (node_id, latitude, longitude, changeset_id, visible, "timestamp", tile, version) VALUES (4831, 388876780, -770364739, 3, true, (now() at time zone 'utc'), 1704401620, 1);
INSERT INTO current_nodes (id, latitude, longitude, changeset_id, visible, "timestamp", tile, version) VALUES (4831, 388876780, -770364739, 3, true, (now() at time zone 'utc'), 1704401620, 1);
INSERT INTO current_node_tags (node_id, k, v) VALUES (4831, 'hoot:id', '4831');
INSERT INTO node_tags (node_id, k, v, version) VALUES (4831, 'hoot:id', '4831', 1);
INSERT INTO current_node_tags (node_id, k, v) VALUES (4831, 'hoot:status', '2');
INSERT INTO node_tags (node_id, k, v, version) VALUES (4831, 'hoot:status', '2', 1);
/* create node 4832*/
INSERT INTO nodes (node_id, latitude, longitude, changeset_id, visible, "timestamp", tile, version) VALUES (4832, 388877030, -770365629, 3, true, (now() at time zone 'utc'), 1704401620, 1);
INSERT INTO current_nodes (id, latitude, longitude, changeset_id, visible, "timestamp", tile, version) VALUES (4832, 388877030, -770365629, 3, true, (now() at time zone 'utc'), 1704401620, 1);
INSERT INTO current_node_tags (node_id, k, v) VALUES (4832, 'hoot:id', '4832');
INSERT INTO node_tags (node_id, k, v, version) VALUES (4832, 'hoot:id', '4832', 1);
INSERT INTO current_node_tags (node_id, k, v) VALUES (4832, 'hoot:status', '2');
INSERT INTO node_tags (node_id, k, v, version) VALUES (4832, 'hoot:status', '2', 1);
/* create node 4833*/
INSERT INTO nodes (node_id, latitude, longitude, changeset_id, visible, "timestamp", tile, version) VALUES (4833, 388877210, -770366469, 3, true, (now() at time zone 'utc'), 1704401620, 1);
INSERT INTO current_nodes (id, latitude, longitude, changeset_id, visible, "timestamp", tile, version) VALUES (4833, 388877210, -770366469, 3, true, (now() at time zone 'utc'), 1704401620, 1);
INSERT INTO current_node_tags (node_id, k, v) VALUES (4833, 'hoot:id', '4833');
INSERT INTO node_tags (node_id, k, v, version) VALUES (4833, 'hoot:id', '4833', 1);
INSERT INTO current_node_tags (node_id, k, v) VALUES (4833, 'hoot:status', '2');
INSERT INTO node_tags (node_id, k, v, version) VALUES (4833, 'hoot:status', '2', 1);
/* create node 4834*/
INSERT INTO nodes (node_id, latitude, longitude, changeset_id, visible, "timestamp", tile, version) VALUES (4834, 388877290, -770366989, 3, true, (now() at time zone 'utc'), 1704401620, 1);
INSERT INTO current_nodes (id, latitude, longitude, changeset_id, visible, "timestamp", tile, version) VALUES (4834, 388877290, -770366989, 3, true, (now() at time zone 'utc'), 1704401620, 1);
INSERT INTO current_node_tags (node_id, k, v) VALUES (4834, 'hoot:id', '4834');
INSERT INTO node_tags (node_id, k, v, version) VALUES (4834, 'hoot:id', '4834', 1);
INSERT INTO current_node_tags (node_id, k, v) VALUES (4834, 'hoot:status', '2');
INSERT INTO node_tags (node_id, k, v, version) VALUES (4834, 'hoot:status', '2', 1);
/* create node 4835*/
INSERT INTO nodes (node_id, latitude, longitude, changeset_id, visible, "timestamp", tile, version) VALUES (4835, 388877360, -770367519, 3, true, (now() at time zone 'utc'), 1704401620, 1);
INSERT INTO current_nodes (id, latitude, longitude, changeset_id, visible, "timestamp", tile, version) VALUES (4835, 388877360, -770367519, 3, true, (now() at time zone 'utc'), 1704401620, 1);
INSERT INTO current_node_tags (node_id, k, v) VALUES (4835, 'hoot:id', '4835');
INSERT INTO node_tags (node_id, k, v, version) VALUES (4835, 'hoot:id', '4835', 1);
INSERT INTO current_node_tags (node_id, k, v) VALUES (4835, 'hoot:status', '2');
INSERT INTO node_tags (node_id, k, v, version) VALUES (4835, 'hoot:status', '2', 1);
/* create node 4836*/
INSERT INTO nodes (node_id, latitude, longitude, changeset_id, visible, "timestamp", tile, version) VALUES (4836, 388877440, -770368539, 3, true, (now() at time zone 'utc'), 1704401620, 1);
INSERT INTO current_nodes (id, latitude, longitude, changeset_id, visible, "timestamp", tile, version) VALUES (4836, 388877440, -770368539, 3, true, (now() at time zone 'utc'), 1704401620, 1);
INSERT INTO current_node_tags (node_id, k, v) VALUES (4836, 'hoot:id', '4836');
INSERT INTO node_tags (node_id, k, v, version) VALUES (4836, 'hoot:id', '4836', 1);
INSERT INTO current_node_tags (node_id, k, v) VALUES (4836, 'hoot:status', '2');
INSERT INTO node_tags (node_id, k, v, version) VALUES (4836, 'hoot:status', '2', 1);
/* create node 4837*/
INSERT INTO nodes (node_id, latitude, longitude, changeset_id, visible, "timestamp", tile, version) VALUES (4837, 388877450, -770369039, 3, true, (now() at time zone 'utc'), 1704401620, 1);
INSERT INTO current_nodes (id, latitude, longitude, changeset_id, visible, "timestamp", tile, version) VALUES (4837, 388877450, -770369039, 3, true, (now() at time zone 'utc'), 1704401620, 1);
INSERT INTO current_node_tags (node_id, k, v) VALUES (4837, 'hoot:id', '4837');
INSERT INTO node_tags (node_id, k, v, version) VALUES (4837, 'hoot:id', '4837', 1);
INSERT INTO current_node_tags (node_id, k, v) VALUES (4837, 'hoot:status', '2');
INSERT INTO node_tags (node_id, k, v, version) VALUES (4837, 'hoot:status', '2', 1);
/* create node 4838*/
INSERT INTO nodes (node_id, latitude, longitude, changeset_id, visible, "timestamp", tile, version) VALUES (4838, 388877430, -770369879, 3, true, (now() at time zone 'utc'), 1704401620, 1);
INSERT INTO current_nodes (id, latitude, longitude, changeset_id, visible, "timestamp", tile, version) VALUES (4838, 388877430, -770369879, 3, true, (now() at time zone 'utc'), 1704401620, 1);
INSERT INTO current_node_tags (node_id, k, v) VALUES (4838, 'hoot:id', '4838');
INSERT INTO node_tags (node_id, k, v, version) VALUES (4838, 'hoot:id', '4838', 1);
INSERT INTO current_node_tags (node_id, k, v) VALUES (4838, 'hoot:status', '2');
INSERT INTO node_tags (node_id, k, v, version) VALUES (4838, 'hoot:status', '2', 1);
/* create node 4839*/
INSERT INTO nodes (node_id, latitude, longitude, changeset_id, visible, "timestamp", tile, version) VALUES (4839, 388877360, -770371389, 3, true, (now() at time zone 'utc'), 1704401620, 1);
INSERT INTO current_nodes (id, latitude, longitude, changeset_id, visible, "timestamp", tile, version) VALUES (4839, 388877360, -770371389, 3, true, (now() at time zone 'utc'), 1704401620, 1);
INSERT INTO current_node_tags (node_id, k, v) VALUES (4839, 'hoot:id', '4839');
INSERT INTO node_tags (node_id, k, v, version) VALUES (4839, 'hoot:id', '4839', 1);
INSERT INTO current_node_tags (node_id, k, v) VALUES (4839, 'hoot:status', '2');
INSERT INTO node_tags (node_id, k, v, version) VALUES (4839, 'hoot:status', '2', 1);
/* create node 4840*/
INSERT INTO nodes (node_id, latitude, longitude, changeset_id, visible, "timestamp", tile, version) VALUES (4840, 388877160, -770373759, 3, true, (now() at time zone 'utc'), 1704401534, 1);
INSERT INTO current_nodes (id, latitude, longitude, changeset_id, visible, "timestamp", tile, version) VALUES (4840, 388877160, -770373759, 3, true, (now() at time zone 'utc'), 1704401534, 1);
INSERT INTO current_node_tags (node_id, k, v) VALUES (4840, 'hoot:id', '4840');
INSERT INTO node_tags (node_id, k, v, version) VALUES (4840, 'hoot:id', '4840', 1);
INSERT INTO current_node_tags (node_id, k, v) VALUES (4840, 'hoot:status', '2');
INSERT INTO node_tags (node_id, k, v, version) VALUES (4840, 'hoot:status', '2', 1);
/* create node 4841*/
INSERT INTO nodes (node_id, latitude, longitude, changeset_id, visible, "timestamp", tile, version) VALUES (4841, 388877100, -770375529, 3, true, (now() at time zone 'utc'), 1704401534, 1);
INSERT INTO current_nodes (id, latitude, longitude, changeset_id, visible, "timestamp", tile, version) VALUES (4841, 388877100, -770375529, 3, true, (now() at time zone 'utc'), 1704401534, 1);
INSERT INTO current_node_tags (node_id, k, v) VALUES (4841, 'hoot:id', '4841');
INSERT INTO node_tags (node_id, k, v, version) VALUES (4841, 'hoot:id', '4841', 1);
INSERT INTO current_node_tags (node_id, k, v) VALUES (4841, 'hoot:status', '2');
INSERT INTO node_tags (node_id, k, v, version) VALUES (4841, 'hoot:status', '2', 1);
/* create node 4842*/
INSERT INTO nodes (node_id, latitude, longitude, changeset_id, visible, "timestamp", tile, version) VALUES (4842, 388877260, -770378329, 3, true, (now() at time zone 'utc'), 1704401534, 1);
INSERT INTO current_nodes (id, latitude, longitude, changeset_id, visible, "timestamp", tile, version) VALUES (4842, 388877260, -770378329, 3, true, (now() at time zone 'utc'), 1704401534, 1);
INSERT INTO current_node_tags (node_id, k, v) VALUES (4842, 'hoot:id', '4842');
INSERT INTO node_tags (node_id, k, v, version) VALUES (4842, 'hoot:id', '4842', 1);
INSERT INTO current_node_tags (node_id, k, v) VALUES (4842, 'hoot:status', '2');
INSERT INTO node_tags (node_id, k, v, version) VALUES (4842, 'hoot:status', '2', 1);
/* create node 4843*/
INSERT INTO nodes (node_id, latitude, longitude, changeset_id, visible, "timestamp", tile, version) VALUES (4843, 388877980, -770380739, 3, true, (now() at time zone 'utc'), 1704401534, 1);
INSERT INTO current_nodes (id, latitude, longitude, changeset_id, visible, "timestamp", tile, version) VALUES (4843, 388877980, -770380739, 3, true, (now() at time zone 'utc'), 1704401534, 1);
INSERT INTO current_node_tags (node_id, k, v) VALUES (4843, 'hoot:id', '4843');
INSERT INTO node_tags (node_id, k, v, version) VALUES (4843, 'hoot:id', '4843', 1);
INSERT INTO current_node_tags (node_id, k, v) VALUES (4843, 'hoot:status', '2');
INSERT INTO node_tags (node_id, k, v, version) VALUES (4843, 'hoot:status', '2', 1);
/* create node 4844*/
INSERT INTO nodes (node_id, latitude, longitude, changeset_id, visible, "timestamp", tile, version) VALUES (4844, 388879670, -770388069, 3, true, (now() at time zone 'utc'), 1704401534, 1);
INSERT INTO current_nodes (id, latitude, longitude, changeset_id, visible, "timestamp", tile, version) VALUES (4844, 388879670, -770388069, 3, true, (now() at time zone 'utc'), 1704401534, 1);
INSERT INTO current_node_tags (node_id, k, v) VALUES (4844, 'hoot:id', '4844');
INSERT INTO node_tags (node_id, k, v, version) VALUES (4844, 'hoot:id', '4844', 1);
INSERT INTO current_node_tags (node_id, k, v) VALUES (4844, 'hoot:status', '2');
INSERT INTO node_tags (node_id, k, v, version) VALUES (4844, 'hoot:status', '2', 1);
/* create node 4845*/
INSERT INTO nodes (node_id, latitude, longitude, changeset_id, visible, "timestamp", tile, version) VALUES (4845, 388879720, -770388439, 3, true, (now() at time zone 'utc'), 1704401534, 1);
INSERT INTO current_nodes (id, latitude, longitude, changeset_id, visible, "timestamp", tile, version) VALUES (4845, 388879720, -770388439, 3, true, (now() at time zone 'utc'), 1704401534, 1);
INSERT INTO current_node_tags (node_id, k, v) VALUES (4845, 'hoot:id', '4845');
INSERT INTO node_tags (node_id, k, v, version) VALUES (4845, 'hoot:id', '4845', 1);
INSERT INTO current_node_tags (node_id, k, v) VALUES (4845, 'hoot:status', '2');
INSERT INTO node_tags (node_id, k, v, version) VALUES (4845, 'hoot:status', '2', 1);
/* create node 4846*/
INSERT INTO nodes (node_id, latitude, longitude, changeset_id, visible, "timestamp", tile, version) VALUES (4846, 388879820, -770389249, 3, true, (now() at time zone 'utc'), 1704401534, 1);
INSERT INTO current_nodes (id, latitude, longitude, changeset_id, visible, "timestamp", tile, version) VALUES (4846, 388879820, -770389249, 3, true, (now() at time zone 'utc'), 1704401534, 1);
INSERT INTO current_node_tags (node_id, k, v) VALUES (4846, 'hoot:id', '4846');
INSERT INTO node_tags (node_id, k, v, version) VALUES (4846, 'hoot:id', '4846', 1);
INSERT INTO current_node_tags (node_id, k, v) VALUES (4846, 'hoot:status', '2');
INSERT INTO node_tags (node_id, k, v, version) VALUES (4846, 'hoot:status', '2', 1);
/* create node 4847*/
INSERT INTO nodes (node_id, latitude, longitude, changeset_id, visible, "timestamp", tile, version) VALUES (4847, 388879900, -770390249, 3, true, (now() at time zone 'utc'), 1704401534, 1);
INSERT INTO current_nodes (id, latitude, longitude, changeset_id, visible, "timestamp", tile, version) VALUES (4847, 388879900, -770390249, 3, true, (now() at time zone 'utc'), 1704401534, 1);
INSERT INTO current_node_tags (node_id, k, v) VALUES (4847, 'hoot:id', '4847');
INSERT INTO node_tags (node_id, k, v, version) VALUES (4847, 'hoot:id', '4847', 1);
INSERT INTO current_node_tags (node_id, k, v) VALUES (4847, 'hoot:status', '2');
INSERT INTO node_tags (node_id, k, v, version) VALUES (4847, 'hoot:status', '2', 1);
/* create node 4848*/
INSERT INTO nodes (node_id, latitude, longitude, changeset_id, visible, "timestamp", tile, version) VALUES (4848, 388880100, -770394939, 3, true, (now() at time zone 'utc'), 1704401534, 1);
INSERT INTO current_nodes (id, latitude, longitude, changeset_id, visible, "timestamp", tile, version) VALUES (4848, 388880100, -770394939, 3, true, (now() at time zone 'utc'), 1704401534, 1);
INSERT INTO current_node_tags (node_id, k, v) VALUES (4848, 'hoot:id', '4848');
INSERT INTO node_tags (node_id, k, v, version) VALUES (4848, 'hoot:id', '4848', 1);
INSERT INTO current_node_tags (node_id, k, v) VALUES (4848, 'hoot:status', '2');
INSERT INTO node_tags (node_id, k, v, version) VALUES (4848, 'hoot:status', '2', 1);
/* create node 4849*/
INSERT INTO nodes (node_id, latitude, longitude, changeset_id, visible, "timestamp", tile, version) VALUES (4849, 388880090, -770395919, 3, true, (now() at time zone 'utc'), 1704401534, 1);
INSERT INTO current_nodes (id, latitude, longitude, changeset_id, visible, "timestamp", tile, version) VALUES (4849, 388880090, -770395919, 3, true, (now() at time zone 'utc'), 1704401534, 1);
INSERT INTO current_node_tags (node_id, k, v) VALUES (4849, 'hoot:id', '4849');
INSERT INTO node_tags (node_id, k, v, version) VALUES (4849, 'hoot:id', '4849', 1);
INSERT INTO current_node_tags (node_id, k, v) VALUES (4849, 'hoot:status', '2');
INSERT INTO node_tags (node_id, k, v, version) VALUES (4849, 'hoot:status', '2', 1);
/* create node 4850*/
INSERT INTO nodes (node_id, latitude, longitude, changeset_id, visible, "timestamp", tile, version) VALUES (4850, 388880050, -770396979, 3, true, (now() at time zone 'utc'), 1704401534, 1);
INSERT INTO current_nodes (id, latitude, longitude, changeset_id, visible, "timestamp", tile, version) VALUES (4850, 388880050, -770396979, 3, true, (now() at time zone 'utc'), 1704401534, 1);
INSERT INTO current_node_tags (node_id, k, v) VALUES (4850, 'hoot:id', '4850');
INSERT INTO node_tags (node_id, k, v, version) VALUES (4850, 'hoot:id', '4850', 1);
INSERT INTO current_node_tags (node_id, k, v) VALUES (4850, 'hoot:status', '2');
INSERT INTO node_tags (node_id, k, v, version) VALUES (4850, 'hoot:status', '2', 1);
/* create node 4851*/
INSERT INTO nodes (node_id, latitude, longitude, changeset_id, visible, "timestamp", tile, version) VALUES (4851, 388879950, -770398609, 3, true, (now() at time zone 'utc'), 1704401534, 1);
INSERT INTO current_nodes (id, latitude, longitude, changeset_id, visible, "timestamp", tile, version) VALUES (4851, 388879950, -770398609, 3, true, (now() at time zone 'utc'), 1704401534, 1);
INSERT INTO current_node_tags (node_id, k, v) VALUES (4851, 'hoot:id', '4851');
INSERT INTO node_tags (node_id, k, v, version) VALUES (4851, 'hoot:id', '4851', 1);
INSERT INTO current_node_tags (node_id, k, v) VALUES (4851, 'hoot:status', '2');
INSERT INTO node_tags (node_id, k, v, version) VALUES (4851, 'hoot:status', '2', 1);
/* create node 4852*/
INSERT INTO nodes (node_id, latitude, longitude, changeset_id, visible, "timestamp", tile, version) VALUES (4852, 388879900, -770399199, 3, true, (now() at time zone 'utc'), 1704401534, 1);
INSERT INTO current_nodes (id, latitude, longitude, changeset_id, visible, "timestamp", tile, version) VALUES (4852, 388879900, -770399199, 3, true, (now() at time zone 'utc'), 1704401534, 1);
INSERT INTO current_node_tags (node_id, k, v) VALUES (4852, 'hoot:id', '4852');
INSERT INTO node_tags (node_id, k, v, version) VALUES (4852, 'hoot:id', '4852', 1);
INSERT INTO current_node_tags (node_id, k, v) VALUES (4852, 'hoot:status', '2');
INSERT INTO node_tags (node_id, k, v, version) VALUES (4852, 'hoot:status', '2', 1);
/* create node 4853*/
INSERT INTO nodes (node_id, latitude, longitude, changeset_id, visible, "timestamp", tile, version) VALUES (4853, 388879840, -770399779, 3, true, (now() at time zone 'utc'), 1704401534, 1);
INSERT INTO current_nodes (id, latitude, longitude, changeset_id, visible, "timestamp", tile, version) VALUES (4853, 388879840, -770399779, 3, true, (now() at time zone 'utc'), 1704401534, 1);
INSERT INTO current_node_tags (node_id, k, v) VALUES (4853, 'hoot:id', '4853');
INSERT INTO node_tags (node_id, k, v, version) VALUES (4853, 'hoot:id', '4853', 1);
INSERT INTO current_node_tags (node_id, k, v) VALUES (4853, 'hoot:status', '2');
INSERT INTO node_tags (node_id, k, v, version) VALUES (4853, 'hoot:status', '2', 1);
/* create node 4854*/
INSERT INTO nodes (node_id, latitude, longitude, changeset_id, visible, "timestamp", tile, version) VALUES (4854, 388879720, -770400649, 3, true, (now() at time zone 'utc'), 1704401534, 1);
INSERT INTO current_nodes (id, latitude, longitude, changeset_id, visible, "timestamp", tile, version) VALUES (4854, 388879720, -770400649, 3, true, (now() at time zone 'utc'), 1704401534, 1);
INSERT INTO current_node_tags (node_id, k, v) VALUES (4854, 'hoot:id', '4854');
INSERT INTO node_tags (node_id, k, v, version) VALUES (4854, 'hoot:id', '4854', 1);
INSERT INTO current_node_tags (node_id, k, v) VALUES (4854, 'hoot:status', '2');
INSERT INTO node_tags (node_id, k, v, version) VALUES (4854, 'hoot:status', '2', 1);
/* create node 4855*/
INSERT INTO nodes (node_id, latitude, longitude, changeset_id, visible, "timestamp", tile, version) VALUES (4855, 388879500, -770401959, 3, true, (now() at time zone 'utc'), 1704401534, 1);
INSERT INTO current_nodes (id, latitude, longitude, changeset_id, visible, "timestamp", tile, version) VALUES (4855, 388879500, -770401959, 3, true, (now() at time zone 'utc'), 1704401534, 1);
INSERT INTO current_node_tags (node_id, k, v) VALUES (4855, 'hoot:id', '4855');
INSERT INTO node_tags (node_id, k, v, version) VALUES (4855, 'hoot:id', '4855', 1);
INSERT INTO current_node_tags (node_id, k, v) VALUES (4855, 'hoot:status', '2');
INSERT INTO node_tags (node_id, k, v, version) VALUES (4855, 'hoot:status', '2', 1);
/* create node 4856*/
INSERT INTO nodes (node_id, latitude, longitude, changeset_id, visible, "timestamp", tile, version) VALUES (4856, 388879170, -770403529, 3, true, (now() at time zone 'utc'), 1704401534, 1);
INSERT INTO current_nodes (id, latitude, longitude, changeset_id, visible, "timestamp", tile, version) VALUES (4856, 388879170, -770403529, 3, true, (now() at time zone 'utc'), 1704401534, 1);
INSERT INTO current_node_tags (node_id, k, v) VALUES (4856, 'hoot:id', '4856');
INSERT INTO node_tags (node_id, k, v, version) VALUES (4856, 'hoot:id', '4856', 1);
INSERT INTO current_node_tags (node_id, k, v) VALUES (4856, 'hoot:status', '2');
INSERT INTO node_tags (node_id, k, v, version) VALUES (4856, 'hoot:status', '2', 1);
/* create node 4857*/
INSERT INTO nodes (node_id, latitude, longitude, changeset_id, visible, "timestamp", tile, version) VALUES (4857, 388878950, -770404439, 3, true, (now() at time zone 'utc'), 1704401534, 1);
INSERT INTO current_nodes (id, latitude, longitude, changeset_id, visible, "timestamp", tile, version) VALUES (4857, 388878950, -770404439, 3, true, (now() at time zone 'utc'), 1704401534, 1);
INSERT INTO current_node_tags (node_id, k, v) VALUES (4857, 'hoot:id', '4857');
INSERT INTO node_tags (node_id, k, v, version) VALUES (4857, 'hoot:id', '4857', 1);
INSERT INTO current_node_tags (node_id, k, v) VALUES (4857, 'hoot:status', '2');
INSERT INTO node_tags (node_id, k, v, version) VALUES (4857, 'hoot:status', '2', 1);
/* create node 4858*/
INSERT INTO nodes (node_id, latitude, longitude, changeset_id, visible, "timestamp", tile, version) VALUES (4858, 388878760, -770405139, 3, true, (now() at time zone 'utc'), 1704401534, 1);
INSERT INTO current_nodes (id, latitude, longitude, changeset_id, visible, "timestamp", tile, version) VALUES (4858, 388878760, -770405139, 3, true, (now() at time zone 'utc'), 1704401534, 1);
INSERT INTO current_node_tags (node_id, k, v) VALUES (4858, 'hoot:id', '4858');
INSERT INTO node_tags (node_id, k, v, version) VALUES (4858, 'hoot:id', '4858', 1);
INSERT INTO current_node_tags (node_id, k, v) VALUES (4858, 'hoot:status', '2');
INSERT INTO node_tags (node_id, k, v, version) VALUES (4858, 'hoot:status', '2', 1);
/* create node 4859*/
INSERT INTO nodes (node_id, latitude, longitude, changeset_id, visible, "timestamp", tile, version) VALUES (4859, 388878430, -770406169, 3, true, (now() at time zone 'utc'), 1704401534, 1);
INSERT INTO current_nodes (id, latitude, longitude, changeset_id, visible, "timestamp", tile, version) VALUES (4859, 388878430, -770406169, 3, true, (now() at time zone 'utc'), 1704401534, 1);
INSERT INTO current_node_tags (node_id, k, v) VALUES (4859, 'hoot:id', '4859');
INSERT INTO node_tags (node_id, k, v, version) VALUES (4859, 'hoot:id', '4859', 1);
INSERT INTO current_node_tags (node_id, k, v) VALUES (4859, 'hoot:status', '2');
INSERT INTO node_tags (node_id, k, v, version) VALUES (4859, 'hoot:status', '2', 1);
/* create node 4860*/
INSERT INTO nodes (node_id, latitude, longitude, changeset_id, visible, "timestamp", tile, version) VALUES (4860, 388877970, -770407399, 3, true, (now() at time zone 'utc'), 1704401534, 1);
INSERT INTO current_nodes (id, latitude, longitude, changeset_id, visible, "timestamp", tile, version) VALUES (4860, 388877970, -770407399, 3, true, (now() at time zone 'utc'), 1704401534, 1);
INSERT INTO current_node_tags (node_id, k, v) VALUES (4860, 'hoot:id', '4860');
INSERT INTO node_tags (node_id, k, v, version) VALUES (4860, 'hoot:id', '4860', 1);
INSERT INTO current_node_tags (node_id, k, v) VALUES (4860, 'hoot:status', '2');
INSERT INTO node_tags (node_id, k, v, version) VALUES (4860, 'hoot:status', '2', 1);
/* create node 4861*/
INSERT INTO nodes (node_id, latitude, longitude, changeset_id, visible, "timestamp", tile, version) VALUES (4861, 388877490, -770408609, 3, true, (now() at time zone 'utc'), 1704401534, 1);
INSERT INTO current_nodes (id, latitude, longitude, changeset_id, visible, "timestamp", tile, version) VALUES (4861, 388877490, -770408609, 3, true, (now() at time zone 'utc'), 1704401534, 1);
INSERT INTO current_node_tags (node_id, k, v) VALUES (4861, 'hoot:id', '4861');
INSERT INTO node_tags (node_id, k, v, version) VALUES (4861, 'hoot:id', '4861', 1);
INSERT INTO current_node_tags (node_id, k, v) VALUES (4861, 'hoot:status', '2');
INSERT INTO node_tags (node_id, k, v, version) VALUES (4861, 'hoot:status', '2', 1);
/* create node 4862*/
INSERT INTO nodes (node_id, latitude, longitude, changeset_id, visible, "timestamp", tile, version) VALUES (4862, 388876980, -770409809, 3, true, (now() at time zone 'utc'), 1704401534, 1);
INSERT INTO current_nodes (id, latitude, longitude, changeset_id, visible, "timestamp", tile, version) VALUES (4862, 388876980, -770409809, 3, true, (now() at time zone 'utc'), 1704401534, 1);
INSERT INTO current_node_tags (node_id, k, v) VALUES (4862, 'hoot:id', '4862');
INSERT INTO node_tags (node_id, k, v, version) VALUES (4862, 'hoot:id', '4862', 1);
INSERT INTO current_node_tags (node_id, k, v) VALUES (4862, 'hoot:status', '2');
INSERT INTO node_tags (node_id, k, v, version) VALUES (4862, 'hoot:status', '2', 1);
/* create node 4863*/
INSERT INTO nodes (node_id, latitude, longitude, changeset_id, visible, "timestamp", tile, version) VALUES (4863, 388876460, -770410989, 3, true, (now() at time zone 'utc'), 1704401534, 1);
INSERT INTO current_nodes (id, latitude, longitude, changeset_id, visible, "timestamp", tile, version) VALUES (4863, 388876460, -770410989, 3, true, (now() at time zone 'utc'), 1704401534, 1);
INSERT INTO current_node_tags (node_id, k, v) VALUES (4863, 'hoot:id', '4863');
INSERT INTO node_tags (node_id, k, v, version) VALUES (4863, 'hoot:id', '4863', 1);
INSERT INTO current_node_tags (node_id, k, v) VALUES (4863, 'hoot:status', '2');
INSERT INTO node_tags (node_id, k, v, version) VALUES (4863, 'hoot:status', '2', 1);
/* create node 4864*/
INSERT INTO nodes (node_id, latitude, longitude, changeset_id, visible, "timestamp", tile, version) VALUES (4864, 388875330, -770413379, 3, true, (now() at time zone 'utc'), 1704401534, 1);
INSERT INTO current_nodes (id, latitude, longitude, changeset_id, visible, "timestamp", tile, version) VALUES (4864, 388875330, -770413379, 3, true, (now() at time zone 'utc'), 1704401534, 1);
INSERT INTO current_node_tags (node_id, k, v) VALUES (4864, 'hoot:id', '4864');
INSERT INTO node_tags (node_id, k, v, version) VALUES (4864, 'hoot:id', '4864', 1);
INSERT INTO current_node_tags (node_id, k, v) VALUES (4864, 'hoot:status', '2');
INSERT INTO node_tags (node_id, k, v, version) VALUES (4864, 'hoot:status', '2', 1);
/* create node 4865*/
INSERT INTO nodes (node_id, latitude, longitude, changeset_id, visible, "timestamp", tile, version) VALUES (4865, 388874660, -770414809, 3, true, (now() at time zone 'utc'), 1704401534, 1);
INSERT INTO current_nodes (id, latitude, longitude, changeset_id, visible, "timestamp", tile, version) VALUES (4865, 388874660, -770414809, 3, true, (now() at time zone 'utc'), 1704401534, 1);
INSERT INTO current_node_tags (node_id, k, v) VALUES (4865, 'hoot:id', '4865');
INSERT INTO node_tags (node_id, k, v, version) VALUES (4865, 'hoot:id', '4865', 1);
INSERT INTO current_node_tags (node_id, k, v) VALUES (4865, 'hoot:status', '2');
INSERT INTO node_tags (node_id, k, v, version) VALUES (4865, 'hoot:status', '2', 1);
/* create node 4866*/
INSERT INTO nodes (node_id, latitude, longitude, changeset_id, visible, "timestamp", tile, version) VALUES (4866, 388873690, -770416849, 3, true, (now() at time zone 'utc'), 1704401534, 1);
INSERT INTO current_nodes (id, latitude, longitude, changeset_id, visible, "timestamp", tile, version) VALUES (4866, 388873690, -770416849, 3, true, (now() at time zone 'utc'), 1704401534, 1);
INSERT INTO current_node_tags (node_id, k, v) VALUES (4866, 'hoot:id', '4866');
INSERT INTO node_tags (node_id, k, v, version) VALUES (4866, 'hoot:id', '4866', 1);
INSERT INTO current_node_tags (node_id, k, v) VALUES (4866, 'hoot:status', '2');
INSERT INTO node_tags (node_id, k, v, version) VALUES (4866, 'hoot:status', '2', 1);
/* create node 4867*/
INSERT INTO nodes (node_id, latitude, longitude, changeset_id, visible, "timestamp", tile, version) VALUES (4867, 388873150, -770418099, 3, true, (now() at time zone 'utc'), 1704401534, 1);
INSERT INTO current_nodes (id, latitude, longitude, changeset_id, visible, "timestamp", tile, version) VALUES (4867, 388873150, -770418099, 3, true, (now() at time zone 'utc'), 1704401534, 1);
INSERT INTO current_node_tags (node_id, k, v) VALUES (4867, 'hoot:id', '4867');
INSERT INTO node_tags (node_id, k, v, version) VALUES (4867, 'hoot:id', '4867', 1);
INSERT INTO current_node_tags (node_id, k, v) VALUES (4867, 'hoot:status', '2');
INSERT INTO node_tags (node_id, k, v, version) VALUES (4867, 'hoot:status', '2', 1);
/* create node 4868*/
INSERT INTO nodes (node_id, latitude, longitude, changeset_id, visible, "timestamp", tile, version) VALUES (4868, 388872630, -770419369, 3, true, (now() at time zone 'utc'), 1704401534, 1);
INSERT INTO current_nodes (id, latitude, longitude, changeset_id, visible, "timestamp", tile, version) VALUES (4868, 388872630, -770419369, 3, true, (now() at time zone 'utc'), 1704401534, 1);
INSERT INTO current_node_tags (node_id, k, v) VALUES (4868, 'hoot:id', '4868');
INSERT INTO node_tags (node_id, k, v, version) VALUES (4868, 'hoot:id', '4868', 1);
INSERT INTO current_node_tags (node_id, k, v) VALUES (4868, 'hoot:status', '2');
INSERT INTO node_tags (node_id, k, v, version) VALUES (4868, 'hoot:status', '2', 1);
/* create node 4869*/
INSERT INTO nodes (node_id, latitude, longitude, changeset_id, visible, "timestamp", tile, version) VALUES (4869, 388872140, -770420699, 3, true, (now() at time zone 'utc'), 1704401534, 1);
INSERT INTO current_nodes (id, latitude, longitude, changeset_id, visible, "timestamp", tile, version) VALUES (4869, 388872140, -770420699, 3, true, (now() at time zone 'utc'), 1704401534, 1);
INSERT INTO current_node_tags (node_id, k, v) VALUES (4869, 'hoot:id', '4869');
INSERT INTO node_tags (node_id, k, v, version) VALUES (4869, 'hoot:id', '4869', 1);
INSERT INTO current_node_tags (node_id, k, v) VALUES (4869, 'hoot:status', '2');
INSERT INTO node_tags (node_id, k, v, version) VALUES (4869, 'hoot:status', '2', 1);
/* create node 4870*/
INSERT INTO nodes (node_id, latitude, longitude, changeset_id, visible, "timestamp", tile, version) VALUES (4870, 388871780, -770421749, 3, true, (now() at time zone 'utc'), 1704401534, 1);
INSERT INTO current_nodes (id, latitude, longitude, changeset_id, visible, "timestamp", tile, version) VALUES (4870, 388871780, -770421749, 3, true, (now() at time zone 'utc'), 1704401534, 1);
INSERT INTO current_node_tags (node_id, k, v) VALUES (4870, 'hoot:id', '4870');
INSERT INTO node_tags (node_id, k, v, version) VALUES (4870, 'hoot:id', '4870', 1);
INSERT INTO current_node_tags (node_id, k, v) VALUES (4870, 'hoot:status', '2');
INSERT INTO node_tags (node_id, k, v, version) VALUES (4870, 'hoot:status', '2', 1);
/* create node 4871*/
INSERT INTO nodes (node_id, latitude, longitude, changeset_id, visible, "timestamp", tile, version) VALUES (4871, 388871450, -770422799, 3, true, (now() at time zone 'utc'), 1704401534, 1);
INSERT INTO current_nodes (id, latitude, longitude, changeset_id, visible, "timestamp", tile, version) VALUES (4871, 388871450, -770422799, 3, true, (now() at time zone 'utc'), 1704401534, 1);
INSERT INTO current_node_tags (node_id, k, v) VALUES (4871, 'hoot:id', '4871');
INSERT INTO node_tags (node_id, k, v, version) VALUES (4871, 'hoot:id', '4871', 1);
INSERT INTO current_node_tags (node_id, k, v) VALUES (4871, 'hoot:status', '2');
INSERT INTO node_tags (node_id, k, v, version) VALUES (4871, 'hoot:status', '2', 1);
/* create node 4872*/
INSERT INTO nodes (node_id, latitude, longitude, changeset_id, visible, "timestamp", tile, version) VALUES (4872, 388871160, -770423869, 3, true, (now() at time zone 'utc'), 1704401534, 1);
INSERT INTO current_nodes (id, latitude, longitude, changeset_id, visible, "timestamp", tile, version) VALUES (4872, 388871160, -770423869, 3, true, (now() at time zone 'utc'), 1704401534, 1);
INSERT INTO current_node_tags (node_id, k, v) VALUES (4872, 'hoot:id', '4872');
INSERT INTO node_tags (node_id, k, v, version) VALUES (4872, 'hoot:id', '4872', 1);
INSERT INTO current_node_tags (node_id, k, v) VALUES (4872, 'hoot:status', '2');
INSERT INTO node_tags (node_id, k, v, version) VALUES (4872, 'hoot:status', '2', 1);
/* create node 4873*/
INSERT INTO nodes (node_id, latitude, longitude, changeset_id, visible, "timestamp", tile, version) VALUES (4873, 388870830, -770425299, 3, true, (now() at time zone 'utc'), 1704401534, 1);
INSERT INTO current_nodes (id, latitude, longitude, changeset_id, visible, "timestamp", tile, version) VALUES (4873, 388870830, -770425299, 3, true, (now() at time zone 'utc'), 1704401534, 1);
INSERT INTO current_node_tags (node_id, k, v) VALUES (4873, 'hoot:id', '4873');
INSERT INTO node_tags (node_id, k, v, version) VALUES (4873, 'hoot:id', '4873', 1);
INSERT INTO current_node_tags (node_id, k, v) VALUES (4873, 'hoot:status', '2');
INSERT INTO node_tags (node_id, k, v, version) VALUES (4873, 'hoot:status', '2', 1);
/* create node 4874*/
INSERT INTO nodes (node_id, latitude, longitude, changeset_id, visible, "timestamp", tile, version) VALUES (4874, 388870680, -770426019, 3, true, (now() at time zone 'utc'), 1704401534, 1);
INSERT INTO current_nodes (id, latitude, longitude, changeset_id, visible, "timestamp", tile, version) VALUES (4874, 388870680, -770426019, 3, true, (now() at time zone 'utc'), 1704401534, 1);
INSERT INTO current_node_tags (node_id, k, v) VALUES (4874, 'hoot:id', '4874');
INSERT INTO node_tags (node_id, k, v, version) VALUES (4874, 'hoot:id', '4874', 1);
INSERT INTO current_node_tags (node_id, k, v) VALUES (4874, 'hoot:status', '2');
INSERT INTO node_tags (node_id, k, v, version) VALUES (4874, 'hoot:status', '2', 1);
/* create node 4875*/
INSERT INTO nodes (node_id, latitude, longitude, changeset_id, visible, "timestamp", tile, version) VALUES (4875, 388870490, -770427109, 3, true, (now() at time zone 'utc'), 1704401534, 1);
INSERT INTO current_nodes (id, latitude, longitude, changeset_id, visible, "timestamp", tile, version) VALUES (4875, 388870490, -770427109, 3, true, (now() at time zone 'utc'), 1704401534, 1);
INSERT INTO current_node_tags (node_id, k, v) VALUES (4875, 'hoot:id', '4875');
INSERT INTO node_tags (node_id, k, v, version) VALUES (4875, 'hoot:id', '4875', 1);
INSERT INTO current_node_tags (node_id, k, v) VALUES (4875, 'hoot:status', '2');
INSERT INTO node_tags (node_id, k, v, version) VALUES (4875, 'hoot:status', '2', 1);
/* create node 4876*/
INSERT INTO nodes (node_id, latitude, longitude, changeset_id, visible, "timestamp", tile, version) VALUES (4876, 388870400, -770427559, 3, true, (now() at time zone 'utc'), 1704401534, 1);
INSERT INTO current_nodes (id, latitude, longitude, changeset_id, visible, "timestamp", tile, version) VALUES (4876, 388870400, -770427559, 3, true, (now() at time zone 'utc'), 1704401534, 1);
INSERT INTO current_node_tags (node_id, k, v) VALUES (4876, 'hoot:id', '4876');
INSERT INTO node_tags (node_id, k, v, version) VALUES (4876, 'hoot:id', '4876', 1);
INSERT INTO current_node_tags (node_id, k, v) VALUES (4876, 'hoot:status', '2');
INSERT INTO node_tags (node_id, k, v, version) VALUES (4876, 'hoot:status', '2', 1);
/* create node 4877*/
INSERT INTO nodes (node_id, latitude, longitude, changeset_id, visible, "timestamp", tile, version) VALUES (4877, 388870190, -770428929, 3, true, (now() at time zone 'utc'), 1704401532, 1);
INSERT INTO current_nodes (id, latitude, longitude, changeset_id, visible, "timestamp", tile, version) VALUES (4877, 388870190, -770428929, 3, true, (now() at time zone 'utc'), 1704401532, 1);
INSERT INTO current_node_tags (node_id, k, v) VALUES (4877, 'hoot:id', '4877');
INSERT INTO node_tags (node_id, k, v, version) VALUES (4877, 'hoot:id', '4877', 1);
INSERT INTO current_node_tags (node_id, k, v) VALUES (4877, 'hoot:status', '2');
INSERT INTO node_tags (node_id, k, v, version) VALUES (4877, 'hoot:status', '2', 1);
/* create node 4878*/
INSERT INTO nodes (node_id, latitude, longitude, changeset_id, visible, "timestamp", tile, version) VALUES (4878, 388870030, -770430319, 3, true, (now() at time zone 'utc'), 1704401532, 1);
INSERT INTO current_nodes (id, latitude, longitude, changeset_id, visible, "timestamp", tile, version) VALUES (4878, 388870030, -770430319, 3, true, (now() at time zone 'utc'), 1704401532, 1);
INSERT INTO current_node_tags (node_id, k, v) VALUES (4878, 'hoot:id', '4878');
INSERT INTO node_tags (node_id, k, v, version) VALUES (4878, 'hoot:id', '4878', 1);
INSERT INTO current_node_tags (node_id, k, v) VALUES (4878, 'hoot:status', '2');
INSERT INTO node_tags (node_id, k, v, version) VALUES (4878, 'hoot:status', '2', 1);
/* create node 4879*/
INSERT INTO nodes (node_id, latitude, longitude, changeset_id, visible, "timestamp", tile, version) VALUES (4879, 388869950, -770431239, 3, true, (now() at time zone 'utc'), 1704401532, 1);
INSERT INTO current_nodes (id, latitude, longitude, changeset_id, visible, "timestamp", tile, version) VALUES (4879, 388869950, -770431239, 3, true, (now() at time zone 'utc'), 1704401532, 1);
INSERT INTO current_node_tags (node_id, k, v) VALUES (4879, 'hoot:id', '4879');
INSERT INTO node_tags (node_id, k, v, version) VALUES (4879, 'hoot:id', '4879', 1);
INSERT INTO current_node_tags (node_id, k, v) VALUES (4879, 'hoot:status', '2');
INSERT INTO node_tags (node_id, k, v, version) VALUES (4879, 'hoot:status', '2', 1);
/* create node 4880*/
INSERT INTO nodes (node_id, latitude, longitude, changeset_id, visible, "timestamp", tile, version) VALUES (4880, 388869830, -770432879, 3, true, (now() at time zone 'utc'), 1704401532, 1);
INSERT INTO current_nodes (id, latitude, longitude, changeset_id, visible, "timestamp", tile, version) VALUES (4880, 388869830, -770432879, 3, true, (now() at time zone 'utc'), 1704401532, 1);
INSERT INTO current_node_tags (node_id, k, v) VALUES (4880, 'hoot:id', '4880');
INSERT INTO node_tags (node_id, k, v, version) VALUES (4880, 'hoot:id', '4880', 1);
INSERT INTO current_node_tags (node_id, k, v) VALUES (4880, 'hoot:status', '2');
INSERT INTO node_tags (node_id, k, v, version) VALUES (4880, 'hoot:status', '2', 1);
/* create node 4881*/
INSERT INTO nodes (node_id, latitude, longitude, changeset_id, visible, "timestamp", tile, version) VALUES (4881, 388869790, -770434059, 3, true, (now() at time zone 'utc'), 1704401532, 1);
INSERT INTO current_nodes (id, latitude, longitude, changeset_id, visible, "timestamp", tile, version) VALUES (4881, 388869790, -770434059, 3, true, (now() at time zone 'utc'), 1704401532, 1);
INSERT INTO current_node_tags (node_id, k, v) VALUES (4881, 'hoot:id', '4881');
INSERT INTO node_tags (node_id, k, v, version) VALUES (4881, 'hoot:id', '4881', 1);
INSERT INTO current_node_tags (node_id, k, v) VALUES (4881, 'hoot:status', '2');
INSERT INTO node_tags (node_id, k, v, version) VALUES (4881, 'hoot:status', '2', 1);
/* create node 4882*/
INSERT INTO nodes (node_id, latitude, longitude, changeset_id, visible, "timestamp", tile, version) VALUES (4882, 388869790, -770434459, 3, true, (now() at time zone 'utc'), 1704401532, 1);
INSERT INTO current_nodes (id, latitude, longitude, changeset_id, visible, "timestamp", tile, version) VALUES (4882, 388869790, -770434459, 3, true, (now() at time zone 'utc'), 1704401532, 1);
INSERT INTO current_node_tags (node_id, k, v) VALUES (4882, 'hoot:id', '4882');
INSERT INTO node_tags (node_id, k, v, version) VALUES (4882, 'hoot:id', '4882', 1);
INSERT INTO current_node_tags (node_id, k, v) VALUES (4882, 'hoot:status', '2');
INSERT INTO node_tags (node_id, k, v, version) VALUES (4882, 'hoot:status', '2', 1);
/* create node 4883*/
INSERT INTO nodes (node_id, latitude, longitude, changeset_id, visible, "timestamp", tile, version) VALUES (4883, 388869810, -770435249, 3, true, (now() at time zone 'utc'), 1704401532, 1);
INSERT INTO current_nodes (id, latitude, longitude, changeset_id, visible, "timestamp", tile, version) VALUES (4883, 388869810, -770435249, 3, true, (now() at time zone 'utc'), 1704401532, 1);
INSERT INTO current_node_tags (node_id, k, v) VALUES (4883, 'hoot:id', '4883');
INSERT INTO node_tags (node_id, k, v, version) VALUES (4883, 'hoot:id', '4883', 1);
INSERT INTO current_node_tags (node_id, k, v) VALUES (4883, 'hoot:status', '2');
INSERT INTO node_tags (node_id, k, v, version) VALUES (4883, 'hoot:status', '2', 1);
/* create node 4884*/
INSERT INTO nodes (node_id, latitude, longitude, changeset_id, visible, "timestamp", tile, version) VALUES (4884, 388869850, -770436099, 3, true, (now() at time zone 'utc'), 1704401532, 1);
INSERT INTO current_nodes (id, latitude, longitude, changeset_id, visible, "timestamp", tile, version) VALUES (4884, 388869850, -770436099, 3, true, (now() at time zone 'utc'), 1704401532, 1);
INSERT INTO current_node_tags (node_id, k, v) VALUES (4884, 'hoot:id', '4884');
INSERT INTO node_tags (node_id, k, v, version) VALUES (4884, 'hoot:id', '4884', 1);
INSERT INTO current_node_tags (node_id, k, v) VALUES (4884, 'hoot:status', '2');
INSERT INTO node_tags (node_id, k, v, version) VALUES (4884, 'hoot:status', '2', 1);
/* create node 4885*/
INSERT INTO nodes (node_id, latitude, longitude, changeset_id, visible, "timestamp", tile, version) VALUES (4885, 388869860, -770436569, 3, true, (now() at time zone 'utc'), 1704401532, 1);
INSERT INTO current_nodes (id, latitude, longitude, changeset_id, visible, "timestamp", tile, version) VALUES (4885, 388869860, -770436569, 3, true, (now() at time zone 'utc'), 1704401532, 1);
INSERT INTO current_node_tags (node_id, k, v) VALUES (4885, 'hoot:id', '4885');
INSERT INTO node_tags (node_id, k, v, version) VALUES (4885, 'hoot:id', '4885', 1);
INSERT INTO current_node_tags (node_id, k, v) VALUES (4885, 'hoot:status', '2');
INSERT INTO node_tags (node_id, k, v, version) VALUES (4885, 'hoot:status', '2', 1);
/* create node 4886*/
INSERT INTO nodes (node_id, latitude, longitude, changeset_id, visible, "timestamp", tile, version) VALUES (4886, 388869880, -770437029, 3, true, (now() at time zone 'utc'), 1704401532, 1);
INSERT INTO current_nodes (id, latitude, longitude, changeset_id, visible, "timestamp", tile, version) VALUES (4886, 388869880, -770437029, 3, true, (now() at time zone 'utc'), 1704401532, 1);
INSERT INTO current_node_tags (node_id, k, v) VALUES (4886, 'hoot:id', '4886');
INSERT INTO node_tags (node_id, k, v, version) VALUES (4886, 'hoot:id', '4886', 1);
INSERT INTO current_node_tags (node_id, k, v) VALUES (4886, 'hoot:status', '2');
INSERT INTO node_tags (node_id, k, v, version) VALUES (4886, 'hoot:status', '2', 1);
/* create node 4887*/
INSERT INTO nodes (node_id, latitude, longitude, changeset_id, visible, "timestamp", tile, version) VALUES (4887, 388869890, -770437499, 3, true, (now() at time zone 'utc'), 1704401532, 1);
INSERT INTO current_nodes (id, latitude, longitude, changeset_id, visible, "timestamp", tile, version) VALUES (4887, 388869890, -770437499, 3, true, (now() at time zone 'utc'), 1704401532, 1);
INSERT INTO current_node_tags (node_id, k, v) VALUES (4887, 'hoot:id', '4887');
INSERT INTO node_tags (node_id, k, v, version) VALUES (4887, 'hoot:id', '4887', 1);
INSERT INTO current_node_tags (node_id, k, v) VALUES (4887, 'hoot:status', '2');
INSERT INTO node_tags (node_id, k, v, version) VALUES (4887, 'hoot:status', '2', 1);
/* create node 4888*/
INSERT INTO nodes (node_id, latitude, longitude, changeset_id, visible, "timestamp", tile, version) VALUES (4888, 388869960, -770439349, 3, true, (now() at time zone 'utc'), 1704401532, 1);
INSERT INTO current_nodes (id, latitude, longitude, changeset_id, visible, "timestamp", tile, version) VALUES (4888, 388869960, -770439349, 3, true, (now() at time zone 'utc'), 1704401532, 1);
INSERT INTO current_node_tags (node_id, k, v) VALUES (4888, 'hoot:id', '4888');
INSERT INTO node_tags (node_id, k, v, version) VALUES (4888, 'hoot:id', '4888', 1);
INSERT INTO current_node_tags (node_id, k, v) VALUES (4888, 'hoot:status', '2');
INSERT INTO node_tags (node_id, k, v, version) VALUES (4888, 'hoot:status', '2', 1);
/* create node 4889*/
INSERT INTO nodes (node_id, latitude, longitude, changeset_id, visible, "timestamp", tile, version) VALUES (4889, 388869970, -770439819, 3, true, (now() at time zone 'utc'), 1704401532, 1);
INSERT INTO current_nodes (id, latitude, longitude, changeset_id, visible, "timestamp", tile, version) VALUES (4889, 388869970, -770439819, 3, true, (now() at time zone 'utc'), 1704401532, 1);
INSERT INTO current_node_tags (node_id, k, v) VALUES (4889, 'hoot:id', '4889');
INSERT INTO node_tags (node_id, k, v, version) VALUES (4889, 'hoot:id', '4889', 1);
INSERT INTO current_node_tags (node_id, k, v) VALUES (4889, 'hoot:status', '2');
INSERT INTO node_tags (node_id, k, v, version) VALUES (4889, 'hoot:status', '2', 1);
/* create node 4890*/
INSERT INTO nodes (node_id, latitude, longitude, changeset_id, visible, "timestamp", tile, version) VALUES (4890, 388870010, -770440869, 3, true, (now() at time zone 'utc'), 1704401532, 1);
INSERT INTO current_nodes (id, latitude, longitude, changeset_id, visible, "timestamp", tile, version) VALUES (4890, 388870010, -770440869, 3, true, (now() at time zone 'utc'), 1704401532, 1);
INSERT INTO current_node_tags (node_id, k, v) VALUES (4890, 'hoot:id', '4890');
INSERT INTO node_tags (node_id, k, v, version) VALUES (4890, 'hoot:id', '4890', 1);
INSERT INTO current_node_tags (node_id, k, v) VALUES (4890, 'hoot:status', '2');
INSERT INTO node_tags (node_id, k, v, version) VALUES (4890, 'hoot:status', '2', 1);
/* create node 4891*/
INSERT INTO nodes (node_id, latitude, longitude, changeset_id, visible, "timestamp", tile, version) VALUES (4891, 388870070, -770441659, 3, true, (now() at time zone 'utc'), 1704401532, 1);
INSERT INTO current_nodes (id, latitude, longitude, changeset_id, visible, "timestamp", tile, version) VALUES (4891, 388870070, -770441659, 3, true, (now() at time zone 'utc'), 1704401532, 1);
INSERT INTO current_node_tags (node_id, k, v) VALUES (4891, 'hoot:id', '4891');
INSERT INTO node_tags (node_id, k, v, version) VALUES (4891, 'hoot:id', '4891', 1);
INSERT INTO current_node_tags (node_id, k, v) VALUES (4891, 'hoot:status', '2');
INSERT INTO node_tags (node_id, k, v, version) VALUES (4891, 'hoot:status', '2', 1);
/* create node 4892*/
INSERT INTO nodes (node_id, latitude, longitude, changeset_id, visible, "timestamp", tile, version) VALUES (4892, 388868710, -770463049, 3, true, (now() at time zone 'utc'), 1704401532, 1);
INSERT INTO current_nodes (id, latitude, longitude, changeset_id, visible, "timestamp", tile, version) VALUES (4892, 388868710, -770463049, 3, true, (now() at time zone 'utc'), 1704401532, 1);
INSERT INTO current_node_tags (node_id, k, v) VALUES (4892, 'hoot:id', '4892');
INSERT INTO node_tags (node_id, k, v, version) VALUES (4892, 'hoot:id', '4892', 1);
INSERT INTO current_node_tags (node_id, k, v) VALUES (4892, 'hoot:status', '2');
INSERT INTO node_tags (node_id, k, v, version) VALUES (4892, 'hoot:status', '2', 1);
/* create node 4893*/
INSERT INTO nodes (node_id, latitude, longitude, changeset_id, visible, "timestamp", tile, version) VALUES (4893, 388867860, -770441789, 3, true, (now() at time zone 'utc'), 1704401532, 1);
INSERT INTO current_nodes (id, latitude, longitude, changeset_id, visible, "timestamp", tile, version) VALUES (4893, 388867860, -770441789, 3, true, (now() at time zone 'utc'), 1704401532, 1);
INSERT INTO current_node_tags (node_id, k, v) VALUES (4893, 'hoot:id', '4893');
INSERT INTO node_tags (node_id, k, v, version) VALUES (4893, 'hoot:id', '4893', 1);
INSERT INTO current_node_tags (node_id, k, v) VALUES (4893, 'hoot:status', '2');
INSERT INTO node_tags (node_id, k, v, version) VALUES (4893, 'hoot:status', '2', 1);
/* create node 4894*/
INSERT INTO nodes (node_id, latitude, longitude, changeset_id, visible, "timestamp", tile, version) VALUES (4894, 388867780, -770440999, 3, true, (now() at time zone 'utc'), 1704401532, 1);
INSERT INTO current_nodes (id, latitude, longitude, changeset_id, visible, "timestamp", tile, version) VALUES (4894, 388867780, -770440999, 3, true, (now() at time zone 'utc'), 1704401532, 1);
INSERT INTO current_node_tags (node_id, k, v) VALUES (4894, 'hoot:id', '4894');
INSERT INTO node_tags (node_id, k, v, version) VALUES (4894, 'hoot:id', '4894', 1);
INSERT INTO current_node_tags (node_id, k, v) VALUES (4894, 'hoot:status', '2');
INSERT INTO node_tags (node_id, k, v, version) VALUES (4894, 'hoot:status', '2', 1);
/* create node 4895*/
INSERT INTO nodes (node_id, latitude, longitude, changeset_id, visible, "timestamp", tile, version) VALUES (4895, 388867770, -770440129, 3, true, (now() at time zone 'utc'), 1704401532, 1);
INSERT INTO current_nodes (id, latitude, longitude, changeset_id, visible, "timestamp", tile, version) VALUES (4895, 388867770, -770440129, 3, true, (now() at time zone 'utc'), 1704401532, 1);
INSERT INTO current_node_tags (node_id, k, v) VALUES (4895, 'hoot:id', '4895');
INSERT INTO node_tags (node_id, k, v, version) VALUES (4895, 'hoot:id', '4895', 1);
INSERT INTO current_node_tags (node_id, k, v) VALUES (4895, 'hoot:status', '2');
INSERT INTO node_tags (node_id, k, v, version) VALUES (4895, 'hoot:status', '2', 1);
/* create node 4896*/
INSERT INTO nodes (node_id, latitude, longitude, changeset_id, visible, "timestamp", tile, version) VALUES (4896, 388867690, -770438229, 3, true, (now() at time zone 'utc'), 1704401532, 1);
INSERT INTO current_nodes (id, latitude, longitude, changeset_id, visible, "timestamp", tile, version) VALUES (4896, 388867690, -770438229, 3, true, (now() at time zone 'utc'), 1704401532, 1);
INSERT INTO current_node_tags (node_id, k, v) VALUES (4896, 'hoot:id', '4896');
INSERT INTO node_tags (node_id, k, v, version) VALUES (4896, 'hoot:id', '4896', 1);
INSERT INTO current_node_tags (node_id, k, v) VALUES (4896, 'hoot:status', '2');
INSERT INTO node_tags (node_id, k, v, version) VALUES (4896, 'hoot:status', '2', 1);
/* create node 4897*/
INSERT INTO nodes (node_id, latitude, longitude, changeset_id, visible, "timestamp", tile, version) VALUES (4897, 388867570, -770430639, 3, true, (now() at time zone 'utc'), 1704401532, 1);
INSERT INTO current_nodes (id, latitude, longitude, changeset_id, visible, "timestamp", tile, version) VALUES (4897, 388867570, -770430639, 3, true, (now() at time zone 'utc'), 1704401532, 1);
INSERT INTO current_node_tags (node_id, k, v) VALUES (4897, 'hoot:id', '4897');
INSERT INTO node_tags (node_id, k, v, version) VALUES (4897, 'hoot:id', '4897', 1);
INSERT INTO current_node_tags (node_id, k, v) VALUES (4897, 'hoot:status', '2');
INSERT INTO node_tags (node_id, k, v, version) VALUES (4897, 'hoot:status', '2', 1);
/* create node 4898*/
INSERT INTO nodes (node_id, latitude, longitude, changeset_id, visible, "timestamp", tile, version) VALUES (4898, 388867580, -770430289, 3, true, (now() at time zone 'utc'), 1704401532, 1);
INSERT INTO current_nodes (id, latitude, longitude, changeset_id, visible, "timestamp", tile, version) VALUES (4898, 388867580, -770430289, 3, true, (now() at time zone 'utc'), 1704401532, 1);
INSERT INTO current_node_tags (node_id, k, v) VALUES (4898, 'hoot:id', '4898');
INSERT INTO node_tags (node_id, k, v, version) VALUES (4898, 'hoot:id', '4898', 1);
INSERT INTO current_node_tags (node_id, k, v) VALUES (4898, 'hoot:status', '2');
INSERT INTO node_tags (node_id, k, v, version) VALUES (4898, 'hoot:status', '2', 1);
/* create node 4899*/
INSERT INTO nodes (node_id, latitude, longitude, changeset_id, visible, "timestamp", tile, version) VALUES (4899, 388867680, -770428319, 3, true, (now() at time zone 'utc'), 1704401532, 1);
INSERT INTO current_nodes (id, latitude, longitude, changeset_id, visible, "timestamp", tile, version) VALUES (4899, 388867680, -770428319, 3, true, (now() at time zone 'utc'), 1704401532, 1);
INSERT INTO current_node_tags (node_id, k, v) VALUES (4899, 'hoot:id', '4899');
INSERT INTO node_tags (node_id, k, v, version) VALUES (4899, 'hoot:id', '4899', 1);
INSERT INTO current_node_tags (node_id, k, v) VALUES (4899, 'hoot:status', '2');
INSERT INTO node_tags (node_id, k, v, version) VALUES (4899, 'hoot:status', '2', 1);
/* create node 4900*/
INSERT INTO nodes (node_id, latitude, longitude, changeset_id, visible, "timestamp", tile, version) VALUES (4900, 388867820, -770426639, 3, true, (now() at time zone 'utc'), 1704401534, 1);
INSERT INTO current_nodes (id, latitude, longitude, changeset_id, visible, "timestamp", tile, version) VALUES (4900, 388867820, -770426639, 3, true, (now() at time zone 'utc'), 1704401534, 1);
INSERT INTO current_node_tags (node_id, k, v) VALUES (4900, 'hoot:id', '4900');
INSERT INTO node_tags (node_id, k, v, version) VALUES (4900, 'hoot:id', '4900', 1);
INSERT INTO current_node_tags (node_id, k, v) VALUES (4900, 'hoot:status', '2');
INSERT INTO node_tags (node_id, k, v, version) VALUES (4900, 'hoot:status', '2', 1);
/* create node 4901*/
INSERT INTO nodes (node_id, latitude, longitude, changeset_id, visible, "timestamp", tile, version) VALUES (4901, 388868660, -770420399, 3, true, (now() at time zone 'utc'), 1704401534, 1);
INSERT INTO current_nodes (id, latitude, longitude, changeset_id, visible, "timestamp", tile, version) VALUES (4901, 388868660, -770420399, 3, true, (now() at time zone 'utc'), 1704401534, 1);
INSERT INTO current_node_tags (node_id, k, v) VALUES (4901, 'hoot:id', '4901');
INSERT INTO node_tags (node_id, k, v, version) VALUES (4901, 'hoot:id', '4901', 1);
INSERT INTO current_node_tags (node_id, k, v) VALUES (4901, 'hoot:status', '2');
INSERT INTO node_tags (node_id, k, v, version) VALUES (4901, 'hoot:status', '2', 1);
/* create node 4902*/
INSERT INTO nodes (node_id, latitude, longitude, changeset_id, visible, "timestamp", tile, version) VALUES (4902, 388868770, -770419449, 3, true, (now() at time zone 'utc'), 1704401534, 1);
INSERT INTO current_nodes (id, latitude, longitude, changeset_id, visible, "timestamp", tile, version) VALUES (4902, 388868770, -770419449, 3, true, (now() at time zone 'utc'), 1704401534, 1);
INSERT INTO current_node_tags (node_id, k, v) VALUES (4902, 'hoot:id', '4902');
INSERT INTO node_tags (node_id, k, v, version) VALUES (4902, 'hoot:id', '4902', 1);
INSERT INTO current_node_tags (node_id, k, v) VALUES (4902, 'hoot:status', '2');
INSERT INTO node_tags (node_id, k, v, version) VALUES (4902, 'hoot:status', '2', 1);
/* create node 4903*/
INSERT INTO nodes (node_id, latitude, longitude, changeset_id, visible, "timestamp", tile, version) VALUES (4903, 388868920, -770418029, 3, true, (now() at time zone 'utc'), 1704401534, 1);
INSERT INTO current_nodes (id, latitude, longitude, changeset_id, visible, "timestamp", tile, version) VALUES (4903, 388868920, -770418029, 3, true, (now() at time zone 'utc'), 1704401534, 1);
INSERT INTO current_node_tags (node_id, k, v) VALUES (4903, 'hoot:id', '4903');
INSERT INTO node_tags (node_id, k, v, version) VALUES (4903, 'hoot:id', '4903', 1);
INSERT INTO current_node_tags (node_id, k, v) VALUES (4903, 'hoot:status', '2');
INSERT INTO node_tags (node_id, k, v, version) VALUES (4903, 'hoot:status', '2', 1);
/* create node 4904*/
INSERT INTO nodes (node_id, latitude, longitude, changeset_id, visible, "timestamp", tile, version) VALUES (4904, 388869000, -770417079, 3, true, (now() at time zone 'utc'), 1704401534, 1);
INSERT INTO current_nodes (id, latitude, longitude, changeset_id, visible, "timestamp", tile, version) VALUES (4904, 388869000, -770417079, 3, true, (now() at time zone 'utc'), 1704401534, 1);
INSERT INTO current_node_tags (node_id, k, v) VALUES (4904, 'hoot:id', '4904');
INSERT INTO node_tags (node_id, k, v, version) VALUES (4904, 'hoot:id', '4904', 1);
INSERT INTO current_node_tags (node_id, k, v) VALUES (4904, 'hoot:status', '2');
INSERT INTO node_tags (node_id, k, v, version) VALUES (4904, 'hoot:status', '2', 1);
/* create node 4905*/
INSERT INTO nodes (node_id, latitude, longitude, changeset_id, visible, "timestamp", tile, version) VALUES (4905, 388869030, -770416599, 3, true, (now() at time zone 'utc'), 1704401534, 1);
INSERT INTO current_nodes (id, latitude, longitude, changeset_id, visible, "timestamp", tile, version) VALUES (4905, 388869030, -770416599, 3, true, (now() at time zone 'utc'), 1704401534, 1);
INSERT INTO current_node_tags (node_id, k, v) VALUES (4905, 'hoot:id', '4905');
INSERT INTO node_tags (node_id, k, v, version) VALUES (4905, 'hoot:id', '4905', 1);
INSERT INTO current_node_tags (node_id, k, v) VALUES (4905, 'hoot:status', '2');
INSERT INTO node_tags (node_id, k, v, version) VALUES (4905, 'hoot:status', '2', 1);
/* create node 4906*/
INSERT INTO nodes (node_id, latitude, longitude, changeset_id, visible, "timestamp", tile, version) VALUES (4906, 388869070, -770416169, 3, true, (now() at time zone 'utc'), 1704401534, 1);
INSERT INTO current_nodes (id, latitude, longitude, changeset_id, visible, "timestamp", tile, version) VALUES (4906, 388869070, -770416169, 3, true, (now() at time zone 'utc'), 1704401534, 1);
INSERT INTO current_node_tags (node_id, k, v) VALUES (4906, 'hoot:id', '4906');
INSERT INTO node_tags (node_id, k, v, version) VALUES (4906, 'hoot:id', '4906', 1);
INSERT INTO current_node_tags (node_id, k, v) VALUES (4906, 'hoot:status', '2');
INSERT INTO node_tags (node_id, k, v, version) VALUES (4906, 'hoot:status', '2', 1);
/* create node 4907*/
INSERT INTO nodes (node_id, latitude, longitude, changeset_id, visible, "timestamp", tile, version) VALUES (4907, 388869160, -770414879, 3, true, (now() at time zone 'utc'), 1704401534, 1);
INSERT INTO current_nodes (id, latitude, longitude, changeset_id, visible, "timestamp", tile, version) VALUES (4907, 388869160, -770414879, 3, true, (now() at time zone 'utc'), 1704401534, 1);
INSERT INTO current_node_tags (node_id, k, v) VALUES (4907, 'hoot:id', '4907');
INSERT INTO node_tags (node_id, k, v, version) VALUES (4907, 'hoot:id', '4907', 1);
INSERT INTO current_node_tags (node_id, k, v) VALUES (4907, 'hoot:status', '2');
INSERT INTO node_tags (node_id, k, v, version) VALUES (4907, 'hoot:status', '2', 1);
/* create node 4908*/
INSERT INTO nodes (node_id, latitude, longitude, changeset_id, visible, "timestamp", tile, version) VALUES (4908, 388869180, -770414439, 3, true, (now() at time zone 'utc'), 1704401534, 1);
INSERT INTO current_nodes (id, latitude, longitude, changeset_id, visible, "timestamp", tile, version) VALUES (4908, 388869180, -770414439, 3, true, (now() at time zone 'utc'), 1704401534, 1);
INSERT INTO current_node_tags (node_id, k, v) VALUES (4908, 'hoot:id', '4908');
INSERT INTO node_tags (node_id, k, v, version) VALUES (4908, 'hoot:id', '4908', 1);
INSERT INTO current_node_tags (node_id, k, v) VALUES (4908, 'hoot:status', '2');
INSERT INTO node_tags (node_id, k, v, version) VALUES (4908, 'hoot:status', '2', 1);
/* create node 4909*/
INSERT INTO nodes (node_id, latitude, longitude, changeset_id, visible, "timestamp", tile, version) VALUES (4909, 388869210, -770414009, 3, true, (now() at time zone 'utc'), 1704401534, 1);
INSERT INTO current_nodes (id, latitude, longitude, changeset_id, visible, "timestamp", tile, version) VALUES (4909, 388869210, -770414009, 3, true, (now() at time zone 'utc'), 1704401534, 1);
INSERT INTO current_node_tags (node_id, k, v) VALUES (4909, 'hoot:id', '4909');
INSERT INTO node_tags (node_id, k, v, version) VALUES (4909, 'hoot:id', '4909', 1);
INSERT INTO current_node_tags (node_id, k, v) VALUES (4909, 'hoot:status', '2');
INSERT INTO node_tags (node_id, k, v, version) VALUES (4909, 'hoot:status', '2', 1);
/* create node 4910*/
INSERT INTO nodes (node_id, latitude, longitude, changeset_id, visible, "timestamp", tile, version) VALUES (4910, 388869310, -770411689, 3, true, (now() at time zone 'utc'), 1704401534, 1);
INSERT INTO current_nodes (id, latitude, longitude, changeset_id, visible, "timestamp", tile, version) VALUES (4910, 388869310, -770411689, 3, true, (now() at time zone 'utc'), 1704401534, 1);
INSERT INTO current_node_tags (node_id, k, v) VALUES (4910, 'hoot:id', '4910');
INSERT INTO node_tags (node_id, k, v, version) VALUES (4910, 'hoot:id', '4910', 1);
INSERT INTO current_node_tags (node_id, k, v) VALUES (4910, 'hoot:status', '2');
INSERT INTO node_tags (node_id, k, v, version) VALUES (4910, 'hoot:status', '2', 1);
/* create node 4911*/
INSERT INTO nodes (node_id, latitude, longitude, changeset_id, visible, "timestamp", tile, version) VALUES (4911, 388869310, -770410969, 3, true, (now() at time zone 'utc'), 1704401534, 1);
INSERT INTO current_nodes (id, latitude, longitude, changeset_id, visible, "timestamp", tile, version) VALUES (4911, 388869310, -770410969, 3, true, (now() at time zone 'utc'), 1704401534, 1);
INSERT INTO current_node_tags (node_id, k, v) VALUES (4911, 'hoot:id', '4911');
INSERT INTO node_tags (node_id, k, v, version) VALUES (4911, 'hoot:id', '4911', 1);
INSERT INTO current_node_tags (node_id, k, v) VALUES (4911, 'hoot:status', '2');
INSERT INTO node_tags (node_id, k, v, version) VALUES (4911, 'hoot:status', '2', 1);
/* create node 4912*/
INSERT INTO nodes (node_id, latitude, longitude, changeset_id, visible, "timestamp", tile, version) VALUES (4912, 388869320, -770408499, 3, true, (now() at time zone 'utc'), 1704401534, 1);
INSERT INTO current_nodes (id, latitude, longitude, changeset_id, visible, "timestamp", tile, version) VALUES (4912, 388869320, -770408499, 3, true, (now() at time zone 'utc'), 1704401534, 1);
INSERT INTO current_node_tags (node_id, k, v) VALUES (4912, 'hoot:id', '4912');
INSERT INTO node_tags (node_id, k, v, version) VALUES (4912, 'hoot:id', '4912', 1);
INSERT INTO current_node_tags (node_id, k, v) VALUES (4912, 'hoot:status', '2');
INSERT INTO node_tags (node_id, k, v, version) VALUES (4912, 'hoot:status', '2', 1);
/* create node 4913*/
INSERT INTO nodes (node_id, latitude, longitude, changeset_id, visible, "timestamp", tile, version) VALUES (4913, 388913281, -770524947, 3, true, (now() at time zone 'utc'), 1704401527, 1);
INSERT INTO current_nodes (id, latitude, longitude, changeset_id, visible, "timestamp", tile, version) VALUES (4913, 388913281, -770524947, 3, true, (now() at time zone 'utc'), 1704401527, 1);
INSERT INTO current_node_tags (node_id, k, v) VALUES (4913, 'hoot:id', '4913');
INSERT INTO node_tags (node_id, k, v, version) VALUES (4913, 'hoot:id', '4913', 1);
INSERT INTO current_node_tags (node_id, k, v) VALUES (4913, 'hoot:status', '1');
INSERT INTO node_tags (node_id, k, v, version) VALUES (4913, 'hoot:status', '1', 1);
/* create node 4914*/
INSERT INTO nodes (node_id, latitude, longitude, changeset_id, visible, "timestamp", tile, version) VALUES (4914, 388899004, -770520597, 3, true, (now() at time zone 'utc'), 1704401527, 1);
INSERT INTO current_nodes (id, latitude, longitude, changeset_id, visible, "timestamp", tile, version) VALUES (4914, 388899004, -770520597, 3, true, (now() at time zone 'utc'), 1704401527, 1);
INSERT INTO current_node_tags (node_id, k, v) VALUES (4914, 'hoot:id', '4914');
INSERT INTO node_tags (node_id, k, v, version) VALUES (4914, 'hoot:id', '4914', 1);
INSERT INTO current_node_tags (node_id, k, v) VALUES (4914, 'hoot:status', '1');
INSERT INTO node_tags (node_id, k, v, version) VALUES (4914, 'hoot:status', '1', 1);
/* create node 4915*/
INSERT INTO nodes (node_id, latitude, longitude, changeset_id, visible, "timestamp", tile, version) VALUES (4915, 388864325, -770497186, 3, true, (now() at time zone 'utc'), 1704401523, 1);
INSERT INTO current_nodes (id, latitude, longitude, changeset_id, visible, "timestamp", tile, version) VALUES (4915, 388864325, -770497186, 3, true, (now() at time zone 'utc'), 1704401523, 1);
INSERT INTO current_node_tags (node_id, k, v) VALUES (4915, 'hoot:id', '4915');
INSERT INTO node_tags (node_id, k, v, version) VALUES (4915, 'hoot:id', '4915', 1);
INSERT INTO current_node_tags (node_id, k, v) VALUES (4915, 'hoot:status', '1');
INSERT INTO node_tags (node_id, k, v, version) VALUES (4915, 'hoot:status', '1', 1);
/* create node 4916*/
INSERT INTO nodes (node_id, latitude, longitude, changeset_id, visible, "timestamp", tile, version) VALUES (4916, 388867369, -770499951, 3, true, (now() at time zone 'utc'), 1704401526, 1);
INSERT INTO current_nodes (id, latitude, longitude, changeset_id, visible, "timestamp", tile, version) VALUES (4916, 388867369, -770499951, 3, true, (now() at time zone 'utc'), 1704401526, 1);
INSERT INTO current_node_tags (node_id, k, v) VALUES (4916, 'hoot:id', '4916');
INSERT INTO node_tags (node_id, k, v, version) VALUES (4916, 'hoot:id', '4916', 1);
INSERT INTO current_node_tags (node_id, k, v) VALUES (4916, 'hoot:status', '1');
INSERT INTO node_tags (node_id, k, v, version) VALUES (4916, 'hoot:status', '1', 1);
/* create node 4917*/
INSERT INTO nodes (node_id, latitude, longitude, changeset_id, visible, "timestamp", tile, version) VALUES (4917, 388870312, -770501369, 3, true, (now() at time zone 'utc'), 1704401526, 1);
INSERT INTO current_nodes (id, latitude, longitude, changeset_id, visible, "timestamp", tile, version) VALUES (4917, 388870312, -770501369, 3, true, (now() at time zone 'utc'), 1704401526, 1);
INSERT INTO current_node_tags (node_id, k, v) VALUES (4917, 'hoot:id', '4917');
INSERT INTO node_tags (node_id, k, v, version) VALUES (4917, 'hoot:id', '4917', 1);
INSERT INTO current_node_tags (node_id, k, v) VALUES (4917, 'hoot:status', '1');
INSERT INTO node_tags (node_id, k, v, version) VALUES (4917, 'hoot:status', '1', 1);
/* create node 4918*/
INSERT INTO nodes (node_id, latitude, longitude, changeset_id, visible, "timestamp", tile, version) VALUES (4918, 388914260, -770529949, 3, true, (now() at time zone 'utc'), 1704401527, 1);
INSERT INTO current_nodes (id, latitude, longitude, changeset_id, visible, "timestamp", tile, version) VALUES (4918, 388914260, -770529949, 3, true, (now() at time zone 'utc'), 1704401527, 1);
INSERT INTO current_node_tags (node_id, k, v) VALUES (4918, 'hoot:id', '4918');
INSERT INTO node_tags (node_id, k, v, version) VALUES (4918, 'hoot:id', '4918', 1);
INSERT INTO current_node_tags (node_id, k, v) VALUES (4918, 'hoot:status', '1');
INSERT INTO node_tags (node_id, k, v, version) VALUES (4918, 'hoot:status', '1', 1);
/* create node 4919*/
INSERT INTO nodes (node_id, latitude, longitude, changeset_id, visible, "timestamp", tile, version) VALUES (4919, 388884765, -770508110, 3, true, (now() at time zone 'utc'), 1704401526, 1);
INSERT INTO current_nodes (id, latitude, longitude, changeset_id, visible, "timestamp", tile, version) VALUES (4919, 388884765, -770508110, 3, true, (now() at time zone 'utc'), 1704401526, 1);
INSERT INTO current_node_tags (node_id, k, v) VALUES (4919, 'hoot:id', '4919');
INSERT INTO node_tags (node_id, k, v, version) VALUES (4919, 'hoot:id', '4919', 1);
INSERT INTO current_node_tags (node_id, k, v) VALUES (4919, 'hoot:status', '1');
INSERT INTO node_tags (node_id, k, v, version) VALUES (4919, 'hoot:status', '1', 1);
/* create node 4920*/
INSERT INTO nodes (node_id, latitude, longitude, changeset_id, visible, "timestamp", tile, version) VALUES (4920, 388916789, -770523261, 3, true, (now() at time zone 'utc'), 1704401527, 1);
INSERT INTO current_nodes (id, latitude, longitude, changeset_id, visible, "timestamp", tile, version) VALUES (4920, 388916789, -770523261, 3, true, (now() at time zone 'utc'), 1704401527, 1);
INSERT INTO current_node_tags (node_id, k, v) VALUES (4920, 'hoot:id', '4920');
INSERT INTO node_tags (node_id, k, v, version) VALUES (4920, 'hoot:id', '4920', 1);
INSERT INTO current_node_tags (node_id, k, v) VALUES (4920, 'hoot:status', '1');
INSERT INTO node_tags (node_id, k, v, version) VALUES (4920, 'hoot:status', '1', 1);
/* create node 4921*/
INSERT INTO nodes (node_id, latitude, longitude, changeset_id, visible, "timestamp", tile, version) VALUES (4921, 388908759, -770519656, 3, true, (now() at time zone 'utc'), 1704401527, 1);
INSERT INTO current_nodes (id, latitude, longitude, changeset_id, visible, "timestamp", tile, version) VALUES (4921, 388908759, -770519656, 3, true, (now() at time zone 'utc'), 1704401527, 1);
INSERT INTO current_node_tags (node_id, k, v) VALUES (4921, 'hoot:id', '4921');
INSERT INTO node_tags (node_id, k, v, version) VALUES (4921, 'hoot:id', '4921', 1);
INSERT INTO current_node_tags (node_id, k, v) VALUES (4921, 'hoot:status', '1');
INSERT INTO node_tags (node_id, k, v, version) VALUES (4921, 'hoot:status', '1', 1);
/* create node 4922*/
INSERT INTO nodes (node_id, latitude, longitude, changeset_id, visible, "timestamp", tile, version) VALUES (4922, 388891839, -770514025, 3, true, (now() at time zone 'utc'), 1704401526, 1);
INSERT INTO current_nodes (id, latitude, longitude, changeset_id, visible, "timestamp", tile, version) VALUES (4922, 388891839, -770514025, 3, true, (now() at time zone 'utc'), 1704401526, 1);
INSERT INTO current_node_tags (node_id, k, v) VALUES (4922, 'hoot:id', '4922');
INSERT INTO node_tags (node_id, k, v, version) VALUES (4922, 'hoot:id', '4922', 1);
INSERT INTO current_node_tags (node_id, k, v) VALUES (4922, 'hoot:status', '1');
INSERT INTO node_tags (node_id, k, v, version) VALUES (4922, 'hoot:status', '1', 1);
/* create node 4923*/
INSERT INTO nodes (node_id, latitude, longitude, changeset_id, visible, "timestamp", tile, version) VALUES (4923, 388899749, -770509628, 3, true, (now() at time zone 'utc'), 1704401527, 1);
INSERT INTO current_nodes (id, latitude, longitude, changeset_id, visible, "timestamp", tile, version) VALUES (4923, 388899749, -770509628, 3, true, (now() at time zone 'utc'), 1704401527, 1);
INSERT INTO current_node_tags (node_id, k, v) VALUES (4923, 'hoot:id', '4923');
INSERT INTO node_tags (node_id, k, v, version) VALUES (4923, 'hoot:id', '4923', 1);
INSERT INTO current_node_tags (node_id, k, v) VALUES (4923, 'hoot:status', '1');
INSERT INTO node_tags (node_id, k, v, version) VALUES (4923, 'hoot:status', '1', 1);
/* create node 4924*/
INSERT INTO nodes (node_id, latitude, longitude, changeset_id, visible, "timestamp", tile, version) VALUES (4924, 388871300, -770484288, 3, true, (now() at time zone 'utc'), 1704401526, 1);
INSERT INTO current_nodes (id, latitude, longitude, changeset_id, visible, "timestamp", tile, version) VALUES (4924, 388871300, -770484288, 3, true, (now() at time zone 'utc'), 1704401526, 1);
INSERT INTO current_node_tags (node_id, k, v) VALUES (4924, 'hoot:id', '4924');
INSERT INTO node_tags (node_id, k, v, version) VALUES (4924, 'hoot:id', '4924', 1);
INSERT INTO current_node_tags (node_id, k, v) VALUES (4924, 'hoot:status', '1');
INSERT INTO node_tags (node_id, k, v, version) VALUES (4924, 'hoot:status', '1', 1);
/* create node 4925*/
INSERT INTO nodes (node_id, latitude, longitude, changeset_id, visible, "timestamp", tile, version) VALUES (4925, 388880238, -770489622, 3, true, (now() at time zone 'utc'), 1704401526, 1);
INSERT INTO current_nodes (id, latitude, longitude, changeset_id, visible, "timestamp", tile, version) VALUES (4925, 388880238, -770489622, 3, true, (now() at time zone 'utc'), 1704401526, 1);
INSERT INTO current_node_tags (node_id, k, v) VALUES (4925, 'hoot:id', '4925');
INSERT INTO node_tags (node_id, k, v, version) VALUES (4925, 'hoot:id', '4925', 1);
INSERT INTO current_node_tags (node_id, k, v) VALUES (4925, 'hoot:status', '1');
INSERT INTO node_tags (node_id, k, v, version) VALUES (4925, 'hoot:status', '1', 1);
/* create node 4926*/
INSERT INTO nodes (node_id, latitude, longitude, changeset_id, visible, "timestamp", tile, version) VALUES (4926, 388879482, -770519676, 3, true, (now() at time zone 'utc'), 1704401526, 1);
INSERT INTO current_nodes (id, latitude, longitude, changeset_id, visible, "timestamp", tile, version) VALUES (4926, 388879482, -770519676, 3, true, (now() at time zone 'utc'), 1704401526, 1);
INSERT INTO current_node_tags (node_id, k, v) VALUES (4926, 'hoot:id', '4926');
INSERT INTO node_tags (node_id, k, v, version) VALUES (4926, 'hoot:id', '4926', 1);
INSERT INTO current_node_tags (node_id, k, v) VALUES (4926, 'hoot:status', '1');
INSERT INTO node_tags (node_id, k, v, version) VALUES (4926, 'hoot:status', '1', 1);
/* create node 4927*/
INSERT INTO nodes (node_id, latitude, longitude, changeset_id, visible, "timestamp", tile, version) VALUES (4927, 388872724, -770508287, 3, true, (now() at time zone 'utc'), 1704401526, 1);
INSERT INTO current_nodes (id, latitude, longitude, changeset_id, visible, "timestamp", tile, version) VALUES (4927, 388872724, -770508287, 3, true, (now() at time zone 'utc'), 1704401526, 1);
INSERT INTO current_node_tags (node_id, k, v) VALUES (4927, 'hoot:id', '4927');
INSERT INTO node_tags (node_id, k, v, version) VALUES (4927, 'hoot:id', '4927', 1);
INSERT INTO current_node_tags (node_id, k, v) VALUES (4927, 'hoot:status', '1');
INSERT INTO node_tags (node_id, k, v, version) VALUES (4927, 'hoot:status', '1', 1);
/* create node 4928*/
INSERT INTO nodes (node_id, latitude, longitude, changeset_id, visible, "timestamp", tile, version) VALUES (4928, 388871468, -770502379, 3, true, (now() at time zone 'utc'), 1704401526, 1);
INSERT INTO current_nodes (id, latitude, longitude, changeset_id, visible, "timestamp", tile, version) VALUES (4928, 388871468, -770502379, 3, true, (now() at time zone 'utc'), 1704401526, 1);
INSERT INTO current_node_tags (node_id, k, v) VALUES (4928, 'hoot:id', '4928');
INSERT INTO node_tags (node_id, k, v, version) VALUES (4928, 'hoot:id', '4928', 1);
INSERT INTO current_node_tags (node_id, k, v) VALUES (4928, 'hoot:status', '1');
INSERT INTO node_tags (node_id, k, v, version) VALUES (4928, 'hoot:status', '1', 1);
/* modify way 19*/
INSERT INTO ways (way_id, changeset_id, visible, "timestamp", version) VALUES (19, 3, true, (now() at time zone 'utc'), 2);
UPDATE current_ways SET changeset_id=3, visible=true, "timestamp"=(now() at time zone 'utc'), version=2 WHERE id=19;
DELETE FROM current_way_tags WHERE way_id = 19;
DELETE FROM way_tags WHERE way_id = 19;
INSERT INTO current_way_tags (way_id, k, v) VALUES (19, 'accuracy', '5');
INSERT INTO way_tags (way_id, k, v, version) VALUES (19, 'accuracy', '5', 2);
INSERT INTO current_way_tags (way_id, k, v) VALUES (19, 'hoot:id', '19');
INSERT INTO way_tags (way_id, k, v, version) VALUES (19, 'hoot:id', '19', 2);
INSERT INTO current_way_tags (way_id, k, v) VALUES (19, 'hoot:status', '3');
INSERT INTO way_tags (way_id, k, v, version) VALUES (19, 'hoot:status', '3', 2);
INSERT INTO current_way_tags (way_id, k, v) VALUES (19, 'alt_name', 'Lincoln Memorial Cir');
INSERT INTO way_tags (way_id, k, v, version) VALUES (19, 'alt_name', 'Lincoln Memorial Cir', 2);
INSERT INTO current_way_tags (way_id, k, v) VALUES (19, 'name', 'LINCOLN MEMORIAL CIR SW');
INSERT INTO way_tags (way_id, k, v, version) VALUES (19, 'name', 'LINCOLN MEMORIAL CIR SW', 2);
INSERT INTO current_way_tags (way_id, k, v) VALUES (19, 'highway', 'road');
INSERT INTO way_tags (way_id, k, v, version) VALUES (19, 'highway', 'road', 2);
DELETE FROM current_way_nodes WHERE way_id = 19;
DELETE FROM way_nodes WHERE way_id = 19;
INSERT INTO way_nodes (way_id, node_id, version, sequence_id) VALUES (19, 3199, 1, 1);
INSERT INTO current_way_nodes (way_id, node_id, sequence_id) VALUES (19, 3199, 1);
INSERT INTO way_nodes (way_id, node_id, version, sequence_id) VALUES (19, 3201, 1, 2);
INSERT INTO current_way_nodes (way_id, node_id, sequence_id) VALUES (19, 3201, 2);
INSERT INTO way_nodes (way_id, node_id, version, sequence_id) VALUES (19, 3203, 1, 3);
INSERT INTO current_way_nodes (way_id, node_id, sequence_id) VALUES (19, 3203, 3);
INSERT INTO way_nodes (way_id, node_id, version, sequence_id) VALUES (19, 3205, 1, 4);
INSERT INTO current_way_nodes (way_id, node_id, sequence_id) VALUES (19, 3205, 4);
INSERT INTO way_nodes (way_id, node_id, version, sequence_id) VALUES (19, 3207, 1, 5);
INSERT INTO current_way_nodes (way_id, node_id, sequence_id) VALUES (19, 3207, 5);
INSERT INTO way_nodes (way_id, node_id, version, sequence_id) VALUES (19, 3209, 1, 6);
INSERT INTO current_way_nodes (way_id, node_id, sequence_id) VALUES (19, 3209, 6);
INSERT INTO way_nodes (way_id, node_id, version, sequence_id) VALUES (19, 3211, 1, 7);
INSERT INTO current_way_nodes (way_id, node_id, sequence_id) VALUES (19, 3211, 7);
INSERT INTO way_nodes (way_id, node_id, version, sequence_id) VALUES (19, 3213, 1, 8);
INSERT INTO current_way_nodes (way_id, node_id, sequence_id) VALUES (19, 3213, 8);
INSERT INTO way_nodes (way_id, node_id, version, sequence_id) VALUES (19, 3215, 1, 9);
INSERT INTO current_way_nodes (way_id, node_id, sequence_id) VALUES (19, 3215, 9);
INSERT INTO way_nodes (way_id, node_id, version, sequence_id) VALUES (19, 3217, 1, 10);
INSERT INTO current_way_nodes (way_id, node_id, sequence_id) VALUES (19, 3217, 10);
INSERT INTO way_nodes (way_id, node_id, version, sequence_id) VALUES (19, 3219, 1, 11);
INSERT INTO current_way_nodes (way_id, node_id, sequence_id) VALUES (19, 3219, 11);
INSERT INTO way_nodes (way_id, node_id, version, sequence_id) VALUES (19, 3220, 1, 12);
INSERT INTO current_way_nodes (way_id, node_id, sequence_id) VALUES (19, 3220, 12);
INSERT INTO way_nodes (way_id, node_id, version, sequence_id) VALUES (19, 3221, 1, 13);
INSERT INTO current_way_nodes (way_id, node_id, sequence_id) VALUES (19, 3221, 13);
INSERT INTO way_nodes (way_id, node_id, version, sequence_id) VALUES (19, 3222, 1, 14);
INSERT INTO current_way_nodes (way_id, node_id, sequence_id) VALUES (19, 3222, 14);
INSERT INTO way_nodes (way_id, node_id, version, sequence_id) VALUES (19, 3223, 1, 15);
INSERT INTO current_way_nodes (way_id, node_id, sequence_id) VALUES (19, 3223, 15);
INSERT INTO way_nodes (way_id, node_id, version, sequence_id) VALUES (19, 3224, 1, 16);
INSERT INTO current_way_nodes (way_id, node_id, sequence_id) VALUES (19, 3224, 16);
INSERT INTO way_nodes (way_id, node_id, version, sequence_id) VALUES (19, 3225, 1, 17);
INSERT INTO current_way_nodes (way_id, node_id, sequence_id) VALUES (19, 3225, 17);
INSERT INTO way_nodes (way_id, node_id, version, sequence_id) VALUES (19, 3226, 1, 18);
INSERT INTO current_way_nodes (way_id, node_id, sequence_id) VALUES (19, 3226, 18);
INSERT INTO way_nodes (way_id, node_id, version, sequence_id) VALUES (19, 3227, 1, 19);
INSERT INTO current_way_nodes (way_id, node_id, sequence_id) VALUES (19, 3227, 19);
INSERT INTO way_nodes (way_id, node_id, version, sequence_id) VALUES (19, 3228, 1, 20);
INSERT INTO current_way_nodes (way_id, node_id, sequence_id) VALUES (19, 3228, 20);
INSERT INTO way_nodes (way_id, node_id, version, sequence_id) VALUES (19, 3229, 1, 21);
INSERT INTO current_way_nodes (way_id, node_id, sequence_id) VALUES (19, 3229, 21);
INSERT INTO way_nodes (way_id, node_id, version, sequence_id) VALUES (19, 3230, 1, 22);
INSERT INTO current_way_nodes (way_id, node_id, sequence_id) VALUES (19, 3230, 22);
INSERT INTO way_nodes (way_id, node_id, version, sequence_id) VALUES (19, 3231, 1, 23);
INSERT INTO current_way_nodes (way_id, node_id, sequence_id) VALUES (19, 3231, 23);
INSERT INTO way_nodes (way_id, node_id, version, sequence_id) VALUES (19, 3232, 1, 24);
INSERT INTO current_way_nodes (way_id, node_id, sequence_id) VALUES (19, 3232, 24);
INSERT INTO way_nodes (way_id, node_id, version, sequence_id) VALUES (19, 3233, 1, 25);
INSERT INTO current_way_nodes (way_id, node_id, sequence_id) VALUES (19, 3233, 25);
INSERT INTO way_nodes (way_id, node_id, version, sequence_id) VALUES (19, 3234, 1, 26);
INSERT INTO current_way_nodes (way_id, node_id, sequence_id) VALUES (19, 3234, 26);
INSERT INTO way_nodes (way_id, node_id, version, sequence_id) VALUES (19, 3235, 1, 27);
INSERT INTO current_way_nodes (way_id, node_id, sequence_id) VALUES (19, 3235, 27);
INSERT INTO way_nodes (way_id, node_id, version, sequence_id) VALUES (19, 3236, 1, 28);
INSERT INTO current_way_nodes (way_id, node_id, sequence_id) VALUES (19, 3236, 28);
/* modify way 25*/
INSERT INTO ways (way_id, changeset_id, visible, "timestamp", version) VALUES (25, 3, true, (now() at time zone 'utc'), 2);
UPDATE current_ways SET changeset_id=3, visible=true, "timestamp"=(now() at time zone 'utc'), version=2 WHERE id=25;
DELETE FROM current_way_tags WHERE way_id = 25;
DELETE FROM way_tags WHERE way_id = 25;
INSERT INTO current_way_tags (way_id, k, v) VALUES (25, 'accuracy', '5');
INSERT INTO way_tags (way_id, k, v, version) VALUES (25, 'accuracy', '5', 2);
INSERT INTO current_way_tags (way_id, k, v) VALUES (25, 'hoot:id', '25');
INSERT INTO way_tags (way_id, k, v, version) VALUES (25, 'hoot:id', '25', 2);
INSERT INTO current_way_tags (way_id, k, v) VALUES (25, 'hoot:status', '3');
INSERT INTO way_tags (way_id, k, v, version) VALUES (25, 'hoot:status', '3', 2);
INSERT INTO current_way_tags (way_id, k, v) VALUES (25, 'name', 'ROCK CREEK & POTOMAC PKWY NW');
INSERT INTO way_tags (way_id, k, v, version) VALUES (25, 'name', 'ROCK CREEK & POTOMAC PKWY NW', 2);
INSERT INTO current_way_tags (way_id, k, v) VALUES (25, 'highway', 'road');
INSERT INTO way_tags (way_id, k, v, version) VALUES (25, 'highway', 'road', 2);
DELETE FROM current_way_nodes WHERE way_id = 25;
DELETE FROM way_nodes WHERE way_id = 25;
INSERT INTO way_nodes (way_id, node_id, version, sequence_id) VALUES (25, 2899, 1, 1);
INSERT INTO current_way_nodes (way_id, node_id, sequence_id) VALUES (25, 2899, 1);
INSERT INTO way_nodes (way_id, node_id, version, sequence_id) VALUES (25, 4914, 1, 2);
INSERT INTO current_way_nodes (way_id, node_id, sequence_id) VALUES (25, 4914, 2);
/* modify way 40*/
INSERT INTO ways (way_id, changeset_id, visible, "timestamp", version) VALUES (40, 3, true, (now() at time zone 'utc'), 2);
UPDATE current_ways SET changeset_id=3, visible=true, "timestamp"=(now() at time zone 'utc'), version=2 WHERE id=40;
DELETE FROM current_way_tags WHERE way_id = 40;
DELETE FROM way_tags WHERE way_id = 40;
INSERT INTO current_way_tags (way_id, k, v) VALUES (40, 'accuracy', '5');
INSERT INTO way_tags (way_id, k, v, version) VALUES (40, 'accuracy', '5', 2);
INSERT INTO current_way_tags (way_id, k, v) VALUES (40, 'hoot:id', '40');
INSERT INTO way_tags (way_id, k, v, version) VALUES (40, 'hoot:id', '40', 2);
INSERT INTO current_way_tags (way_id, k, v) VALUES (40, 'hoot:status', '3');
INSERT INTO way_tags (way_id, k, v, version) VALUES (40, 'hoot:status', '3', 2);
INSERT INTO current_way_tags (way_id, k, v) VALUES (40, 'alt_name', 'Ohio Dr SW');
INSERT INTO way_tags (way_id, k, v, version) VALUES (40, 'alt_name', 'Ohio Dr SW', 2);
INSERT INTO current_way_tags (way_id, k, v) VALUES (40, 'name', 'OHIO DR NW');
INSERT INTO way_tags (way_id, k, v, version) VALUES (40, 'name', 'OHIO DR NW', 2);
INSERT INTO current_way_tags (way_id, k, v) VALUES (40, 'highway', 'road');
INSERT INTO way_tags (way_id, k, v, version) VALUES (40, 'highway', 'road', 2);
DELETE FROM current_way_nodes WHERE way_id = 40;
DELETE FROM way_nodes WHERE way_id = 40;
INSERT INTO way_nodes (way_id, node_id, version, sequence_id) VALUES (40, 3383, 1, 1);
INSERT INTO current_way_nodes (way_id, node_id, sequence_id) VALUES (40, 3383, 1);
INSERT INTO way_nodes (way_id, node_id, version, sequence_id) VALUES (40, 3384, 1, 2);
INSERT INTO current_way_nodes (way_id, node_id, sequence_id) VALUES (40, 3384, 2);
INSERT INTO way_nodes (way_id, node_id, version, sequence_id) VALUES (40, 3385, 1, 3);
INSERT INTO current_way_nodes (way_id, node_id, sequence_id) VALUES (40, 3385, 3);
INSERT INTO way_nodes (way_id, node_id, version, sequence_id) VALUES (40, 3386, 1, 4);
INSERT INTO current_way_nodes (way_id, node_id, sequence_id) VALUES (40, 3386, 4);
INSERT INTO way_nodes (way_id, node_id, version, sequence_id) VALUES (40, 3387, 1, 5);
INSERT INTO current_way_nodes (way_id, node_id, sequence_id) VALUES (40, 3387, 5);
INSERT INTO way_nodes (way_id, node_id, version, sequence_id) VALUES (40, 3388, 1, 6);
INSERT INTO current_way_nodes (way_id, node_id, sequence_id) VALUES (40, 3388, 6);
INSERT INTO way_nodes (way_id, node_id, version, sequence_id) VALUES (40, 3389, 1, 7);
INSERT INTO current_way_nodes (way_id, node_id, sequence_id) VALUES (40, 3389, 7);
INSERT INTO way_nodes (way_id, node_id, version, sequence_id) VALUES (40, 3390, 1, 8);
INSERT INTO current_way_nodes (way_id, node_id, sequence_id) VALUES (40, 3390, 8);
INSERT INTO way_nodes (way_id, node_id, version, sequence_id) VALUES (40, 3391, 1, 9);
INSERT INTO current_way_nodes (way_id, node_id, sequence_id) VALUES (40, 3391, 9);
INSERT INTO way_nodes (way_id, node_id, version, sequence_id) VALUES (40, 3392, 1, 10);
INSERT INTO current_way_nodes (way_id, node_id, sequence_id) VALUES (40, 3392, 10);
INSERT INTO way_nodes (way_id, node_id, version, sequence_id) VALUES (40, 3393, 1, 11);
INSERT INTO current_way_nodes (way_id, node_id, sequence_id) VALUES (40, 3393, 11);
INSERT INTO way_nodes (way_id, node_id, version, sequence_id) VALUES (40, 3394, 1, 12);
INSERT INTO current_way_nodes (way_id, node_id, sequence_id) VALUES (40, 3394, 12);
INSERT INTO way_nodes (way_id, node_id, version, sequence_id) VALUES (40, 3395, 1, 13);
INSERT INTO current_way_nodes (way_id, node_id, sequence_id) VALUES (40, 3395, 13);
INSERT INTO way_nodes (way_id, node_id, version, sequence_id) VALUES (40, 3396, 1, 14);
INSERT INTO current_way_nodes (way_id, node_id, sequence_id) VALUES (40, 3396, 14);
INSERT INTO way_nodes (way_id, node_id, version, sequence_id) VALUES (40, 3397, 1, 15);
INSERT INTO current_way_nodes (way_id, node_id, sequence_id) VALUES (40, 3397, 15);
INSERT INTO way_nodes (way_id, node_id, version, sequence_id) VALUES (40, 3398, 1, 16);
INSERT INTO current_way_nodes (way_id, node_id, sequence_id) VALUES (40, 3398, 16);
INSERT INTO way_nodes (way_id, node_id, version, sequence_id) VALUES (40, 3399, 1, 17);
INSERT INTO current_way_nodes (way_id, node_id, sequence_id) VALUES (40, 3399, 17);
INSERT INTO way_nodes (way_id, node_id, version, sequence_id) VALUES (40, 3400, 1, 18);
INSERT INTO current_way_nodes (way_id, node_id, sequence_id) VALUES (40, 3400, 18);
INSERT INTO way_nodes (way_id, node_id, version, sequence_id) VALUES (40, 3401, 1, 19);
INSERT INTO current_way_nodes (way_id, node_id, sequence_id) VALUES (40, 3401, 19);
INSERT INTO way_nodes (way_id, node_id, version, sequence_id) VALUES (40, 3402, 1, 20);
INSERT INTO current_way_nodes (way_id, node_id, sequence_id) VALUES (40, 3402, 20);
INSERT INTO way_nodes (way_id, node_id, version, sequence_id) VALUES (40, 3403, 1, 21);
INSERT INTO current_way_nodes (way_id, node_id, sequence_id) VALUES (40, 3403, 21);
INSERT INTO way_nodes (way_id, node_id, version, sequence_id) VALUES (40, 3404, 1, 22);
INSERT INTO current_way_nodes (way_id, node_id, sequence_id) VALUES (40, 3404, 22);
INSERT INTO way_nodes (way_id, node_id, version, sequence_id) VALUES (40, 3405, 1, 23);
INSERT INTO current_way_nodes (way_id, node_id, sequence_id) VALUES (40, 3405, 23);
INSERT INTO way_nodes (way_id, node_id, version, sequence_id) VALUES (40, 3406, 1, 24);
INSERT INTO current_way_nodes (way_id, node_id, sequence_id) VALUES (40, 3406, 24);
/* modify way 56*/
INSERT INTO ways (way_id, changeset_id, visible, "timestamp", version) VALUES (56, 3, true, (now() at time zone 'utc'), 2);
UPDATE current_ways SET changeset_id=3, visible=true, "timestamp"=(now() at time zone 'utc'), version=2 WHERE id=56;
DELETE FROM current_way_tags WHERE way_id = 56;
DELETE FROM way_tags WHERE way_id = 56;
INSERT INTO current_way_tags (way_id, k, v) VALUES (56, 'accuracy', '5');
INSERT INTO way_tags (way_id, k, v, version) VALUES (56, 'accuracy', '5', 2);
INSERT INTO current_way_tags (way_id, k, v) VALUES (56, 'hoot:id', '56');
INSERT INTO way_tags (way_id, k, v, version) VALUES (56, 'hoot:id', '56', 2);
INSERT INTO current_way_tags (way_id, k, v) VALUES (56, 'hoot:status', '3');
INSERT INTO way_tags (way_id, k, v, version) VALUES (56, 'hoot:status', '3', 2);
INSERT INTO current_way_tags (way_id, k, v) VALUES (56, 'name', 'LINCOLN MEMORIAL CIR SW');
INSERT INTO way_tags (way_id, k, v, version) VALUES (56, 'name', 'LINCOLN MEMORIAL CIR SW', 2);
INSERT INTO current_way_tags (way_id, k, v) VALUES (56, 'highway', 'road');
INSERT INTO way_tags (way_id, k, v, version) VALUES (56, 'highway', 'road', 2);
DELETE FROM current_way_nodes WHERE way_id = 56;
DELETE FROM way_nodes WHERE way_id = 56;
INSERT INTO way_nodes (way_id, node_id, version, sequence_id) VALUES (56, 4922, 1, 1);
INSERT INTO current_way_nodes (way_id, node_id, sequence_id) VALUES (56, 4922, 1);
INSERT INTO way_nodes (way_id, node_id, version, sequence_id) VALUES (56, 2278, 1, 2);
INSERT INTO current_way_nodes (way_id, node_id, sequence_id) VALUES (56, 2278, 2);
INSERT INTO way_nodes (way_id, node_id, version, sequence_id) VALUES (56, 2279, 1, 3);
INSERT INTO current_way_nodes (way_id, node_id, sequence_id) VALUES (56, 2279, 3);
INSERT INTO way_nodes (way_id, node_id, version, sequence_id) VALUES (56, 2280, 1, 4);
INSERT INTO current_way_nodes (way_id, node_id, sequence_id) VALUES (56, 2280, 4);
INSERT INTO way_nodes (way_id, node_id, version, sequence_id) VALUES (56, 2281, 1, 5);
INSERT INTO current_way_nodes (way_id, node_id, sequence_id) VALUES (56, 2281, 5);
INSERT INTO way_nodes (way_id, node_id, version, sequence_id) VALUES (56, 2282, 1, 6);
INSERT INTO current_way_nodes (way_id, node_id, sequence_id) VALUES (56, 2282, 6);
INSERT INTO way_nodes (way_id, node_id, version, sequence_id) VALUES (56, 2283, 1, 7);
INSERT INTO current_way_nodes (way_id, node_id, sequence_id) VALUES (56, 2283, 7);
INSERT INTO way_nodes (way_id, node_id, version, sequence_id) VALUES (56, 2284, 1, 8);
INSERT INTO current_way_nodes (way_id, node_id, sequence_id) VALUES (56, 2284, 8);
INSERT INTO way_nodes (way_id, node_id, version, sequence_id) VALUES (56, 2285, 1, 9);
INSERT INTO current_way_nodes (way_id, node_id, sequence_id) VALUES (56, 2285, 9);
INSERT INTO way_nodes (way_id, node_id, version, sequence_id) VALUES (56, 2286, 1, 10);
INSERT INTO current_way_nodes (way_id, node_id, sequence_id) VALUES (56, 2286, 10);
INSERT INTO way_nodes (way_id, node_id, version, sequence_id) VALUES (56, 2287, 1, 11);
INSERT INTO current_way_nodes (way_id, node_id, sequence_id) VALUES (56, 2287, 11);
INSERT INTO way_nodes (way_id, node_id, version, sequence_id) VALUES (56, 2288, 1, 12);
INSERT INTO current_way_nodes (way_id, node_id, sequence_id) VALUES (56, 2288, 12);
INSERT INTO way_nodes (way_id, node_id, version, sequence_id) VALUES (56, 2289, 1, 13);
INSERT INTO current_way_nodes (way_id, node_id, sequence_id) VALUES (56, 2289, 13);
INSERT INTO way_nodes (way_id, node_id, version, sequence_id) VALUES (56, 2291, 1, 14);
INSERT INTO current_way_nodes (way_id, node_id, sequence_id) VALUES (56, 2291, 14);
INSERT INTO way_nodes (way_id, node_id, version, sequence_id) VALUES (56, 2293, 1, 15);
INSERT INTO current_way_nodes (way_id, node_id, sequence_id) VALUES (56, 2293, 15);
INSERT INTO way_nodes (way_id, node_id, version, sequence_id) VALUES (56, 2295, 1, 16);
INSERT INTO current_way_nodes (way_id, node_id, sequence_id) VALUES (56, 2295, 16);
INSERT INTO way_nodes (way_id, node_id, version, sequence_id) VALUES (56, 2297, 1, 17);
INSERT INTO current_way_nodes (way_id, node_id, sequence_id) VALUES (56, 2297, 17);
INSERT INTO way_nodes (way_id, node_id, version, sequence_id) VALUES (56, 2299, 1, 18);
INSERT INTO current_way_nodes (way_id, node_id, sequence_id) VALUES (56, 2299, 18);
INSERT INTO way_nodes (way_id, node_id, version, sequence_id) VALUES (56, 2301, 1, 19);
INSERT INTO current_way_nodes (way_id, node_id, sequence_id) VALUES (56, 2301, 19);
INSERT INTO way_nodes (way_id, node_id, version, sequence_id) VALUES (56, 2303, 1, 20);
INSERT INTO current_way_nodes (way_id, node_id, sequence_id) VALUES (56, 2303, 20);
INSERT INTO way_nodes (way_id, node_id, version, sequence_id) VALUES (56, 2305, 1, 21);
INSERT INTO current_way_nodes (way_id, node_id, sequence_id) VALUES (56, 2305, 21);
INSERT INTO way_nodes (way_id, node_id, version, sequence_id) VALUES (56, 2307, 1, 22);
INSERT INTO current_way_nodes (way_id, node_id, sequence_id) VALUES (56, 2307, 22);
INSERT INTO way_nodes (way_id, node_id, version, sequence_id) VALUES (56, 2309, 1, 23);
INSERT INTO current_way_nodes (way_id, node_id, sequence_id) VALUES (56, 2309, 23);
INSERT INTO way_nodes (way_id, node_id, version, sequence_id) VALUES (56, 2311, 1, 24);
INSERT INTO current_way_nodes (way_id, node_id, sequence_id) VALUES (56, 2311, 24);
INSERT INTO way_nodes (way_id, node_id, version, sequence_id) VALUES (56, 2312, 1, 25);
INSERT INTO current_way_nodes (way_id, node_id, sequence_id) VALUES (56, 2312, 25);
INSERT INTO way_nodes (way_id, node_id, version, sequence_id) VALUES (56, 2313, 1, 26);
INSERT INTO current_way_nodes (way_id, node_id, sequence_id) VALUES (56, 2313, 26);
INSERT INTO way_nodes (way_id, node_id, version, sequence_id) VALUES (56, 2314, 1, 27);
INSERT INTO current_way_nodes (way_id, node_id, sequence_id) VALUES (56, 2314, 27);
INSERT INTO way_nodes (way_id, node_id, version, sequence_id) VALUES (56, 2315, 1, 28);
INSERT INTO current_way_nodes (way_id, node_id, sequence_id) VALUES (56, 2315, 28);
INSERT INTO way_nodes (way_id, node_id, version, sequence_id) VALUES (56, 2316, 1, 29);
INSERT INTO current_way_nodes (way_id, node_id, sequence_id) VALUES (56, 2316, 29);
INSERT INTO way_nodes (way_id, node_id, version, sequence_id) VALUES (56, 2317, 1, 30);
INSERT INTO current_way_nodes (way_id, node_id, sequence_id) VALUES (56, 2317, 30);
INSERT INTO way_nodes (way_id, node_id, version, sequence_id) VALUES (56, 2318, 1, 31);
INSERT INTO current_way_nodes (way_id, node_id, sequence_id) VALUES (56, 2318, 31);
INSERT INTO way_nodes (way_id, node_id, version, sequence_id) VALUES (56, 2319, 1, 32);
INSERT INTO current_way_nodes (way_id, node_id, sequence_id) VALUES (56, 2319, 32);
INSERT INTO way_nodes (way_id, node_id, version, sequence_id) VALUES (56, 2320, 1, 33);
INSERT INTO current_way_nodes (way_id, node_id, sequence_id) VALUES (56, 2320, 33);
INSERT INTO way_nodes (way_id, node_id, version, sequence_id) VALUES (56, 2321, 1, 34);
INSERT INTO current_way_nodes (way_id, node_id, sequence_id) VALUES (56, 2321, 34);
INSERT INTO way_nodes (way_id, node_id, version, sequence_id) VALUES (56, 2322, 1, 35);
INSERT INTO current_way_nodes (way_id, node_id, sequence_id) VALUES (56, 2322, 35);
INSERT INTO way_nodes (way_id, node_id, version, sequence_id) VALUES (56, 2323, 1, 36);
INSERT INTO current_way_nodes (way_id, node_id, sequence_id) VALUES (56, 2323, 36);
INSERT INTO way_nodes (way_id, node_id, version, sequence_id) VALUES (56, 2324, 1, 37);
INSERT INTO current_way_nodes (way_id, node_id, sequence_id) VALUES (56, 2324, 37);
INSERT INTO way_nodes (way_id, node_id, version, sequence_id) VALUES (56, 2325, 1, 38);
INSERT INTO current_way_nodes (way_id, node_id, sequence_id) VALUES (56, 2325, 38);
/* modify way 58*/
INSERT INTO ways (way_id, changeset_id, visible, "timestamp", version) VALUES (58, 3, true, (now() at time zone 'utc'), 2);
UPDATE current_ways SET changeset_id=3, visible=true, "timestamp"=(now() at time zone 'utc'), version=2 WHERE id=58;
DELETE FROM current_way_tags WHERE way_id = 58;
DELETE FROM way_tags WHERE way_id = 58;
INSERT INTO current_way_tags (way_id, k, v) VALUES (58, 'accuracy', '5');
INSERT INTO way_tags (way_id, k, v, version) VALUES (58, 'accuracy', '5', 2);
INSERT INTO current_way_tags (way_id, k, v) VALUES (58, 'hoot:id', '58');
INSERT INTO way_tags (way_id, k, v, version) VALUES (58, 'hoot:id', '58', 2);
INSERT INTO current_way_tags (way_id, k, v) VALUES (58, 'hoot:status', '3');
INSERT INTO way_tags (way_id, k, v, version) VALUES (58, 'hoot:status', '3', 2);
INSERT INTO current_way_tags (way_id, k, v) VALUES (58, 'alt_name', 'Lincoln Memorial Cir');
INSERT INTO way_tags (way_id, k, v, version) VALUES (58, 'alt_name', 'Lincoln Memorial Cir', 2);
INSERT INTO current_way_tags (way_id, k, v) VALUES (58, 'name', 'LINCOLN MEMORIAL CIR SW');
INSERT INTO way_tags (way_id, k, v, version) VALUES (58, 'name', 'LINCOLN MEMORIAL CIR SW', 2);
INSERT INTO current_way_tags (way_id, k, v) VALUES (58, 'highway', 'road');
INSERT INTO way_tags (way_id, k, v, version) VALUES (58, 'highway', 'road', 2);
DELETE FROM current_way_nodes WHERE way_id = 58;
DELETE FROM way_nodes WHERE way_id = 58;
INSERT INTO way_nodes (way_id, node_id, version, sequence_id) VALUES (58, 3199, 1, 1);
INSERT INTO current_way_nodes (way_id, node_id, sequence_id) VALUES (58, 3199, 1);
INSERT INTO way_nodes (way_id, node_id, version, sequence_id) VALUES (58, 2366, 1, 2);
INSERT INTO current_way_nodes (way_id, node_id, sequence_id) VALUES (58, 2366, 2);
INSERT INTO way_nodes (way_id, node_id, version, sequence_id) VALUES (58, 2365, 1, 3);
INSERT INTO current_way_nodes (way_id, node_id, sequence_id) VALUES (58, 2365, 3);
INSERT INTO way_nodes (way_id, node_id, version, sequence_id) VALUES (58, 2364, 1, 4);
INSERT INTO current_way_nodes (way_id, node_id, sequence_id) VALUES (58, 2364, 4);
INSERT INTO way_nodes (way_id, node_id, version, sequence_id) VALUES (58, 2363, 1, 5);
INSERT INTO current_way_nodes (way_id, node_id, sequence_id) VALUES (58, 2363, 5);
INSERT INTO way_nodes (way_id, node_id, version, sequence_id) VALUES (58, 2362, 1, 6);
INSERT INTO current_way_nodes (way_id, node_id, sequence_id) VALUES (58, 2362, 6);
INSERT INTO way_nodes (way_id, node_id, version, sequence_id) VALUES (58, 2361, 1, 7);
INSERT INTO current_way_nodes (way_id, node_id, sequence_id) VALUES (58, 2361, 7);
INSERT INTO way_nodes (way_id, node_id, version, sequence_id) VALUES (58, 2360, 1, 8);
INSERT INTO current_way_nodes (way_id, node_id, sequence_id) VALUES (58, 2360, 8);
INSERT INTO way_nodes (way_id, node_id, version, sequence_id) VALUES (58, 2359, 1, 9);
INSERT INTO current_way_nodes (way_id, node_id, sequence_id) VALUES (58, 2359, 9);
INSERT INTO way_nodes (way_id, node_id, version, sequence_id) VALUES (58, 2358, 1, 10);
INSERT INTO current_way_nodes (way_id, node_id, sequence_id) VALUES (58, 2358, 10);
INSERT INTO way_nodes (way_id, node_id, version, sequence_id) VALUES (58, 2357, 1, 11);
INSERT INTO current_way_nodes (way_id, node_id, sequence_id) VALUES (58, 2357, 11);
INSERT INTO way_nodes (way_id, node_id, version, sequence_id) VALUES (58, 2356, 1, 12);
INSERT INTO current_way_nodes (way_id, node_id, sequence_id) VALUES (58, 2356, 12);
INSERT INTO way_nodes (way_id, node_id, version, sequence_id) VALUES (58, 2355, 1, 13);
INSERT INTO current_way_nodes (way_id, node_id, sequence_id) VALUES (58, 2355, 13);
INSERT INTO way_nodes (way_id, node_id, version, sequence_id) VALUES (58, 2354, 1, 14);
INSERT INTO current_way_nodes (way_id, node_id, sequence_id) VALUES (58, 2354, 14);
INSERT INTO way_nodes (way_id, node_id, version, sequence_id) VALUES (58, 4919, 1, 15);
INSERT INTO current_way_nodes (way_id, node_id, sequence_id) VALUES (58, 4919, 15);
/* modify way 73*/
INSERT INTO ways (way_id, changeset_id, visible, "timestamp", version) VALUES (73, 3, true, (now() at time zone 'utc'), 2);
UPDATE current_ways SET changeset_id=3, visible=true, "timestamp"=(now() at time zone 'utc'), version=2 WHERE id=73;
DELETE FROM current_way_tags WHERE way_id = 73;
DELETE FROM way_tags WHERE way_id = 73;
INSERT INTO current_way_tags (way_id, k, v) VALUES (73, 'accuracy', '5');
INSERT INTO way_tags (way_id, k, v, version) VALUES (73, 'accuracy', '5', 2);
INSERT INTO current_way_tags (way_id, k, v) VALUES (73, 'hoot:id', '73');
INSERT INTO way_tags (way_id, k, v, version) VALUES (73, 'hoot:id', '73', 2);
INSERT INTO current_way_tags (way_id, k, v) VALUES (73, 'hoot:status', '3');
INSERT INTO way_tags (way_id, k, v, version) VALUES (73, 'hoot:status', '3', 2);
INSERT INTO current_way_tags (way_id, k, v) VALUES (73, 'name', 'OHIO DR NW');
INSERT INTO way_tags (way_id, k, v, version) VALUES (73, 'name', 'OHIO DR NW', 2);
INSERT INTO current_way_tags (way_id, k, v) VALUES (73, 'highway', 'road');
INSERT INTO way_tags (way_id, k, v, version) VALUES (73, 'highway', 'road', 2);
DELETE FROM current_way_nodes WHERE way_id = 73;
DELETE FROM way_nodes WHERE way_id = 73;
INSERT INTO way_nodes (way_id, node_id, version, sequence_id) VALUES (73, 4918, 1, 1);
INSERT INTO current_way_nodes (way_id, node_id, sequence_id) VALUES (73, 4918, 1);
INSERT INTO way_nodes (way_id, node_id, version, sequence_id) VALUES (73, 3627, 1, 2);
INSERT INTO current_way_nodes (way_id, node_id, sequence_id) VALUES (73, 3627, 2);
INSERT INTO way_nodes (way_id, node_id, version, sequence_id) VALUES (73, 3630, 1, 3);
INSERT INTO current_way_nodes (way_id, node_id, sequence_id) VALUES (73, 3630, 3);
INSERT INTO way_nodes (way_id, node_id, version, sequence_id) VALUES (73, 3633, 1, 4);
INSERT INTO current_way_nodes (way_id, node_id, sequence_id) VALUES (73, 3633, 4);
INSERT INTO way_nodes (way_id, node_id, version, sequence_id) VALUES (73, 3636, 1, 5);
INSERT INTO current_way_nodes (way_id, node_id, sequence_id) VALUES (73, 3636, 5);
INSERT INTO way_nodes (way_id, node_id, version, sequence_id) VALUES (73, 3639, 1, 6);
INSERT INTO current_way_nodes (way_id, node_id, sequence_id) VALUES (73, 3639, 6);
INSERT INTO way_nodes (way_id, node_id, version, sequence_id) VALUES (73, 3642, 1, 7);
INSERT INTO current_way_nodes (way_id, node_id, sequence_id) VALUES (73, 3642, 7);
INSERT INTO way_nodes (way_id, node_id, version, sequence_id) VALUES (73, 3645, 1, 8);
INSERT INTO current_way_nodes (way_id, node_id, sequence_id) VALUES (73, 3645, 8);
INSERT INTO way_nodes (way_id, node_id, version, sequence_id) VALUES (73, 3648, 1, 9);
INSERT INTO current_way_nodes (way_id, node_id, sequence_id) VALUES (73, 3648, 9);
INSERT INTO way_nodes (way_id, node_id, version, sequence_id) VALUES (73, 3650, 1, 10);
INSERT INTO current_way_nodes (way_id, node_id, sequence_id) VALUES (73, 3650, 10);
INSERT INTO way_nodes (way_id, node_id, version, sequence_id) VALUES (73, 3652, 1, 11);
INSERT INTO current_way_nodes (way_id, node_id, sequence_id) VALUES (73, 3652, 11);
INSERT INTO way_nodes (way_id, node_id, version, sequence_id) VALUES (73, 3654, 1, 12);
INSERT INTO current_way_nodes (way_id, node_id, sequence_id) VALUES (73, 3654, 12);
INSERT INTO way_nodes (way_id, node_id, version, sequence_id) VALUES (73, 3656, 1, 13);
INSERT INTO current_way_nodes (way_id, node_id, sequence_id) VALUES (73, 3656, 13);
INSERT INTO way_nodes (way_id, node_id, version, sequence_id) VALUES (73, 3658, 1, 14);
INSERT INTO current_way_nodes (way_id, node_id, sequence_id) VALUES (73, 3658, 14);
INSERT INTO way_nodes (way_id, node_id, version, sequence_id) VALUES (73, 3660, 1, 15);
INSERT INTO current_way_nodes (way_id, node_id, sequence_id) VALUES (73, 3660, 15);
INSERT INTO way_nodes (way_id, node_id, version, sequence_id) VALUES (73, 3662, 1, 16);
INSERT INTO current_way_nodes (way_id, node_id, sequence_id) VALUES (73, 3662, 16);
INSERT INTO way_nodes (way_id, node_id, version, sequence_id) VALUES (73, 3664, 1, 17);
INSERT INTO current_way_nodes (way_id, node_id, sequence_id) VALUES (73, 3664, 17);
INSERT INTO way_nodes (way_id, node_id, version, sequence_id) VALUES (73, 3666, 1, 18);
INSERT INTO current_way_nodes (way_id, node_id, sequence_id) VALUES (73, 3666, 18);
INSERT INTO way_nodes (way_id, node_id, version, sequence_id) VALUES (73, 3668, 1, 19);
INSERT INTO current_way_nodes (way_id, node_id, sequence_id) VALUES (73, 3668, 19);
INSERT INTO way_nodes (way_id, node_id, version, sequence_id) VALUES (73, 3670, 1, 20);
INSERT INTO current_way_nodes (way_id, node_id, sequence_id) VALUES (73, 3670, 20);
INSERT INTO way_nodes (way_id, node_id, version, sequence_id) VALUES (73, 3671, 1, 21);
INSERT INTO current_way_nodes (way_id, node_id, sequence_id) VALUES (73, 3671, 21);
/* modify way 81*/
INSERT INTO ways (way_id, changeset_id, visible, "timestamp", version) VALUES (81, 3, true, (now() at time zone 'utc'), 2);
UPDATE current_ways SET changeset_id=3, visible=true, "timestamp"=(now() at time zone 'utc'), version=2 WHERE id=81;
DELETE FROM current_way_tags WHERE way_id = 81;
DELETE FROM way_tags WHERE way_id = 81;
INSERT INTO current_way_tags (way_id, k, v) VALUES (81, 'accuracy', '5');
INSERT INTO way_tags (way_id, k, v, version) VALUES (81, 'accuracy', '5', 2);
INSERT INTO current_way_tags (way_id, k, v) VALUES (81, 'hoot:id', '81');
INSERT INTO way_tags (way_id, k, v, version) VALUES (81, 'hoot:id', '81', 2);
INSERT INTO current_way_tags (way_id, k, v) VALUES (81, 'hoot:status', '3');
INSERT INTO way_tags (way_id, k, v, version) VALUES (81, 'hoot:status', '3', 2);
INSERT INTO current_way_tags (way_id, k, v) VALUES (81, 'alt_name', 'Ohio Dr SW');
INSERT INTO way_tags (way_id, k, v, version) VALUES (81, 'alt_name', 'Ohio Dr SW', 2);
INSERT INTO current_way_tags (way_id, k, v) VALUES (81, 'name', '23RD ST SW');
INSERT INTO way_tags (way_id, k, v, version) VALUES (81, 'name', '23RD ST SW', 2);
INSERT INTO current_way_tags (way_id, k, v) VALUES (81, 'highway', 'road');
INSERT INTO way_tags (way_id, k, v, version) VALUES (81, 'highway', 'road', 2);
DELETE FROM current_way_nodes WHERE way_id = 81;
DELETE FROM way_nodes WHERE way_id = 81;
INSERT INTO way_nodes (way_id, node_id, version, sequence_id) VALUES (81, 3199, 1, 1);
INSERT INTO current_way_nodes (way_id, node_id, sequence_id) VALUES (81, 3199, 1);
INSERT INTO way_nodes (way_id, node_id, version, sequence_id) VALUES (81, 741, 1, 2);
INSERT INTO current_way_nodes (way_id, node_id, sequence_id) VALUES (81, 741, 2);
/* modify way 117*/
INSERT INTO ways (way_id, changeset_id, visible, "timestamp", version) VALUES (117, 3, true, (now() at time zone 'utc'), 2);
UPDATE current_ways SET changeset_id=3, visible=true, "timestamp"=(now() at time zone 'utc'), version=2 WHERE id=117;
DELETE FROM current_way_tags WHERE way_id = 117;
DELETE FROM way_tags WHERE way_id = 117;
INSERT INTO current_way_tags (way_id, k, v) VALUES (117, 'accuracy', '5');
INSERT INTO way_tags (way_id, k, v, version) VALUES (117, 'accuracy', '5', 2);
INSERT INTO current_way_tags (way_id, k, v) VALUES (117, 'hoot:id', '117');
INSERT INTO way_tags (way_id, k, v, version) VALUES (117, 'hoot:id', '117', 2);
INSERT INTO current_way_tags (way_id, k, v) VALUES (117, 'hoot:status', '3');
INSERT INTO way_tags (way_id, k, v, version) VALUES (117, 'hoot:status', '3', 2);
INSERT INTO current_way_tags (way_id, k, v) VALUES (117, 'alt_name', 'Independence Ave SW');
INSERT INTO way_tags (way_id, k, v, version) VALUES (117, 'alt_name', 'Independence Ave SW', 2);
INSERT INTO current_way_tags (way_id, k, v) VALUES (117, 'name', 'INDEPENDENCE AVE SW');
INSERT INTO way_tags (way_id, k, v, version) VALUES (117, 'name', 'INDEPENDENCE AVE SW', 2);
INSERT INTO current_way_tags (way_id, k, v) VALUES (117, 'highway', 'road');
INSERT INTO way_tags (way_id, k, v, version) VALUES (117, 'highway', 'road', 2);
DELETE FROM current_way_nodes WHERE way_id = 117;
DELETE FROM way_nodes WHERE way_id = 117;
INSERT INTO way_nodes (way_id, node_id, version, sequence_id) VALUES (117, 3673, 1, 1);
INSERT INTO current_way_nodes (way_id, node_id, sequence_id) VALUES (117, 3673, 1);
INSERT INTO way_nodes (way_id, node_id, version, sequence_id) VALUES (117, 4181, 1, 2);
INSERT INTO current_way_nodes (way_id, node_id, sequence_id) VALUES (117, 4181, 2);
INSERT INTO way_nodes (way_id, node_id, version, sequence_id) VALUES (117, 4182, 1, 3);
INSERT INTO current_way_nodes (way_id, node_id, sequence_id) VALUES (117, 4182, 3);
INSERT INTO way_nodes (way_id, node_id, version, sequence_id) VALUES (117, 4183, 1, 4);
INSERT INTO current_way_nodes (way_id, node_id, sequence_id) VALUES (117, 4183, 4);
INSERT INTO way_nodes (way_id, node_id, version, sequence_id) VALUES (117, 4184, 1, 5);
INSERT INTO current_way_nodes (way_id, node_id, sequence_id) VALUES (117, 4184, 5);
INSERT INTO way_nodes (way_id, node_id, version, sequence_id) VALUES (117, 4185, 1, 6);
INSERT INTO current_way_nodes (way_id, node_id, sequence_id) VALUES (117, 4185, 6);
INSERT INTO way_nodes (way_id, node_id, version, sequence_id) VALUES (117, 741, 1, 7);
INSERT INTO current_way_nodes (way_id, node_id, sequence_id) VALUES (117, 741, 7);
/* modify way 157*/
INSERT INTO ways (way_id, changeset_id, visible, "timestamp", version) VALUES (157, 3, true, (now() at time zone 'utc'), 2);
UPDATE current_ways SET changeset_id=3, visible=true, "timestamp"=(now() at time zone 'utc'), version=2 WHERE id=157;
DELETE FROM current_way_tags WHERE way_id = 157;
DELETE FROM way_tags WHERE way_id = 157;
INSERT INTO current_way_tags (way_id, k, v) VALUES (157, 'accuracy', '5');
INSERT INTO way_tags (way_id, k, v, version) VALUES (157, 'accuracy', '5', 2);
INSERT INTO current_way_tags (way_id, k, v) VALUES (157, 'hoot:id', '157');
INSERT INTO way_tags (way_id, k, v, version) VALUES (157, 'hoot:id', '157', 2);
INSERT INTO current_way_tags (way_id, k, v) VALUES (157, 'hoot:status', '3');
INSERT INTO way_tags (way_id, k, v, version) VALUES (157, 'hoot:status', '3', 2);
INSERT INTO current_way_tags (way_id, k, v) VALUES (157, 'alt_name', 'Henry Bacon Dr NW');
INSERT INTO way_tags (way_id, k, v, version) VALUES (157, 'alt_name', 'Henry Bacon Dr NW', 2);
INSERT INTO current_way_tags (way_id, k, v) VALUES (157, 'name', 'HENRY BACON DR NW');
INSERT INTO way_tags (way_id, k, v, version) VALUES (157, 'name', 'HENRY BACON DR NW', 2);
INSERT INTO current_way_tags (way_id, k, v) VALUES (157, 'highway', 'road');
INSERT INTO way_tags (way_id, k, v, version) VALUES (157, 'highway', 'road', 2);
DELETE FROM current_way_nodes WHERE way_id = 157;
DELETE FROM way_nodes WHERE way_id = 157;
INSERT INTO way_nodes (way_id, node_id, version, sequence_id) VALUES (157, 2448, 1, 1);
INSERT INTO current_way_nodes (way_id, node_id, sequence_id) VALUES (157, 2448, 1);
INSERT INTO way_nodes (way_id, node_id, version, sequence_id) VALUES (157, 2449, 1, 2);
INSERT INTO current_way_nodes (way_id, node_id, sequence_id) VALUES (157, 2449, 2);
INSERT INTO way_nodes (way_id, node_id, version, sequence_id) VALUES (157, 2450, 1, 3);
INSERT INTO current_way_nodes (way_id, node_id, sequence_id) VALUES (157, 2450, 3);
INSERT INTO way_nodes (way_id, node_id, version, sequence_id) VALUES (157, 2451, 1, 4);
INSERT INTO current_way_nodes (way_id, node_id, sequence_id) VALUES (157, 2451, 4);
INSERT INTO way_nodes (way_id, node_id, version, sequence_id) VALUES (157, 2452, 1, 5);
INSERT INTO current_way_nodes (way_id, node_id, sequence_id) VALUES (157, 2452, 5);
INSERT INTO way_nodes (way_id, node_id, version, sequence_id) VALUES (157, 2453, 1, 6);
INSERT INTO current_way_nodes (way_id, node_id, sequence_id) VALUES (157, 2453, 6);
INSERT INTO way_nodes (way_id, node_id, version, sequence_id) VALUES (157, 2454, 1, 7);
INSERT INTO current_way_nodes (way_id, node_id, sequence_id) VALUES (157, 2454, 7);
INSERT INTO way_nodes (way_id, node_id, version, sequence_id) VALUES (157, 2455, 1, 8);
INSERT INTO current_way_nodes (way_id, node_id, sequence_id) VALUES (157, 2455, 8);
INSERT INTO way_nodes (way_id, node_id, version, sequence_id) VALUES (157, 2456, 1, 9);
INSERT INTO current_way_nodes (way_id, node_id, sequence_id) VALUES (157, 2456, 9);
INSERT INTO way_nodes (way_id, node_id, version, sequence_id) VALUES (157, 2457, 1, 10);
INSERT INTO current_way_nodes (way_id, node_id, sequence_id) VALUES (157, 2457, 10);
INSERT INTO way_nodes (way_id, node_id, version, sequence_id) VALUES (157, 2458, 1, 11);
INSERT INTO current_way_nodes (way_id, node_id, sequence_id) VALUES (157, 2458, 11);
INSERT INTO way_nodes (way_id, node_id, version, sequence_id) VALUES (157, 2459, 1, 12);
INSERT INTO current_way_nodes (way_id, node_id, sequence_id) VALUES (157, 2459, 12);
INSERT INTO way_nodes (way_id, node_id, version, sequence_id) VALUES (157, 70, 1, 13);
INSERT INTO current_way_nodes (way_id, node_id, sequence_id) VALUES (157, 70, 13);
/* modify way 206*/
INSERT INTO ways (way_id, changeset_id, visible, "timestamp", version) VALUES (206, 3, true, (now() at time zone 'utc'), 2);
UPDATE current_ways SET changeset_id=3, visible=true, "timestamp"=(now() at time zone 'utc'), version=2 WHERE id=206;
DELETE FROM current_way_tags WHERE way_id = 206;
DELETE FROM way_tags WHERE way_id = 206;
INSERT INTO current_way_tags (way_id, k, v) VALUES (206, 'accuracy', '5');
INSERT INTO way_tags (way_id, k, v, version) VALUES (206, 'accuracy', '5', 2);
INSERT INTO current_way_tags (way_id, k, v) VALUES (206, 'hoot:id', '206');
INSERT INTO way_tags (way_id, k, v, version) VALUES (206, 'hoot:id', '206', 2);
INSERT INTO current_way_tags (way_id, k, v) VALUES (206, 'hoot:status', '3');
INSERT INTO way_tags (way_id, k, v, version) VALUES (206, 'hoot:status', '3', 2);
INSERT INTO current_way_tags (way_id, k, v) VALUES (206, 'alt_name', 'Lincoln Memorial Cir');
INSERT INTO way_tags (way_id, k, v, version) VALUES (206, 'alt_name', 'Lincoln Memorial Cir', 2);
INSERT INTO current_way_tags (way_id, k, v) VALUES (206, 'name', 'LINCOLN MEMORIAL CIR NW');
INSERT INTO way_tags (way_id, k, v, version) VALUES (206, 'name', 'LINCOLN MEMORIAL CIR NW', 2);
INSERT INTO current_way_tags (way_id, k, v) VALUES (206, 'highway', 'road');
INSERT INTO way_tags (way_id, k, v, version) VALUES (206, 'highway', 'road', 2);
DELETE FROM current_way_nodes WHERE way_id = 206;
DELETE FROM way_nodes WHERE way_id = 206;
INSERT INTO way_nodes (way_id, node_id, version, sequence_id) VALUES (206, 4923, 1, 1);
INSERT INTO current_way_nodes (way_id, node_id, sequence_id) VALUES (206, 4923, 1);
INSERT INTO way_nodes (way_id, node_id, version, sequence_id) VALUES (206, 2839, 1, 2);
INSERT INTO current_way_nodes (way_id, node_id, sequence_id) VALUES (206, 2839, 2);
INSERT INTO way_nodes (way_id, node_id, version, sequence_id) VALUES (206, 2842, 1, 3);
INSERT INTO current_way_nodes (way_id, node_id, sequence_id) VALUES (206, 2842, 3);
INSERT INTO way_nodes (way_id, node_id, version, sequence_id) VALUES (206, 2845, 1, 4);
INSERT INTO current_way_nodes (way_id, node_id, sequence_id) VALUES (206, 2845, 4);
INSERT INTO way_nodes (way_id, node_id, version, sequence_id) VALUES (206, 2848, 1, 5);
INSERT INTO current_way_nodes (way_id, node_id, sequence_id) VALUES (206, 2848, 5);
INSERT INTO way_nodes (way_id, node_id, version, sequence_id) VALUES (206, 2852, 1, 6);
INSERT INTO current_way_nodes (way_id, node_id, sequence_id) VALUES (206, 2852, 6);
INSERT INTO way_nodes (way_id, node_id, version, sequence_id) VALUES (206, 2856, 1, 7);
INSERT INTO current_way_nodes (way_id, node_id, sequence_id) VALUES (206, 2856, 7);
INSERT INTO way_nodes (way_id, node_id, version, sequence_id) VALUES (206, 2860, 1, 8);
INSERT INTO current_way_nodes (way_id, node_id, sequence_id) VALUES (206, 2860, 8);
INSERT INTO way_nodes (way_id, node_id, version, sequence_id) VALUES (206, 2864, 1, 9);
INSERT INTO current_way_nodes (way_id, node_id, sequence_id) VALUES (206, 2864, 9);
INSERT INTO way_nodes (way_id, node_id, version, sequence_id) VALUES (206, 2868, 1, 10);
INSERT INTO current_way_nodes (way_id, node_id, sequence_id) VALUES (206, 2868, 10);
INSERT INTO way_nodes (way_id, node_id, version, sequence_id) VALUES (206, 2872, 1, 11);
INSERT INTO current_way_nodes (way_id, node_id, sequence_id) VALUES (206, 2872, 11);
INSERT INTO way_nodes (way_id, node_id, version, sequence_id) VALUES (206, 2876, 1, 12);
INSERT INTO current_way_nodes (way_id, node_id, sequence_id) VALUES (206, 2876, 12);
INSERT INTO way_nodes (way_id, node_id, version, sequence_id) VALUES (206, 2880, 1, 13);
INSERT INTO current_way_nodes (way_id, node_id, sequence_id) VALUES (206, 2880, 13);
INSERT INTO way_nodes (way_id, node_id, version, sequence_id) VALUES (206, 2884, 1, 14);
INSERT INTO current_way_nodes (way_id, node_id, sequence_id) VALUES (206, 2884, 14);
INSERT INTO way_nodes (way_id, node_id, version, sequence_id) VALUES (206, 2888, 1, 15);
INSERT INTO current_way_nodes (way_id, node_id, sequence_id) VALUES (206, 2888, 15);
INSERT INTO way_nodes (way_id, node_id, version, sequence_id) VALUES (206, 2892, 1, 16);
INSERT INTO current_way_nodes (way_id, node_id, sequence_id) VALUES (206, 2892, 16);
INSERT INTO way_nodes (way_id, node_id, version, sequence_id) VALUES (206, 2896, 1, 17);
INSERT INTO current_way_nodes (way_id, node_id, sequence_id) VALUES (206, 2896, 17);
INSERT INTO way_nodes (way_id, node_id, version, sequence_id) VALUES (206, 2899, 1, 18);
INSERT INTO current_way_nodes (way_id, node_id, sequence_id) VALUES (206, 2899, 18);
/* modify way 214*/
INSERT INTO ways (way_id, changeset_id, visible, "timestamp", version) VALUES (214, 3, true, (now() at time zone 'utc'), 2);
UPDATE current_ways SET changeset_id=3, visible=true, "timestamp"=(now() at time zone 'utc'), version=2 WHERE id=214;
DELETE FROM current_way_tags WHERE way_id = 214;
DELETE FROM way_tags WHERE way_id = 214;
INSERT INTO current_way_tags (way_id, k, v) VALUES (214, 'accuracy', '5');
INSERT INTO way_tags (way_id, k, v, version) VALUES (214, 'accuracy', '5', 2);
INSERT INTO current_way_tags (way_id, k, v) VALUES (214, 'hoot:id', '214');
INSERT INTO way_tags (way_id, k, v, version) VALUES (214, 'hoot:id', '214', 2);
INSERT INTO current_way_tags (way_id, k, v) VALUES (214, 'hoot:status', '3');
INSERT INTO way_tags (way_id, k, v, version) VALUES (214, 'hoot:status', '3', 2);
INSERT INTO current_way_tags (way_id, k, v) VALUES (214, 'name', 'OHIO DR SW');
INSERT INTO way_tags (way_id, k, v, version) VALUES (214, 'name', 'OHIO DR SW', 2);
INSERT INTO current_way_tags (way_id, k, v) VALUES (214, 'highway', 'road');
INSERT INTO way_tags (way_id, k, v, version) VALUES (214, 'highway', 'road', 2);
DELETE FROM current_way_nodes WHERE way_id = 214;
DELETE FROM way_nodes WHERE way_id = 214;
INSERT INTO way_nodes (way_id, node_id, version, sequence_id) VALUES (214, 3667, 1, 1);
INSERT INTO current_way_nodes (way_id, node_id, sequence_id) VALUES (214, 3667, 1);
INSERT INTO way_nodes (way_id, node_id, version, sequence_id) VALUES (214, 2078, 1, 2);
INSERT INTO current_way_nodes (way_id, node_id, sequence_id) VALUES (214, 2078, 2);
INSERT INTO way_nodes (way_id, node_id, version, sequence_id) VALUES (214, 2080, 1, 3);
INSERT INTO current_way_nodes (way_id, node_id, sequence_id) VALUES (214, 2080, 3);
INSERT INTO way_nodes (way_id, node_id, version, sequence_id) VALUES (214, 2082, 1, 4);
INSERT INTO current_way_nodes (way_id, node_id, sequence_id) VALUES (214, 2082, 4);
INSERT INTO way_nodes (way_id, node_id, version, sequence_id) VALUES (214, 2084, 1, 5);
INSERT INTO current_way_nodes (way_id, node_id, sequence_id) VALUES (214, 2084, 5);
INSERT INTO way_nodes (way_id, node_id, version, sequence_id) VALUES (214, 2086, 1, 6);
INSERT INTO current_way_nodes (way_id, node_id, sequence_id) VALUES (214, 2086, 6);
INSERT INTO way_nodes (way_id, node_id, version, sequence_id) VALUES (214, 2088, 1, 7);
INSERT INTO current_way_nodes (way_id, node_id, sequence_id) VALUES (214, 2088, 7);
INSERT INTO way_nodes (way_id, node_id, version, sequence_id) VALUES (214, 2090, 1, 8);
INSERT INTO current_way_nodes (way_id, node_id, sequence_id) VALUES (214, 2090, 8);
INSERT INTO way_nodes (way_id, node_id, version, sequence_id) VALUES (214, 2092, 1, 9);
INSERT INTO current_way_nodes (way_id, node_id, sequence_id) VALUES (214, 2092, 9);
INSERT INTO way_nodes (way_id, node_id, version, sequence_id) VALUES (214, 2094, 1, 10);
INSERT INTO current_way_nodes (way_id, node_id, sequence_id) VALUES (214, 2094, 10);
INSERT INTO way_nodes (way_id, node_id, version, sequence_id) VALUES (214, 2096, 1, 11);
INSERT INTO current_way_nodes (way_id, node_id, sequence_id) VALUES (214, 2096, 11);
INSERT INTO way_nodes (way_id, node_id, version, sequence_id) VALUES (214, 2098, 1, 12);
INSERT INTO current_way_nodes (way_id, node_id, sequence_id) VALUES (214, 2098, 12);
INSERT INTO way_nodes (way_id, node_id, version, sequence_id) VALUES (214, 2100, 1, 13);
INSERT INTO current_way_nodes (way_id, node_id, sequence_id) VALUES (214, 2100, 13);
INSERT INTO way_nodes (way_id, node_id, version, sequence_id) VALUES (214, 2102, 1, 14);
INSERT INTO current_way_nodes (way_id, node_id, sequence_id) VALUES (214, 2102, 14);
INSERT INTO way_nodes (way_id, node_id, version, sequence_id) VALUES (214, 2104, 1, 15);
INSERT INTO current_way_nodes (way_id, node_id, sequence_id) VALUES (214, 2104, 15);
INSERT INTO way_nodes (way_id, node_id, version, sequence_id) VALUES (214, 2106, 1, 16);
INSERT INTO current_way_nodes (way_id, node_id, sequence_id) VALUES (214, 2106, 16);
INSERT INTO way_nodes (way_id, node_id, version, sequence_id) VALUES (214, 2108, 1, 17);
INSERT INTO current_way_nodes (way_id, node_id, sequence_id) VALUES (214, 2108, 17);
INSERT INTO way_nodes (way_id, node_id, version, sequence_id) VALUES (214, 2110, 1, 18);
INSERT INTO current_way_nodes (way_id, node_id, sequence_id) VALUES (214, 2110, 18);
INSERT INTO way_nodes (way_id, node_id, version, sequence_id) VALUES (214, 2112, 1, 19);
INSERT INTO current_way_nodes (way_id, node_id, sequence_id) VALUES (214, 2112, 19);
INSERT INTO way_nodes (way_id, node_id, version, sequence_id) VALUES (214, 2114, 1, 20);
INSERT INTO current_way_nodes (way_id, node_id, sequence_id) VALUES (214, 2114, 20);
INSERT INTO way_nodes (way_id, node_id, version, sequence_id) VALUES (214, 4915, 1, 21);
INSERT INTO current_way_nodes (way_id, node_id, sequence_id) VALUES (214, 4915, 21);
/* modify way 225*/
INSERT INTO ways (way_id, changeset_id, visible, "timestamp", version) VALUES (225, 3, true, (now() at time zone 'utc'), 2);
UPDATE current_ways SET changeset_id=3, visible=true, "timestamp"=(now() at time zone 'utc'), version=2 WHERE id=225;
DELETE FROM current_way_tags WHERE way_id = 225;
DELETE FROM way_tags WHERE way_id = 225;
INSERT INTO current_way_tags (way_id, k, v) VALUES (225, 'accuracy', '5');
INSERT INTO way_tags (way_id, k, v, version) VALUES (225, 'accuracy', '5', 2);
INSERT INTO current_way_tags (way_id, k, v) VALUES (225, 'hoot:id', '225');
INSERT INTO way_tags (way_id, k, v, version) VALUES (225, 'hoot:id', '225', 2);
INSERT INTO current_way_tags (way_id, k, v) VALUES (225, 'hoot:status', '3');
INSERT INTO way_tags (way_id, k, v, version) VALUES (225, 'hoot:status', '3', 2);
INSERT INTO current_way_tags (way_id, k, v) VALUES (225, 'alt_name', 'Arlington Memorial Brg');
INSERT INTO way_tags (way_id, k, v, version) VALUES (225, 'alt_name', 'Arlington Memorial Brg', 2);
INSERT INTO current_way_tags (way_id, k, v) VALUES (225, 'name', 'ARLINGTON MEMORIAL BRG SW');
INSERT INTO way_tags (way_id, k, v, version) VALUES (225, 'name', 'ARLINGTON MEMORIAL BRG SW', 2);
INSERT INTO current_way_tags (way_id, k, v) VALUES (225, 'highway', 'road');
INSERT INTO way_tags (way_id, k, v, version) VALUES (225, 'highway', 'road', 2);
DELETE FROM current_way_nodes WHERE way_id = 225;
DELETE FROM way_nodes WHERE way_id = 225;
INSERT INTO way_nodes (way_id, node_id, version, sequence_id) VALUES (225, 1829, 1, 1);
INSERT INTO current_way_nodes (way_id, node_id, sequence_id) VALUES (225, 1829, 1);
INSERT INTO way_nodes (way_id, node_id, version, sequence_id) VALUES (225, 775, 1, 2);
INSERT INTO current_way_nodes (way_id, node_id, sequence_id) VALUES (225, 775, 2);
/* modify way 235*/
INSERT INTO ways (way_id, changeset_id, visible, "timestamp", version) VALUES (235, 3, true, (now() at time zone 'utc'), 2);
UPDATE current_ways SET changeset_id=3, visible=true, "timestamp"=(now() at time zone 'utc'), version=2 WHERE id=235;
DELETE FROM current_way_tags WHERE way_id = 235;
DELETE FROM way_tags WHERE way_id = 235;
INSERT INTO current_way_tags (way_id, k, v) VALUES (235, 'accuracy', '5');
INSERT INTO way_tags (way_id, k, v, version) VALUES (235, 'accuracy', '5', 2);
INSERT INTO current_way_tags (way_id, k, v) VALUES (235, 'hoot:id', '235');
INSERT INTO way_tags (way_id, k, v, version) VALUES (235, 'hoot:id', '235', 2);
INSERT INTO current_way_tags (way_id, k, v) VALUES (235, 'hoot:status', '3');
INSERT INTO way_tags (way_id, k, v, version) VALUES (235, 'hoot:status', '3', 2);
INSERT INTO current_way_tags (way_id, k, v) VALUES (235, 'alt_name', 'Ohio Dr SW');
INSERT INTO way_tags (way_id, k, v, version) VALUES (235, 'alt_name', 'Ohio Dr SW', 2);
INSERT INTO current_way_tags (way_id, k, v) VALUES (235, 'name', 'OHIO DR SW');
INSERT INTO way_tags (way_id, k, v, version) VALUES (235, 'name', 'OHIO DR SW', 2);
INSERT INTO current_way_tags (way_id, k, v) VALUES (235, 'highway', 'road');
INSERT INTO way_tags (way_id, k, v, version) VALUES (235, 'highway', 'road', 2);
DELETE FROM current_way_nodes WHERE way_id = 235;
DELETE FROM way_nodes WHERE way_id = 235;
INSERT INTO way_nodes (way_id, node_id, version, sequence_id) VALUES (235, 4927, 1, 1);
INSERT INTO current_way_nodes (way_id, node_id, sequence_id) VALUES (235, 4927, 1);
INSERT INTO way_nodes (way_id, node_id, version, sequence_id) VALUES (235, 744, 1, 2);
INSERT INTO current_way_nodes (way_id, node_id, sequence_id) VALUES (235, 744, 2);
INSERT INTO way_nodes (way_id, node_id, version, sequence_id) VALUES (235, 745, 1, 3);
INSERT INTO current_way_nodes (way_id, node_id, sequence_id) VALUES (235, 745, 3);
INSERT INTO way_nodes (way_id, node_id, version, sequence_id) VALUES (235, 746, 1, 4);
INSERT INTO current_way_nodes (way_id, node_id, sequence_id) VALUES (235, 746, 4);
INSERT INTO way_nodes (way_id, node_id, version, sequence_id) VALUES (235, 747, 1, 5);
INSERT INTO current_way_nodes (way_id, node_id, sequence_id) VALUES (235, 747, 5);
INSERT INTO way_nodes (way_id, node_id, version, sequence_id) VALUES (235, 748, 1, 6);
INSERT INTO current_way_nodes (way_id, node_id, sequence_id) VALUES (235, 748, 6);
INSERT INTO way_nodes (way_id, node_id, version, sequence_id) VALUES (235, 749, 1, 7);
INSERT INTO current_way_nodes (way_id, node_id, sequence_id) VALUES (235, 749, 7);
INSERT INTO way_nodes (way_id, node_id, version, sequence_id) VALUES (235, 750, 1, 8);
INSERT INTO current_way_nodes (way_id, node_id, sequence_id) VALUES (235, 750, 8);
INSERT INTO way_nodes (way_id, node_id, version, sequence_id) VALUES (235, 751, 1, 9);
INSERT INTO current_way_nodes (way_id, node_id, sequence_id) VALUES (235, 751, 9);
INSERT INTO way_nodes (way_id, node_id, version, sequence_id) VALUES (235, 752, 1, 10);
INSERT INTO current_way_nodes (way_id, node_id, sequence_id) VALUES (235, 752, 10);
INSERT INTO way_nodes (way_id, node_id, version, sequence_id) VALUES (235, 753, 1, 11);
INSERT INTO current_way_nodes (way_id, node_id, sequence_id) VALUES (235, 753, 11);
INSERT INTO way_nodes (way_id, node_id, version, sequence_id) VALUES (235, 754, 1, 12);
INSERT INTO current_way_nodes (way_id, node_id, sequence_id) VALUES (235, 754, 12);
INSERT INTO way_nodes (way_id, node_id, version, sequence_id) VALUES (235, 755, 1, 13);
INSERT INTO current_way_nodes (way_id, node_id, sequence_id) VALUES (235, 755, 13);
INSERT INTO way_nodes (way_id, node_id, version, sequence_id) VALUES (235, 4926, 1, 14);
INSERT INTO current_way_nodes (way_id, node_id, sequence_id) VALUES (235, 4926, 14);
/* modify way 267*/
INSERT INTO ways (way_id, changeset_id, visible, "timestamp", version) VALUES (267, 3, true, (now() at time zone 'utc'), 2);
UPDATE current_ways SET changeset_id=3, visible=true, "timestamp"=(now() at time zone 'utc'), version=2 WHERE id=267;
DELETE FROM current_way_tags WHERE way_id = 267;
DELETE FROM way_tags WHERE way_id = 267;
INSERT INTO current_way_tags (way_id, k, v) VALUES (267, 'accuracy', '5');
INSERT INTO way_tags (way_id, k, v, version) VALUES (267, 'accuracy', '5', 2);
INSERT INTO current_way_tags (way_id, k, v) VALUES (267, 'hoot:id', '267');
INSERT INTO way_tags (way_id, k, v, version) VALUES (267, 'hoot:id', '267', 2);
INSERT INTO current_way_tags (way_id, k, v) VALUES (267, 'hoot:status', '3');
INSERT INTO way_tags (way_id, k, v, version) VALUES (267, 'hoot:status', '3', 2);
INSERT INTO current_way_tags (way_id, k, v) VALUES (267, 'name', 'INTERSTATE 66  BN');
INSERT INTO way_tags (way_id, k, v, version) VALUES (267, 'name', 'INTERSTATE 66  BN', 2);
INSERT INTO current_way_tags (way_id, k, v) VALUES (267, 'highway', 'motorway');
INSERT INTO way_tags (way_id, k, v, version) VALUES (267, 'highway', 'motorway', 2);
DELETE FROM current_way_nodes WHERE way_id = 267;
DELETE FROM way_nodes WHERE way_id = 267;
INSERT INTO way_nodes (way_id, node_id, version, sequence_id) VALUES (267, 4921, 1, 1);
INSERT INTO current_way_nodes (way_id, node_id, sequence_id) VALUES (267, 4921, 1);
INSERT INTO way_nodes (way_id, node_id, version, sequence_id) VALUES (267, 1538, 1, 2);
INSERT INTO current_way_nodes (way_id, node_id, sequence_id) VALUES (267, 1538, 2);
INSERT INTO way_nodes (way_id, node_id, version, sequence_id) VALUES (267, 1540, 1, 3);
INSERT INTO current_way_nodes (way_id, node_id, sequence_id) VALUES (267, 1540, 3);
INSERT INTO way_nodes (way_id, node_id, version, sequence_id) VALUES (267, 1542, 1, 4);
INSERT INTO current_way_nodes (way_id, node_id, sequence_id) VALUES (267, 1542, 4);
INSERT INTO way_nodes (way_id, node_id, version, sequence_id) VALUES (267, 1544, 1, 5);
INSERT INTO current_way_nodes (way_id, node_id, sequence_id) VALUES (267, 1544, 5);
INSERT INTO way_nodes (way_id, node_id, version, sequence_id) VALUES (267, 1546, 1, 6);
INSERT INTO current_way_nodes (way_id, node_id, sequence_id) VALUES (267, 1546, 6);
INSERT INTO way_nodes (way_id, node_id, version, sequence_id) VALUES (267, 1548, 1, 7);
INSERT INTO current_way_nodes (way_id, node_id, sequence_id) VALUES (267, 1548, 7);
INSERT INTO way_nodes (way_id, node_id, version, sequence_id) VALUES (267, 1550, 1, 8);
INSERT INTO current_way_nodes (way_id, node_id, sequence_id) VALUES (267, 1550, 8);
INSERT INTO way_nodes (way_id, node_id, version, sequence_id) VALUES (267, 1552, 1, 9);
INSERT INTO current_way_nodes (way_id, node_id, sequence_id) VALUES (267, 1552, 9);
INSERT INTO way_nodes (way_id, node_id, version, sequence_id) VALUES (267, 1554, 1, 10);
INSERT INTO current_way_nodes (way_id, node_id, sequence_id) VALUES (267, 1554, 10);
INSERT INTO way_nodes (way_id, node_id, version, sequence_id) VALUES (267, 1556, 1, 11);
INSERT INTO current_way_nodes (way_id, node_id, sequence_id) VALUES (267, 1556, 11);
INSERT INTO way_nodes (way_id, node_id, version, sequence_id) VALUES (267, 1558, 1, 12);
INSERT INTO current_way_nodes (way_id, node_id, sequence_id) VALUES (267, 1558, 12);
INSERT INTO way_nodes (way_id, node_id, version, sequence_id) VALUES (267, 1560, 1, 13);
INSERT INTO current_way_nodes (way_id, node_id, sequence_id) VALUES (267, 1560, 13);
INSERT INTO way_nodes (way_id, node_id, version, sequence_id) VALUES (267, 1562, 1, 14);
INSERT INTO current_way_nodes (way_id, node_id, sequence_id) VALUES (267, 1562, 14);
INSERT INTO way_nodes (way_id, node_id, version, sequence_id) VALUES (267, 1564, 1, 15);
INSERT INTO current_way_nodes (way_id, node_id, sequence_id) VALUES (267, 1564, 15);
INSERT INTO way_nodes (way_id, node_id, version, sequence_id) VALUES (267, 1566, 1, 16);
INSERT INTO current_way_nodes (way_id, node_id, sequence_id) VALUES (267, 1566, 16);
INSERT INTO way_nodes (way_id, node_id, version, sequence_id) VALUES (267, 1568, 1, 17);
INSERT INTO current_way_nodes (way_id, node_id, sequence_id) VALUES (267, 1568, 17);
INSERT INTO way_nodes (way_id, node_id, version, sequence_id) VALUES (267, 1570, 1, 18);
INSERT INTO current_way_nodes (way_id, node_id, sequence_id) VALUES (267, 1570, 18);
INSERT INTO way_nodes (way_id, node_id, version, sequence_id) VALUES (267, 1572, 1, 19);
INSERT INTO current_way_nodes (way_id, node_id, sequence_id) VALUES (267, 1572, 19);
INSERT INTO way_nodes (way_id, node_id, version, sequence_id) VALUES (267, 1574, 1, 20);
INSERT INTO current_way_nodes (way_id, node_id, sequence_id) VALUES (267, 1574, 20);
INSERT INTO way_nodes (way_id, node_id, version, sequence_id) VALUES (267, 1576, 1, 21);
INSERT INTO current_way_nodes (way_id, node_id, sequence_id) VALUES (267, 1576, 21);
INSERT INTO way_nodes (way_id, node_id, version, sequence_id) VALUES (267, 1578, 1, 22);
INSERT INTO current_way_nodes (way_id, node_id, sequence_id) VALUES (267, 1578, 22);
INSERT INTO way_nodes (way_id, node_id, version, sequence_id) VALUES (267, 1580, 1, 23);
INSERT INTO current_way_nodes (way_id, node_id, sequence_id) VALUES (267, 1580, 23);
INSERT INTO way_nodes (way_id, node_id, version, sequence_id) VALUES (267, 1582, 1, 24);
INSERT INTO current_way_nodes (way_id, node_id, sequence_id) VALUES (267, 1582, 24);
INSERT INTO way_nodes (way_id, node_id, version, sequence_id) VALUES (267, 1584, 1, 25);
INSERT INTO current_way_nodes (way_id, node_id, sequence_id) VALUES (267, 1584, 25);
INSERT INTO way_nodes (way_id, node_id, version, sequence_id) VALUES (267, 1586, 1, 26);
INSERT INTO current_way_nodes (way_id, node_id, sequence_id) VALUES (267, 1586, 26);
INSERT INTO way_nodes (way_id, node_id, version, sequence_id) VALUES (267, 1588, 1, 27);
INSERT INTO current_way_nodes (way_id, node_id, sequence_id) VALUES (267, 1588, 27);
INSERT INTO way_nodes (way_id, node_id, version, sequence_id) VALUES (267, 1590, 1, 28);
INSERT INTO current_way_nodes (way_id, node_id, sequence_id) VALUES (267, 1590, 28);
INSERT INTO way_nodes (way_id, node_id, version, sequence_id) VALUES (267, 4920, 1, 29);
INSERT INTO current_way_nodes (way_id, node_id, sequence_id) VALUES (267, 4920, 29);
/* modify way 270*/
INSERT INTO ways (way_id, changeset_id, visible, "timestamp", version) VALUES (270, 3, true, (now() at time zone 'utc'), 2);
UPDATE current_ways SET changeset_id=3, visible=true, "timestamp"=(now() at time zone 'utc'), version=2 WHERE id=270;
DELETE FROM current_way_tags WHERE way_id = 270;
DELETE FROM way_tags WHERE way_id = 270;
INSERT INTO current_way_tags (way_id, k, v) VALUES (270, 'accuracy', '5');
INSERT INTO way_tags (way_id, k, v, version) VALUES (270, 'accuracy', '5', 2);
INSERT INTO current_way_tags (way_id, k, v) VALUES (270, 'hoot:id', '270');
INSERT INTO way_tags (way_id, k, v, version) VALUES (270, 'hoot:id', '270', 2);
INSERT INTO current_way_tags (way_id, k, v) VALUES (270, 'hoot:status', '3');
INSERT INTO way_tags (way_id, k, v, version) VALUES (270, 'hoot:status', '3', 2);
INSERT INTO current_way_tags (way_id, k, v) VALUES (270, 'name', 'INTERSTATE 66  BN');
INSERT INTO way_tags (way_id, k, v, version) VALUES (270, 'name', 'INTERSTATE 66  BN', 2);
INSERT INTO current_way_tags (way_id, k, v) VALUES (270, 'highway', 'motorway');
INSERT INTO way_tags (way_id, k, v, version) VALUES (270, 'highway', 'motorway', 2);
DELETE FROM current_way_nodes WHERE way_id = 270;
DELETE FROM way_nodes WHERE way_id = 270;
INSERT INTO way_nodes (way_id, node_id, version, sequence_id) VALUES (270, 4913, 1, 1);
INSERT INTO current_way_nodes (way_id, node_id, sequence_id) VALUES (270, 4913, 1);
INSERT INTO way_nodes (way_id, node_id, version, sequence_id) VALUES (270, 1683, 1, 2);
INSERT INTO current_way_nodes (way_id, node_id, sequence_id) VALUES (270, 1683, 2);
INSERT INTO way_nodes (way_id, node_id, version, sequence_id) VALUES (270, 1685, 1, 3);
INSERT INTO current_way_nodes (way_id, node_id, sequence_id) VALUES (270, 1685, 3);
INSERT INTO way_nodes (way_id, node_id, version, sequence_id) VALUES (270, 1687, 1, 4);
INSERT INTO current_way_nodes (way_id, node_id, sequence_id) VALUES (270, 1687, 4);
INSERT INTO way_nodes (way_id, node_id, version, sequence_id) VALUES (270, 1689, 1, 5);
INSERT INTO current_way_nodes (way_id, node_id, sequence_id) VALUES (270, 1689, 5);
INSERT INTO way_nodes (way_id, node_id, version, sequence_id) VALUES (270, 1691, 1, 6);
INSERT INTO current_way_nodes (way_id, node_id, sequence_id) VALUES (270, 1691, 6);
INSERT INTO way_nodes (way_id, node_id, version, sequence_id) VALUES (270, 1693, 1, 7);
INSERT INTO current_way_nodes (way_id, node_id, sequence_id) VALUES (270, 1693, 7);
INSERT INTO way_nodes (way_id, node_id, version, sequence_id) VALUES (270, 1695, 1, 8);
INSERT INTO current_way_nodes (way_id, node_id, sequence_id) VALUES (270, 1695, 8);
INSERT INTO way_nodes (way_id, node_id, version, sequence_id) VALUES (270, 1697, 1, 9);
INSERT INTO current_way_nodes (way_id, node_id, sequence_id) VALUES (270, 1697, 9);
INSERT INTO way_nodes (way_id, node_id, version, sequence_id) VALUES (270, 1699, 1, 10);
INSERT INTO current_way_nodes (way_id, node_id, sequence_id) VALUES (270, 1699, 10);
INSERT INTO way_nodes (way_id, node_id, version, sequence_id) VALUES (270, 1701, 1, 11);
INSERT INTO current_way_nodes (way_id, node_id, sequence_id) VALUES (270, 1701, 11);
INSERT INTO way_nodes (way_id, node_id, version, sequence_id) VALUES (270, 1703, 1, 12);
INSERT INTO current_way_nodes (way_id, node_id, sequence_id) VALUES (270, 1703, 12);
INSERT INTO way_nodes (way_id, node_id, version, sequence_id) VALUES (270, 1705, 1, 13);
INSERT INTO current_way_nodes (way_id, node_id, sequence_id) VALUES (270, 1705, 13);
INSERT INTO way_nodes (way_id, node_id, version, sequence_id) VALUES (270, 1707, 1, 14);
INSERT INTO current_way_nodes (way_id, node_id, sequence_id) VALUES (270, 1707, 14);
INSERT INTO way_nodes (way_id, node_id, version, sequence_id) VALUES (270, 1709, 1, 15);
INSERT INTO current_way_nodes (way_id, node_id, sequence_id) VALUES (270, 1709, 15);
INSERT INTO way_nodes (way_id, node_id, version, sequence_id) VALUES (270, 102, 1, 16);
INSERT INTO current_way_nodes (way_id, node_id, sequence_id) VALUES (270, 102, 16);
INSERT INTO way_nodes (way_id, node_id, version, sequence_id) VALUES (270, 1711, 1, 17);
INSERT INTO current_way_nodes (way_id, node_id, sequence_id) VALUES (270, 1711, 17);
INSERT INTO way_nodes (way_id, node_id, version, sequence_id) VALUES (270, 1713, 1, 18);
INSERT INTO current_way_nodes (way_id, node_id, sequence_id) VALUES (270, 1713, 18);
INSERT INTO way_nodes (way_id, node_id, version, sequence_id) VALUES (270, 1715, 1, 19);
INSERT INTO current_way_nodes (way_id, node_id, sequence_id) VALUES (270, 1715, 19);
INSERT INTO way_nodes (way_id, node_id, version, sequence_id) VALUES (270, 1717, 1, 20);
INSERT INTO current_way_nodes (way_id, node_id, sequence_id) VALUES (270, 1717, 20);
INSERT INTO way_nodes (way_id, node_id, version, sequence_id) VALUES (270, 375, 1, 21);
INSERT INTO current_way_nodes (way_id, node_id, sequence_id) VALUES (270, 375, 21);
INSERT INTO way_nodes (way_id, node_id, version, sequence_id) VALUES (270, 1719, 1, 22);
INSERT INTO current_way_nodes (way_id, node_id, sequence_id) VALUES (270, 1719, 22);
INSERT INTO way_nodes (way_id, node_id, version, sequence_id) VALUES (270, 1721, 1, 23);
INSERT INTO current_way_nodes (way_id, node_id, sequence_id) VALUES (270, 1721, 23);
INSERT INTO way_nodes (way_id, node_id, version, sequence_id) VALUES (270, 1723, 1, 24);
INSERT INTO current_way_nodes (way_id, node_id, sequence_id) VALUES (270, 1723, 24);
INSERT INTO way_nodes (way_id, node_id, version, sequence_id) VALUES (270, 1725, 1, 25);
INSERT INTO current_way_nodes (way_id, node_id, sequence_id) VALUES (270, 1725, 25);
INSERT INTO way_nodes (way_id, node_id, version, sequence_id) VALUES (270, 1727, 1, 26);
INSERT INTO current_way_nodes (way_id, node_id, sequence_id) VALUES (270, 1727, 26);
INSERT INTO way_nodes (way_id, node_id, version, sequence_id) VALUES (270, 1729, 1, 27);
INSERT INTO current_way_nodes (way_id, node_id, sequence_id) VALUES (270, 1729, 27);
INSERT INTO way_nodes (way_id, node_id, version, sequence_id) VALUES (270, 1731, 1, 28);
INSERT INTO current_way_nodes (way_id, node_id, sequence_id) VALUES (270, 1731, 28);
INSERT INTO way_nodes (way_id, node_id, version, sequence_id) VALUES (270, 1733, 1, 29);
INSERT INTO current_way_nodes (way_id, node_id, sequence_id) VALUES (270, 1733, 29);
INSERT INTO way_nodes (way_id, node_id, version, sequence_id) VALUES (270, 1735, 1, 30);
INSERT INTO current_way_nodes (way_id, node_id, sequence_id) VALUES (270, 1735, 30);
INSERT INTO way_nodes (way_id, node_id, version, sequence_id) VALUES (270, 1737, 1, 31);
INSERT INTO current_way_nodes (way_id, node_id, sequence_id) VALUES (270, 1737, 31);
INSERT INTO way_nodes (way_id, node_id, version, sequence_id) VALUES (270, 1738, 1, 32);
INSERT INTO current_way_nodes (way_id, node_id, sequence_id) VALUES (270, 1738, 32);
INSERT INTO way_nodes (way_id, node_id, version, sequence_id) VALUES (270, 1739, 1, 33);
INSERT INTO current_way_nodes (way_id, node_id, sequence_id) VALUES (270, 1739, 33);
INSERT INTO way_nodes (way_id, node_id, version, sequence_id) VALUES (270, 1740, 1, 34);
INSERT INTO current_way_nodes (way_id, node_id, sequence_id) VALUES (270, 1740, 34);
INSERT INTO way_nodes (way_id, node_id, version, sequence_id) VALUES (270, 1316, 1, 35);
INSERT INTO current_way_nodes (way_id, node_id, sequence_id) VALUES (270, 1316, 35);
INSERT INTO way_nodes (way_id, node_id, version, sequence_id) VALUES (270, 1741, 1, 36);
INSERT INTO current_way_nodes (way_id, node_id, sequence_id) VALUES (270, 1741, 36);
INSERT INTO way_nodes (way_id, node_id, version, sequence_id) VALUES (270, 1742, 1, 37);
INSERT INTO current_way_nodes (way_id, node_id, sequence_id) VALUES (270, 1742, 37);
INSERT INTO way_nodes (way_id, node_id, version, sequence_id) VALUES (270, 1743, 1, 38);
INSERT INTO current_way_nodes (way_id, node_id, sequence_id) VALUES (270, 1743, 38);
INSERT INTO way_nodes (way_id, node_id, version, sequence_id) VALUES (270, 1744, 1, 39);
INSERT INTO current_way_nodes (way_id, node_id, sequence_id) VALUES (270, 1744, 39);
INSERT INTO way_nodes (way_id, node_id, version, sequence_id) VALUES (270, 1745, 1, 40);
INSERT INTO current_way_nodes (way_id, node_id, sequence_id) VALUES (270, 1745, 40);
INSERT INTO way_nodes (way_id, node_id, version, sequence_id) VALUES (270, 1746, 1, 41);
INSERT INTO current_way_nodes (way_id, node_id, sequence_id) VALUES (270, 1746, 41);
INSERT INTO way_nodes (way_id, node_id, version, sequence_id) VALUES (270, 1747, 1, 42);
INSERT INTO current_way_nodes (way_id, node_id, sequence_id) VALUES (270, 1747, 42);
INSERT INTO way_nodes (way_id, node_id, version, sequence_id) VALUES (270, 1748, 1, 43);
INSERT INTO current_way_nodes (way_id, node_id, sequence_id) VALUES (270, 1748, 43);
INSERT INTO way_nodes (way_id, node_id, version, sequence_id) VALUES (270, 1749, 1, 44);
INSERT INTO current_way_nodes (way_id, node_id, sequence_id) VALUES (270, 1749, 44);
INSERT INTO way_nodes (way_id, node_id, version, sequence_id) VALUES (270, 1750, 1, 45);
INSERT INTO current_way_nodes (way_id, node_id, sequence_id) VALUES (270, 1750, 45);
INSERT INTO way_nodes (way_id, node_id, version, sequence_id) VALUES (270, 1751, 1, 46);
INSERT INTO current_way_nodes (way_id, node_id, sequence_id) VALUES (270, 1751, 46);
INSERT INTO way_nodes (way_id, node_id, version, sequence_id) VALUES (270, 1752, 1, 47);
INSERT INTO current_way_nodes (way_id, node_id, sequence_id) VALUES (270, 1752, 47);
INSERT INTO way_nodes (way_id, node_id, version, sequence_id) VALUES (270, 1753, 1, 48);
INSERT INTO current_way_nodes (way_id, node_id, sequence_id) VALUES (270, 1753, 48);
INSERT INTO way_nodes (way_id, node_id, version, sequence_id) VALUES (270, 1754, 1, 49);
INSERT INTO current_way_nodes (way_id, node_id, sequence_id) VALUES (270, 1754, 49);
INSERT INTO way_nodes (way_id, node_id, version, sequence_id) VALUES (270, 1755, 1, 50);
INSERT INTO current_way_nodes (way_id, node_id, sequence_id) VALUES (270, 1755, 50);
INSERT INTO way_nodes (way_id, node_id, version, sequence_id) VALUES (270, 1756, 1, 51);
INSERT INTO current_way_nodes (way_id, node_id, sequence_id) VALUES (270, 1756, 51);
INSERT INTO way_nodes (way_id, node_id, version, sequence_id) VALUES (270, 1757, 1, 52);
INSERT INTO current_way_nodes (way_id, node_id, sequence_id) VALUES (270, 1757, 52);
INSERT INTO way_nodes (way_id, node_id, version, sequence_id) VALUES (270, 1758, 1, 53);
INSERT INTO current_way_nodes (way_id, node_id, sequence_id) VALUES (270, 1758, 53);
INSERT INTO way_nodes (way_id, node_id, version, sequence_id) VALUES (270, 1759, 1, 54);
INSERT INTO current_way_nodes (way_id, node_id, sequence_id) VALUES (270, 1759, 54);
INSERT INTO way_nodes (way_id, node_id, version, sequence_id) VALUES (270, 1760, 1, 55);
INSERT INTO current_way_nodes (way_id, node_id, sequence_id) VALUES (270, 1760, 55);
INSERT INTO way_nodes (way_id, node_id, version, sequence_id) VALUES (270, 1761, 1, 56);
INSERT INTO current_way_nodes (way_id, node_id, sequence_id) VALUES (270, 1761, 56);
INSERT INTO way_nodes (way_id, node_id, version, sequence_id) VALUES (270, 1762, 1, 57);
INSERT INTO current_way_nodes (way_id, node_id, sequence_id) VALUES (270, 1762, 57);
INSERT INTO way_nodes (way_id, node_id, version, sequence_id) VALUES (270, 1763, 1, 58);
INSERT INTO current_way_nodes (way_id, node_id, sequence_id) VALUES (270, 1763, 58);
INSERT INTO way_nodes (way_id, node_id, version, sequence_id) VALUES (270, 1764, 1, 59);
INSERT INTO current_way_nodes (way_id, node_id, sequence_id) VALUES (270, 1764, 59);
INSERT INTO way_nodes (way_id, node_id, version, sequence_id) VALUES (270, 1765, 1, 60);
INSERT INTO current_way_nodes (way_id, node_id, sequence_id) VALUES (270, 1765, 60);
INSERT INTO way_nodes (way_id, node_id, version, sequence_id) VALUES (270, 1766, 1, 61);
INSERT INTO current_way_nodes (way_id, node_id, sequence_id) VALUES (270, 1766, 61);
INSERT INTO way_nodes (way_id, node_id, version, sequence_id) VALUES (270, 1767, 1, 62);
INSERT INTO current_way_nodes (way_id, node_id, sequence_id) VALUES (270, 1767, 62);
INSERT INTO way_nodes (way_id, node_id, version, sequence_id) VALUES (270, 1768, 1, 63);
INSERT INTO current_way_nodes (way_id, node_id, sequence_id) VALUES (270, 1768, 63);
INSERT INTO way_nodes (way_id, node_id, version, sequence_id) VALUES (270, 1769, 1, 64);
INSERT INTO current_way_nodes (way_id, node_id, sequence_id) VALUES (270, 1769, 64);
INSERT INTO way_nodes (way_id, node_id, version, sequence_id) VALUES (270, 1770, 1, 65);
INSERT INTO current_way_nodes (way_id, node_id, sequence_id) VALUES (270, 1770, 65);
INSERT INTO way_nodes (way_id, node_id, version, sequence_id) VALUES (270, 1771, 1, 66);
INSERT INTO current_way_nodes (way_id, node_id, sequence_id) VALUES (270, 1771, 66);
INSERT INTO way_nodes (way_id, node_id, version, sequence_id) VALUES (270, 1772, 1, 67);
INSERT INTO current_way_nodes (way_id, node_id, sequence_id) VALUES (270, 1772, 67);
INSERT INTO way_nodes (way_id, node_id, version, sequence_id) VALUES (270, 1773, 1, 68);
INSERT INTO current_way_nodes (way_id, node_id, sequence_id) VALUES (270, 1773, 68);
INSERT INTO way_nodes (way_id, node_id, version, sequence_id) VALUES (270, 1774, 1, 69);
INSERT INTO current_way_nodes (way_id, node_id, sequence_id) VALUES (270, 1774, 69);
INSERT INTO way_nodes (way_id, node_id, version, sequence_id) VALUES (270, 1775, 1, 70);
INSERT INTO current_way_nodes (way_id, node_id, sequence_id) VALUES (270, 1775, 70);
INSERT INTO way_nodes (way_id, node_id, version, sequence_id) VALUES (270, 1776, 1, 71);
INSERT INTO current_way_nodes (way_id, node_id, sequence_id) VALUES (270, 1776, 71);
INSERT INTO way_nodes (way_id, node_id, version, sequence_id) VALUES (270, 1777, 1, 72);
INSERT INTO current_way_nodes (way_id, node_id, sequence_id) VALUES (270, 1777, 72);
INSERT INTO way_nodes (way_id, node_id, version, sequence_id) VALUES (270, 1778, 1, 73);
INSERT INTO current_way_nodes (way_id, node_id, sequence_id) VALUES (270, 1778, 73);
INSERT INTO way_nodes (way_id, node_id, version, sequence_id) VALUES (270, 1779, 1, 74);
INSERT INTO current_way_nodes (way_id, node_id, sequence_id) VALUES (270, 1779, 74);
INSERT INTO way_nodes (way_id, node_id, version, sequence_id) VALUES (270, 1780, 1, 75);
INSERT INTO current_way_nodes (way_id, node_id, sequence_id) VALUES (270, 1780, 75);
INSERT INTO way_nodes (way_id, node_id, version, sequence_id) VALUES (270, 1781, 1, 76);
INSERT INTO current_way_nodes (way_id, node_id, sequence_id) VALUES (270, 1781, 76);
INSERT INTO way_nodes (way_id, node_id, version, sequence_id) VALUES (270, 1782, 1, 77);
INSERT INTO current_way_nodes (way_id, node_id, sequence_id) VALUES (270, 1782, 77);
INSERT INTO way_nodes (way_id, node_id, version, sequence_id) VALUES (270, 1783, 1, 78);
INSERT INTO current_way_nodes (way_id, node_id, sequence_id) VALUES (270, 1783, 78);
INSERT INTO way_nodes (way_id, node_id, version, sequence_id) VALUES (270, 1569, 1, 79);
INSERT INTO current_way_nodes (way_id, node_id, sequence_id) VALUES (270, 1569, 79);
INSERT INTO way_nodes (way_id, node_id, version, sequence_id) VALUES (270, 1784, 1, 80);
INSERT INTO current_way_nodes (way_id, node_id, sequence_id) VALUES (270, 1784, 80);
INSERT INTO way_nodes (way_id, node_id, version, sequence_id) VALUES (270, 1785, 1, 81);
INSERT INTO current_way_nodes (way_id, node_id, sequence_id) VALUES (270, 1785, 81);
INSERT INTO way_nodes (way_id, node_id, version, sequence_id) VALUES (270, 1786, 1, 82);
INSERT INTO current_way_nodes (way_id, node_id, sequence_id) VALUES (270, 1786, 82);
INSERT INTO way_nodes (way_id, node_id, version, sequence_id) VALUES (270, 1787, 1, 83);
INSERT INTO current_way_nodes (way_id, node_id, sequence_id) VALUES (270, 1787, 83);
INSERT INTO way_nodes (way_id, node_id, version, sequence_id) VALUES (270, 1788, 1, 84);
INSERT INTO current_way_nodes (way_id, node_id, sequence_id) VALUES (270, 1788, 84);
INSERT INTO way_nodes (way_id, node_id, version, sequence_id) VALUES (270, 1789, 1, 85);
INSERT INTO current_way_nodes (way_id, node_id, sequence_id) VALUES (270, 1789, 85);
INSERT INTO way_nodes (way_id, node_id, version, sequence_id) VALUES (270, 1790, 1, 86);
INSERT INTO current_way_nodes (way_id, node_id, sequence_id) VALUES (270, 1790, 86);
INSERT INTO way_nodes (way_id, node_id, version, sequence_id) VALUES (270, 1421, 1, 87);
INSERT INTO current_way_nodes (way_id, node_id, sequence_id) VALUES (270, 1421, 87);
INSERT INTO way_nodes (way_id, node_id, version, sequence_id) VALUES (270, 1791, 1, 88);
INSERT INTO current_way_nodes (way_id, node_id, sequence_id) VALUES (270, 1791, 88);
INSERT INTO way_nodes (way_id, node_id, version, sequence_id) VALUES (270, 1792, 1, 89);
INSERT INTO current_way_nodes (way_id, node_id, sequence_id) VALUES (270, 1792, 89);
INSERT INTO way_nodes (way_id, node_id, version, sequence_id) VALUES (270, 1793, 1, 90);
INSERT INTO current_way_nodes (way_id, node_id, sequence_id) VALUES (270, 1793, 90);
INSERT INTO way_nodes (way_id, node_id, version, sequence_id) VALUES (270, 1794, 1, 91);
INSERT INTO current_way_nodes (way_id, node_id, sequence_id) VALUES (270, 1794, 91);
INSERT INTO way_nodes (way_id, node_id, version, sequence_id) VALUES (270, 1795, 1, 92);
INSERT INTO current_way_nodes (way_id, node_id, sequence_id) VALUES (270, 1795, 92);
INSERT INTO way_nodes (way_id, node_id, version, sequence_id) VALUES (270, 1796, 1, 93);
INSERT INTO current_way_nodes (way_id, node_id, sequence_id) VALUES (270, 1796, 93);
INSERT INTO way_nodes (way_id, node_id, version, sequence_id) VALUES (270, 1797, 1, 94);
INSERT INTO current_way_nodes (way_id, node_id, sequence_id) VALUES (270, 1797, 94);
INSERT INTO way_nodes (way_id, node_id, version, sequence_id) VALUES (270, 1798, 1, 95);
INSERT INTO current_way_nodes (way_id, node_id, sequence_id) VALUES (270, 1798, 95);
INSERT INTO way_nodes (way_id, node_id, version, sequence_id) VALUES (270, 1799, 1, 96);
INSERT INTO current_way_nodes (way_id, node_id, sequence_id) VALUES (270, 1799, 96);
INSERT INTO way_nodes (way_id, node_id, version, sequence_id) VALUES (270, 1800, 1, 97);
INSERT INTO current_way_nodes (way_id, node_id, sequence_id) VALUES (270, 1800, 97);
INSERT INTO way_nodes (way_id, node_id, version, sequence_id) VALUES (270, 1801, 1, 98);
INSERT INTO current_way_nodes (way_id, node_id, sequence_id) VALUES (270, 1801, 98);
INSERT INTO way_nodes (way_id, node_id, version, sequence_id) VALUES (270, 1802, 1, 99);
INSERT INTO current_way_nodes (way_id, node_id, sequence_id) VALUES (270, 1802, 99);
INSERT INTO way_nodes (way_id, node_id, version, sequence_id) VALUES (270, 1803, 1, 100);
INSERT INTO current_way_nodes (way_id, node_id, sequence_id) VALUES (270, 1803, 100);
INSERT INTO way_nodes (way_id, node_id, version, sequence_id) VALUES (270, 1804, 1, 101);
INSERT INTO current_way_nodes (way_id, node_id, sequence_id) VALUES (270, 1804, 101);
INSERT INTO way_nodes (way_id, node_id, version, sequence_id) VALUES (270, 1805, 1, 102);
INSERT INTO current_way_nodes (way_id, node_id, sequence_id) VALUES (270, 1805, 102);
INSERT INTO way_nodes (way_id, node_id, version, sequence_id) VALUES (270, 1806, 1, 103);
INSERT INTO current_way_nodes (way_id, node_id, sequence_id) VALUES (270, 1806, 103);
INSERT INTO way_nodes (way_id, node_id, version, sequence_id) VALUES (270, 1807, 1, 104);
INSERT INTO current_way_nodes (way_id, node_id, sequence_id) VALUES (270, 1807, 104);
INSERT INTO way_nodes (way_id, node_id, version, sequence_id) VALUES (270, 1808, 1, 105);
INSERT INTO current_way_nodes (way_id, node_id, sequence_id) VALUES (270, 1808, 105);
INSERT INTO way_nodes (way_id, node_id, version, sequence_id) VALUES (270, 1809, 1, 106);
INSERT INTO current_way_nodes (way_id, node_id, sequence_id) VALUES (270, 1809, 106);
INSERT INTO way_nodes (way_id, node_id, version, sequence_id) VALUES (270, 1810, 1, 107);
INSERT INTO current_way_nodes (way_id, node_id, sequence_id) VALUES (270, 1810, 107);
INSERT INTO way_nodes (way_id, node_id, version, sequence_id) VALUES (270, 1811, 1, 108);
INSERT INTO current_way_nodes (way_id, node_id, sequence_id) VALUES (270, 1811, 108);
INSERT INTO way_nodes (way_id, node_id, version, sequence_id) VALUES (270, 1812, 1, 109);
INSERT INTO current_way_nodes (way_id, node_id, sequence_id) VALUES (270, 1812, 109);
INSERT INTO way_nodes (way_id, node_id, version, sequence_id) VALUES (270, 1813, 1, 110);
INSERT INTO current_way_nodes (way_id, node_id, sequence_id) VALUES (270, 1813, 110);
INSERT INTO way_nodes (way_id, node_id, version, sequence_id) VALUES (270, 1814, 1, 111);
INSERT INTO current_way_nodes (way_id, node_id, sequence_id) VALUES (270, 1814, 111);
INSERT INTO way_nodes (way_id, node_id, version, sequence_id) VALUES (270, 1815, 1, 112);
INSERT INTO current_way_nodes (way_id, node_id, sequence_id) VALUES (270, 1815, 112);
INSERT INTO way_nodes (way_id, node_id, version, sequence_id) VALUES (270, 1816, 1, 113);
INSERT INTO current_way_nodes (way_id, node_id, sequence_id) VALUES (270, 1816, 113);
INSERT INTO way_nodes (way_id, node_id, version, sequence_id) VALUES (270, 1817, 1, 114);
INSERT INTO current_way_nodes (way_id, node_id, sequence_id) VALUES (270, 1817, 114);
INSERT INTO way_nodes (way_id, node_id, version, sequence_id) VALUES (270, 1818, 1, 115);
INSERT INTO current_way_nodes (way_id, node_id, sequence_id) VALUES (270, 1818, 115);
INSERT INTO way_nodes (way_id, node_id, version, sequence_id) VALUES (270, 1819, 1, 116);
INSERT INTO current_way_nodes (way_id, node_id, sequence_id) VALUES (270, 1819, 116);
INSERT INTO way_nodes (way_id, node_id, version, sequence_id) VALUES (270, 1820, 1, 117);
INSERT INTO current_way_nodes (way_id, node_id, sequence_id) VALUES (270, 1820, 117);
INSERT INTO way_nodes (way_id, node_id, version, sequence_id) VALUES (270, 1821, 1, 118);
INSERT INTO current_way_nodes (way_id, node_id, sequence_id) VALUES (270, 1821, 118);
INSERT INTO way_nodes (way_id, node_id, version, sequence_id) VALUES (270, 1822, 1, 119);
INSERT INTO current_way_nodes (way_id, node_id, sequence_id) VALUES (270, 1822, 119);
INSERT INTO way_nodes (way_id, node_id, version, sequence_id) VALUES (270, 1823, 1, 120);
INSERT INTO current_way_nodes (way_id, node_id, sequence_id) VALUES (270, 1823, 120);
INSERT INTO way_nodes (way_id, node_id, version, sequence_id) VALUES (270, 1824, 1, 121);
INSERT INTO current_way_nodes (way_id, node_id, sequence_id) VALUES (270, 1824, 121);
INSERT INTO way_nodes (way_id, node_id, version, sequence_id) VALUES (270, 1825, 1, 122);
INSERT INTO current_way_nodes (way_id, node_id, sequence_id) VALUES (270, 1825, 122);
INSERT INTO way_nodes (way_id, node_id, version, sequence_id) VALUES (270, 1826, 1, 123);
INSERT INTO current_way_nodes (way_id, node_id, sequence_id) VALUES (270, 1826, 123);
INSERT INTO way_nodes (way_id, node_id, version, sequence_id) VALUES (270, 1827, 1, 124);
INSERT INTO current_way_nodes (way_id, node_id, sequence_id) VALUES (270, 1827, 124);
INSERT INTO way_nodes (way_id, node_id, version, sequence_id) VALUES (270, 1828, 1, 125);
INSERT INTO current_way_nodes (way_id, node_id, sequence_id) VALUES (270, 1828, 125);
INSERT INTO way_nodes (way_id, node_id, version, sequence_id) VALUES (270, 4082, 1, 126);
INSERT INTO current_way_nodes (way_id, node_id, sequence_id) VALUES (270, 4082, 126);
/* modify way 308*/
INSERT INTO ways (way_id, changeset_id, visible, "timestamp", version) VALUES (308, 3, true, (now() at time zone 'utc'), 2);
UPDATE current_ways SET changeset_id=3, visible=true, "timestamp"=(now() at time zone 'utc'), version=2 WHERE id=308;
DELETE FROM current_way_tags WHERE way_id = 308;
DELETE FROM way_tags WHERE way_id = 308;
INSERT INTO current_way_tags (way_id, k, v) VALUES (308, 'accuracy', '5');
INSERT INTO way_tags (way_id, k, v, version) VALUES (308, 'accuracy', '5', 2);
INSERT INTO current_way_tags (way_id, k, v) VALUES (308, 'hoot:id', '308');
INSERT INTO way_tags (way_id, k, v, version) VALUES (308, 'hoot:id', '308', 2);
INSERT INTO current_way_tags (way_id, k, v) VALUES (308, 'hoot:status', '3');
INSERT INTO way_tags (way_id, k, v, version) VALUES (308, 'hoot:status', '3', 2);
INSERT INTO current_way_tags (way_id, k, v) VALUES (308, 'alt_name', '23rd St NW');
INSERT INTO way_tags (way_id, k, v, version) VALUES (308, 'alt_name', '23rd St NW', 2);
INSERT INTO current_way_tags (way_id, k, v) VALUES (308, 'name', '23RD ST NW');
INSERT INTO way_tags (way_id, k, v, version) VALUES (308, 'name', '23RD ST NW', 2);
INSERT INTO current_way_tags (way_id, k, v) VALUES (308, 'highway', 'road');
INSERT INTO way_tags (way_id, k, v, version) VALUES (308, 'highway', 'road', 2);
DELETE FROM current_way_nodes WHERE way_id = 308;
DELETE FROM way_nodes WHERE way_id = 308;
INSERT INTO way_nodes (way_id, node_id, version, sequence_id) VALUES (308, 258, 1, 1);
INSERT INTO current_way_nodes (way_id, node_id, sequence_id) VALUES (308, 258, 1);
INSERT INTO way_nodes (way_id, node_id, version, sequence_id) VALUES (308, 259, 1, 2);
INSERT INTO current_way_nodes (way_id, node_id, sequence_id) VALUES (308, 259, 2);
/* modify way 338*/
INSERT INTO ways (way_id, changeset_id, visible, "timestamp", version) VALUES (338, 3, true, (now() at time zone 'utc'), 2);
UPDATE current_ways SET changeset_id=3, visible=true, "timestamp"=(now() at time zone 'utc'), version=2 WHERE id=338;
DELETE FROM current_way_tags WHERE way_id = 338;
DELETE FROM way_tags WHERE way_id = 338;
INSERT INTO current_way_tags (way_id, k, v) VALUES (338, 'accuracy', '5');
INSERT INTO way_tags (way_id, k, v, version) VALUES (338, 'accuracy', '5', 2);
INSERT INTO current_way_tags (way_id, k, v) VALUES (338, 'hoot:id', '338');
INSERT INTO way_tags (way_id, k, v, version) VALUES (338, 'hoot:id', '338', 2);
INSERT INTO current_way_tags (way_id, k, v) VALUES (338, 'hoot:status', '3');
INSERT INTO way_tags (way_id, k, v, version) VALUES (338, 'hoot:status', '3', 2);
INSERT INTO current_way_tags (way_id, k, v) VALUES (338, 'alt_name', 'Lincoln Memorial Cir');
INSERT INTO way_tags (way_id, k, v, version) VALUES (338, 'alt_name', 'Lincoln Memorial Cir', 2);
INSERT INTO current_way_tags (way_id, k, v) VALUES (338, 'name', 'LINCOLN MEMORIAL CIR NW');
INSERT INTO way_tags (way_id, k, v, version) VALUES (338, 'name', 'LINCOLN MEMORIAL CIR NW', 2);
INSERT INTO current_way_tags (way_id, k, v) VALUES (338, 'highway', 'road');
INSERT INTO way_tags (way_id, k, v, version) VALUES (338, 'highway', 'road', 2);
DELETE FROM current_way_nodes WHERE way_id = 338;
DELETE FROM way_nodes WHERE way_id = 338;
INSERT INTO way_nodes (way_id, node_id, version, sequence_id) VALUES (338, 2448, 1, 1);
INSERT INTO current_way_nodes (way_id, node_id, sequence_id) VALUES (338, 2448, 1);
INSERT INTO way_nodes (way_id, node_id, version, sequence_id) VALUES (338, 2787, 1, 2);
INSERT INTO current_way_nodes (way_id, node_id, sequence_id) VALUES (338, 2787, 2);
INSERT INTO way_nodes (way_id, node_id, version, sequence_id) VALUES (338, 2789, 1, 3);
INSERT INTO current_way_nodes (way_id, node_id, sequence_id) VALUES (338, 2789, 3);
INSERT INTO way_nodes (way_id, node_id, version, sequence_id) VALUES (338, 2792, 1, 4);
INSERT INTO current_way_nodes (way_id, node_id, sequence_id) VALUES (338, 2792, 4);
INSERT INTO way_nodes (way_id, node_id, version, sequence_id) VALUES (338, 2795, 1, 5);
INSERT INTO current_way_nodes (way_id, node_id, sequence_id) VALUES (338, 2795, 5);
INSERT INTO way_nodes (way_id, node_id, version, sequence_id) VALUES (338, 2798, 1, 6);
INSERT INTO current_way_nodes (way_id, node_id, sequence_id) VALUES (338, 2798, 6);
INSERT INTO way_nodes (way_id, node_id, version, sequence_id) VALUES (338, 2801, 1, 7);
INSERT INTO current_way_nodes (way_id, node_id, sequence_id) VALUES (338, 2801, 7);
INSERT INTO way_nodes (way_id, node_id, version, sequence_id) VALUES (338, 2804, 1, 8);
INSERT INTO current_way_nodes (way_id, node_id, sequence_id) VALUES (338, 2804, 8);
INSERT INTO way_nodes (way_id, node_id, version, sequence_id) VALUES (338, 2807, 1, 9);
INSERT INTO current_way_nodes (way_id, node_id, sequence_id) VALUES (338, 2807, 9);
INSERT INTO way_nodes (way_id, node_id, version, sequence_id) VALUES (338, 2810, 1, 10);
INSERT INTO current_way_nodes (way_id, node_id, sequence_id) VALUES (338, 2810, 10);
INSERT INTO way_nodes (way_id, node_id, version, sequence_id) VALUES (338, 2813, 1, 11);
INSERT INTO current_way_nodes (way_id, node_id, sequence_id) VALUES (338, 2813, 11);
INSERT INTO way_nodes (way_id, node_id, version, sequence_id) VALUES (338, 2816, 1, 12);
INSERT INTO current_way_nodes (way_id, node_id, sequence_id) VALUES (338, 2816, 12);
INSERT INTO way_nodes (way_id, node_id, version, sequence_id) VALUES (338, 2819, 1, 13);
INSERT INTO current_way_nodes (way_id, node_id, sequence_id) VALUES (338, 2819, 13);
INSERT INTO way_nodes (way_id, node_id, version, sequence_id) VALUES (338, 2822, 1, 14);
INSERT INTO current_way_nodes (way_id, node_id, sequence_id) VALUES (338, 2822, 14);
INSERT INTO way_nodes (way_id, node_id, version, sequence_id) VALUES (338, 2825, 1, 15);
INSERT INTO current_way_nodes (way_id, node_id, sequence_id) VALUES (338, 2825, 15);
INSERT INTO way_nodes (way_id, node_id, version, sequence_id) VALUES (338, 2828, 1, 16);
INSERT INTO current_way_nodes (way_id, node_id, sequence_id) VALUES (338, 2828, 16);
INSERT INTO way_nodes (way_id, node_id, version, sequence_id) VALUES (338, 2831, 1, 17);
INSERT INTO current_way_nodes (way_id, node_id, sequence_id) VALUES (338, 2831, 17);
INSERT INTO way_nodes (way_id, node_id, version, sequence_id) VALUES (338, 2834, 1, 18);
INSERT INTO current_way_nodes (way_id, node_id, sequence_id) VALUES (338, 2834, 18);
INSERT INTO way_nodes (way_id, node_id, version, sequence_id) VALUES (338, 2837, 1, 19);
INSERT INTO current_way_nodes (way_id, node_id, sequence_id) VALUES (338, 2837, 19);
INSERT INTO way_nodes (way_id, node_id, version, sequence_id) VALUES (338, 2840, 1, 20);
INSERT INTO current_way_nodes (way_id, node_id, sequence_id) VALUES (338, 2840, 20);
INSERT INTO way_nodes (way_id, node_id, version, sequence_id) VALUES (338, 2843, 1, 21);
INSERT INTO current_way_nodes (way_id, node_id, sequence_id) VALUES (338, 2843, 21);
INSERT INTO way_nodes (way_id, node_id, version, sequence_id) VALUES (338, 2846, 1, 22);
INSERT INTO current_way_nodes (way_id, node_id, sequence_id) VALUES (338, 2846, 22);
INSERT INTO way_nodes (way_id, node_id, version, sequence_id) VALUES (338, 2849, 1, 23);
INSERT INTO current_way_nodes (way_id, node_id, sequence_id) VALUES (338, 2849, 23);
INSERT INTO way_nodes (way_id, node_id, version, sequence_id) VALUES (338, 258, 1, 24);
INSERT INTO current_way_nodes (way_id, node_id, sequence_id) VALUES (338, 258, 24);
/* modify way 340*/
INSERT INTO ways (way_id, changeset_id, visible, "timestamp", version) VALUES (340, 3, true, (now() at time zone 'utc'), 2);
UPDATE current_ways SET changeset_id=3, visible=true, "timestamp"=(now() at time zone 'utc'), version=2 WHERE id=340;
DELETE FROM current_way_tags WHERE way_id = 340;
DELETE FROM way_tags WHERE way_id = 340;
INSERT INTO current_way_tags (way_id, k, v) VALUES (340, 'accuracy', '5');
INSERT INTO way_tags (way_id, k, v, version) VALUES (340, 'accuracy', '5', 2);
INSERT INTO current_way_tags (way_id, k, v) VALUES (340, 'hoot:id', '340');
INSERT INTO way_tags (way_id, k, v, version) VALUES (340, 'hoot:id', '340', 2);
INSERT INTO current_way_tags (way_id, k, v) VALUES (340, 'hoot:status', '3');
INSERT INTO way_tags (way_id, k, v, version) VALUES (340, 'hoot:status', '3', 2);
INSERT INTO current_way_tags (way_id, k, v) VALUES (340, 'alt_name', 'Lincoln Memorial Cir');
INSERT INTO way_tags (way_id, k, v, version) VALUES (340, 'alt_name', 'Lincoln Memorial Cir', 2);
INSERT INTO current_way_tags (way_id, k, v) VALUES (340, 'name', 'LINCOLN MEMORIAL CIR NW');
INSERT INTO way_tags (way_id, k, v, version) VALUES (340, 'name', 'LINCOLN MEMORIAL CIR NW', 2);
INSERT INTO current_way_tags (way_id, k, v) VALUES (340, 'highway', 'road');
INSERT INTO way_tags (way_id, k, v, version) VALUES (340, 'highway', 'road', 2);
DELETE FROM current_way_nodes WHERE way_id = 340;
DELETE FROM way_nodes WHERE way_id = 340;
INSERT INTO way_nodes (way_id, node_id, version, sequence_id) VALUES (340, 2899, 1, 1);
INSERT INTO current_way_nodes (way_id, node_id, sequence_id) VALUES (340, 2899, 1);
INSERT INTO way_nodes (way_id, node_id, version, sequence_id) VALUES (340, 2853, 1, 2);
INSERT INTO current_way_nodes (way_id, node_id, sequence_id) VALUES (340, 2853, 2);
INSERT INTO way_nodes (way_id, node_id, version, sequence_id) VALUES (340, 2857, 1, 3);
INSERT INTO current_way_nodes (way_id, node_id, sequence_id) VALUES (340, 2857, 3);
INSERT INTO way_nodes (way_id, node_id, version, sequence_id) VALUES (340, 2861, 1, 4);
INSERT INTO current_way_nodes (way_id, node_id, sequence_id) VALUES (340, 2861, 4);
INSERT INTO way_nodes (way_id, node_id, version, sequence_id) VALUES (340, 2865, 1, 5);
INSERT INTO current_way_nodes (way_id, node_id, sequence_id) VALUES (340, 2865, 5);
INSERT INTO way_nodes (way_id, node_id, version, sequence_id) VALUES (340, 2869, 1, 6);
INSERT INTO current_way_nodes (way_id, node_id, sequence_id) VALUES (340, 2869, 6);
INSERT INTO way_nodes (way_id, node_id, version, sequence_id) VALUES (340, 2873, 1, 7);
INSERT INTO current_way_nodes (way_id, node_id, sequence_id) VALUES (340, 2873, 7);
INSERT INTO way_nodes (way_id, node_id, version, sequence_id) VALUES (340, 2877, 1, 8);
INSERT INTO current_way_nodes (way_id, node_id, sequence_id) VALUES (340, 2877, 8);
INSERT INTO way_nodes (way_id, node_id, version, sequence_id) VALUES (340, 2881, 1, 9);
INSERT INTO current_way_nodes (way_id, node_id, sequence_id) VALUES (340, 2881, 9);
INSERT INTO way_nodes (way_id, node_id, version, sequence_id) VALUES (340, 2885, 1, 10);
INSERT INTO current_way_nodes (way_id, node_id, sequence_id) VALUES (340, 2885, 10);
INSERT INTO way_nodes (way_id, node_id, version, sequence_id) VALUES (340, 2889, 1, 11);
INSERT INTO current_way_nodes (way_id, node_id, sequence_id) VALUES (340, 2889, 11);
INSERT INTO way_nodes (way_id, node_id, version, sequence_id) VALUES (340, 2893, 1, 12);
INSERT INTO current_way_nodes (way_id, node_id, sequence_id) VALUES (340, 2893, 12);
INSERT INTO way_nodes (way_id, node_id, version, sequence_id) VALUES (340, 2897, 1, 13);
INSERT INTO current_way_nodes (way_id, node_id, sequence_id) VALUES (340, 2897, 13);
INSERT INTO way_nodes (way_id, node_id, version, sequence_id) VALUES (340, 2274, 1, 14);
INSERT INTO current_way_nodes (way_id, node_id, sequence_id) VALUES (340, 2274, 14);
/* modify way 345*/
INSERT INTO ways (way_id, changeset_id, visible, "timestamp", version) VALUES (345, 3, true, (now() at time zone 'utc'), 2);
UPDATE current_ways SET changeset_id=3, visible=true, "timestamp"=(now() at time zone 'utc'), version=2 WHERE id=345;
DELETE FROM current_way_tags WHERE way_id = 345;
DELETE FROM way_tags WHERE way_id = 345;
INSERT INTO current_way_tags (way_id, k, v) VALUES (345, 'accuracy', '5');
INSERT INTO way_tags (way_id, k, v, version) VALUES (345, 'accuracy', '5', 2);
INSERT INTO current_way_tags (way_id, k, v) VALUES (345, 'hoot:id', '345');
INSERT INTO way_tags (way_id, k, v, version) VALUES (345, 'hoot:id', '345', 2);
INSERT INTO current_way_tags (way_id, k, v) VALUES (345, 'hoot:status', '3');
INSERT INTO way_tags (way_id, k, v, version) VALUES (345, 'hoot:status', '3', 2);
INSERT INTO current_way_tags (way_id, k, v) VALUES (345, 'name', 'DANIEL C FRENCH DR SW');
INSERT INTO way_tags (way_id, k, v, version) VALUES (345, 'name', 'DANIEL C FRENCH DR SW', 2);
INSERT INTO current_way_tags (way_id, k, v) VALUES (345, 'highway', 'road');
INSERT INTO way_tags (way_id, k, v, version) VALUES (345, 'highway', 'road', 2);
DELETE FROM current_way_nodes WHERE way_id = 345;
DELETE FROM way_nodes WHERE way_id = 345;
INSERT INTO way_nodes (way_id, node_id, version, sequence_id) VALUES (345, 4924, 1, 1);
INSERT INTO current_way_nodes (way_id, node_id, sequence_id) VALUES (345, 4924, 1);
INSERT INTO way_nodes (way_id, node_id, version, sequence_id) VALUES (345, 3673, 1, 2);
INSERT INTO current_way_nodes (way_id, node_id, sequence_id) VALUES (345, 3673, 2);
/* create way 377*/
INSERT INTO ways (way_id, changeset_id, visible, "timestamp", version) VALUES (377, 3, true, (now() at time zone 'utc'), 1);
INSERT INTO current_ways (id, changeset_id, visible, "timestamp", version) VALUES (377, 3, true, (now() at time zone 'utc'), 1);
INSERT INTO current_way_tags (way_id, k, v) VALUES (377, 'accuracy', '5');
INSERT INTO way_tags (way_id, k, v, version) VALUES (377, 'accuracy', '5', 1);
INSERT INTO current_way_tags (way_id, k, v) VALUES (377, 'hoot:id', '377');
INSERT INTO way_tags (way_id, k, v, version) VALUES (377, 'hoot:id', '377', 1);
INSERT INTO current_way_tags (way_id, k, v) VALUES (377, 'hoot:status', '2');
INSERT INTO way_tags (way_id, k, v, version) VALUES (377, 'hoot:status', '2', 1);
INSERT INTO current_way_tags (way_id, k, v) VALUES (377, 'highway', 'road');
INSERT INTO way_tags (way_id, k, v, version) VALUES (377, 'highway', 'road', 1);
INSERT INTO way_nodes (way_id, node_id, version, sequence_id) VALUES (377, 4336, 1, 1);
INSERT INTO current_way_nodes (way_id, node_id, sequence_id) VALUES (377, 4336, 1);
INSERT INTO way_nodes (way_id, node_id, version, sequence_id) VALUES (377, 4413, 1, 2);
INSERT INTO current_way_nodes (way_id, node_id, sequence_id) VALUES (377, 4413, 2);
INSERT INTO way_nodes (way_id, node_id, version, sequence_id) VALUES (377, 4414, 1, 3);
INSERT INTO current_way_nodes (way_id, node_id, sequence_id) VALUES (377, 4414, 3);
INSERT INTO way_nodes (way_id, node_id, version, sequence_id) VALUES (377, 4679, 1, 4);
INSERT INTO current_way_nodes (way_id, node_id, sequence_id) VALUES (377, 4679, 4);
INSERT INTO way_nodes (way_id, node_id, version, sequence_id) VALUES (377, 4678, 1, 5);
INSERT INTO current_way_nodes (way_id, node_id, sequence_id) VALUES (377, 4678, 5);
INSERT INTO way_nodes (way_id, node_id, version, sequence_id) VALUES (377, 4677, 1, 6);
INSERT INTO current_way_nodes (way_id, node_id, sequence_id) VALUES (377, 4677, 6);
INSERT INTO way_nodes (way_id, node_id, version, sequence_id) VALUES (377, 4683, 1, 7);
INSERT INTO current_way_nodes (way_id, node_id, sequence_id) VALUES (377, 4683, 7);
INSERT INTO way_nodes (way_id, node_id, version, sequence_id) VALUES (377, 4684, 1, 8);
INSERT INTO current_way_nodes (way_id, node_id, sequence_id) VALUES (377, 4684, 8);
INSERT INTO way_nodes (way_id, node_id, version, sequence_id) VALUES (377, 4506, 1, 9);
INSERT INTO current_way_nodes (way_id, node_id, sequence_id) VALUES (377, 4506, 9);
INSERT INTO way_nodes (way_id, node_id, version, sequence_id) VALUES (377, 4505, 1, 10);
INSERT INTO current_way_nodes (way_id, node_id, sequence_id) VALUES (377, 4505, 10);
INSERT INTO way_nodes (way_id, node_id, version, sequence_id) VALUES (377, 4504, 1, 11);
INSERT INTO current_way_nodes (way_id, node_id, sequence_id) VALUES (377, 4504, 11);
INSERT INTO way_nodes (way_id, node_id, version, sequence_id) VALUES (377, 4503, 1, 12);
INSERT INTO current_way_nodes (way_id, node_id, sequence_id) VALUES (377, 4503, 12);
INSERT INTO way_nodes (way_id, node_id, version, sequence_id) VALUES (377, 4502, 1, 13);
INSERT INTO current_way_nodes (way_id, node_id, sequence_id) VALUES (377, 4502, 13);
INSERT INTO way_nodes (way_id, node_id, version, sequence_id) VALUES (377, 4501, 1, 14);
INSERT INTO current_way_nodes (way_id, node_id, sequence_id) VALUES (377, 4501, 14);
INSERT INTO way_nodes (way_id, node_id, version, sequence_id) VALUES (377, 4500, 1, 15);
INSERT INTO current_way_nodes (way_id, node_id, sequence_id) VALUES (377, 4500, 15);
INSERT INTO way_nodes (way_id, node_id, version, sequence_id) VALUES (377, 4916, 1, 16);
INSERT INTO current_way_nodes (way_id, node_id, sequence_id) VALUES (377, 4916, 16);
/* create way 383*/
INSERT INTO ways (way_id, changeset_id, visible, "timestamp", version) VALUES (383, 3, true, (now() at time zone 'utc'), 1);
INSERT INTO current_ways (id, changeset_id, visible, "timestamp", version) VALUES (383, 3, true, (now() at time zone 'utc'), 1);
INSERT INTO current_way_tags (way_id, k, v) VALUES (383, 'accuracy', '5');
INSERT INTO way_tags (way_id, k, v, version) VALUES (383, 'accuracy', '5', 1);
INSERT INTO current_way_tags (way_id, k, v) VALUES (383, 'hoot:id', '383');
INSERT INTO way_tags (way_id, k, v, version) VALUES (383, 'hoot:id', '383', 1);
INSERT INTO current_way_tags (way_id, k, v) VALUES (383, 'hoot:status', '2');
INSERT INTO way_tags (way_id, k, v, version) VALUES (383, 'hoot:status', '2', 1);
INSERT INTO current_way_tags (way_id, k, v) VALUES (383, 'foot', 'designated');
INSERT INTO way_tags (way_id, k, v, version) VALUES (383, 'foot', 'designated', 1);
INSERT INTO current_way_tags (way_id, k, v) VALUES (383, 'highway', 'path');
INSERT INTO way_tags (way_id, k, v, version) VALUES (383, 'highway', 'path', 1);
INSERT INTO way_nodes (way_id, node_id, version, sequence_id) VALUES (383, 4680, 1, 1);
INSERT INTO current_way_nodes (way_id, node_id, sequence_id) VALUES (383, 4680, 1);
INSERT INTO way_nodes (way_id, node_id, version, sequence_id) VALUES (383, 4925, 1, 2);
INSERT INTO current_way_nodes (way_id, node_id, sequence_id) VALUES (383, 4925, 2);
/* create way 391*/
INSERT INTO ways (way_id, changeset_id, visible, "timestamp", version) VALUES (391, 3, true, (now() at time zone 'utc'), 1);
INSERT INTO current_ways (id, changeset_id, visible, "timestamp", version) VALUES (391, 3, true, (now() at time zone 'utc'), 1);
INSERT INTO current_way_tags (way_id, k, v) VALUES (391, 'accuracy', '5');
INSERT INTO way_tags (way_id, k, v, version) VALUES (391, 'accuracy', '5', 1);
INSERT INTO current_way_tags (way_id, k, v) VALUES (391, 'hoot:id', '391');
INSERT INTO way_tags (way_id, k, v, version) VALUES (391, 'hoot:id', '391', 1);
INSERT INTO current_way_tags (way_id, k, v) VALUES (391, 'hoot:status', '2');
INSERT INTO way_tags (way_id, k, v, version) VALUES (391, 'hoot:status', '2', 1);
INSERT INTO current_way_tags (way_id, k, v) VALUES (391, 'foot', 'designated');
INSERT INTO way_tags (way_id, k, v, version) VALUES (391, 'foot', 'designated', 1);
INSERT INTO current_way_tags (way_id, k, v) VALUES (391, 'highway', 'path');
INSERT INTO way_tags (way_id, k, v, version) VALUES (391, 'highway', 'path', 1);
INSERT INTO way_nodes (way_id, node_id, version, sequence_id) VALUES (391, 4693, 1, 1);
INSERT INTO current_way_nodes (way_id, node_id, sequence_id) VALUES (391, 4693, 1);
INSERT INTO way_nodes (way_id, node_id, version, sequence_id) VALUES (391, 4694, 1, 2);
INSERT INTO current_way_nodes (way_id, node_id, sequence_id) VALUES (391, 4694, 2);
INSERT INTO way_nodes (way_id, node_id, version, sequence_id) VALUES (391, 4695, 1, 3);
INSERT INTO current_way_nodes (way_id, node_id, sequence_id) VALUES (391, 4695, 3);
INSERT INTO way_nodes (way_id, node_id, version, sequence_id) VALUES (391, 4696, 1, 4);
INSERT INTO current_way_nodes (way_id, node_id, sequence_id) VALUES (391, 4696, 4);
INSERT INTO way_nodes (way_id, node_id, version, sequence_id) VALUES (391, 4697, 1, 5);
INSERT INTO current_way_nodes (way_id, node_id, sequence_id) VALUES (391, 4697, 5);
INSERT INTO way_nodes (way_id, node_id, version, sequence_id) VALUES (391, 2448, 1, 6);
INSERT INTO current_way_nodes (way_id, node_id, sequence_id) VALUES (391, 2448, 6);
/* create way 396*/
INSERT INTO ways (way_id, changeset_id, visible, "timestamp", version) VALUES (396, 3, true, (now() at time zone 'utc'), 1);
INSERT INTO current_ways (id, changeset_id, visible, "timestamp", version) VALUES (396, 3, true, (now() at time zone 'utc'), 1);
INSERT INTO current_way_tags (way_id, k, v) VALUES (396, 'accuracy', '5');
INSERT INTO way_tags (way_id, k, v, version) VALUES (396, 'accuracy', '5', 1);
INSERT INTO current_way_tags (way_id, k, v) VALUES (396, 'hoot:id', '396');
INSERT INTO way_tags (way_id, k, v, version) VALUES (396, 'hoot:id', '396', 1);
INSERT INTO current_way_tags (way_id, k, v) VALUES (396, 'hoot:status', '2');
INSERT INTO way_tags (way_id, k, v, version) VALUES (396, 'hoot:status', '2', 1);
INSERT INTO current_way_tags (way_id, k, v) VALUES (396, 'name', 'Lincoln Memorial Cir');
INSERT INTO way_tags (way_id, k, v, version) VALUES (396, 'name', 'Lincoln Memorial Cir', 1);
INSERT INTO current_way_tags (way_id, k, v) VALUES (396, 'highway', 'unclassified');
INSERT INTO way_tags (way_id, k, v, version) VALUES (396, 'highway', 'unclassified', 1);
INSERT INTO way_nodes (way_id, node_id, version, sequence_id) VALUES (396, 4922, 1, 1);
INSERT INTO current_way_nodes (way_id, node_id, sequence_id) VALUES (396, 4922, 1);
INSERT INTO way_nodes (way_id, node_id, version, sequence_id) VALUES (396, 4557, 1, 2);
INSERT INTO current_way_nodes (way_id, node_id, sequence_id) VALUES (396, 4557, 2);
INSERT INTO way_nodes (way_id, node_id, version, sequence_id) VALUES (396, 4556, 1, 3);
INSERT INTO current_way_nodes (way_id, node_id, sequence_id) VALUES (396, 4556, 3);
INSERT INTO way_nodes (way_id, node_id, version, sequence_id) VALUES (396, 4555, 1, 4);
INSERT INTO current_way_nodes (way_id, node_id, sequence_id) VALUES (396, 4555, 4);
INSERT INTO way_nodes (way_id, node_id, version, sequence_id) VALUES (396, 4554, 1, 5);
INSERT INTO current_way_nodes (way_id, node_id, sequence_id) VALUES (396, 4554, 5);
INSERT INTO way_nodes (way_id, node_id, version, sequence_id) VALUES (396, 4919, 1, 6);
INSERT INTO current_way_nodes (way_id, node_id, sequence_id) VALUES (396, 4919, 6);
/* create way 397*/
INSERT INTO ways (way_id, changeset_id, visible, "timestamp", version) VALUES (397, 3, true, (now() at time zone 'utc'), 1);
INSERT INTO current_ways (id, changeset_id, visible, "timestamp", version) VALUES (397, 3, true, (now() at time zone 'utc'), 1);
INSERT INTO current_way_tags (way_id, k, v) VALUES (397, 'accuracy', '5');
INSERT INTO way_tags (way_id, k, v, version) VALUES (397, 'accuracy', '5', 1);
INSERT INTO current_way_tags (way_id, k, v) VALUES (397, 'hoot:id', '397');
INSERT INTO way_tags (way_id, k, v, version) VALUES (397, 'hoot:id', '397', 1);
INSERT INTO current_way_tags (way_id, k, v) VALUES (397, 'hoot:status', '3');
INSERT INTO way_tags (way_id, k, v, version) VALUES (397, 'hoot:status', '3', 1);
INSERT INTO current_way_tags (way_id, k, v) VALUES (397, 'name', 'LINCOLN MEMORIAL CIR SW');
INSERT INTO way_tags (way_id, k, v, version) VALUES (397, 'name', 'LINCOLN MEMORIAL CIR SW', 1);
INSERT INTO current_way_tags (way_id, k, v) VALUES (397, 'highway', 'road');
INSERT INTO way_tags (way_id, k, v, version) VALUES (397, 'highway', 'road', 1);
INSERT INTO way_nodes (way_id, node_id, version, sequence_id) VALUES (397, 4919, 1, 1);
INSERT INTO current_way_nodes (way_id, node_id, sequence_id) VALUES (397, 4919, 1);
INSERT INTO way_nodes (way_id, node_id, version, sequence_id) VALUES (397, 2353, 1, 2);
INSERT INTO current_way_nodes (way_id, node_id, sequence_id) VALUES (397, 2353, 2);
INSERT INTO way_nodes (way_id, node_id, version, sequence_id) VALUES (397, 2352, 1, 3);
INSERT INTO current_way_nodes (way_id, node_id, sequence_id) VALUES (397, 2352, 3);
INSERT INTO way_nodes (way_id, node_id, version, sequence_id) VALUES (397, 2351, 1, 4);
INSERT INTO current_way_nodes (way_id, node_id, sequence_id) VALUES (397, 2351, 4);
INSERT INTO way_nodes (way_id, node_id, version, sequence_id) VALUES (397, 2350, 1, 5);
INSERT INTO current_way_nodes (way_id, node_id, sequence_id) VALUES (397, 2350, 5);
INSERT INTO way_nodes (way_id, node_id, version, sequence_id) VALUES (397, 2349, 1, 6);
INSERT INTO current_way_nodes (way_id, node_id, sequence_id) VALUES (397, 2349, 6);
INSERT INTO way_nodes (way_id, node_id, version, sequence_id) VALUES (397, 2348, 1, 7);
INSERT INTO current_way_nodes (way_id, node_id, sequence_id) VALUES (397, 2348, 7);
INSERT INTO way_nodes (way_id, node_id, version, sequence_id) VALUES (397, 2347, 1, 8);
INSERT INTO current_way_nodes (way_id, node_id, sequence_id) VALUES (397, 2347, 8);
INSERT INTO way_nodes (way_id, node_id, version, sequence_id) VALUES (397, 2346, 1, 9);
INSERT INTO current_way_nodes (way_id, node_id, sequence_id) VALUES (397, 2346, 9);
INSERT INTO way_nodes (way_id, node_id, version, sequence_id) VALUES (397, 2345, 1, 10);
INSERT INTO current_way_nodes (way_id, node_id, sequence_id) VALUES (397, 2345, 10);
INSERT INTO way_nodes (way_id, node_id, version, sequence_id) VALUES (397, 2344, 1, 11);
INSERT INTO current_way_nodes (way_id, node_id, sequence_id) VALUES (397, 2344, 11);
INSERT INTO way_nodes (way_id, node_id, version, sequence_id) VALUES (397, 2343, 1, 12);
INSERT INTO current_way_nodes (way_id, node_id, sequence_id) VALUES (397, 2343, 12);
INSERT INTO way_nodes (way_id, node_id, version, sequence_id) VALUES (397, 2342, 1, 13);
INSERT INTO current_way_nodes (way_id, node_id, sequence_id) VALUES (397, 2342, 13);
INSERT INTO way_nodes (way_id, node_id, version, sequence_id) VALUES (397, 2341, 1, 14);
INSERT INTO current_way_nodes (way_id, node_id, sequence_id) VALUES (397, 2341, 14);
INSERT INTO way_nodes (way_id, node_id, version, sequence_id) VALUES (397, 2340, 1, 15);
INSERT INTO current_way_nodes (way_id, node_id, sequence_id) VALUES (397, 2340, 15);
INSERT INTO way_nodes (way_id, node_id, version, sequence_id) VALUES (397, 2339, 1, 16);
INSERT INTO current_way_nodes (way_id, node_id, sequence_id) VALUES (397, 2339, 16);
INSERT INTO way_nodes (way_id, node_id, version, sequence_id) VALUES (397, 2338, 1, 17);
INSERT INTO current_way_nodes (way_id, node_id, sequence_id) VALUES (397, 2338, 17);
INSERT INTO way_nodes (way_id, node_id, version, sequence_id) VALUES (397, 2337, 1, 18);
INSERT INTO current_way_nodes (way_id, node_id, sequence_id) VALUES (397, 2337, 18);
INSERT INTO way_nodes (way_id, node_id, version, sequence_id) VALUES (397, 2336, 1, 19);
INSERT INTO current_way_nodes (way_id, node_id, sequence_id) VALUES (397, 2336, 19);
INSERT INTO way_nodes (way_id, node_id, version, sequence_id) VALUES (397, 2335, 1, 20);
INSERT INTO current_way_nodes (way_id, node_id, sequence_id) VALUES (397, 2335, 20);
INSERT INTO way_nodes (way_id, node_id, version, sequence_id) VALUES (397, 2334, 1, 21);
INSERT INTO current_way_nodes (way_id, node_id, sequence_id) VALUES (397, 2334, 21);
INSERT INTO way_nodes (way_id, node_id, version, sequence_id) VALUES (397, 2333, 1, 22);
INSERT INTO current_way_nodes (way_id, node_id, sequence_id) VALUES (397, 2333, 22);
INSERT INTO way_nodes (way_id, node_id, version, sequence_id) VALUES (397, 2332, 1, 23);
INSERT INTO current_way_nodes (way_id, node_id, sequence_id) VALUES (397, 2332, 23);
INSERT INTO way_nodes (way_id, node_id, version, sequence_id) VALUES (397, 2331, 1, 24);
INSERT INTO current_way_nodes (way_id, node_id, sequence_id) VALUES (397, 2331, 24);
INSERT INTO way_nodes (way_id, node_id, version, sequence_id) VALUES (397, 2330, 1, 25);
INSERT INTO current_way_nodes (way_id, node_id, sequence_id) VALUES (397, 2330, 25);
INSERT INTO way_nodes (way_id, node_id, version, sequence_id) VALUES (397, 2329, 1, 26);
INSERT INTO current_way_nodes (way_id, node_id, sequence_id) VALUES (397, 2329, 26);
INSERT INTO way_nodes (way_id, node_id, version, sequence_id) VALUES (397, 2328, 1, 27);
INSERT INTO current_way_nodes (way_id, node_id, sequence_id) VALUES (397, 2328, 27);
INSERT INTO way_nodes (way_id, node_id, version, sequence_id) VALUES (397, 2327, 1, 28);
INSERT INTO current_way_nodes (way_id, node_id, sequence_id) VALUES (397, 2327, 28);
INSERT INTO way_nodes (way_id, node_id, version, sequence_id) VALUES (397, 2326, 1, 29);
INSERT INTO current_way_nodes (way_id, node_id, sequence_id) VALUES (397, 2326, 29);
INSERT INTO way_nodes (way_id, node_id, version, sequence_id) VALUES (397, 2325, 1, 30);
INSERT INTO current_way_nodes (way_id, node_id, sequence_id) VALUES (397, 2325, 30);
/* create way 398*/
INSERT INTO ways (way_id, changeset_id, visible, "timestamp", version) VALUES (398, 3, true, (now() at time zone 'utc'), 1);
INSERT INTO current_ways (id, changeset_id, visible, "timestamp", version) VALUES (398, 3, true, (now() at time zone 'utc'), 1);
INSERT INTO current_way_tags (way_id, k, v) VALUES (398, 'accuracy', '5');
INSERT INTO way_tags (way_id, k, v, version) VALUES (398, 'accuracy', '5', 1);
INSERT INTO current_way_tags (way_id, k, v) VALUES (398, 'hoot:id', '398');
INSERT INTO way_tags (way_id, k, v, version) VALUES (398, 'hoot:id', '398', 1);
INSERT INTO current_way_tags (way_id, k, v) VALUES (398, 'hoot:status', '2');
INSERT INTO way_tags (way_id, k, v, version) VALUES (398, 'hoot:status', '2', 1);
INSERT INTO current_way_tags (way_id, k, v) VALUES (398, 'highway', 'road');
INSERT INTO way_tags (way_id, k, v, version) VALUES (398, 'highway', 'road', 1);
INSERT INTO way_nodes (way_id, node_id, version, sequence_id) VALUES (398, 4928, 1, 1);
INSERT INTO current_way_nodes (way_id, node_id, sequence_id) VALUES (398, 4928, 1);
INSERT INTO way_nodes (way_id, node_id, version, sequence_id) VALUES (398, 4343, 1, 2);
INSERT INTO current_way_nodes (way_id, node_id, sequence_id) VALUES (398, 4343, 2);
/* create way 399*/
INSERT INTO ways (way_id, changeset_id, visible, "timestamp", version) VALUES (399, 3, true, (now() at time zone 'utc'), 1);
INSERT INTO current_ways (id, changeset_id, visible, "timestamp", version) VALUES (399, 3, true, (now() at time zone 'utc'), 1);
INSERT INTO current_way_tags (way_id, k, v) VALUES (399, 'accuracy', '5');
INSERT INTO way_tags (way_id, k, v, version) VALUES (399, 'accuracy', '5', 1);
INSERT INTO current_way_tags (way_id, k, v) VALUES (399, 'hoot:id', '399');
INSERT INTO way_tags (way_id, k, v, version) VALUES (399, 'hoot:id', '399', 1);
INSERT INTO current_way_tags (way_id, k, v) VALUES (399, 'hoot:status', '1');
INSERT INTO way_tags (way_id, k, v, version) VALUES (399, 'hoot:status', '1', 1);
INSERT INTO current_way_tags (way_id, k, v) VALUES (399, 'name', 'INTERSTATE 66  BN');
INSERT INTO way_tags (way_id, k, v, version) VALUES (399, 'name', 'INTERSTATE 66  BN', 1);
INSERT INTO current_way_tags (way_id, k, v) VALUES (399, 'highway', 'motorway');
INSERT INTO way_tags (way_id, k, v, version) VALUES (399, 'highway', 'motorway', 1);
INSERT INTO way_nodes (way_id, node_id, version, sequence_id) VALUES (399, 4920, 1, 1);
INSERT INTO current_way_nodes (way_id, node_id, sequence_id) VALUES (399, 4920, 1);
INSERT INTO way_nodes (way_id, node_id, version, sequence_id) VALUES (399, 1592, 1, 2);
INSERT INTO current_way_nodes (way_id, node_id, sequence_id) VALUES (399, 1592, 2);
INSERT INTO way_nodes (way_id, node_id, version, sequence_id) VALUES (399, 1594, 1, 3);
INSERT INTO current_way_nodes (way_id, node_id, sequence_id) VALUES (399, 1594, 3);
INSERT INTO way_nodes (way_id, node_id, version, sequence_id) VALUES (399, 1596, 1, 4);
INSERT INTO current_way_nodes (way_id, node_id, sequence_id) VALUES (399, 1596, 4);
INSERT INTO way_nodes (way_id, node_id, version, sequence_id) VALUES (399, 1598, 1, 5);
INSERT INTO current_way_nodes (way_id, node_id, sequence_id) VALUES (399, 1598, 5);
INSERT INTO way_nodes (way_id, node_id, version, sequence_id) VALUES (399, 1599, 1, 6);
INSERT INTO current_way_nodes (way_id, node_id, sequence_id) VALUES (399, 1599, 6);
INSERT INTO way_nodes (way_id, node_id, version, sequence_id) VALUES (399, 1600, 1, 7);
INSERT INTO current_way_nodes (way_id, node_id, sequence_id) VALUES (399, 1600, 7);
INSERT INTO way_nodes (way_id, node_id, version, sequence_id) VALUES (399, 1601, 1, 8);
INSERT INTO current_way_nodes (way_id, node_id, sequence_id) VALUES (399, 1601, 8);
INSERT INTO way_nodes (way_id, node_id, version, sequence_id) VALUES (399, 1602, 1, 9);
INSERT INTO current_way_nodes (way_id, node_id, sequence_id) VALUES (399, 1602, 9);
INSERT INTO way_nodes (way_id, node_id, version, sequence_id) VALUES (399, 1603, 1, 10);
INSERT INTO current_way_nodes (way_id, node_id, sequence_id) VALUES (399, 1603, 10);
INSERT INTO way_nodes (way_id, node_id, version, sequence_id) VALUES (399, 1604, 1, 11);
INSERT INTO current_way_nodes (way_id, node_id, sequence_id) VALUES (399, 1604, 11);
INSERT INTO way_nodes (way_id, node_id, version, sequence_id) VALUES (399, 1605, 1, 12);
INSERT INTO current_way_nodes (way_id, node_id, sequence_id) VALUES (399, 1605, 12);
INSERT INTO way_nodes (way_id, node_id, version, sequence_id) VALUES (399, 1606, 1, 13);
INSERT INTO current_way_nodes (way_id, node_id, sequence_id) VALUES (399, 1606, 13);
INSERT INTO way_nodes (way_id, node_id, version, sequence_id) VALUES (399, 1607, 1, 14);
INSERT INTO current_way_nodes (way_id, node_id, sequence_id) VALUES (399, 1607, 14);
INSERT INTO way_nodes (way_id, node_id, version, sequence_id) VALUES (399, 101, 1, 15);
INSERT INTO current_way_nodes (way_id, node_id, sequence_id) VALUES (399, 101, 15);
INSERT INTO way_nodes (way_id, node_id, version, sequence_id) VALUES (399, 1608, 1, 16);
INSERT INTO current_way_nodes (way_id, node_id, sequence_id) VALUES (399, 1608, 16);
INSERT INTO way_nodes (way_id, node_id, version, sequence_id) VALUES (399, 1609, 1, 17);
INSERT INTO current_way_nodes (way_id, node_id, sequence_id) VALUES (399, 1609, 17);
INSERT INTO way_nodes (way_id, node_id, version, sequence_id) VALUES (399, 1610, 1, 18);
INSERT INTO current_way_nodes (way_id, node_id, sequence_id) VALUES (399, 1610, 18);
INSERT INTO way_nodes (way_id, node_id, version, sequence_id) VALUES (399, 380, 1, 19);
INSERT INTO current_way_nodes (way_id, node_id, sequence_id) VALUES (399, 380, 19);
INSERT INTO way_nodes (way_id, node_id, version, sequence_id) VALUES (399, 1611, 1, 20);
INSERT INTO current_way_nodes (way_id, node_id, sequence_id) VALUES (399, 1611, 20);
INSERT INTO way_nodes (way_id, node_id, version, sequence_id) VALUES (399, 1612, 1, 21);
INSERT INTO current_way_nodes (way_id, node_id, sequence_id) VALUES (399, 1612, 21);
INSERT INTO way_nodes (way_id, node_id, version, sequence_id) VALUES (399, 1613, 1, 22);
INSERT INTO current_way_nodes (way_id, node_id, sequence_id) VALUES (399, 1613, 22);
INSERT INTO way_nodes (way_id, node_id, version, sequence_id) VALUES (399, 1614, 1, 23);
INSERT INTO current_way_nodes (way_id, node_id, sequence_id) VALUES (399, 1614, 23);
INSERT INTO way_nodes (way_id, node_id, version, sequence_id) VALUES (399, 1615, 1, 24);
INSERT INTO current_way_nodes (way_id, node_id, sequence_id) VALUES (399, 1615, 24);
INSERT INTO way_nodes (way_id, node_id, version, sequence_id) VALUES (399, 1616, 1, 25);
INSERT INTO current_way_nodes (way_id, node_id, sequence_id) VALUES (399, 1616, 25);
INSERT INTO way_nodes (way_id, node_id, version, sequence_id) VALUES (399, 1617, 1, 26);
INSERT INTO current_way_nodes (way_id, node_id, sequence_id) VALUES (399, 1617, 26);
INSERT INTO way_nodes (way_id, node_id, version, sequence_id) VALUES (399, 1618, 1, 27);
INSERT INTO current_way_nodes (way_id, node_id, sequence_id) VALUES (399, 1618, 27);
INSERT INTO way_nodes (way_id, node_id, version, sequence_id) VALUES (399, 1619, 1, 28);
INSERT INTO current_way_nodes (way_id, node_id, sequence_id) VALUES (399, 1619, 28);
INSERT INTO way_nodes (way_id, node_id, version, sequence_id) VALUES (399, 1620, 1, 29);
INSERT INTO current_way_nodes (way_id, node_id, sequence_id) VALUES (399, 1620, 29);
INSERT INTO way_nodes (way_id, node_id, version, sequence_id) VALUES (399, 1313, 1, 30);
INSERT INTO current_way_nodes (way_id, node_id, sequence_id) VALUES (399, 1313, 30);
INSERT INTO way_nodes (way_id, node_id, version, sequence_id) VALUES (399, 1621, 1, 31);
INSERT INTO current_way_nodes (way_id, node_id, sequence_id) VALUES (399, 1621, 31);
INSERT INTO way_nodes (way_id, node_id, version, sequence_id) VALUES (399, 1622, 1, 32);
INSERT INTO current_way_nodes (way_id, node_id, sequence_id) VALUES (399, 1622, 32);
INSERT INTO way_nodes (way_id, node_id, version, sequence_id) VALUES (399, 1623, 1, 33);
INSERT INTO current_way_nodes (way_id, node_id, sequence_id) VALUES (399, 1623, 33);
INSERT INTO way_nodes (way_id, node_id, version, sequence_id) VALUES (399, 1624, 1, 34);
INSERT INTO current_way_nodes (way_id, node_id, sequence_id) VALUES (399, 1624, 34);
INSERT INTO way_nodes (way_id, node_id, version, sequence_id) VALUES (399, 1625, 1, 35);
INSERT INTO current_way_nodes (way_id, node_id, sequence_id) VALUES (399, 1625, 35);
INSERT INTO way_nodes (way_id, node_id, version, sequence_id) VALUES (399, 1626, 1, 36);
INSERT INTO current_way_nodes (way_id, node_id, sequence_id) VALUES (399, 1626, 36);
INSERT INTO way_nodes (way_id, node_id, version, sequence_id) VALUES (399, 1627, 1, 37);
INSERT INTO current_way_nodes (way_id, node_id, sequence_id) VALUES (399, 1627, 37);
INSERT INTO way_nodes (way_id, node_id, version, sequence_id) VALUES (399, 1628, 1, 38);
INSERT INTO current_way_nodes (way_id, node_id, sequence_id) VALUES (399, 1628, 38);
INSERT INTO way_nodes (way_id, node_id, version, sequence_id) VALUES (399, 1629, 1, 39);
INSERT INTO current_way_nodes (way_id, node_id, sequence_id) VALUES (399, 1629, 39);
INSERT INTO way_nodes (way_id, node_id, version, sequence_id) VALUES (399, 1630, 1, 40);
INSERT INTO current_way_nodes (way_id, node_id, sequence_id) VALUES (399, 1630, 40);
INSERT INTO way_nodes (way_id, node_id, version, sequence_id) VALUES (399, 1631, 1, 41);
INSERT INTO current_way_nodes (way_id, node_id, sequence_id) VALUES (399, 1631, 41);
INSERT INTO way_nodes (way_id, node_id, version, sequence_id) VALUES (399, 1632, 1, 42);
INSERT INTO current_way_nodes (way_id, node_id, sequence_id) VALUES (399, 1632, 42);
INSERT INTO way_nodes (way_id, node_id, version, sequence_id) VALUES (399, 1633, 1, 43);
INSERT INTO current_way_nodes (way_id, node_id, sequence_id) VALUES (399, 1633, 43);
INSERT INTO way_nodes (way_id, node_id, version, sequence_id) VALUES (399, 1634, 1, 44);
INSERT INTO current_way_nodes (way_id, node_id, sequence_id) VALUES (399, 1634, 44);
INSERT INTO way_nodes (way_id, node_id, version, sequence_id) VALUES (399, 1635, 1, 45);
INSERT INTO current_way_nodes (way_id, node_id, sequence_id) VALUES (399, 1635, 45);
INSERT INTO way_nodes (way_id, node_id, version, sequence_id) VALUES (399, 1636, 1, 46);
INSERT INTO current_way_nodes (way_id, node_id, sequence_id) VALUES (399, 1636, 46);
INSERT INTO way_nodes (way_id, node_id, version, sequence_id) VALUES (399, 1637, 1, 47);
INSERT INTO current_way_nodes (way_id, node_id, sequence_id) VALUES (399, 1637, 47);
INSERT INTO way_nodes (way_id, node_id, version, sequence_id) VALUES (399, 1638, 1, 48);
INSERT INTO current_way_nodes (way_id, node_id, sequence_id) VALUES (399, 1638, 48);
INSERT INTO way_nodes (way_id, node_id, version, sequence_id) VALUES (399, 1639, 1, 49);
INSERT INTO current_way_nodes (way_id, node_id, sequence_id) VALUES (399, 1639, 49);
INSERT INTO way_nodes (way_id, node_id, version, sequence_id) VALUES (399, 1640, 1, 50);
INSERT INTO current_way_nodes (way_id, node_id, sequence_id) VALUES (399, 1640, 50);
INSERT INTO way_nodes (way_id, node_id, version, sequence_id) VALUES (399, 1641, 1, 51);
INSERT INTO current_way_nodes (way_id, node_id, sequence_id) VALUES (399, 1641, 51);
INSERT INTO way_nodes (way_id, node_id, version, sequence_id) VALUES (399, 1642, 1, 52);
INSERT INTO current_way_nodes (way_id, node_id, sequence_id) VALUES (399, 1642, 52);
INSERT INTO way_nodes (way_id, node_id, version, sequence_id) VALUES (399, 1643, 1, 53);
INSERT INTO current_way_nodes (way_id, node_id, sequence_id) VALUES (399, 1643, 53);
INSERT INTO way_nodes (way_id, node_id, version, sequence_id) VALUES (399, 1644, 1, 54);
INSERT INTO current_way_nodes (way_id, node_id, sequence_id) VALUES (399, 1644, 54);
INSERT INTO way_nodes (way_id, node_id, version, sequence_id) VALUES (399, 1645, 1, 55);
INSERT INTO current_way_nodes (way_id, node_id, sequence_id) VALUES (399, 1645, 55);
INSERT INTO way_nodes (way_id, node_id, version, sequence_id) VALUES (399, 1646, 1, 56);
INSERT INTO current_way_nodes (way_id, node_id, sequence_id) VALUES (399, 1646, 56);
INSERT INTO way_nodes (way_id, node_id, version, sequence_id) VALUES (399, 1647, 1, 57);
INSERT INTO current_way_nodes (way_id, node_id, sequence_id) VALUES (399, 1647, 57);
INSERT INTO way_nodes (way_id, node_id, version, sequence_id) VALUES (399, 1648, 1, 58);
INSERT INTO current_way_nodes (way_id, node_id, sequence_id) VALUES (399, 1648, 58);
INSERT INTO way_nodes (way_id, node_id, version, sequence_id) VALUES (399, 1649, 1, 59);
INSERT INTO current_way_nodes (way_id, node_id, sequence_id) VALUES (399, 1649, 59);
INSERT INTO way_nodes (way_id, node_id, version, sequence_id) VALUES (399, 1650, 1, 60);
INSERT INTO current_way_nodes (way_id, node_id, sequence_id) VALUES (399, 1650, 60);
INSERT INTO way_nodes (way_id, node_id, version, sequence_id) VALUES (399, 1651, 1, 61);
INSERT INTO current_way_nodes (way_id, node_id, sequence_id) VALUES (399, 1651, 61);
INSERT INTO way_nodes (way_id, node_id, version, sequence_id) VALUES (399, 1652, 1, 62);
INSERT INTO current_way_nodes (way_id, node_id, sequence_id) VALUES (399, 1652, 62);
INSERT INTO way_nodes (way_id, node_id, version, sequence_id) VALUES (399, 1653, 1, 63);
INSERT INTO current_way_nodes (way_id, node_id, sequence_id) VALUES (399, 1653, 63);
INSERT INTO way_nodes (way_id, node_id, version, sequence_id) VALUES (399, 1654, 1, 64);
INSERT INTO current_way_nodes (way_id, node_id, sequence_id) VALUES (399, 1654, 64);
INSERT INTO way_nodes (way_id, node_id, version, sequence_id) VALUES (399, 1655, 1, 65);
INSERT INTO current_way_nodes (way_id, node_id, sequence_id) VALUES (399, 1655, 65);
INSERT INTO way_nodes (way_id, node_id, version, sequence_id) VALUES (399, 1656, 1, 66);
INSERT INTO current_way_nodes (way_id, node_id, sequence_id) VALUES (399, 1656, 66);
INSERT INTO way_nodes (way_id, node_id, version, sequence_id) VALUES (399, 1657, 1, 67);
INSERT INTO current_way_nodes (way_id, node_id, sequence_id) VALUES (399, 1657, 67);
INSERT INTO way_nodes (way_id, node_id, version, sequence_id) VALUES (399, 1659, 1, 68);
INSERT INTO current_way_nodes (way_id, node_id, sequence_id) VALUES (399, 1659, 68);
INSERT INTO way_nodes (way_id, node_id, version, sequence_id) VALUES (399, 1661, 1, 69);
INSERT INTO current_way_nodes (way_id, node_id, sequence_id) VALUES (399, 1661, 69);
INSERT INTO way_nodes (way_id, node_id, version, sequence_id) VALUES (399, 1663, 1, 70);
INSERT INTO current_way_nodes (way_id, node_id, sequence_id) VALUES (399, 1663, 70);
INSERT INTO way_nodes (way_id, node_id, version, sequence_id) VALUES (399, 1665, 1, 71);
INSERT INTO current_way_nodes (way_id, node_id, sequence_id) VALUES (399, 1665, 71);
INSERT INTO way_nodes (way_id, node_id, version, sequence_id) VALUES (399, 1667, 1, 72);
INSERT INTO current_way_nodes (way_id, node_id, sequence_id) VALUES (399, 1667, 72);
INSERT INTO way_nodes (way_id, node_id, version, sequence_id) VALUES (399, 1669, 1, 73);
INSERT INTO current_way_nodes (way_id, node_id, sequence_id) VALUES (399, 1669, 73);
INSERT INTO way_nodes (way_id, node_id, version, sequence_id) VALUES (399, 1671, 1, 74);
INSERT INTO current_way_nodes (way_id, node_id, sequence_id) VALUES (399, 1671, 74);
INSERT INTO way_nodes (way_id, node_id, version, sequence_id) VALUES (399, 1673, 1, 75);
INSERT INTO current_way_nodes (way_id, node_id, sequence_id) VALUES (399, 1673, 75);
INSERT INTO way_nodes (way_id, node_id, version, sequence_id) VALUES (399, 1675, 1, 76);
INSERT INTO current_way_nodes (way_id, node_id, sequence_id) VALUES (399, 1675, 76);
INSERT INTO way_nodes (way_id, node_id, version, sequence_id) VALUES (399, 1677, 1, 77);
INSERT INTO current_way_nodes (way_id, node_id, sequence_id) VALUES (399, 1677, 77);
INSERT INTO way_nodes (way_id, node_id, version, sequence_id) VALUES (399, 1679, 1, 78);
INSERT INTO current_way_nodes (way_id, node_id, sequence_id) VALUES (399, 1679, 78);
INSERT INTO way_nodes (way_id, node_id, version, sequence_id) VALUES (399, 1681, 1, 79);
INSERT INTO current_way_nodes (way_id, node_id, sequence_id) VALUES (399, 1681, 79);
INSERT INTO way_nodes (way_id, node_id, version, sequence_id) VALUES (399, 460, 1, 80);
INSERT INTO current_way_nodes (way_id, node_id, sequence_id) VALUES (399, 460, 80);
/* create way 400*/
INSERT INTO ways (way_id, changeset_id, visible, "timestamp", version) VALUES (400, 3, true, (now() at time zone 'utc'), 1);
INSERT INTO current_ways (id, changeset_id, visible, "timestamp", version) VALUES (400, 3, true, (now() at time zone 'utc'), 1);
INSERT INTO current_way_tags (way_id, k, v) VALUES (400, 'accuracy', '5');
INSERT INTO way_tags (way_id, k, v, version) VALUES (400, 'accuracy', '5', 1);
INSERT INTO current_way_tags (way_id, k, v) VALUES (400, 'hoot:id', '400');
INSERT INTO way_tags (way_id, k, v, version) VALUES (400, 'hoot:id', '400', 1);
INSERT INTO current_way_tags (way_id, k, v) VALUES (400, 'hoot:status', '2');
INSERT INTO way_tags (way_id, k, v, version) VALUES (400, 'hoot:status', '2', 1);
INSERT INTO current_way_tags (way_id, k, v) VALUES (400, 'highway', 'road');
INSERT INTO way_tags (way_id, k, v, version) VALUES (400, 'highway', 'road', 1);
INSERT INTO way_nodes (way_id, node_id, version, sequence_id) VALUES (400, 4919, 1, 1);
INSERT INTO current_way_nodes (way_id, node_id, sequence_id) VALUES (400, 4919, 1);
INSERT INTO way_nodes (way_id, node_id, version, sequence_id) VALUES (400, 4350, 1, 2);
INSERT INTO current_way_nodes (way_id, node_id, sequence_id) VALUES (400, 4350, 2);
INSERT INTO way_nodes (way_id, node_id, version, sequence_id) VALUES (400, 4349, 1, 3);
INSERT INTO current_way_nodes (way_id, node_id, sequence_id) VALUES (400, 4349, 3);
INSERT INTO way_nodes (way_id, node_id, version, sequence_id) VALUES (400, 4348, 1, 4);
INSERT INTO current_way_nodes (way_id, node_id, sequence_id) VALUES (400, 4348, 4);
INSERT INTO way_nodes (way_id, node_id, version, sequence_id) VALUES (400, 4347, 1, 5);
INSERT INTO current_way_nodes (way_id, node_id, sequence_id) VALUES (400, 4347, 5);
INSERT INTO way_nodes (way_id, node_id, version, sequence_id) VALUES (400, 4346, 1, 6);
INSERT INTO current_way_nodes (way_id, node_id, sequence_id) VALUES (400, 4346, 6);
INSERT INTO way_nodes (way_id, node_id, version, sequence_id) VALUES (400, 4345, 1, 7);
INSERT INTO current_way_nodes (way_id, node_id, sequence_id) VALUES (400, 4345, 7);
INSERT INTO way_nodes (way_id, node_id, version, sequence_id) VALUES (400, 4928, 1, 8);
INSERT INTO current_way_nodes (way_id, node_id, sequence_id) VALUES (400, 4928, 8);
/* create way 401*/
INSERT INTO ways (way_id, changeset_id, visible, "timestamp", version) VALUES (401, 3, true, (now() at time zone 'utc'), 1);
INSERT INTO current_ways (id, changeset_id, visible, "timestamp", version) VALUES (401, 3, true, (now() at time zone 'utc'), 1);
INSERT INTO current_way_tags (way_id, k, v) VALUES (401, 'accuracy', '5');
INSERT INTO way_tags (way_id, k, v, version) VALUES (401, 'accuracy', '5', 1);
INSERT INTO current_way_tags (way_id, k, v) VALUES (401, 'hoot:id', '401');
INSERT INTO way_tags (way_id, k, v, version) VALUES (401, 'hoot:id', '401', 1);
INSERT INTO current_way_tags (way_id, k, v) VALUES (401, 'hoot:status', '1');
INSERT INTO way_tags (way_id, k, v, version) VALUES (401, 'hoot:status', '1', 1);
INSERT INTO current_way_tags (way_id, k, v) VALUES (401, 'name', 'INTERSTATE 66  BN');
INSERT INTO way_tags (way_id, k, v, version) VALUES (401, 'name', 'INTERSTATE 66  BN', 1);
INSERT INTO current_way_tags (way_id, k, v) VALUES (401, 'highway', 'motorway');
INSERT INTO way_tags (way_id, k, v, version) VALUES (401, 'highway', 'motorway', 1);
INSERT INTO way_nodes (way_id, node_id, version, sequence_id) VALUES (401, 3408, 1, 1);
INSERT INTO current_way_nodes (way_id, node_id, sequence_id) VALUES (401, 3408, 1);
INSERT INTO way_nodes (way_id, node_id, version, sequence_id) VALUES (401, 1530, 1, 2);
INSERT INTO current_way_nodes (way_id, node_id, sequence_id) VALUES (401, 1530, 2);
INSERT INTO way_nodes (way_id, node_id, version, sequence_id) VALUES (401, 1532, 1, 3);
INSERT INTO current_way_nodes (way_id, node_id, sequence_id) VALUES (401, 1532, 3);
INSERT INTO way_nodes (way_id, node_id, version, sequence_id) VALUES (401, 1534, 1, 4);
INSERT INTO current_way_nodes (way_id, node_id, sequence_id) VALUES (401, 1534, 4);
INSERT INTO way_nodes (way_id, node_id, version, sequence_id) VALUES (401, 1536, 1, 5);
INSERT INTO current_way_nodes (way_id, node_id, sequence_id) VALUES (401, 1536, 5);
INSERT INTO way_nodes (way_id, node_id, version, sequence_id) VALUES (401, 4921, 1, 6);
INSERT INTO current_way_nodes (way_id, node_id, sequence_id) VALUES (401, 4921, 6);
/* create way 402*/
INSERT INTO ways (way_id, changeset_id, visible, "timestamp", version) VALUES (402, 3, true, (now() at time zone 'utc'), 1);
INSERT INTO current_ways (id, changeset_id, visible, "timestamp", version) VALUES (402, 3, true, (now() at time zone 'utc'), 1);
INSERT INTO current_way_tags (way_id, k, v) VALUES (402, 'accuracy', '5');
INSERT INTO way_tags (way_id, k, v, version) VALUES (402, 'accuracy', '5', 1);
INSERT INTO current_way_tags (way_id, k, v) VALUES (402, 'hoot:id', '402');
INSERT INTO way_tags (way_id, k, v, version) VALUES (402, 'hoot:id', '402', 1);
INSERT INTO current_way_tags (way_id, k, v) VALUES (402, 'hoot:status', '2');
INSERT INTO way_tags (way_id, k, v, version) VALUES (402, 'hoot:status', '2', 1);
INSERT INTO current_way_tags (way_id, k, v) VALUES (402, 'highway', 'road');
INSERT INTO way_tags (way_id, k, v, version) VALUES (402, 'highway', 'road', 1);
INSERT INTO way_nodes (way_id, node_id, version, sequence_id) VALUES (402, 4343, 1, 1);
INSERT INTO current_way_nodes (way_id, node_id, sequence_id) VALUES (402, 4343, 1);
INSERT INTO way_nodes (way_id, node_id, version, sequence_id) VALUES (402, 4342, 1, 2);
INSERT INTO current_way_nodes (way_id, node_id, sequence_id) VALUES (402, 4342, 2);
INSERT INTO way_nodes (way_id, node_id, version, sequence_id) VALUES (402, 4341, 1, 3);
INSERT INTO current_way_nodes (way_id, node_id, sequence_id) VALUES (402, 4341, 3);
INSERT INTO way_nodes (way_id, node_id, version, sequence_id) VALUES (402, 4340, 1, 4);
INSERT INTO current_way_nodes (way_id, node_id, sequence_id) VALUES (402, 4340, 4);
INSERT INTO way_nodes (way_id, node_id, version, sequence_id) VALUES (402, 4339, 1, 5);
INSERT INTO current_way_nodes (way_id, node_id, sequence_id) VALUES (402, 4339, 5);
INSERT INTO way_nodes (way_id, node_id, version, sequence_id) VALUES (402, 4338, 1, 6);
INSERT INTO current_way_nodes (way_id, node_id, sequence_id) VALUES (402, 4338, 6);
INSERT INTO way_nodes (way_id, node_id, version, sequence_id) VALUES (402, 4337, 1, 7);
INSERT INTO current_way_nodes (way_id, node_id, sequence_id) VALUES (402, 4337, 7);
INSERT INTO way_nodes (way_id, node_id, version, sequence_id) VALUES (402, 4336, 1, 8);
INSERT INTO current_way_nodes (way_id, node_id, sequence_id) VALUES (402, 4336, 8);
/* create way 403*/
INSERT INTO ways (way_id, changeset_id, visible, "timestamp", version) VALUES (403, 3, true, (now() at time zone 'utc'), 1);
INSERT INTO current_ways (id, changeset_id, visible, "timestamp", version) VALUES (403, 3, true, (now() at time zone 'utc'), 1);
INSERT INTO current_way_tags (way_id, k, v) VALUES (403, 'accuracy', '5');
INSERT INTO way_tags (way_id, k, v, version) VALUES (403, 'accuracy', '5', 1);
INSERT INTO current_way_tags (way_id, k, v) VALUES (403, 'hoot:id', '403');
INSERT INTO way_tags (way_id, k, v, version) VALUES (403, 'hoot:id', '403', 1);
INSERT INTO current_way_tags (way_id, k, v) VALUES (403, 'hoot:status', '2');
INSERT INTO way_tags (way_id, k, v, version) VALUES (403, 'hoot:status', '2', 1);
INSERT INTO current_way_tags (way_id, k, v) VALUES (403, 'name', 'Independence Ave SW');
INSERT INTO way_tags (way_id, k, v, version) VALUES (403, 'name', 'Independence Ave SW', 1);
INSERT INTO current_way_tags (way_id, k, v) VALUES (403, 'highway', 'unclassified');
INSERT INTO way_tags (way_id, k, v, version) VALUES (403, 'highway', 'unclassified', 1);
INSERT INTO way_nodes (way_id, node_id, version, sequence_id) VALUES (403, 4343, 1, 1);
INSERT INTO current_way_nodes (way_id, node_id, sequence_id) VALUES (403, 4343, 1);
INSERT INTO way_nodes (way_id, node_id, version, sequence_id) VALUES (403, 4917, 1, 2);
INSERT INTO current_way_nodes (way_id, node_id, sequence_id) VALUES (403, 4917, 2);
/* create way 404*/
INSERT INTO ways (way_id, changeset_id, visible, "timestamp", version) VALUES (404, 3, true, (now() at time zone 'utc'), 1);
INSERT INTO current_ways (id, changeset_id, visible, "timestamp", version) VALUES (404, 3, true, (now() at time zone 'utc'), 1);
INSERT INTO current_way_tags (way_id, k, v) VALUES (404, 'accuracy', '5');
INSERT INTO way_tags (way_id, k, v, version) VALUES (404, 'accuracy', '5', 1);
INSERT INTO current_way_tags (way_id, k, v) VALUES (404, 'hoot:id', '404');
INSERT INTO way_tags (way_id, k, v, version) VALUES (404, 'hoot:id', '404', 1);
INSERT INTO current_way_tags (way_id, k, v) VALUES (404, 'hoot:status', '2');
INSERT INTO way_tags (way_id, k, v, version) VALUES (404, 'hoot:status', '2', 1);
INSERT INTO current_way_tags (way_id, k, v) VALUES (404, 'name', 'Independence Ave SW');
INSERT INTO way_tags (way_id, k, v, version) VALUES (404, 'name', 'Independence Ave SW', 1);
INSERT INTO current_way_tags (way_id, k, v) VALUES (404, 'highway', 'unclassified');
INSERT INTO way_tags (way_id, k, v, version) VALUES (404, 'highway', 'unclassified', 1);
INSERT INTO way_nodes (way_id, node_id, version, sequence_id) VALUES (404, 4927, 1, 1);
INSERT INTO current_way_nodes (way_id, node_id, sequence_id) VALUES (404, 4927, 1);
INSERT INTO way_nodes (way_id, node_id, version, sequence_id) VALUES (404, 4406, 1, 2);
INSERT INTO current_way_nodes (way_id, node_id, sequence_id) VALUES (404, 4406, 2);
INSERT INTO way_nodes (way_id, node_id, version, sequence_id) VALUES (404, 4343, 1, 3);
INSERT INTO current_way_nodes (way_id, node_id, sequence_id) VALUES (404, 4343, 3);
/* create way 405*/
INSERT INTO ways (way_id, changeset_id, visible, "timestamp", version) VALUES (405, 3, true, (now() at time zone 'utc'), 1);
INSERT INTO current_ways (id, changeset_id, visible, "timestamp", version) VALUES (405, 3, true, (now() at time zone 'utc'), 1);
INSERT INTO current_way_tags (way_id, k, v) VALUES (405, 'accuracy', '5');
INSERT INTO way_tags (way_id, k, v, version) VALUES (405, 'accuracy', '5', 1);
INSERT INTO current_way_tags (way_id, k, v) VALUES (405, 'hoot:id', '405');
INSERT INTO way_tags (way_id, k, v, version) VALUES (405, 'hoot:id', '405', 1);
INSERT INTO current_way_tags (way_id, k, v) VALUES (405, 'hoot:status', '2');
INSERT INTO way_tags (way_id, k, v, version) VALUES (405, 'hoot:status', '2', 1);
INSERT INTO current_way_tags (way_id, k, v) VALUES (405, 'highway', 'road');
INSERT INTO way_tags (way_id, k, v, version) VALUES (405, 'highway', 'road', 1);
INSERT INTO way_nodes (way_id, node_id, version, sequence_id) VALUES (405, 4923, 1, 1);
INSERT INTO current_way_nodes (way_id, node_id, sequence_id) VALUES (405, 4923, 1);
INSERT INTO way_nodes (way_id, node_id, version, sequence_id) VALUES (405, 4613, 1, 2);
INSERT INTO current_way_nodes (way_id, node_id, sequence_id) VALUES (405, 4613, 2);
INSERT INTO way_nodes (way_id, node_id, version, sequence_id) VALUES (405, 4612, 1, 3);
INSERT INTO current_way_nodes (way_id, node_id, sequence_id) VALUES (405, 4612, 3);
INSERT INTO way_nodes (way_id, node_id, version, sequence_id) VALUES (405, 4611, 1, 4);
INSERT INTO current_way_nodes (way_id, node_id, sequence_id) VALUES (405, 4611, 4);
INSERT INTO way_nodes (way_id, node_id, version, sequence_id) VALUES (405, 4610, 1, 5);
INSERT INTO current_way_nodes (way_id, node_id, sequence_id) VALUES (405, 4610, 5);
INSERT INTO way_nodes (way_id, node_id, version, sequence_id) VALUES (405, 4609, 1, 6);
INSERT INTO current_way_nodes (way_id, node_id, sequence_id) VALUES (405, 4609, 6);
INSERT INTO way_nodes (way_id, node_id, version, sequence_id) VALUES (405, 4608, 1, 7);
INSERT INTO current_way_nodes (way_id, node_id, sequence_id) VALUES (405, 4608, 7);
INSERT INTO way_nodes (way_id, node_id, version, sequence_id) VALUES (405, 4607, 1, 8);
INSERT INTO current_way_nodes (way_id, node_id, sequence_id) VALUES (405, 4607, 8);
INSERT INTO way_nodes (way_id, node_id, version, sequence_id) VALUES (405, 4606, 1, 9);
INSERT INTO current_way_nodes (way_id, node_id, sequence_id) VALUES (405, 4606, 9);
INSERT INTO way_nodes (way_id, node_id, version, sequence_id) VALUES (405, 4605, 1, 10);
INSERT INTO current_way_nodes (way_id, node_id, sequence_id) VALUES (405, 4605, 10);
INSERT INTO way_nodes (way_id, node_id, version, sequence_id) VALUES (405, 4604, 1, 11);
INSERT INTO current_way_nodes (way_id, node_id, sequence_id) VALUES (405, 4604, 11);
INSERT INTO way_nodes (way_id, node_id, version, sequence_id) VALUES (405, 4603, 1, 12);
INSERT INTO current_way_nodes (way_id, node_id, sequence_id) VALUES (405, 4603, 12);
INSERT INTO way_nodes (way_id, node_id, version, sequence_id) VALUES (405, 4602, 1, 13);
INSERT INTO current_way_nodes (way_id, node_id, sequence_id) VALUES (405, 4602, 13);
INSERT INTO way_nodes (way_id, node_id, version, sequence_id) VALUES (405, 4601, 1, 14);
INSERT INTO current_way_nodes (way_id, node_id, sequence_id) VALUES (405, 4601, 14);
INSERT INTO way_nodes (way_id, node_id, version, sequence_id) VALUES (405, 4600, 1, 15);
INSERT INTO current_way_nodes (way_id, node_id, sequence_id) VALUES (405, 4600, 15);
INSERT INTO way_nodes (way_id, node_id, version, sequence_id) VALUES (405, 3408, 1, 16);
INSERT INTO current_way_nodes (way_id, node_id, sequence_id) VALUES (405, 3408, 16);
/* create way 406*/
INSERT INTO ways (way_id, changeset_id, visible, "timestamp", version) VALUES (406, 3, true, (now() at time zone 'utc'), 1);
INSERT INTO current_ways (id, changeset_id, visible, "timestamp", version) VALUES (406, 3, true, (now() at time zone 'utc'), 1);
INSERT INTO current_way_tags (way_id, k, v) VALUES (406, 'accuracy', '5');
INSERT INTO way_tags (way_id, k, v, version) VALUES (406, 'accuracy', '5', 1);
INSERT INTO current_way_tags (way_id, k, v) VALUES (406, 'hoot:id', '406');
INSERT INTO way_tags (way_id, k, v, version) VALUES (406, 'hoot:id', '406', 1);
INSERT INTO current_way_tags (way_id, k, v) VALUES (406, 'hoot:status', '2');
INSERT INTO way_tags (way_id, k, v, version) VALUES (406, 'hoot:status', '2', 1);
INSERT INTO current_way_tags (way_id, k, v) VALUES (406, 'highway', 'road');
INSERT INTO way_tags (way_id, k, v, version) VALUES (406, 'highway', 'road', 1);
INSERT INTO way_nodes (way_id, node_id, version, sequence_id) VALUES (406, 4914, 1, 1);
INSERT INTO current_way_nodes (way_id, node_id, sequence_id) VALUES (406, 4914, 1);
INSERT INTO way_nodes (way_id, node_id, version, sequence_id) VALUES (406, 4625, 1, 2);
INSERT INTO current_way_nodes (way_id, node_id, sequence_id) VALUES (406, 4625, 2);
INSERT INTO way_nodes (way_id, node_id, version, sequence_id) VALUES (406, 4624, 1, 3);
INSERT INTO current_way_nodes (way_id, node_id, sequence_id) VALUES (406, 4624, 3);
INSERT INTO way_nodes (way_id, node_id, version, sequence_id) VALUES (406, 4623, 1, 4);
INSERT INTO current_way_nodes (way_id, node_id, sequence_id) VALUES (406, 4623, 4);
INSERT INTO way_nodes (way_id, node_id, version, sequence_id) VALUES (406, 4622, 1, 5);
INSERT INTO current_way_nodes (way_id, node_id, sequence_id) VALUES (406, 4622, 5);
INSERT INTO way_nodes (way_id, node_id, version, sequence_id) VALUES (406, 4621, 1, 6);
INSERT INTO current_way_nodes (way_id, node_id, sequence_id) VALUES (406, 4621, 6);
INSERT INTO way_nodes (way_id, node_id, version, sequence_id) VALUES (406, 4620, 1, 7);
INSERT INTO current_way_nodes (way_id, node_id, sequence_id) VALUES (406, 4620, 7);
INSERT INTO way_nodes (way_id, node_id, version, sequence_id) VALUES (406, 4619, 1, 8);
INSERT INTO current_way_nodes (way_id, node_id, sequence_id) VALUES (406, 4619, 8);
INSERT INTO way_nodes (way_id, node_id, version, sequence_id) VALUES (406, 4618, 1, 9);
INSERT INTO current_way_nodes (way_id, node_id, sequence_id) VALUES (406, 4618, 9);
INSERT INTO way_nodes (way_id, node_id, version, sequence_id) VALUES (406, 4617, 1, 10);
INSERT INTO current_way_nodes (way_id, node_id, sequence_id) VALUES (406, 4617, 10);
INSERT INTO way_nodes (way_id, node_id, version, sequence_id) VALUES (406, 4616, 1, 11);
INSERT INTO current_way_nodes (way_id, node_id, sequence_id) VALUES (406, 4616, 11);
INSERT INTO way_nodes (way_id, node_id, version, sequence_id) VALUES (406, 4615, 1, 12);
INSERT INTO current_way_nodes (way_id, node_id, sequence_id) VALUES (406, 4615, 12);
INSERT INTO way_nodes (way_id, node_id, version, sequence_id) VALUES (406, 4923, 1, 13);
INSERT INTO current_way_nodes (way_id, node_id, sequence_id) VALUES (406, 4923, 13);
/* create way 407*/
INSERT INTO ways (way_id, changeset_id, visible, "timestamp", version) VALUES (407, 3, true, (now() at time zone 'utc'), 1);
INSERT INTO current_ways (id, changeset_id, visible, "timestamp", version) VALUES (407, 3, true, (now() at time zone 'utc'), 1);
INSERT INTO current_way_tags (way_id, k, v) VALUES (407, 'accuracy', '5');
INSERT INTO way_tags (way_id, k, v, version) VALUES (407, 'accuracy', '5', 1);
INSERT INTO current_way_tags (way_id, k, v) VALUES (407, 'hoot:id', '407');
INSERT INTO way_tags (way_id, k, v, version) VALUES (407, 'hoot:id', '407', 1);
INSERT INTO current_way_tags (way_id, k, v) VALUES (407, 'hoot:status', '3');
INSERT INTO way_tags (way_id, k, v, version) VALUES (407, 'hoot:status', '3', 1);
INSERT INTO current_way_tags (way_id, k, v) VALUES (407, 'alt_name', 'Rock Crk and Potomac Pkwy NW');
INSERT INTO way_tags (way_id, k, v, version) VALUES (407, 'alt_name', 'Rock Crk and Potomac Pkwy NW', 1);
INSERT INTO current_way_tags (way_id, k, v) VALUES (407, 'name', 'ROCK CREEK & POTOMAC PKWY NW');
INSERT INTO way_tags (way_id, k, v, version) VALUES (407, 'name', 'ROCK CREEK & POTOMAC PKWY NW', 1);
INSERT INTO current_way_tags (way_id, k, v) VALUES (407, 'highway', 'road');
INSERT INTO way_tags (way_id, k, v, version) VALUES (407, 'highway', 'road', 1);
INSERT INTO way_nodes (way_id, node_id, version, sequence_id) VALUES (407, 3406, 1, 1);
INSERT INTO current_way_nodes (way_id, node_id, sequence_id) VALUES (407, 3406, 1);
INSERT INTO way_nodes (way_id, node_id, version, sequence_id) VALUES (407, 3327, 1, 2);
INSERT INTO current_way_nodes (way_id, node_id, sequence_id) VALUES (407, 3327, 2);
INSERT INTO way_nodes (way_id, node_id, version, sequence_id) VALUES (407, 3328, 1, 3);
INSERT INTO current_way_nodes (way_id, node_id, sequence_id) VALUES (407, 3328, 3);
INSERT INTO way_nodes (way_id, node_id, version, sequence_id) VALUES (407, 3329, 1, 4);
INSERT INTO current_way_nodes (way_id, node_id, sequence_id) VALUES (407, 3329, 4);
INSERT INTO way_nodes (way_id, node_id, version, sequence_id) VALUES (407, 3330, 1, 5);
INSERT INTO current_way_nodes (way_id, node_id, sequence_id) VALUES (407, 3330, 5);
INSERT INTO way_nodes (way_id, node_id, version, sequence_id) VALUES (407, 3331, 1, 6);
INSERT INTO current_way_nodes (way_id, node_id, sequence_id) VALUES (407, 3331, 6);
INSERT INTO way_nodes (way_id, node_id, version, sequence_id) VALUES (407, 3332, 1, 7);
INSERT INTO current_way_nodes (way_id, node_id, sequence_id) VALUES (407, 3332, 7);
INSERT INTO way_nodes (way_id, node_id, version, sequence_id) VALUES (407, 3333, 1, 8);
INSERT INTO current_way_nodes (way_id, node_id, sequence_id) VALUES (407, 3333, 8);
INSERT INTO way_nodes (way_id, node_id, version, sequence_id) VALUES (407, 3334, 1, 9);
INSERT INTO current_way_nodes (way_id, node_id, sequence_id) VALUES (407, 3334, 9);
INSERT INTO way_nodes (way_id, node_id, version, sequence_id) VALUES (407, 3335, 1, 10);
INSERT INTO current_way_nodes (way_id, node_id, sequence_id) VALUES (407, 3335, 10);
INSERT INTO way_nodes (way_id, node_id, version, sequence_id) VALUES (407, 3336, 1, 11);
INSERT INTO current_way_nodes (way_id, node_id, sequence_id) VALUES (407, 3336, 11);
INSERT INTO way_nodes (way_id, node_id, version, sequence_id) VALUES (407, 3337, 1, 12);
INSERT INTO current_way_nodes (way_id, node_id, sequence_id) VALUES (407, 3337, 12);
INSERT INTO way_nodes (way_id, node_id, version, sequence_id) VALUES (407, 3338, 1, 13);
INSERT INTO current_way_nodes (way_id, node_id, sequence_id) VALUES (407, 3338, 13);
INSERT INTO way_nodes (way_id, node_id, version, sequence_id) VALUES (407, 3339, 1, 14);
INSERT INTO current_way_nodes (way_id, node_id, sequence_id) VALUES (407, 3339, 14);
INSERT INTO way_nodes (way_id, node_id, version, sequence_id) VALUES (407, 3340, 1, 15);
INSERT INTO current_way_nodes (way_id, node_id, sequence_id) VALUES (407, 3340, 15);
INSERT INTO way_nodes (way_id, node_id, version, sequence_id) VALUES (407, 3341, 1, 16);
INSERT INTO current_way_nodes (way_id, node_id, sequence_id) VALUES (407, 3341, 16);
INSERT INTO way_nodes (way_id, node_id, version, sequence_id) VALUES (407, 3342, 1, 17);
INSERT INTO current_way_nodes (way_id, node_id, sequence_id) VALUES (407, 3342, 17);
INSERT INTO way_nodes (way_id, node_id, version, sequence_id) VALUES (407, 3343, 1, 18);
INSERT INTO current_way_nodes (way_id, node_id, sequence_id) VALUES (407, 3343, 18);
INSERT INTO way_nodes (way_id, node_id, version, sequence_id) VALUES (407, 3344, 1, 19);
INSERT INTO current_way_nodes (way_id, node_id, sequence_id) VALUES (407, 3344, 19);
INSERT INTO way_nodes (way_id, node_id, version, sequence_id) VALUES (407, 3345, 1, 20);
INSERT INTO current_way_nodes (way_id, node_id, sequence_id) VALUES (407, 3345, 20);
INSERT INTO way_nodes (way_id, node_id, version, sequence_id) VALUES (407, 3346, 1, 21);
INSERT INTO current_way_nodes (way_id, node_id, sequence_id) VALUES (407, 3346, 21);
INSERT INTO way_nodes (way_id, node_id, version, sequence_id) VALUES (407, 3347, 1, 22);
INSERT INTO current_way_nodes (way_id, node_id, sequence_id) VALUES (407, 3347, 22);
INSERT INTO way_nodes (way_id, node_id, version, sequence_id) VALUES (407, 3348, 1, 23);
INSERT INTO current_way_nodes (way_id, node_id, sequence_id) VALUES (407, 3348, 23);
INSERT INTO way_nodes (way_id, node_id, version, sequence_id) VALUES (407, 3349, 1, 24);
INSERT INTO current_way_nodes (way_id, node_id, sequence_id) VALUES (407, 3349, 24);
INSERT INTO way_nodes (way_id, node_id, version, sequence_id) VALUES (407, 3350, 1, 25);
INSERT INTO current_way_nodes (way_id, node_id, sequence_id) VALUES (407, 3350, 25);
INSERT INTO way_nodes (way_id, node_id, version, sequence_id) VALUES (407, 3351, 1, 26);
INSERT INTO current_way_nodes (way_id, node_id, sequence_id) VALUES (407, 3351, 26);
INSERT INTO way_nodes (way_id, node_id, version, sequence_id) VALUES (407, 3352, 1, 27);
INSERT INTO current_way_nodes (way_id, node_id, sequence_id) VALUES (407, 3352, 27);
INSERT INTO way_nodes (way_id, node_id, version, sequence_id) VALUES (407, 3353, 1, 28);
INSERT INTO current_way_nodes (way_id, node_id, sequence_id) VALUES (407, 3353, 28);
INSERT INTO way_nodes (way_id, node_id, version, sequence_id) VALUES (407, 3354, 1, 29);
INSERT INTO current_way_nodes (way_id, node_id, sequence_id) VALUES (407, 3354, 29);
INSERT INTO way_nodes (way_id, node_id, version, sequence_id) VALUES (407, 3355, 1, 30);
INSERT INTO current_way_nodes (way_id, node_id, sequence_id) VALUES (407, 3355, 30);
INSERT INTO way_nodes (way_id, node_id, version, sequence_id) VALUES (407, 3356, 1, 31);
INSERT INTO current_way_nodes (way_id, node_id, sequence_id) VALUES (407, 3356, 31);
INSERT INTO way_nodes (way_id, node_id, version, sequence_id) VALUES (407, 3357, 1, 32);
INSERT INTO current_way_nodes (way_id, node_id, sequence_id) VALUES (407, 3357, 32);
INSERT INTO way_nodes (way_id, node_id, version, sequence_id) VALUES (407, 3358, 1, 33);
INSERT INTO current_way_nodes (way_id, node_id, sequence_id) VALUES (407, 3358, 33);
INSERT INTO way_nodes (way_id, node_id, version, sequence_id) VALUES (407, 3359, 1, 34);
INSERT INTO current_way_nodes (way_id, node_id, sequence_id) VALUES (407, 3359, 34);
INSERT INTO way_nodes (way_id, node_id, version, sequence_id) VALUES (407, 3360, 1, 35);
INSERT INTO current_way_nodes (way_id, node_id, sequence_id) VALUES (407, 3360, 35);
INSERT INTO way_nodes (way_id, node_id, version, sequence_id) VALUES (407, 3361, 1, 36);
INSERT INTO current_way_nodes (way_id, node_id, sequence_id) VALUES (407, 3361, 36);
INSERT INTO way_nodes (way_id, node_id, version, sequence_id) VALUES (407, 3362, 1, 37);
INSERT INTO current_way_nodes (way_id, node_id, sequence_id) VALUES (407, 3362, 37);
INSERT INTO way_nodes (way_id, node_id, version, sequence_id) VALUES (407, 3363, 1, 38);
INSERT INTO current_way_nodes (way_id, node_id, sequence_id) VALUES (407, 3363, 38);
INSERT INTO way_nodes (way_id, node_id, version, sequence_id) VALUES (407, 3364, 1, 39);
INSERT INTO current_way_nodes (way_id, node_id, sequence_id) VALUES (407, 3364, 39);
INSERT INTO way_nodes (way_id, node_id, version, sequence_id) VALUES (407, 3365, 1, 40);
INSERT INTO current_way_nodes (way_id, node_id, sequence_id) VALUES (407, 3365, 40);
INSERT INTO way_nodes (way_id, node_id, version, sequence_id) VALUES (407, 3366, 1, 41);
INSERT INTO current_way_nodes (way_id, node_id, sequence_id) VALUES (407, 3366, 41);
INSERT INTO way_nodes (way_id, node_id, version, sequence_id) VALUES (407, 3367, 1, 42);
INSERT INTO current_way_nodes (way_id, node_id, sequence_id) VALUES (407, 3367, 42);
INSERT INTO way_nodes (way_id, node_id, version, sequence_id) VALUES (407, 3368, 1, 43);
INSERT INTO current_way_nodes (way_id, node_id, sequence_id) VALUES (407, 3368, 43);
INSERT INTO way_nodes (way_id, node_id, version, sequence_id) VALUES (407, 3369, 1, 44);
INSERT INTO current_way_nodes (way_id, node_id, sequence_id) VALUES (407, 3369, 44);
INSERT INTO way_nodes (way_id, node_id, version, sequence_id) VALUES (407, 3370, 1, 45);
INSERT INTO current_way_nodes (way_id, node_id, sequence_id) VALUES (407, 3370, 45);
INSERT INTO way_nodes (way_id, node_id, version, sequence_id) VALUES (407, 3371, 1, 46);
INSERT INTO current_way_nodes (way_id, node_id, sequence_id) VALUES (407, 3371, 46);
INSERT INTO way_nodes (way_id, node_id, version, sequence_id) VALUES (407, 3372, 1, 47);
INSERT INTO current_way_nodes (way_id, node_id, sequence_id) VALUES (407, 3372, 47);
INSERT INTO way_nodes (way_id, node_id, version, sequence_id) VALUES (407, 3671, 1, 48);
INSERT INTO current_way_nodes (way_id, node_id, sequence_id) VALUES (407, 3671, 48);
/* create way 408*/
INSERT INTO ways (way_id, changeset_id, visible, "timestamp", version) VALUES (408, 3, true, (now() at time zone 'utc'), 1);
INSERT INTO current_ways (id, changeset_id, visible, "timestamp", version) VALUES (408, 3, true, (now() at time zone 'utc'), 1);
INSERT INTO current_way_tags (way_id, k, v) VALUES (408, 'accuracy', '5');
INSERT INTO way_tags (way_id, k, v, version) VALUES (408, 'accuracy', '5', 1);
INSERT INTO current_way_tags (way_id, k, v) VALUES (408, 'hoot:id', '408');
INSERT INTO way_tags (way_id, k, v, version) VALUES (408, 'hoot:id', '408', 1);
INSERT INTO current_way_tags (way_id, k, v) VALUES (408, 'hoot:status', '3');
INSERT INTO way_tags (way_id, k, v, version) VALUES (408, 'hoot:status', '3', 1);
INSERT INTO current_way_tags (way_id, k, v) VALUES (408, 'alt_name', 'Ohio Dr SW');
INSERT INTO way_tags (way_id, k, v, version) VALUES (408, 'alt_name', 'Ohio Dr SW', 1);
INSERT INTO current_way_tags (way_id, k, v) VALUES (408, 'name', 'OHIO DR NW');
INSERT INTO way_tags (way_id, k, v, version) VALUES (408, 'name', 'OHIO DR NW', 1);
INSERT INTO current_way_tags (way_id, k, v) VALUES (408, 'highway', 'road');
INSERT INTO way_tags (way_id, k, v, version) VALUES (408, 'highway', 'road', 1);
INSERT INTO way_nodes (way_id, node_id, version, sequence_id) VALUES (408, 3406, 1, 1);
INSERT INTO current_way_nodes (way_id, node_id, sequence_id) VALUES (408, 3406, 1);
INSERT INTO way_nodes (way_id, node_id, version, sequence_id) VALUES (408, 3407, 1, 2);
INSERT INTO current_way_nodes (way_id, node_id, sequence_id) VALUES (408, 3407, 2);
INSERT INTO way_nodes (way_id, node_id, version, sequence_id) VALUES (408, 3408, 1, 3);
INSERT INTO current_way_nodes (way_id, node_id, sequence_id) VALUES (408, 3408, 3);
/* create way 409*/
INSERT INTO ways (way_id, changeset_id, visible, "timestamp", version) VALUES (409, 3, true, (now() at time zone 'utc'), 1);
INSERT INTO current_ways (id, changeset_id, visible, "timestamp", version) VALUES (409, 3, true, (now() at time zone 'utc'), 1);
INSERT INTO current_way_tags (way_id, k, v) VALUES (409, 'accuracy', '5');
INSERT INTO way_tags (way_id, k, v, version) VALUES (409, 'accuracy', '5', 1);
INSERT INTO current_way_tags (way_id, k, v) VALUES (409, 'hoot:id', '409');
INSERT INTO way_tags (way_id, k, v, version) VALUES (409, 'hoot:id', '409', 1);
INSERT INTO current_way_tags (way_id, k, v) VALUES (409, 'hoot:status', '3');
INSERT INTO way_tags (way_id, k, v, version) VALUES (409, 'hoot:status', '3', 1);
INSERT INTO current_way_tags (way_id, k, v) VALUES (409, 'alt_name', 'Lincoln Memorial Cir');
INSERT INTO way_tags (way_id, k, v, version) VALUES (409, 'alt_name', 'Lincoln Memorial Cir', 1);
INSERT INTO current_way_tags (way_id, k, v) VALUES (409, 'name', 'LINCOLN MEMORIAL CIR SW');
INSERT INTO way_tags (way_id, k, v, version) VALUES (409, 'name', 'LINCOLN MEMORIAL CIR SW', 1);
INSERT INTO current_way_tags (way_id, k, v) VALUES (409, 'highway', 'road');
INSERT INTO way_tags (way_id, k, v, version) VALUES (409, 'highway', 'road', 1);
INSERT INTO way_nodes (way_id, node_id, version, sequence_id) VALUES (409, 2274, 1, 1);
INSERT INTO current_way_nodes (way_id, node_id, sequence_id) VALUES (409, 2274, 1);
INSERT INTO way_nodes (way_id, node_id, version, sequence_id) VALUES (409, 2275, 1, 2);
INSERT INTO current_way_nodes (way_id, node_id, sequence_id) VALUES (409, 2275, 2);
INSERT INTO way_nodes (way_id, node_id, version, sequence_id) VALUES (409, 2276, 1, 3);
INSERT INTO current_way_nodes (way_id, node_id, sequence_id) VALUES (409, 2276, 3);
INSERT INTO way_nodes (way_id, node_id, version, sequence_id) VALUES (409, 2277, 1, 4);
INSERT INTO current_way_nodes (way_id, node_id, sequence_id) VALUES (409, 2277, 4);
INSERT INTO way_nodes (way_id, node_id, version, sequence_id) VALUES (409, 4922, 1, 5);
INSERT INTO current_way_nodes (way_id, node_id, sequence_id) VALUES (409, 4922, 5);
/* create way 410*/
INSERT INTO ways (way_id, changeset_id, visible, "timestamp", version) VALUES (410, 3, true, (now() at time zone 'utc'), 1);
INSERT INTO current_ways (id, changeset_id, visible, "timestamp", version) VALUES (410, 3, true, (now() at time zone 'utc'), 1);
INSERT INTO current_way_tags (way_id, k, v) VALUES (410, 'accuracy', '5');
INSERT INTO way_tags (way_id, k, v, version) VALUES (410, 'accuracy', '5', 1);
INSERT INTO current_way_tags (way_id, k, v) VALUES (410, 'hoot:id', '410');
INSERT INTO way_tags (way_id, k, v, version) VALUES (410, 'hoot:id', '410', 1);
INSERT INTO current_way_tags (way_id, k, v) VALUES (410, 'hoot:status', '2');
INSERT INTO way_tags (way_id, k, v, version) VALUES (410, 'hoot:status', '2', 1);
INSERT INTO current_way_tags (way_id, k, v) VALUES (410, 'name', 'Independence Ave SW');
INSERT INTO way_tags (way_id, k, v, version) VALUES (410, 'name', 'Independence Ave SW', 1);
INSERT INTO current_way_tags (way_id, k, v) VALUES (410, 'highway', 'unclassified');
INSERT INTO way_tags (way_id, k, v, version) VALUES (410, 'highway', 'unclassified', 1);
INSERT INTO way_nodes (way_id, node_id, version, sequence_id) VALUES (410, 4917, 1, 1);
INSERT INTO current_way_nodes (way_id, node_id, sequence_id) VALUES (410, 4917, 1);
INSERT INTO way_nodes (way_id, node_id, version, sequence_id) VALUES (410, 4404, 1, 2);
INSERT INTO current_way_nodes (way_id, node_id, sequence_id) VALUES (410, 4404, 2);
INSERT INTO way_nodes (way_id, node_id, version, sequence_id) VALUES (410, 4892, 1, 3);
INSERT INTO current_way_nodes (way_id, node_id, sequence_id) VALUES (410, 4892, 3);
INSERT INTO way_nodes (way_id, node_id, version, sequence_id) VALUES (410, 4893, 1, 4);
INSERT INTO current_way_nodes (way_id, node_id, sequence_id) VALUES (410, 4893, 4);
INSERT INTO way_nodes (way_id, node_id, version, sequence_id) VALUES (410, 4894, 1, 5);
INSERT INTO current_way_nodes (way_id, node_id, sequence_id) VALUES (410, 4894, 5);
INSERT INTO way_nodes (way_id, node_id, version, sequence_id) VALUES (410, 4895, 1, 6);
INSERT INTO current_way_nodes (way_id, node_id, sequence_id) VALUES (410, 4895, 6);
INSERT INTO way_nodes (way_id, node_id, version, sequence_id) VALUES (410, 4896, 1, 7);
INSERT INTO current_way_nodes (way_id, node_id, sequence_id) VALUES (410, 4896, 7);
INSERT INTO way_nodes (way_id, node_id, version, sequence_id) VALUES (410, 4897, 1, 8);
INSERT INTO current_way_nodes (way_id, node_id, sequence_id) VALUES (410, 4897, 8);
INSERT INTO way_nodes (way_id, node_id, version, sequence_id) VALUES (410, 4898, 1, 9);
INSERT INTO current_way_nodes (way_id, node_id, sequence_id) VALUES (410, 4898, 9);
INSERT INTO way_nodes (way_id, node_id, version, sequence_id) VALUES (410, 4899, 1, 10);
INSERT INTO current_way_nodes (way_id, node_id, sequence_id) VALUES (410, 4899, 10);
INSERT INTO way_nodes (way_id, node_id, version, sequence_id) VALUES (410, 4900, 1, 11);
INSERT INTO current_way_nodes (way_id, node_id, sequence_id) VALUES (410, 4900, 11);
INSERT INTO way_nodes (way_id, node_id, version, sequence_id) VALUES (410, 4901, 1, 12);
INSERT INTO current_way_nodes (way_id, node_id, sequence_id) VALUES (410, 4901, 12);
INSERT INTO way_nodes (way_id, node_id, version, sequence_id) VALUES (410, 4902, 1, 13);
INSERT INTO current_way_nodes (way_id, node_id, sequence_id) VALUES (410, 4902, 13);
INSERT INTO way_nodes (way_id, node_id, version, sequence_id) VALUES (410, 4903, 1, 14);
INSERT INTO current_way_nodes (way_id, node_id, sequence_id) VALUES (410, 4903, 14);
INSERT INTO way_nodes (way_id, node_id, version, sequence_id) VALUES (410, 4904, 1, 15);
INSERT INTO current_way_nodes (way_id, node_id, sequence_id) VALUES (410, 4904, 15);
INSERT INTO way_nodes (way_id, node_id, version, sequence_id) VALUES (410, 4905, 1, 16);
INSERT INTO current_way_nodes (way_id, node_id, sequence_id) VALUES (410, 4905, 16);
INSERT INTO way_nodes (way_id, node_id, version, sequence_id) VALUES (410, 4906, 1, 17);
INSERT INTO current_way_nodes (way_id, node_id, sequence_id) VALUES (410, 4906, 17);
INSERT INTO way_nodes (way_id, node_id, version, sequence_id) VALUES (410, 4907, 1, 18);
INSERT INTO current_way_nodes (way_id, node_id, sequence_id) VALUES (410, 4907, 18);
INSERT INTO way_nodes (way_id, node_id, version, sequence_id) VALUES (410, 4908, 1, 19);
INSERT INTO current_way_nodes (way_id, node_id, sequence_id) VALUES (410, 4908, 19);
INSERT INTO way_nodes (way_id, node_id, version, sequence_id) VALUES (410, 4909, 1, 20);
INSERT INTO current_way_nodes (way_id, node_id, sequence_id) VALUES (410, 4909, 20);
INSERT INTO way_nodes (way_id, node_id, version, sequence_id) VALUES (410, 4910, 1, 21);
INSERT INTO current_way_nodes (way_id, node_id, sequence_id) VALUES (410, 4910, 21);
INSERT INTO way_nodes (way_id, node_id, version, sequence_id) VALUES (410, 4911, 1, 22);
INSERT INTO current_way_nodes (way_id, node_id, sequence_id) VALUES (410, 4911, 22);
INSERT INTO way_nodes (way_id, node_id, version, sequence_id) VALUES (410, 4912, 1, 23);
INSERT INTO current_way_nodes (way_id, node_id, sequence_id) VALUES (410, 4912, 23);
/* create way 411*/
INSERT INTO ways (way_id, changeset_id, visible, "timestamp", version) VALUES (411, 3, true, (now() at time zone 'utc'), 1);
INSERT INTO current_ways (id, changeset_id, visible, "timestamp", version) VALUES (411, 3, true, (now() at time zone 'utc'), 1);
INSERT INTO current_way_tags (way_id, k, v) VALUES (411, 'accuracy', '5');
INSERT INTO way_tags (way_id, k, v, version) VALUES (411, 'accuracy', '5', 1);
INSERT INTO current_way_tags (way_id, k, v) VALUES (411, 'hoot:id', '411');
INSERT INTO way_tags (way_id, k, v, version) VALUES (411, 'hoot:id', '411', 1);
INSERT INTO current_way_tags (way_id, k, v) VALUES (411, 'hoot:status', '3');
INSERT INTO way_tags (way_id, k, v, version) VALUES (411, 'hoot:status', '3', 1);
INSERT INTO current_way_tags (way_id, k, v) VALUES (411, 'alt_name', 'Lincoln Memorial Cir');
INSERT INTO way_tags (way_id, k, v, version) VALUES (411, 'alt_name', 'Lincoln Memorial Cir', 1);
INSERT INTO current_way_tags (way_id, k, v) VALUES (411, 'name', 'LINCOLN MEMORIAL CIR NW');
INSERT INTO way_tags (way_id, k, v, version) VALUES (411, 'name', 'LINCOLN MEMORIAL CIR NW', 1);
INSERT INTO current_way_tags (way_id, k, v) VALUES (411, 'highway', 'road');
INSERT INTO way_tags (way_id, k, v, version) VALUES (411, 'highway', 'road', 1);
INSERT INTO way_nodes (way_id, node_id, version, sequence_id) VALUES (411, 258, 1, 1);
INSERT INTO current_way_nodes (way_id, node_id, sequence_id) VALUES (411, 258, 1);
INSERT INTO way_nodes (way_id, node_id, version, sequence_id) VALUES (411, 2777, 1, 2);
INSERT INTO current_way_nodes (way_id, node_id, sequence_id) VALUES (411, 2777, 2);
INSERT INTO way_nodes (way_id, node_id, version, sequence_id) VALUES (411, 2778, 1, 3);
INSERT INTO current_way_nodes (way_id, node_id, sequence_id) VALUES (411, 2778, 3);
INSERT INTO way_nodes (way_id, node_id, version, sequence_id) VALUES (411, 2779, 1, 4);
INSERT INTO current_way_nodes (way_id, node_id, sequence_id) VALUES (411, 2779, 4);
INSERT INTO way_nodes (way_id, node_id, version, sequence_id) VALUES (411, 2780, 1, 5);
INSERT INTO current_way_nodes (way_id, node_id, sequence_id) VALUES (411, 2780, 5);
INSERT INTO way_nodes (way_id, node_id, version, sequence_id) VALUES (411, 2781, 1, 6);
INSERT INTO current_way_nodes (way_id, node_id, sequence_id) VALUES (411, 2781, 6);
INSERT INTO way_nodes (way_id, node_id, version, sequence_id) VALUES (411, 2782, 1, 7);
INSERT INTO current_way_nodes (way_id, node_id, sequence_id) VALUES (411, 2782, 7);
INSERT INTO way_nodes (way_id, node_id, version, sequence_id) VALUES (411, 2783, 1, 8);
INSERT INTO current_way_nodes (way_id, node_id, sequence_id) VALUES (411, 2783, 8);
INSERT INTO way_nodes (way_id, node_id, version, sequence_id) VALUES (411, 2784, 1, 9);
INSERT INTO current_way_nodes (way_id, node_id, sequence_id) VALUES (411, 2784, 9);
INSERT INTO way_nodes (way_id, node_id, version, sequence_id) VALUES (411, 2785, 1, 10);
INSERT INTO current_way_nodes (way_id, node_id, sequence_id) VALUES (411, 2785, 10);
INSERT INTO way_nodes (way_id, node_id, version, sequence_id) VALUES (411, 2786, 1, 11);
INSERT INTO current_way_nodes (way_id, node_id, sequence_id) VALUES (411, 2786, 11);
INSERT INTO way_nodes (way_id, node_id, version, sequence_id) VALUES (411, 2788, 1, 12);
INSERT INTO current_way_nodes (way_id, node_id, sequence_id) VALUES (411, 2788, 12);
INSERT INTO way_nodes (way_id, node_id, version, sequence_id) VALUES (411, 2791, 1, 13);
INSERT INTO current_way_nodes (way_id, node_id, sequence_id) VALUES (411, 2791, 13);
INSERT INTO way_nodes (way_id, node_id, version, sequence_id) VALUES (411, 2794, 1, 14);
INSERT INTO current_way_nodes (way_id, node_id, sequence_id) VALUES (411, 2794, 14);
INSERT INTO way_nodes (way_id, node_id, version, sequence_id) VALUES (411, 2797, 1, 15);
INSERT INTO current_way_nodes (way_id, node_id, sequence_id) VALUES (411, 2797, 15);
INSERT INTO way_nodes (way_id, node_id, version, sequence_id) VALUES (411, 2800, 1, 16);
INSERT INTO current_way_nodes (way_id, node_id, sequence_id) VALUES (411, 2800, 16);
INSERT INTO way_nodes (way_id, node_id, version, sequence_id) VALUES (411, 2803, 1, 17);
INSERT INTO current_way_nodes (way_id, node_id, sequence_id) VALUES (411, 2803, 17);
INSERT INTO way_nodes (way_id, node_id, version, sequence_id) VALUES (411, 2806, 1, 18);
INSERT INTO current_way_nodes (way_id, node_id, sequence_id) VALUES (411, 2806, 18);
INSERT INTO way_nodes (way_id, node_id, version, sequence_id) VALUES (411, 2809, 1, 19);
INSERT INTO current_way_nodes (way_id, node_id, sequence_id) VALUES (411, 2809, 19);
INSERT INTO way_nodes (way_id, node_id, version, sequence_id) VALUES (411, 2812, 1, 20);
INSERT INTO current_way_nodes (way_id, node_id, sequence_id) VALUES (411, 2812, 20);
INSERT INTO way_nodes (way_id, node_id, version, sequence_id) VALUES (411, 2815, 1, 21);
INSERT INTO current_way_nodes (way_id, node_id, sequence_id) VALUES (411, 2815, 21);
INSERT INTO way_nodes (way_id, node_id, version, sequence_id) VALUES (411, 2818, 1, 22);
INSERT INTO current_way_nodes (way_id, node_id, sequence_id) VALUES (411, 2818, 22);
INSERT INTO way_nodes (way_id, node_id, version, sequence_id) VALUES (411, 2821, 1, 23);
INSERT INTO current_way_nodes (way_id, node_id, sequence_id) VALUES (411, 2821, 23);
INSERT INTO way_nodes (way_id, node_id, version, sequence_id) VALUES (411, 2824, 1, 24);
INSERT INTO current_way_nodes (way_id, node_id, sequence_id) VALUES (411, 2824, 24);
INSERT INTO way_nodes (way_id, node_id, version, sequence_id) VALUES (411, 2827, 1, 25);
INSERT INTO current_way_nodes (way_id, node_id, sequence_id) VALUES (411, 2827, 25);
INSERT INTO way_nodes (way_id, node_id, version, sequence_id) VALUES (411, 2830, 1, 26);
INSERT INTO current_way_nodes (way_id, node_id, sequence_id) VALUES (411, 2830, 26);
INSERT INTO way_nodes (way_id, node_id, version, sequence_id) VALUES (411, 2833, 1, 27);
INSERT INTO current_way_nodes (way_id, node_id, sequence_id) VALUES (411, 2833, 27);
INSERT INTO way_nodes (way_id, node_id, version, sequence_id) VALUES (411, 2836, 1, 28);
INSERT INTO current_way_nodes (way_id, node_id, sequence_id) VALUES (411, 2836, 28);
INSERT INTO way_nodes (way_id, node_id, version, sequence_id) VALUES (411, 4923, 1, 29);
INSERT INTO current_way_nodes (way_id, node_id, sequence_id) VALUES (411, 4923, 29);
/* create way 412*/
INSERT INTO ways (way_id, changeset_id, visible, "timestamp", version) VALUES (412, 3, true, (now() at time zone 'utc'), 1);
INSERT INTO current_ways (id, changeset_id, visible, "timestamp", version) VALUES (412, 3, true, (now() at time zone 'utc'), 1);
INSERT INTO current_way_tags (way_id, k, v) VALUES (412, 'accuracy', '5');
INSERT INTO way_tags (way_id, k, v, version) VALUES (412, 'accuracy', '5', 1);
INSERT INTO current_way_tags (way_id, k, v) VALUES (412, 'hoot:id', '412');
INSERT INTO way_tags (way_id, k, v, version) VALUES (412, 'hoot:id', '412', 1);
INSERT INTO current_way_tags (way_id, k, v) VALUES (412, 'hoot:status', '2');
INSERT INTO way_tags (way_id, k, v, version) VALUES (412, 'hoot:status', '2', 1);
INSERT INTO current_way_tags (way_id, k, v) VALUES (412, 'highway', 'road');
INSERT INTO way_tags (way_id, k, v, version) VALUES (412, 'highway', 'road', 1);
INSERT INTO way_nodes (way_id, node_id, version, sequence_id) VALUES (412, 4913, 1, 1);
INSERT INTO current_way_nodes (way_id, node_id, sequence_id) VALUES (412, 4913, 1);
INSERT INTO way_nodes (way_id, node_id, version, sequence_id) VALUES (412, 4428, 1, 2);
INSERT INTO current_way_nodes (way_id, node_id, sequence_id) VALUES (412, 4428, 2);
INSERT INTO way_nodes (way_id, node_id, version, sequence_id) VALUES (412, 4427, 1, 3);
INSERT INTO current_way_nodes (way_id, node_id, sequence_id) VALUES (412, 4427, 3);
INSERT INTO way_nodes (way_id, node_id, version, sequence_id) VALUES (412, 4426, 1, 4);
INSERT INTO current_way_nodes (way_id, node_id, sequence_id) VALUES (412, 4426, 4);
INSERT INTO way_nodes (way_id, node_id, version, sequence_id) VALUES (412, 4921, 1, 5);
INSERT INTO current_way_nodes (way_id, node_id, sequence_id) VALUES (412, 4921, 5);
/* create way 413*/
INSERT INTO ways (way_id, changeset_id, visible, "timestamp", version) VALUES (413, 3, true, (now() at time zone 'utc'), 1);
INSERT INTO current_ways (id, changeset_id, visible, "timestamp", version) VALUES (413, 3, true, (now() at time zone 'utc'), 1);
INSERT INTO current_way_tags (way_id, k, v) VALUES (413, 'accuracy', '5');
INSERT INTO way_tags (way_id, k, v, version) VALUES (413, 'accuracy', '5', 1);
INSERT INTO current_way_tags (way_id, k, v) VALUES (413, 'hoot:id', '413');
INSERT INTO way_tags (way_id, k, v, version) VALUES (413, 'hoot:id', '413', 1);
INSERT INTO current_way_tags (way_id, k, v) VALUES (413, 'hoot:status', '2');
INSERT INTO way_tags (way_id, k, v, version) VALUES (413, 'hoot:status', '2', 1);
INSERT INTO current_way_tags (way_id, k, v) VALUES (413, 'name', 'Lincoln Memorial Cir');
INSERT INTO way_tags (way_id, k, v, version) VALUES (413, 'name', 'Lincoln Memorial Cir', 1);
INSERT INTO current_way_tags (way_id, k, v) VALUES (413, 'highway', 'unclassified');
INSERT INTO way_tags (way_id, k, v, version) VALUES (413, 'highway', 'unclassified', 1);
INSERT INTO way_nodes (way_id, node_id, version, sequence_id) VALUES (413, 3236, 1, 1);
INSERT INTO current_way_nodes (way_id, node_id, sequence_id) VALUES (413, 3236, 1);
INSERT INTO way_nodes (way_id, node_id, version, sequence_id) VALUES (413, 4538, 1, 2);
INSERT INTO current_way_nodes (way_id, node_id, sequence_id) VALUES (413, 4538, 2);
INSERT INTO way_nodes (way_id, node_id, version, sequence_id) VALUES (413, 4537, 1, 3);
INSERT INTO current_way_nodes (way_id, node_id, sequence_id) VALUES (413, 4537, 3);
INSERT INTO way_nodes (way_id, node_id, version, sequence_id) VALUES (413, 4536, 1, 4);
INSERT INTO current_way_nodes (way_id, node_id, sequence_id) VALUES (413, 4536, 4);
INSERT INTO way_nodes (way_id, node_id, version, sequence_id) VALUES (413, 4535, 1, 5);
INSERT INTO current_way_nodes (way_id, node_id, sequence_id) VALUES (413, 4535, 5);
INSERT INTO way_nodes (way_id, node_id, version, sequence_id) VALUES (413, 4534, 1, 6);
INSERT INTO current_way_nodes (way_id, node_id, sequence_id) VALUES (413, 4534, 6);
INSERT INTO way_nodes (way_id, node_id, version, sequence_id) VALUES (413, 4533, 1, 7);
INSERT INTO current_way_nodes (way_id, node_id, sequence_id) VALUES (413, 4533, 7);
INSERT INTO way_nodes (way_id, node_id, version, sequence_id) VALUES (413, 4532, 1, 8);
INSERT INTO current_way_nodes (way_id, node_id, sequence_id) VALUES (413, 4532, 8);
INSERT INTO way_nodes (way_id, node_id, version, sequence_id) VALUES (413, 4531, 1, 9);
INSERT INTO current_way_nodes (way_id, node_id, sequence_id) VALUES (413, 4531, 9);
INSERT INTO way_nodes (way_id, node_id, version, sequence_id) VALUES (413, 4530, 1, 10);
INSERT INTO current_way_nodes (way_id, node_id, sequence_id) VALUES (413, 4530, 10);
INSERT INTO way_nodes (way_id, node_id, version, sequence_id) VALUES (413, 4529, 1, 11);
INSERT INTO current_way_nodes (way_id, node_id, sequence_id) VALUES (413, 4529, 11);
INSERT INTO way_nodes (way_id, node_id, version, sequence_id) VALUES (413, 4528, 1, 12);
INSERT INTO current_way_nodes (way_id, node_id, sequence_id) VALUES (413, 4528, 12);
INSERT INTO way_nodes (way_id, node_id, version, sequence_id) VALUES (413, 4527, 1, 13);
INSERT INTO current_way_nodes (way_id, node_id, sequence_id) VALUES (413, 4527, 13);
INSERT INTO way_nodes (way_id, node_id, version, sequence_id) VALUES (413, 4526, 1, 14);
INSERT INTO current_way_nodes (way_id, node_id, sequence_id) VALUES (413, 4526, 14);
INSERT INTO way_nodes (way_id, node_id, version, sequence_id) VALUES (413, 4525, 1, 15);
INSERT INTO current_way_nodes (way_id, node_id, sequence_id) VALUES (413, 4525, 15);
INSERT INTO way_nodes (way_id, node_id, version, sequence_id) VALUES (413, 4524, 1, 16);
INSERT INTO current_way_nodes (way_id, node_id, sequence_id) VALUES (413, 4524, 16);
INSERT INTO way_nodes (way_id, node_id, version, sequence_id) VALUES (413, 4523, 1, 17);
INSERT INTO current_way_nodes (way_id, node_id, sequence_id) VALUES (413, 4523, 17);
INSERT INTO way_nodes (way_id, node_id, version, sequence_id) VALUES (413, 4522, 1, 18);
INSERT INTO current_way_nodes (way_id, node_id, sequence_id) VALUES (413, 4522, 18);
INSERT INTO way_nodes (way_id, node_id, version, sequence_id) VALUES (413, 4521, 1, 19);
INSERT INTO current_way_nodes (way_id, node_id, sequence_id) VALUES (413, 4521, 19);
INSERT INTO way_nodes (way_id, node_id, version, sequence_id) VALUES (413, 4520, 1, 20);
INSERT INTO current_way_nodes (way_id, node_id, sequence_id) VALUES (413, 4520, 20);
INSERT INTO way_nodes (way_id, node_id, version, sequence_id) VALUES (413, 4519, 1, 21);
INSERT INTO current_way_nodes (way_id, node_id, sequence_id) VALUES (413, 4519, 21);
INSERT INTO way_nodes (way_id, node_id, version, sequence_id) VALUES (413, 4518, 1, 22);
INSERT INTO current_way_nodes (way_id, node_id, sequence_id) VALUES (413, 4518, 22);
INSERT INTO way_nodes (way_id, node_id, version, sequence_id) VALUES (413, 4517, 1, 23);
INSERT INTO current_way_nodes (way_id, node_id, sequence_id) VALUES (413, 4517, 23);
INSERT INTO way_nodes (way_id, node_id, version, sequence_id) VALUES (413, 4516, 1, 24);
INSERT INTO current_way_nodes (way_id, node_id, sequence_id) VALUES (413, 4516, 24);
INSERT INTO way_nodes (way_id, node_id, version, sequence_id) VALUES (413, 4515, 1, 25);
INSERT INTO current_way_nodes (way_id, node_id, sequence_id) VALUES (413, 4515, 25);
INSERT INTO way_nodes (way_id, node_id, version, sequence_id) VALUES (413, 4514, 1, 26);
INSERT INTO current_way_nodes (way_id, node_id, sequence_id) VALUES (413, 4514, 26);
INSERT INTO way_nodes (way_id, node_id, version, sequence_id) VALUES (413, 4513, 1, 27);
INSERT INTO current_way_nodes (way_id, node_id, sequence_id) VALUES (413, 4513, 27);
INSERT INTO way_nodes (way_id, node_id, version, sequence_id) VALUES (413, 4512, 1, 28);
INSERT INTO current_way_nodes (way_id, node_id, sequence_id) VALUES (413, 4512, 28);
INSERT INTO way_nodes (way_id, node_id, version, sequence_id) VALUES (413, 2448, 1, 29);
INSERT INTO current_way_nodes (way_id, node_id, sequence_id) VALUES (413, 2448, 29);
/* create way 414*/
INSERT INTO ways (way_id, changeset_id, visible, "timestamp", version) VALUES (414, 3, true, (now() at time zone 'utc'), 1);
INSERT INTO current_ways (id, changeset_id, visible, "timestamp", version) VALUES (414, 3, true, (now() at time zone 'utc'), 1);
INSERT INTO current_way_tags (way_id, k, v) VALUES (414, 'accuracy', '5');
INSERT INTO way_tags (way_id, k, v, version) VALUES (414, 'accuracy', '5', 1);
INSERT INTO current_way_tags (way_id, k, v) VALUES (414, 'hoot:id', '414');
INSERT INTO way_tags (way_id, k, v, version) VALUES (414, 'hoot:id', '414', 1);
INSERT INTO current_way_tags (way_id, k, v) VALUES (414, 'hoot:status', '2');
INSERT INTO way_tags (way_id, k, v, version) VALUES (414, 'hoot:status', '2', 1);
INSERT INTO current_way_tags (way_id, k, v) VALUES (414, 'name', 'Ohio Dr SW');
INSERT INTO way_tags (way_id, k, v, version) VALUES (414, 'name', 'Ohio Dr SW', 1);
INSERT INTO current_way_tags (way_id, k, v) VALUES (414, 'highway', 'unclassified');
INSERT INTO way_tags (way_id, k, v, version) VALUES (414, 'highway', 'unclassified', 1);
INSERT INTO way_nodes (way_id, node_id, version, sequence_id) VALUES (414, 4921, 1, 1);
INSERT INTO current_way_nodes (way_id, node_id, sequence_id) VALUES (414, 4921, 1);
INSERT INTO way_nodes (way_id, node_id, version, sequence_id) VALUES (414, 4402, 1, 2);
INSERT INTO current_way_nodes (way_id, node_id, sequence_id) VALUES (414, 4402, 2);
INSERT INTO way_nodes (way_id, node_id, version, sequence_id) VALUES (414, 4401, 1, 3);
INSERT INTO current_way_nodes (way_id, node_id, sequence_id) VALUES (414, 4401, 3);
INSERT INTO way_nodes (way_id, node_id, version, sequence_id) VALUES (414, 4400, 1, 4);
INSERT INTO current_way_nodes (way_id, node_id, sequence_id) VALUES (414, 4400, 4);
INSERT INTO way_nodes (way_id, node_id, version, sequence_id) VALUES (414, 3408, 1, 5);
INSERT INTO current_way_nodes (way_id, node_id, sequence_id) VALUES (414, 3408, 5);
/* create way 415*/
INSERT INTO ways (way_id, changeset_id, visible, "timestamp", version) VALUES (415, 3, true, (now() at time zone 'utc'), 1);
INSERT INTO current_ways (id, changeset_id, visible, "timestamp", version) VALUES (415, 3, true, (now() at time zone 'utc'), 1);
INSERT INTO current_way_tags (way_id, k, v) VALUES (415, 'accuracy', '5');
INSERT INTO way_tags (way_id, k, v, version) VALUES (415, 'accuracy', '5', 1);
INSERT INTO current_way_tags (way_id, k, v) VALUES (415, 'hoot:id', '415');
INSERT INTO way_tags (way_id, k, v, version) VALUES (415, 'hoot:id', '415', 1);
INSERT INTO current_way_tags (way_id, k, v) VALUES (415, 'hoot:status', '3');
INSERT INTO way_tags (way_id, k, v, version) VALUES (415, 'hoot:status', '3', 1);
INSERT INTO current_way_tags (way_id, k, v) VALUES (415, 'alt_name', 'Daniel French Dr SW');
INSERT INTO way_tags (way_id, k, v, version) VALUES (415, 'alt_name', 'Daniel French Dr SW', 1);
INSERT INTO current_way_tags (way_id, k, v) VALUES (415, 'name', 'DANIEL C FRENCH DR SW');
INSERT INTO way_tags (way_id, k, v, version) VALUES (415, 'name', 'DANIEL C FRENCH DR SW', 1);
INSERT INTO current_way_tags (way_id, k, v) VALUES (415, 'highway', 'road');
INSERT INTO way_tags (way_id, k, v, version) VALUES (415, 'highway', 'road', 1);
INSERT INTO way_nodes (way_id, node_id, version, sequence_id) VALUES (415, 4925, 1, 1);
INSERT INTO current_way_nodes (way_id, node_id, sequence_id) VALUES (415, 4925, 1);
INSERT INTO way_nodes (way_id, node_id, version, sequence_id) VALUES (415, 3493, 1, 2);
INSERT INTO current_way_nodes (way_id, node_id, sequence_id) VALUES (415, 3493, 2);
INSERT INTO way_nodes (way_id, node_id, version, sequence_id) VALUES (415, 3494, 1, 3);
INSERT INTO current_way_nodes (way_id, node_id, sequence_id) VALUES (415, 3494, 3);
INSERT INTO way_nodes (way_id, node_id, version, sequence_id) VALUES (415, 3495, 1, 4);
INSERT INTO current_way_nodes (way_id, node_id, sequence_id) VALUES (415, 3495, 4);
INSERT INTO way_nodes (way_id, node_id, version, sequence_id) VALUES (415, 3496, 1, 5);
INSERT INTO current_way_nodes (way_id, node_id, sequence_id) VALUES (415, 3496, 5);
INSERT INTO way_nodes (way_id, node_id, version, sequence_id) VALUES (415, 3497, 1, 6);
INSERT INTO current_way_nodes (way_id, node_id, sequence_id) VALUES (415, 3497, 6);
INSERT INTO way_nodes (way_id, node_id, version, sequence_id) VALUES (415, 3498, 1, 7);
INSERT INTO current_way_nodes (way_id, node_id, sequence_id) VALUES (415, 3498, 7);
INSERT INTO way_nodes (way_id, node_id, version, sequence_id) VALUES (415, 3499, 1, 8);
INSERT INTO current_way_nodes (way_id, node_id, sequence_id) VALUES (415, 3499, 8);
INSERT INTO way_nodes (way_id, node_id, version, sequence_id) VALUES (415, 3500, 1, 9);
INSERT INTO current_way_nodes (way_id, node_id, sequence_id) VALUES (415, 3500, 9);
INSERT INTO way_nodes (way_id, node_id, version, sequence_id) VALUES (415, 3501, 1, 10);
INSERT INTO current_way_nodes (way_id, node_id, sequence_id) VALUES (415, 3501, 10);
INSERT INTO way_nodes (way_id, node_id, version, sequence_id) VALUES (415, 3502, 1, 11);
INSERT INTO current_way_nodes (way_id, node_id, sequence_id) VALUES (415, 3502, 11);
INSERT INTO way_nodes (way_id, node_id, version, sequence_id) VALUES (415, 3503, 1, 12);
INSERT INTO current_way_nodes (way_id, node_id, sequence_id) VALUES (415, 3503, 12);
INSERT INTO way_nodes (way_id, node_id, version, sequence_id) VALUES (415, 3504, 1, 13);
INSERT INTO current_way_nodes (way_id, node_id, sequence_id) VALUES (415, 3504, 13);
INSERT INTO way_nodes (way_id, node_id, version, sequence_id) VALUES (415, 3505, 1, 14);
INSERT INTO current_way_nodes (way_id, node_id, sequence_id) VALUES (415, 3505, 14);
INSERT INTO way_nodes (way_id, node_id, version, sequence_id) VALUES (415, 3506, 1, 15);
INSERT INTO current_way_nodes (way_id, node_id, sequence_id) VALUES (415, 3506, 15);
INSERT INTO way_nodes (way_id, node_id, version, sequence_id) VALUES (415, 3507, 1, 16);
INSERT INTO current_way_nodes (way_id, node_id, sequence_id) VALUES (415, 3507, 16);
INSERT INTO way_nodes (way_id, node_id, version, sequence_id) VALUES (415, 4924, 1, 17);
INSERT INTO current_way_nodes (way_id, node_id, sequence_id) VALUES (415, 4924, 17);
/* create way 416*/
INSERT INTO ways (way_id, changeset_id, visible, "timestamp", version) VALUES (416, 3, true, (now() at time zone 'utc'), 1);
INSERT INTO current_ways (id, changeset_id, visible, "timestamp", version) VALUES (416, 3, true, (now() at time zone 'utc'), 1);
INSERT INTO current_way_tags (way_id, k, v) VALUES (416, 'accuracy', '5');
INSERT INTO way_tags (way_id, k, v, version) VALUES (416, 'accuracy', '5', 1);
INSERT INTO current_way_tags (way_id, k, v) VALUES (416, 'hoot:id', '416');
INSERT INTO way_tags (way_id, k, v, version) VALUES (416, 'hoot:id', '416', 1);
INSERT INTO current_way_tags (way_id, k, v) VALUES (416, 'hoot:status', '3');
INSERT INTO way_tags (way_id, k, v, version) VALUES (416, 'hoot:status', '3', 1);
INSERT INTO current_way_tags (way_id, k, v) VALUES (416, 'alt_name', 'Daniel French Dr SW');
INSERT INTO way_tags (way_id, k, v, version) VALUES (416, 'alt_name', 'Daniel French Dr SW', 1);
INSERT INTO current_way_tags (way_id, k, v) VALUES (416, 'name', 'DANIEL C FRENCH DR SW');
INSERT INTO way_tags (way_id, k, v, version) VALUES (416, 'name', 'DANIEL C FRENCH DR SW', 1);
INSERT INTO current_way_tags (way_id, k, v) VALUES (416, 'highway', 'road');
INSERT INTO way_tags (way_id, k, v, version) VALUES (416, 'highway', 'road', 1);
INSERT INTO way_nodes (way_id, node_id, version, sequence_id) VALUES (416, 3236, 1, 1);
INSERT INTO current_way_nodes (way_id, node_id, sequence_id) VALUES (416, 3236, 1);
INSERT INTO way_nodes (way_id, node_id, version, sequence_id) VALUES (416, 3490, 1, 2);
INSERT INTO current_way_nodes (way_id, node_id, sequence_id) VALUES (416, 3490, 2);
INSERT INTO way_nodes (way_id, node_id, version, sequence_id) VALUES (416, 3491, 1, 3);
INSERT INTO current_way_nodes (way_id, node_id, sequence_id) VALUES (416, 3491, 3);
INSERT INTO way_nodes (way_id, node_id, version, sequence_id) VALUES (416, 3492, 1, 4);
INSERT INTO current_way_nodes (way_id, node_id, sequence_id) VALUES (416, 3492, 4);
INSERT INTO way_nodes (way_id, node_id, version, sequence_id) VALUES (416, 4925, 1, 5);
INSERT INTO current_way_nodes (way_id, node_id, sequence_id) VALUES (416, 4925, 5);
/* create way 417*/
INSERT INTO ways (way_id, changeset_id, visible, "timestamp", version) VALUES (417, 3, true, (now() at time zone 'utc'), 1);
INSERT INTO current_ways (id, changeset_id, visible, "timestamp", version) VALUES (417, 3, true, (now() at time zone 'utc'), 1);
INSERT INTO current_way_tags (way_id, k, v) VALUES (417, 'accuracy', '5');
INSERT INTO way_tags (way_id, k, v, version) VALUES (417, 'accuracy', '5', 1);
INSERT INTO current_way_tags (way_id, k, v) VALUES (417, 'hoot:id', '417');
INSERT INTO way_tags (way_id, k, v, version) VALUES (417, 'hoot:id', '417', 1);
INSERT INTO current_way_tags (way_id, k, v) VALUES (417, 'hoot:status', '2');
INSERT INTO way_tags (way_id, k, v, version) VALUES (417, 'hoot:status', '2', 1);
INSERT INTO current_way_tags (way_id, k, v) VALUES (417, 'name', 'Independence Ave SW');
INSERT INTO way_tags (way_id, k, v, version) VALUES (417, 'name', 'Independence Ave SW', 1);
INSERT INTO current_way_tags (way_id, k, v) VALUES (417, 'highway', 'unclassified');
INSERT INTO way_tags (way_id, k, v, version) VALUES (417, 'highway', 'unclassified', 1);
INSERT INTO way_nodes (way_id, node_id, version, sequence_id) VALUES (417, 4805, 1, 1);
INSERT INTO current_way_nodes (way_id, node_id, sequence_id) VALUES (417, 4805, 1);
INSERT INTO way_nodes (way_id, node_id, version, sequence_id) VALUES (417, 4806, 1, 2);
INSERT INTO current_way_nodes (way_id, node_id, sequence_id) VALUES (417, 4806, 2);
INSERT INTO way_nodes (way_id, node_id, version, sequence_id) VALUES (417, 4807, 1, 3);
INSERT INTO current_way_nodes (way_id, node_id, sequence_id) VALUES (417, 4807, 3);
INSERT INTO way_nodes (way_id, node_id, version, sequence_id) VALUES (417, 4808, 1, 4);
INSERT INTO current_way_nodes (way_id, node_id, sequence_id) VALUES (417, 4808, 4);
INSERT INTO way_nodes (way_id, node_id, version, sequence_id) VALUES (417, 4809, 1, 5);
INSERT INTO current_way_nodes (way_id, node_id, sequence_id) VALUES (417, 4809, 5);
INSERT INTO way_nodes (way_id, node_id, version, sequence_id) VALUES (417, 4810, 1, 6);
INSERT INTO current_way_nodes (way_id, node_id, sequence_id) VALUES (417, 4810, 6);
INSERT INTO way_nodes (way_id, node_id, version, sequence_id) VALUES (417, 4811, 1, 7);
INSERT INTO current_way_nodes (way_id, node_id, sequence_id) VALUES (417, 4811, 7);
INSERT INTO way_nodes (way_id, node_id, version, sequence_id) VALUES (417, 4812, 1, 8);
INSERT INTO current_way_nodes (way_id, node_id, sequence_id) VALUES (417, 4812, 8);
INSERT INTO way_nodes (way_id, node_id, version, sequence_id) VALUES (417, 4813, 1, 9);
INSERT INTO current_way_nodes (way_id, node_id, sequence_id) VALUES (417, 4813, 9);
INSERT INTO way_nodes (way_id, node_id, version, sequence_id) VALUES (417, 4814, 1, 10);
INSERT INTO current_way_nodes (way_id, node_id, sequence_id) VALUES (417, 4814, 10);
INSERT INTO way_nodes (way_id, node_id, version, sequence_id) VALUES (417, 4815, 1, 11);
INSERT INTO current_way_nodes (way_id, node_id, sequence_id) VALUES (417, 4815, 11);
INSERT INTO way_nodes (way_id, node_id, version, sequence_id) VALUES (417, 4816, 1, 12);
INSERT INTO current_way_nodes (way_id, node_id, sequence_id) VALUES (417, 4816, 12);
INSERT INTO way_nodes (way_id, node_id, version, sequence_id) VALUES (417, 4817, 1, 13);
INSERT INTO current_way_nodes (way_id, node_id, sequence_id) VALUES (417, 4817, 13);
INSERT INTO way_nodes (way_id, node_id, version, sequence_id) VALUES (417, 4818, 1, 14);
INSERT INTO current_way_nodes (way_id, node_id, sequence_id) VALUES (417, 4818, 14);
INSERT INTO way_nodes (way_id, node_id, version, sequence_id) VALUES (417, 4819, 1, 15);
INSERT INTO current_way_nodes (way_id, node_id, sequence_id) VALUES (417, 4819, 15);
INSERT INTO way_nodes (way_id, node_id, version, sequence_id) VALUES (417, 4820, 1, 16);
INSERT INTO current_way_nodes (way_id, node_id, sequence_id) VALUES (417, 4820, 16);
INSERT INTO way_nodes (way_id, node_id, version, sequence_id) VALUES (417, 4821, 1, 17);
INSERT INTO current_way_nodes (way_id, node_id, sequence_id) VALUES (417, 4821, 17);
INSERT INTO way_nodes (way_id, node_id, version, sequence_id) VALUES (417, 4822, 1, 18);
INSERT INTO current_way_nodes (way_id, node_id, sequence_id) VALUES (417, 4822, 18);
INSERT INTO way_nodes (way_id, node_id, version, sequence_id) VALUES (417, 4823, 1, 19);
INSERT INTO current_way_nodes (way_id, node_id, sequence_id) VALUES (417, 4823, 19);
INSERT INTO way_nodes (way_id, node_id, version, sequence_id) VALUES (417, 4824, 1, 20);
INSERT INTO current_way_nodes (way_id, node_id, sequence_id) VALUES (417, 4824, 20);
INSERT INTO way_nodes (way_id, node_id, version, sequence_id) VALUES (417, 4825, 1, 21);
INSERT INTO current_way_nodes (way_id, node_id, sequence_id) VALUES (417, 4825, 21);
INSERT INTO way_nodes (way_id, node_id, version, sequence_id) VALUES (417, 4826, 1, 22);
INSERT INTO current_way_nodes (way_id, node_id, sequence_id) VALUES (417, 4826, 22);
INSERT INTO way_nodes (way_id, node_id, version, sequence_id) VALUES (417, 4827, 1, 23);
INSERT INTO current_way_nodes (way_id, node_id, sequence_id) VALUES (417, 4827, 23);
INSERT INTO way_nodes (way_id, node_id, version, sequence_id) VALUES (417, 4828, 1, 24);
INSERT INTO current_way_nodes (way_id, node_id, sequence_id) VALUES (417, 4828, 24);
INSERT INTO way_nodes (way_id, node_id, version, sequence_id) VALUES (417, 4829, 1, 25);
INSERT INTO current_way_nodes (way_id, node_id, sequence_id) VALUES (417, 4829, 25);
INSERT INTO way_nodes (way_id, node_id, version, sequence_id) VALUES (417, 4830, 1, 26);
INSERT INTO current_way_nodes (way_id, node_id, sequence_id) VALUES (417, 4830, 26);
INSERT INTO way_nodes (way_id, node_id, version, sequence_id) VALUES (417, 4831, 1, 27);
INSERT INTO current_way_nodes (way_id, node_id, sequence_id) VALUES (417, 4831, 27);
INSERT INTO way_nodes (way_id, node_id, version, sequence_id) VALUES (417, 4832, 1, 28);
INSERT INTO current_way_nodes (way_id, node_id, sequence_id) VALUES (417, 4832, 28);
INSERT INTO way_nodes (way_id, node_id, version, sequence_id) VALUES (417, 4833, 1, 29);
INSERT INTO current_way_nodes (way_id, node_id, sequence_id) VALUES (417, 4833, 29);
INSERT INTO way_nodes (way_id, node_id, version, sequence_id) VALUES (417, 4834, 1, 30);
INSERT INTO current_way_nodes (way_id, node_id, sequence_id) VALUES (417, 4834, 30);
INSERT INTO way_nodes (way_id, node_id, version, sequence_id) VALUES (417, 4835, 1, 31);
INSERT INTO current_way_nodes (way_id, node_id, sequence_id) VALUES (417, 4835, 31);
INSERT INTO way_nodes (way_id, node_id, version, sequence_id) VALUES (417, 4836, 1, 32);
INSERT INTO current_way_nodes (way_id, node_id, sequence_id) VALUES (417, 4836, 32);
INSERT INTO way_nodes (way_id, node_id, version, sequence_id) VALUES (417, 4837, 1, 33);
INSERT INTO current_way_nodes (way_id, node_id, sequence_id) VALUES (417, 4837, 33);
INSERT INTO way_nodes (way_id, node_id, version, sequence_id) VALUES (417, 4838, 1, 34);
INSERT INTO current_way_nodes (way_id, node_id, sequence_id) VALUES (417, 4838, 34);
INSERT INTO way_nodes (way_id, node_id, version, sequence_id) VALUES (417, 4839, 1, 35);
INSERT INTO current_way_nodes (way_id, node_id, sequence_id) VALUES (417, 4839, 35);
INSERT INTO way_nodes (way_id, node_id, version, sequence_id) VALUES (417, 4840, 1, 36);
INSERT INTO current_way_nodes (way_id, node_id, sequence_id) VALUES (417, 4840, 36);
INSERT INTO way_nodes (way_id, node_id, version, sequence_id) VALUES (417, 4841, 1, 37);
INSERT INTO current_way_nodes (way_id, node_id, sequence_id) VALUES (417, 4841, 37);
INSERT INTO way_nodes (way_id, node_id, version, sequence_id) VALUES (417, 4842, 1, 38);
INSERT INTO current_way_nodes (way_id, node_id, sequence_id) VALUES (417, 4842, 38);
INSERT INTO way_nodes (way_id, node_id, version, sequence_id) VALUES (417, 4843, 1, 39);
INSERT INTO current_way_nodes (way_id, node_id, sequence_id) VALUES (417, 4843, 39);
INSERT INTO way_nodes (way_id, node_id, version, sequence_id) VALUES (417, 4844, 1, 40);
INSERT INTO current_way_nodes (way_id, node_id, sequence_id) VALUES (417, 4844, 40);
INSERT INTO way_nodes (way_id, node_id, version, sequence_id) VALUES (417, 4845, 1, 41);
INSERT INTO current_way_nodes (way_id, node_id, sequence_id) VALUES (417, 4845, 41);
INSERT INTO way_nodes (way_id, node_id, version, sequence_id) VALUES (417, 4846, 1, 42);
INSERT INTO current_way_nodes (way_id, node_id, sequence_id) VALUES (417, 4846, 42);
INSERT INTO way_nodes (way_id, node_id, version, sequence_id) VALUES (417, 4847, 1, 43);
INSERT INTO current_way_nodes (way_id, node_id, sequence_id) VALUES (417, 4847, 43);
INSERT INTO way_nodes (way_id, node_id, version, sequence_id) VALUES (417, 4848, 1, 44);
INSERT INTO current_way_nodes (way_id, node_id, sequence_id) VALUES (417, 4848, 44);
INSERT INTO way_nodes (way_id, node_id, version, sequence_id) VALUES (417, 4849, 1, 45);
INSERT INTO current_way_nodes (way_id, node_id, sequence_id) VALUES (417, 4849, 45);
INSERT INTO way_nodes (way_id, node_id, version, sequence_id) VALUES (417, 4850, 1, 46);
INSERT INTO current_way_nodes (way_id, node_id, sequence_id) VALUES (417, 4850, 46);
INSERT INTO way_nodes (way_id, node_id, version, sequence_id) VALUES (417, 4851, 1, 47);
INSERT INTO current_way_nodes (way_id, node_id, sequence_id) VALUES (417, 4851, 47);
INSERT INTO way_nodes (way_id, node_id, version, sequence_id) VALUES (417, 4852, 1, 48);
INSERT INTO current_way_nodes (way_id, node_id, sequence_id) VALUES (417, 4852, 48);
INSERT INTO way_nodes (way_id, node_id, version, sequence_id) VALUES (417, 4853, 1, 49);
INSERT INTO current_way_nodes (way_id, node_id, sequence_id) VALUES (417, 4853, 49);
INSERT INTO way_nodes (way_id, node_id, version, sequence_id) VALUES (417, 4854, 1, 50);
INSERT INTO current_way_nodes (way_id, node_id, sequence_id) VALUES (417, 4854, 50);
INSERT INTO way_nodes (way_id, node_id, version, sequence_id) VALUES (417, 4855, 1, 51);
INSERT INTO current_way_nodes (way_id, node_id, sequence_id) VALUES (417, 4855, 51);
INSERT INTO way_nodes (way_id, node_id, version, sequence_id) VALUES (417, 4856, 1, 52);
INSERT INTO current_way_nodes (way_id, node_id, sequence_id) VALUES (417, 4856, 52);
INSERT INTO way_nodes (way_id, node_id, version, sequence_id) VALUES (417, 4857, 1, 53);
INSERT INTO current_way_nodes (way_id, node_id, sequence_id) VALUES (417, 4857, 53);
INSERT INTO way_nodes (way_id, node_id, version, sequence_id) VALUES (417, 4858, 1, 54);
INSERT INTO current_way_nodes (way_id, node_id, sequence_id) VALUES (417, 4858, 54);
INSERT INTO way_nodes (way_id, node_id, version, sequence_id) VALUES (417, 4859, 1, 55);
INSERT INTO current_way_nodes (way_id, node_id, sequence_id) VALUES (417, 4859, 55);
INSERT INTO way_nodes (way_id, node_id, version, sequence_id) VALUES (417, 4860, 1, 56);
INSERT INTO current_way_nodes (way_id, node_id, sequence_id) VALUES (417, 4860, 56);
INSERT INTO way_nodes (way_id, node_id, version, sequence_id) VALUES (417, 4861, 1, 57);
INSERT INTO current_way_nodes (way_id, node_id, sequence_id) VALUES (417, 4861, 57);
INSERT INTO way_nodes (way_id, node_id, version, sequence_id) VALUES (417, 4862, 1, 58);
INSERT INTO current_way_nodes (way_id, node_id, sequence_id) VALUES (417, 4862, 58);
INSERT INTO way_nodes (way_id, node_id, version, sequence_id) VALUES (417, 4863, 1, 59);
INSERT INTO current_way_nodes (way_id, node_id, sequence_id) VALUES (417, 4863, 59);
INSERT INTO way_nodes (way_id, node_id, version, sequence_id) VALUES (417, 4864, 1, 60);
INSERT INTO current_way_nodes (way_id, node_id, sequence_id) VALUES (417, 4864, 60);
INSERT INTO way_nodes (way_id, node_id, version, sequence_id) VALUES (417, 4865, 1, 61);
INSERT INTO current_way_nodes (way_id, node_id, sequence_id) VALUES (417, 4865, 61);
INSERT INTO way_nodes (way_id, node_id, version, sequence_id) VALUES (417, 4866, 1, 62);
INSERT INTO current_way_nodes (way_id, node_id, sequence_id) VALUES (417, 4866, 62);
INSERT INTO way_nodes (way_id, node_id, version, sequence_id) VALUES (417, 4867, 1, 63);
INSERT INTO current_way_nodes (way_id, node_id, sequence_id) VALUES (417, 4867, 63);
INSERT INTO way_nodes (way_id, node_id, version, sequence_id) VALUES (417, 4868, 1, 64);
INSERT INTO current_way_nodes (way_id, node_id, sequence_id) VALUES (417, 4868, 64);
INSERT INTO way_nodes (way_id, node_id, version, sequence_id) VALUES (417, 4869, 1, 65);
INSERT INTO current_way_nodes (way_id, node_id, sequence_id) VALUES (417, 4869, 65);
INSERT INTO way_nodes (way_id, node_id, version, sequence_id) VALUES (417, 4870, 1, 66);
INSERT INTO current_way_nodes (way_id, node_id, sequence_id) VALUES (417, 4870, 66);
INSERT INTO way_nodes (way_id, node_id, version, sequence_id) VALUES (417, 4871, 1, 67);
INSERT INTO current_way_nodes (way_id, node_id, sequence_id) VALUES (417, 4871, 67);
INSERT INTO way_nodes (way_id, node_id, version, sequence_id) VALUES (417, 4872, 1, 68);
INSERT INTO current_way_nodes (way_id, node_id, sequence_id) VALUES (417, 4872, 68);
INSERT INTO way_nodes (way_id, node_id, version, sequence_id) VALUES (417, 4873, 1, 69);
INSERT INTO current_way_nodes (way_id, node_id, sequence_id) VALUES (417, 4873, 69);
INSERT INTO way_nodes (way_id, node_id, version, sequence_id) VALUES (417, 4874, 1, 70);
INSERT INTO current_way_nodes (way_id, node_id, sequence_id) VALUES (417, 4874, 70);
INSERT INTO way_nodes (way_id, node_id, version, sequence_id) VALUES (417, 4875, 1, 71);
INSERT INTO current_way_nodes (way_id, node_id, sequence_id) VALUES (417, 4875, 71);
INSERT INTO way_nodes (way_id, node_id, version, sequence_id) VALUES (417, 4876, 1, 72);
INSERT INTO current_way_nodes (way_id, node_id, sequence_id) VALUES (417, 4876, 72);
INSERT INTO way_nodes (way_id, node_id, version, sequence_id) VALUES (417, 4877, 1, 73);
INSERT INTO current_way_nodes (way_id, node_id, sequence_id) VALUES (417, 4877, 73);
INSERT INTO way_nodes (way_id, node_id, version, sequence_id) VALUES (417, 4878, 1, 74);
INSERT INTO current_way_nodes (way_id, node_id, sequence_id) VALUES (417, 4878, 74);
INSERT INTO way_nodes (way_id, node_id, version, sequence_id) VALUES (417, 4879, 1, 75);
INSERT INTO current_way_nodes (way_id, node_id, sequence_id) VALUES (417, 4879, 75);
INSERT INTO way_nodes (way_id, node_id, version, sequence_id) VALUES (417, 4880, 1, 76);
INSERT INTO current_way_nodes (way_id, node_id, sequence_id) VALUES (417, 4880, 76);
INSERT INTO way_nodes (way_id, node_id, version, sequence_id) VALUES (417, 4881, 1, 77);
INSERT INTO current_way_nodes (way_id, node_id, sequence_id) VALUES (417, 4881, 77);
INSERT INTO way_nodes (way_id, node_id, version, sequence_id) VALUES (417, 4882, 1, 78);
INSERT INTO current_way_nodes (way_id, node_id, sequence_id) VALUES (417, 4882, 78);
INSERT INTO way_nodes (way_id, node_id, version, sequence_id) VALUES (417, 4883, 1, 79);
INSERT INTO current_way_nodes (way_id, node_id, sequence_id) VALUES (417, 4883, 79);
INSERT INTO way_nodes (way_id, node_id, version, sequence_id) VALUES (417, 4884, 1, 80);
INSERT INTO current_way_nodes (way_id, node_id, sequence_id) VALUES (417, 4884, 80);
INSERT INTO way_nodes (way_id, node_id, version, sequence_id) VALUES (417, 4885, 1, 81);
INSERT INTO current_way_nodes (way_id, node_id, sequence_id) VALUES (417, 4885, 81);
INSERT INTO way_nodes (way_id, node_id, version, sequence_id) VALUES (417, 4886, 1, 82);
INSERT INTO current_way_nodes (way_id, node_id, sequence_id) VALUES (417, 4886, 82);
INSERT INTO way_nodes (way_id, node_id, version, sequence_id) VALUES (417, 4887, 1, 83);
INSERT INTO current_way_nodes (way_id, node_id, sequence_id) VALUES (417, 4887, 83);
INSERT INTO way_nodes (way_id, node_id, version, sequence_id) VALUES (417, 4888, 1, 84);
INSERT INTO current_way_nodes (way_id, node_id, sequence_id) VALUES (417, 4888, 84);
INSERT INTO way_nodes (way_id, node_id, version, sequence_id) VALUES (417, 4889, 1, 85);
INSERT INTO current_way_nodes (way_id, node_id, sequence_id) VALUES (417, 4889, 85);
INSERT INTO way_nodes (way_id, node_id, version, sequence_id) VALUES (417, 4890, 1, 86);
INSERT INTO current_way_nodes (way_id, node_id, sequence_id) VALUES (417, 4890, 86);
INSERT INTO way_nodes (way_id, node_id, version, sequence_id) VALUES (417, 4891, 1, 87);
INSERT INTO current_way_nodes (way_id, node_id, sequence_id) VALUES (417, 4891, 87);
INSERT INTO way_nodes (way_id, node_id, version, sequence_id) VALUES (417, 3673, 1, 88);
INSERT INTO current_way_nodes (way_id, node_id, sequence_id) VALUES (417, 3673, 88);
/* create way 418*/
INSERT INTO ways (way_id, changeset_id, visible, "timestamp", version) VALUES (418, 3, true, (now() at time zone 'utc'), 1);
INSERT INTO current_ways (id, changeset_id, visible, "timestamp", version) VALUES (418, 3, true, (now() at time zone 'utc'), 1);
INSERT INTO current_way_tags (way_id, k, v) VALUES (418, 'accuracy', '5');
INSERT INTO way_tags (way_id, k, v, version) VALUES (418, 'accuracy', '5', 1);
INSERT INTO current_way_tags (way_id, k, v) VALUES (418, 'hoot:id', '418');
INSERT INTO way_tags (way_id, k, v, version) VALUES (418, 'hoot:id', '418', 1);
INSERT INTO current_way_tags (way_id, k, v) VALUES (418, 'hoot:status', '3');
INSERT INTO way_tags (way_id, k, v, version) VALUES (418, 'hoot:status', '3', 1);
INSERT INTO current_way_tags (way_id, k, v) VALUES (418, 'alt_name', 'Arlington Memorial Brg');
INSERT INTO way_tags (way_id, k, v, version) VALUES (418, 'alt_name', 'Arlington Memorial Brg', 1);
INSERT INTO current_way_tags (way_id, k, v) VALUES (418, 'name', 'ARLINGTON MEMORIAL BRG SW');
INSERT INTO way_tags (way_id, k, v, version) VALUES (418, 'name', 'ARLINGTON MEMORIAL BRG SW', 1);
INSERT INTO current_way_tags (way_id, k, v) VALUES (418, 'highway', 'road');
INSERT INTO way_tags (way_id, k, v, version) VALUES (418, 'highway', 'road', 1);
INSERT INTO way_nodes (way_id, node_id, version, sequence_id) VALUES (418, 775, 1, 1);
INSERT INTO current_way_nodes (way_id, node_id, sequence_id) VALUES (418, 775, 1);
INSERT INTO way_nodes (way_id, node_id, version, sequence_id) VALUES (418, 1830, 1, 2);
INSERT INTO current_way_nodes (way_id, node_id, sequence_id) VALUES (418, 1830, 2);
INSERT INTO way_nodes (way_id, node_id, version, sequence_id) VALUES (418, 1831, 1, 3);
INSERT INTO current_way_nodes (way_id, node_id, sequence_id) VALUES (418, 1831, 3);
INSERT INTO way_nodes (way_id, node_id, version, sequence_id) VALUES (418, 1832, 1, 4);
INSERT INTO current_way_nodes (way_id, node_id, sequence_id) VALUES (418, 1832, 4);
INSERT INTO way_nodes (way_id, node_id, version, sequence_id) VALUES (418, 1833, 1, 5);
INSERT INTO current_way_nodes (way_id, node_id, sequence_id) VALUES (418, 1833, 5);
INSERT INTO way_nodes (way_id, node_id, version, sequence_id) VALUES (418, 1834, 1, 6);
INSERT INTO current_way_nodes (way_id, node_id, sequence_id) VALUES (418, 1834, 6);
INSERT INTO way_nodes (way_id, node_id, version, sequence_id) VALUES (418, 1836, 1, 7);
INSERT INTO current_way_nodes (way_id, node_id, sequence_id) VALUES (418, 1836, 7);
INSERT INTO way_nodes (way_id, node_id, version, sequence_id) VALUES (418, 3649, 1, 8);
INSERT INTO current_way_nodes (way_id, node_id, sequence_id) VALUES (418, 3649, 8);
/* create way 419*/
INSERT INTO ways (way_id, changeset_id, visible, "timestamp", version) VALUES (419, 3, true, (now() at time zone 'utc'), 1);
INSERT INTO current_ways (id, changeset_id, visible, "timestamp", version) VALUES (419, 3, true, (now() at time zone 'utc'), 1);
INSERT INTO current_way_tags (way_id, k, v) VALUES (419, 'accuracy', '5');
INSERT INTO way_tags (way_id, k, v, version) VALUES (419, 'accuracy', '5', 1);
INSERT INTO current_way_tags (way_id, k, v) VALUES (419, 'hoot:id', '419');
INSERT INTO way_tags (way_id, k, v, version) VALUES (419, 'hoot:id', '419', 1);
INSERT INTO current_way_tags (way_id, k, v) VALUES (419, 'hoot:status', '3');
INSERT INTO way_tags (way_id, k, v, version) VALUES (419, 'hoot:status', '3', 1);
INSERT INTO current_way_tags (way_id, k, v) VALUES (419, 'alt_name', 'Ohio Dr SW');
INSERT INTO way_tags (way_id, k, v, version) VALUES (419, 'alt_name', 'Ohio Dr SW', 1);
INSERT INTO current_way_tags (way_id, k, v) VALUES (419, 'name', 'OHIO DR SW');
INSERT INTO way_tags (way_id, k, v, version) VALUES (419, 'name', 'OHIO DR SW', 1);
INSERT INTO current_way_tags (way_id, k, v) VALUES (419, 'highway', 'road');
INSERT INTO way_tags (way_id, k, v, version) VALUES (419, 'highway', 'road', 1);
INSERT INTO way_nodes (way_id, node_id, version, sequence_id) VALUES (419, 775, 1, 1);
INSERT INTO current_way_nodes (way_id, node_id, sequence_id) VALUES (419, 775, 1);
INSERT INTO way_nodes (way_id, node_id, version, sequence_id) VALUES (419, 776, 1, 2);
INSERT INTO current_way_nodes (way_id, node_id, sequence_id) VALUES (419, 776, 2);
INSERT INTO way_nodes (way_id, node_id, version, sequence_id) VALUES (419, 777, 1, 3);
INSERT INTO current_way_nodes (way_id, node_id, sequence_id) VALUES (419, 777, 3);
INSERT INTO way_nodes (way_id, node_id, version, sequence_id) VALUES (419, 778, 1, 4);
INSERT INTO current_way_nodes (way_id, node_id, sequence_id) VALUES (419, 778, 4);
INSERT INTO way_nodes (way_id, node_id, version, sequence_id) VALUES (419, 779, 1, 5);
INSERT INTO current_way_nodes (way_id, node_id, sequence_id) VALUES (419, 779, 5);
INSERT INTO way_nodes (way_id, node_id, version, sequence_id) VALUES (419, 780, 1, 6);
INSERT INTO current_way_nodes (way_id, node_id, sequence_id) VALUES (419, 780, 6);
INSERT INTO way_nodes (way_id, node_id, version, sequence_id) VALUES (419, 781, 1, 7);
INSERT INTO current_way_nodes (way_id, node_id, sequence_id) VALUES (419, 781, 7);
INSERT INTO way_nodes (way_id, node_id, version, sequence_id) VALUES (419, 782, 1, 8);
INSERT INTO current_way_nodes (way_id, node_id, sequence_id) VALUES (419, 782, 8);
INSERT INTO way_nodes (way_id, node_id, version, sequence_id) VALUES (419, 783, 1, 9);
INSERT INTO current_way_nodes (way_id, node_id, sequence_id) VALUES (419, 783, 9);
INSERT INTO way_nodes (way_id, node_id, version, sequence_id) VALUES (419, 784, 1, 10);
INSERT INTO current_way_nodes (way_id, node_id, sequence_id) VALUES (419, 784, 10);
INSERT INTO way_nodes (way_id, node_id, version, sequence_id) VALUES (419, 785, 1, 11);
INSERT INTO current_way_nodes (way_id, node_id, sequence_id) VALUES (419, 785, 11);
INSERT INTO way_nodes (way_id, node_id, version, sequence_id) VALUES (419, 786, 1, 12);
INSERT INTO current_way_nodes (way_id, node_id, sequence_id) VALUES (419, 786, 12);
INSERT INTO way_nodes (way_id, node_id, version, sequence_id) VALUES (419, 787, 1, 13);
INSERT INTO current_way_nodes (way_id, node_id, sequence_id) VALUES (419, 787, 13);
INSERT INTO way_nodes (way_id, node_id, version, sequence_id) VALUES (419, 788, 1, 14);
INSERT INTO current_way_nodes (way_id, node_id, sequence_id) VALUES (419, 788, 14);
INSERT INTO way_nodes (way_id, node_id, version, sequence_id) VALUES (419, 789, 1, 15);
INSERT INTO current_way_nodes (way_id, node_id, sequence_id) VALUES (419, 789, 15);
INSERT INTO way_nodes (way_id, node_id, version, sequence_id) VALUES (419, 790, 1, 16);
INSERT INTO current_way_nodes (way_id, node_id, sequence_id) VALUES (419, 790, 16);
INSERT INTO way_nodes (way_id, node_id, version, sequence_id) VALUES (419, 791, 1, 17);
INSERT INTO current_way_nodes (way_id, node_id, sequence_id) VALUES (419, 791, 17);
INSERT INTO way_nodes (way_id, node_id, version, sequence_id) VALUES (419, 792, 1, 18);
INSERT INTO current_way_nodes (way_id, node_id, sequence_id) VALUES (419, 792, 18);
INSERT INTO way_nodes (way_id, node_id, version, sequence_id) VALUES (419, 793, 1, 19);
INSERT INTO current_way_nodes (way_id, node_id, sequence_id) VALUES (419, 793, 19);
INSERT INTO way_nodes (way_id, node_id, version, sequence_id) VALUES (419, 794, 1, 20);
INSERT INTO current_way_nodes (way_id, node_id, sequence_id) VALUES (419, 794, 20);
INSERT INTO way_nodes (way_id, node_id, version, sequence_id) VALUES (419, 795, 1, 21);
INSERT INTO current_way_nodes (way_id, node_id, sequence_id) VALUES (419, 795, 21);
INSERT INTO way_nodes (way_id, node_id, version, sequence_id) VALUES (419, 796, 1, 22);
INSERT INTO current_way_nodes (way_id, node_id, sequence_id) VALUES (419, 796, 22);
INSERT INTO way_nodes (way_id, node_id, version, sequence_id) VALUES (419, 3383, 1, 23);
INSERT INTO current_way_nodes (way_id, node_id, sequence_id) VALUES (419, 3383, 23);
/* create way 420*/
INSERT INTO ways (way_id, changeset_id, visible, "timestamp", version) VALUES (420, 3, true, (now() at time zone 'utc'), 1);
INSERT INTO current_ways (id, changeset_id, visible, "timestamp", version) VALUES (420, 3, true, (now() at time zone 'utc'), 1);
INSERT INTO current_way_tags (way_id, k, v) VALUES (420, 'accuracy', '5');
INSERT INTO way_tags (way_id, k, v, version) VALUES (420, 'accuracy', '5', 1);
INSERT INTO current_way_tags (way_id, k, v) VALUES (420, 'hoot:id', '420');
INSERT INTO way_tags (way_id, k, v, version) VALUES (420, 'hoot:id', '420', 1);
INSERT INTO current_way_tags (way_id, k, v) VALUES (420, 'hoot:status', '3');
INSERT INTO way_tags (way_id, k, v, version) VALUES (420, 'hoot:status', '3', 1);
INSERT INTO current_way_tags (way_id, k, v) VALUES (420, 'alt_name', 'Ohio Dr SW');
INSERT INTO way_tags (way_id, k, v, version) VALUES (420, 'alt_name', 'Ohio Dr SW', 1);
INSERT INTO current_way_tags (way_id, k, v) VALUES (420, 'name', 'OHIO DR SW');
INSERT INTO way_tags (way_id, k, v, version) VALUES (420, 'name', 'OHIO DR SW', 1);
INSERT INTO current_way_tags (way_id, k, v) VALUES (420, 'highway', 'road');
INSERT INTO way_tags (way_id, k, v, version) VALUES (420, 'highway', 'road', 1);
INSERT INTO way_nodes (way_id, node_id, version, sequence_id) VALUES (420, 4926, 1, 1);
INSERT INTO current_way_nodes (way_id, node_id, sequence_id) VALUES (420, 4926, 1);
INSERT INTO way_nodes (way_id, node_id, version, sequence_id) VALUES (420, 756, 1, 2);
INSERT INTO current_way_nodes (way_id, node_id, sequence_id) VALUES (420, 756, 2);
INSERT INTO way_nodes (way_id, node_id, version, sequence_id) VALUES (420, 757, 1, 3);
INSERT INTO current_way_nodes (way_id, node_id, sequence_id) VALUES (420, 757, 3);
INSERT INTO way_nodes (way_id, node_id, version, sequence_id) VALUES (420, 758, 1, 4);
INSERT INTO current_way_nodes (way_id, node_id, sequence_id) VALUES (420, 758, 4);
INSERT INTO way_nodes (way_id, node_id, version, sequence_id) VALUES (420, 759, 1, 5);
INSERT INTO current_way_nodes (way_id, node_id, sequence_id) VALUES (420, 759, 5);
INSERT INTO way_nodes (way_id, node_id, version, sequence_id) VALUES (420, 760, 1, 6);
INSERT INTO current_way_nodes (way_id, node_id, sequence_id) VALUES (420, 760, 6);
INSERT INTO way_nodes (way_id, node_id, version, sequence_id) VALUES (420, 761, 1, 7);
INSERT INTO current_way_nodes (way_id, node_id, sequence_id) VALUES (420, 761, 7);
INSERT INTO way_nodes (way_id, node_id, version, sequence_id) VALUES (420, 762, 1, 8);
INSERT INTO current_way_nodes (way_id, node_id, sequence_id) VALUES (420, 762, 8);
INSERT INTO way_nodes (way_id, node_id, version, sequence_id) VALUES (420, 763, 1, 9);
INSERT INTO current_way_nodes (way_id, node_id, sequence_id) VALUES (420, 763, 9);
INSERT INTO way_nodes (way_id, node_id, version, sequence_id) VALUES (420, 764, 1, 10);
INSERT INTO current_way_nodes (way_id, node_id, sequence_id) VALUES (420, 764, 10);
INSERT INTO way_nodes (way_id, node_id, version, sequence_id) VALUES (420, 765, 1, 11);
INSERT INTO current_way_nodes (way_id, node_id, sequence_id) VALUES (420, 765, 11);
INSERT INTO way_nodes (way_id, node_id, version, sequence_id) VALUES (420, 766, 1, 12);
INSERT INTO current_way_nodes (way_id, node_id, sequence_id) VALUES (420, 766, 12);
INSERT INTO way_nodes (way_id, node_id, version, sequence_id) VALUES (420, 767, 1, 13);
INSERT INTO current_way_nodes (way_id, node_id, sequence_id) VALUES (420, 767, 13);
INSERT INTO way_nodes (way_id, node_id, version, sequence_id) VALUES (420, 769, 1, 14);
INSERT INTO current_way_nodes (way_id, node_id, sequence_id) VALUES (420, 769, 14);
INSERT INTO way_nodes (way_id, node_id, version, sequence_id) VALUES (420, 771, 1, 15);
INSERT INTO current_way_nodes (way_id, node_id, sequence_id) VALUES (420, 771, 15);
INSERT INTO way_nodes (way_id, node_id, version, sequence_id) VALUES (420, 773, 1, 16);
INSERT INTO current_way_nodes (way_id, node_id, sequence_id) VALUES (420, 773, 16);
INSERT INTO way_nodes (way_id, node_id, version, sequence_id) VALUES (420, 774, 1, 17);
INSERT INTO current_way_nodes (way_id, node_id, sequence_id) VALUES (420, 774, 17);
INSERT INTO way_nodes (way_id, node_id, version, sequence_id) VALUES (420, 775, 1, 18);
INSERT INTO current_way_nodes (way_id, node_id, sequence_id) VALUES (420, 775, 18);
/* create way 421*/
INSERT INTO ways (way_id, changeset_id, visible, "timestamp", version) VALUES (421, 3, true, (now() at time zone 'utc'), 1);
INSERT INTO current_ways (id, changeset_id, visible, "timestamp", version) VALUES (421, 3, true, (now() at time zone 'utc'), 1);
INSERT INTO current_way_tags (way_id, k, v) VALUES (421, 'accuracy', '5');
INSERT INTO way_tags (way_id, k, v, version) VALUES (421, 'accuracy', '5', 1);
INSERT INTO current_way_tags (way_id, k, v) VALUES (421, 'hoot:id', '421');
INSERT INTO way_tags (way_id, k, v, version) VALUES (421, 'hoot:id', '421', 1);
INSERT INTO current_way_tags (way_id, k, v) VALUES (421, 'hoot:status', '3');
INSERT INTO way_tags (way_id, k, v, version) VALUES (421, 'hoot:status', '3', 1);
INSERT INTO current_way_tags (way_id, k, v) VALUES (421, 'alt_name', 'Independence Ave SW');
INSERT INTO way_tags (way_id, k, v, version) VALUES (421, 'alt_name', 'Independence Ave SW', 1);
INSERT INTO current_way_tags (way_id, k, v) VALUES (421, 'name', 'OHIO DR SW');
INSERT INTO way_tags (way_id, k, v, version) VALUES (421, 'name', 'OHIO DR SW', 1);
INSERT INTO current_way_tags (way_id, k, v) VALUES (421, 'highway', 'road');
INSERT INTO way_tags (way_id, k, v, version) VALUES (421, 'highway', 'road', 1);
INSERT INTO way_nodes (way_id, node_id, version, sequence_id) VALUES (421, 4928, 1, 1);
INSERT INTO current_way_nodes (way_id, node_id, sequence_id) VALUES (421, 4928, 1);
INSERT INTO way_nodes (way_id, node_id, version, sequence_id) VALUES (421, 742, 1, 2);
INSERT INTO current_way_nodes (way_id, node_id, sequence_id) VALUES (421, 742, 2);
INSERT INTO way_nodes (way_id, node_id, version, sequence_id) VALUES (421, 743, 1, 3);
INSERT INTO current_way_nodes (way_id, node_id, sequence_id) VALUES (421, 743, 3);
INSERT INTO way_nodes (way_id, node_id, version, sequence_id) VALUES (421, 4927, 1, 4);
INSERT INTO current_way_nodes (way_id, node_id, sequence_id) VALUES (421, 4927, 4);
/* create way 422*/
INSERT INTO ways (way_id, changeset_id, visible, "timestamp", version) VALUES (422, 3, true, (now() at time zone 'utc'), 1);
INSERT INTO current_ways (id, changeset_id, visible, "timestamp", version) VALUES (422, 3, true, (now() at time zone 'utc'), 1);
INSERT INTO current_way_tags (way_id, k, v) VALUES (422, 'accuracy', '5');
INSERT INTO way_tags (way_id, k, v, version) VALUES (422, 'accuracy', '5', 1);
INSERT INTO current_way_tags (way_id, k, v) VALUES (422, 'hoot:id', '422');
INSERT INTO way_tags (way_id, k, v, version) VALUES (422, 'hoot:id', '422', 1);
INSERT INTO current_way_tags (way_id, k, v) VALUES (422, 'hoot:status', '2');
INSERT INTO way_tags (way_id, k, v, version) VALUES (422, 'hoot:status', '2', 1);
INSERT INTO current_way_tags (way_id, k, v) VALUES (422, 'highway', 'road');
INSERT INTO way_tags (way_id, k, v, version) VALUES (422, 'highway', 'road', 1);
INSERT INTO way_nodes (way_id, node_id, version, sequence_id) VALUES (422, 4926, 1, 1);
INSERT INTO current_way_nodes (way_id, node_id, sequence_id) VALUES (422, 4926, 1);
INSERT INTO way_nodes (way_id, node_id, version, sequence_id) VALUES (422, 4468, 1, 2);
INSERT INTO current_way_nodes (way_id, node_id, sequence_id) VALUES (422, 4468, 2);
INSERT INTO way_nodes (way_id, node_id, version, sequence_id) VALUES (422, 4467, 1, 3);
INSERT INTO current_way_nodes (way_id, node_id, sequence_id) VALUES (422, 4467, 3);
INSERT INTO way_nodes (way_id, node_id, version, sequence_id) VALUES (422, 4466, 1, 4);
INSERT INTO current_way_nodes (way_id, node_id, sequence_id) VALUES (422, 4466, 4);
INSERT INTO way_nodes (way_id, node_id, version, sequence_id) VALUES (422, 4465, 1, 5);
INSERT INTO current_way_nodes (way_id, node_id, sequence_id) VALUES (422, 4465, 5);
INSERT INTO way_nodes (way_id, node_id, version, sequence_id) VALUES (422, 4464, 1, 6);
INSERT INTO current_way_nodes (way_id, node_id, sequence_id) VALUES (422, 4464, 6);
INSERT INTO way_nodes (way_id, node_id, version, sequence_id) VALUES (422, 4463, 1, 7);
INSERT INTO current_way_nodes (way_id, node_id, sequence_id) VALUES (422, 4463, 7);
INSERT INTO way_nodes (way_id, node_id, version, sequence_id) VALUES (422, 4462, 1, 8);
INSERT INTO current_way_nodes (way_id, node_id, sequence_id) VALUES (422, 4462, 8);
INSERT INTO way_nodes (way_id, node_id, version, sequence_id) VALUES (422, 4461, 1, 9);
INSERT INTO current_way_nodes (way_id, node_id, sequence_id) VALUES (422, 4461, 9);
INSERT INTO way_nodes (way_id, node_id, version, sequence_id) VALUES (422, 4460, 1, 10);
INSERT INTO current_way_nodes (way_id, node_id, sequence_id) VALUES (422, 4460, 10);
INSERT INTO way_nodes (way_id, node_id, version, sequence_id) VALUES (422, 4459, 1, 11);
INSERT INTO current_way_nodes (way_id, node_id, sequence_id) VALUES (422, 4459, 11);
INSERT INTO way_nodes (way_id, node_id, version, sequence_id) VALUES (422, 4458, 1, 12);
INSERT INTO current_way_nodes (way_id, node_id, sequence_id) VALUES (422, 4458, 12);
INSERT INTO way_nodes (way_id, node_id, version, sequence_id) VALUES (422, 4457, 1, 13);
INSERT INTO current_way_nodes (way_id, node_id, sequence_id) VALUES (422, 4457, 13);
INSERT INTO way_nodes (way_id, node_id, version, sequence_id) VALUES (422, 4456, 1, 14);
INSERT INTO current_way_nodes (way_id, node_id, sequence_id) VALUES (422, 4456, 14);
INSERT INTO way_nodes (way_id, node_id, version, sequence_id) VALUES (422, 4455, 1, 15);
INSERT INTO current_way_nodes (way_id, node_id, sequence_id) VALUES (422, 4455, 15);
INSERT INTO way_nodes (way_id, node_id, version, sequence_id) VALUES (422, 4454, 1, 16);
INSERT INTO current_way_nodes (way_id, node_id, sequence_id) VALUES (422, 4454, 16);
INSERT INTO way_nodes (way_id, node_id, version, sequence_id) VALUES (422, 4453, 1, 17);
INSERT INTO current_way_nodes (way_id, node_id, sequence_id) VALUES (422, 4453, 17);
INSERT INTO way_nodes (way_id, node_id, version, sequence_id) VALUES (422, 4452, 1, 18);
INSERT INTO current_way_nodes (way_id, node_id, sequence_id) VALUES (422, 4452, 18);
INSERT INTO way_nodes (way_id, node_id, version, sequence_id) VALUES (422, 4451, 1, 19);
INSERT INTO current_way_nodes (way_id, node_id, sequence_id) VALUES (422, 4451, 19);
INSERT INTO way_nodes (way_id, node_id, version, sequence_id) VALUES (422, 4450, 1, 20);
INSERT INTO current_way_nodes (way_id, node_id, sequence_id) VALUES (422, 4450, 20);
INSERT INTO way_nodes (way_id, node_id, version, sequence_id) VALUES (422, 4449, 1, 21);
INSERT INTO current_way_nodes (way_id, node_id, sequence_id) VALUES (422, 4449, 21);
INSERT INTO way_nodes (way_id, node_id, version, sequence_id) VALUES (422, 4448, 1, 22);
INSERT INTO current_way_nodes (way_id, node_id, sequence_id) VALUES (422, 4448, 22);
INSERT INTO way_nodes (way_id, node_id, version, sequence_id) VALUES (422, 4447, 1, 23);
INSERT INTO current_way_nodes (way_id, node_id, sequence_id) VALUES (422, 4447, 23);
INSERT INTO way_nodes (way_id, node_id, version, sequence_id) VALUES (422, 4446, 1, 24);
INSERT INTO current_way_nodes (way_id, node_id, sequence_id) VALUES (422, 4446, 24);
INSERT INTO way_nodes (way_id, node_id, version, sequence_id) VALUES (422, 4445, 1, 25);
INSERT INTO current_way_nodes (way_id, node_id, sequence_id) VALUES (422, 4445, 25);
INSERT INTO way_nodes (way_id, node_id, version, sequence_id) VALUES (422, 4444, 1, 26);
INSERT INTO current_way_nodes (way_id, node_id, sequence_id) VALUES (422, 4444, 26);
INSERT INTO way_nodes (way_id, node_id, version, sequence_id) VALUES (422, 4443, 1, 27);
INSERT INTO current_way_nodes (way_id, node_id, sequence_id) VALUES (422, 4443, 27);
INSERT INTO way_nodes (way_id, node_id, version, sequence_id) VALUES (422, 4442, 1, 28);
INSERT INTO current_way_nodes (way_id, node_id, sequence_id) VALUES (422, 4442, 28);
INSERT INTO way_nodes (way_id, node_id, version, sequence_id) VALUES (422, 4441, 1, 29);
INSERT INTO current_way_nodes (way_id, node_id, sequence_id) VALUES (422, 4441, 29);
INSERT INTO way_nodes (way_id, node_id, version, sequence_id) VALUES (422, 4440, 1, 30);
INSERT INTO current_way_nodes (way_id, node_id, sequence_id) VALUES (422, 4440, 30);
INSERT INTO way_nodes (way_id, node_id, version, sequence_id) VALUES (422, 4439, 1, 31);
INSERT INTO current_way_nodes (way_id, node_id, sequence_id) VALUES (422, 4439, 31);
INSERT INTO way_nodes (way_id, node_id, version, sequence_id) VALUES (422, 4438, 1, 32);
INSERT INTO current_way_nodes (way_id, node_id, sequence_id) VALUES (422, 4438, 32);
INSERT INTO way_nodes (way_id, node_id, version, sequence_id) VALUES (422, 4437, 1, 33);
INSERT INTO current_way_nodes (way_id, node_id, sequence_id) VALUES (422, 4437, 33);
INSERT INTO way_nodes (way_id, node_id, version, sequence_id) VALUES (422, 4436, 1, 34);
INSERT INTO current_way_nodes (way_id, node_id, sequence_id) VALUES (422, 4436, 34);
INSERT INTO way_nodes (way_id, node_id, version, sequence_id) VALUES (422, 4435, 1, 35);
INSERT INTO current_way_nodes (way_id, node_id, sequence_id) VALUES (422, 4435, 35);
INSERT INTO way_nodes (way_id, node_id, version, sequence_id) VALUES (422, 4434, 1, 36);
INSERT INTO current_way_nodes (way_id, node_id, sequence_id) VALUES (422, 4434, 36);
INSERT INTO way_nodes (way_id, node_id, version, sequence_id) VALUES (422, 4433, 1, 37);
INSERT INTO current_way_nodes (way_id, node_id, sequence_id) VALUES (422, 4433, 37);
INSERT INTO way_nodes (way_id, node_id, version, sequence_id) VALUES (422, 4432, 1, 38);
INSERT INTO current_way_nodes (way_id, node_id, sequence_id) VALUES (422, 4432, 38);
INSERT INTO way_nodes (way_id, node_id, version, sequence_id) VALUES (422, 4431, 1, 39);
INSERT INTO current_way_nodes (way_id, node_id, sequence_id) VALUES (422, 4431, 39);
INSERT INTO way_nodes (way_id, node_id, version, sequence_id) VALUES (422, 4430, 1, 40);
INSERT INTO current_way_nodes (way_id, node_id, sequence_id) VALUES (422, 4430, 40);
INSERT INTO way_nodes (way_id, node_id, version, sequence_id) VALUES (422, 4429, 1, 41);
INSERT INTO current_way_nodes (way_id, node_id, sequence_id) VALUES (422, 4429, 41);
INSERT INTO way_nodes (way_id, node_id, version, sequence_id) VALUES (422, 4919, 1, 42);
INSERT INTO current_way_nodes (way_id, node_id, sequence_id) VALUES (422, 4919, 42);
/* create way 423*/
INSERT INTO ways (way_id, changeset_id, visible, "timestamp", version) VALUES (423, 3, true, (now() at time zone 'utc'), 1);
INSERT INTO current_ways (id, changeset_id, visible, "timestamp", version) VALUES (423, 3, true, (now() at time zone 'utc'), 1);
INSERT INTO current_way_tags (way_id, k, v) VALUES (423, 'accuracy', '5');
INSERT INTO way_tags (way_id, k, v, version) VALUES (423, 'accuracy', '5', 1);
INSERT INTO current_way_tags (way_id, k, v) VALUES (423, 'hoot:id', '423');
INSERT INTO way_tags (way_id, k, v, version) VALUES (423, 'hoot:id', '423', 1);
INSERT INTO current_way_tags (way_id, k, v) VALUES (423, 'hoot:status', '2');
INSERT INTO way_tags (way_id, k, v, version) VALUES (423, 'hoot:status', '2', 1);
INSERT INTO current_way_tags (way_id, k, v) VALUES (423, 'highway', 'road');
INSERT INTO way_tags (way_id, k, v, version) VALUES (423, 'highway', 'road', 1);
INSERT INTO way_nodes (way_id, node_id, version, sequence_id) VALUES (423, 4336, 1, 1);
INSERT INTO current_way_nodes (way_id, node_id, sequence_id) VALUES (423, 4336, 1);
INSERT INTO way_nodes (way_id, node_id, version, sequence_id) VALUES (423, 4488, 1, 2);
INSERT INTO current_way_nodes (way_id, node_id, sequence_id) VALUES (423, 4488, 2);
INSERT INTO way_nodes (way_id, node_id, version, sequence_id) VALUES (423, 4487, 1, 3);
INSERT INTO current_way_nodes (way_id, node_id, sequence_id) VALUES (423, 4487, 3);
INSERT INTO way_nodes (way_id, node_id, version, sequence_id) VALUES (423, 4486, 1, 4);
INSERT INTO current_way_nodes (way_id, node_id, sequence_id) VALUES (423, 4486, 4);
INSERT INTO way_nodes (way_id, node_id, version, sequence_id) VALUES (423, 4485, 1, 5);
INSERT INTO current_way_nodes (way_id, node_id, sequence_id) VALUES (423, 4485, 5);
INSERT INTO way_nodes (way_id, node_id, version, sequence_id) VALUES (423, 4484, 1, 6);
INSERT INTO current_way_nodes (way_id, node_id, sequence_id) VALUES (423, 4484, 6);
INSERT INTO way_nodes (way_id, node_id, version, sequence_id) VALUES (423, 4483, 1, 7);
INSERT INTO current_way_nodes (way_id, node_id, sequence_id) VALUES (423, 4483, 7);
INSERT INTO way_nodes (way_id, node_id, version, sequence_id) VALUES (423, 4482, 1, 8);
INSERT INTO current_way_nodes (way_id, node_id, sequence_id) VALUES (423, 4482, 8);
INSERT INTO way_nodes (way_id, node_id, version, sequence_id) VALUES (423, 4481, 1, 9);
INSERT INTO current_way_nodes (way_id, node_id, sequence_id) VALUES (423, 4481, 9);
INSERT INTO way_nodes (way_id, node_id, version, sequence_id) VALUES (423, 4480, 1, 10);
INSERT INTO current_way_nodes (way_id, node_id, sequence_id) VALUES (423, 4480, 10);
INSERT INTO way_nodes (way_id, node_id, version, sequence_id) VALUES (423, 4479, 1, 11);
INSERT INTO current_way_nodes (way_id, node_id, sequence_id) VALUES (423, 4479, 11);
INSERT INTO way_nodes (way_id, node_id, version, sequence_id) VALUES (423, 4478, 1, 12);
INSERT INTO current_way_nodes (way_id, node_id, sequence_id) VALUES (423, 4478, 12);
INSERT INTO way_nodes (way_id, node_id, version, sequence_id) VALUES (423, 4477, 1, 13);
INSERT INTO current_way_nodes (way_id, node_id, sequence_id) VALUES (423, 4477, 13);
INSERT INTO way_nodes (way_id, node_id, version, sequence_id) VALUES (423, 4476, 1, 14);
INSERT INTO current_way_nodes (way_id, node_id, sequence_id) VALUES (423, 4476, 14);
INSERT INTO way_nodes (way_id, node_id, version, sequence_id) VALUES (423, 4475, 1, 15);
INSERT INTO current_way_nodes (way_id, node_id, sequence_id) VALUES (423, 4475, 15);
INSERT INTO way_nodes (way_id, node_id, version, sequence_id) VALUES (423, 4474, 1, 16);
INSERT INTO current_way_nodes (way_id, node_id, sequence_id) VALUES (423, 4474, 16);
INSERT INTO way_nodes (way_id, node_id, version, sequence_id) VALUES (423, 4473, 1, 17);
INSERT INTO current_way_nodes (way_id, node_id, sequence_id) VALUES (423, 4473, 17);
INSERT INTO way_nodes (way_id, node_id, version, sequence_id) VALUES (423, 4472, 1, 18);
INSERT INTO current_way_nodes (way_id, node_id, sequence_id) VALUES (423, 4472, 18);
INSERT INTO way_nodes (way_id, node_id, version, sequence_id) VALUES (423, 4471, 1, 19);
INSERT INTO current_way_nodes (way_id, node_id, sequence_id) VALUES (423, 4471, 19);
INSERT INTO way_nodes (way_id, node_id, version, sequence_id) VALUES (423, 4470, 1, 20);
INSERT INTO current_way_nodes (way_id, node_id, sequence_id) VALUES (423, 4470, 20);
INSERT INTO way_nodes (way_id, node_id, version, sequence_id) VALUES (423, 4469, 1, 21);
INSERT INTO current_way_nodes (way_id, node_id, sequence_id) VALUES (423, 4469, 21);
INSERT INTO way_nodes (way_id, node_id, version, sequence_id) VALUES (423, 4926, 1, 22);
INSERT INTO current_way_nodes (way_id, node_id, sequence_id) VALUES (423, 4926, 22);
/* create way 424*/
INSERT INTO ways (way_id, changeset_id, visible, "timestamp", version) VALUES (424, 3, true, (now() at time zone 'utc'), 1);
INSERT INTO current_ways (id, changeset_id, visible, "timestamp", version) VALUES (424, 3, true, (now() at time zone 'utc'), 1);
INSERT INTO current_way_tags (way_id, k, v) VALUES (424, 'accuracy', '5');
INSERT INTO way_tags (way_id, k, v, version) VALUES (424, 'accuracy', '5', 1);
INSERT INTO current_way_tags (way_id, k, v) VALUES (424, 'hoot:id', '424');
INSERT INTO way_tags (way_id, k, v, version) VALUES (424, 'hoot:id', '424', 1);
INSERT INTO current_way_tags (way_id, k, v) VALUES (424, 'hoot:status', '3');
INSERT INTO way_tags (way_id, k, v, version) VALUES (424, 'hoot:status', '3', 1);
INSERT INTO current_way_tags (way_id, k, v) VALUES (424, 'alt_name', 'Independence Ave SW');
INSERT INTO way_tags (way_id, k, v, version) VALUES (424, 'alt_name', 'Independence Ave SW', 1);
INSERT INTO current_way_tags (way_id, k, v) VALUES (424, 'name', 'OHIO DR SW');
INSERT INTO way_tags (way_id, k, v, version) VALUES (424, 'name', 'OHIO DR SW', 1);
INSERT INTO current_way_tags (way_id, k, v) VALUES (424, 'highway', 'road');
INSERT INTO way_tags (way_id, k, v, version) VALUES (424, 'highway', 'road', 1);
INSERT INTO way_nodes (way_id, node_id, version, sequence_id) VALUES (424, 741, 1, 1);
INSERT INTO current_way_nodes (way_id, node_id, sequence_id) VALUES (424, 741, 1);
INSERT INTO way_nodes (way_id, node_id, version, sequence_id) VALUES (424, 4928, 1, 2);
INSERT INTO current_way_nodes (way_id, node_id, sequence_id) VALUES (424, 4928, 2);
/* create way 425*/
INSERT INTO ways (way_id, changeset_id, visible, "timestamp", version) VALUES (425, 3, true, (now() at time zone 'utc'), 1);
INSERT INTO current_ways (id, changeset_id, visible, "timestamp", version) VALUES (425, 3, true, (now() at time zone 'utc'), 1);
INSERT INTO current_way_tags (way_id, k, v) VALUES (425, 'accuracy', '5');
INSERT INTO way_tags (way_id, k, v, version) VALUES (425, 'accuracy', '5', 1);
INSERT INTO current_way_tags (way_id, k, v) VALUES (425, 'hoot:id', '425');
INSERT INTO way_tags (way_id, k, v, version) VALUES (425, 'hoot:id', '425', 1);
INSERT INTO current_way_tags (way_id, k, v) VALUES (425, 'hoot:status', '2');
INSERT INTO way_tags (way_id, k, v, version) VALUES (425, 'hoot:status', '2', 1);
INSERT INTO current_way_tags (way_id, k, v) VALUES (425, 'name', '23rd St NW');
INSERT INTO way_tags (way_id, k, v, version) VALUES (425, 'name', '23rd St NW', 1);
INSERT INTO current_way_tags (way_id, k, v) VALUES (425, 'highway', 'unclassified');
INSERT INTO way_tags (way_id, k, v, version) VALUES (425, 'highway', 'unclassified', 1);
INSERT INTO way_nodes (way_id, node_id, version, sequence_id) VALUES (425, 259, 1, 1);
INSERT INTO current_way_nodes (way_id, node_id, sequence_id) VALUES (425, 259, 1);
INSERT INTO way_nodes (way_id, node_id, version, sequence_id) VALUES (425, 4721, 1, 2);
INSERT INTO current_way_nodes (way_id, node_id, sequence_id) VALUES (425, 4721, 2);
INSERT INTO way_nodes (way_id, node_id, version, sequence_id) VALUES (425, 4722, 1, 3);
INSERT INTO current_way_nodes (way_id, node_id, sequence_id) VALUES (425, 4722, 3);
INSERT INTO way_nodes (way_id, node_id, version, sequence_id) VALUES (425, 4723, 1, 4);
INSERT INTO current_way_nodes (way_id, node_id, sequence_id) VALUES (425, 4723, 4);
INSERT INTO way_nodes (way_id, node_id, version, sequence_id) VALUES (425, 4724, 1, 5);
INSERT INTO current_way_nodes (way_id, node_id, sequence_id) VALUES (425, 4724, 5);
INSERT INTO way_nodes (way_id, node_id, version, sequence_id) VALUES (425, 4725, 1, 6);
INSERT INTO current_way_nodes (way_id, node_id, sequence_id) VALUES (425, 4725, 6);
INSERT INTO way_nodes (way_id, node_id, version, sequence_id) VALUES (425, 4726, 1, 7);
INSERT INTO current_way_nodes (way_id, node_id, sequence_id) VALUES (425, 4726, 7);
INSERT INTO way_nodes (way_id, node_id, version, sequence_id) VALUES (425, 4727, 1, 8);
INSERT INTO current_way_nodes (way_id, node_id, sequence_id) VALUES (425, 4727, 8);
INSERT INTO way_nodes (way_id, node_id, version, sequence_id) VALUES (425, 4728, 1, 9);
INSERT INTO current_way_nodes (way_id, node_id, sequence_id) VALUES (425, 4728, 9);
INSERT INTO way_nodes (way_id, node_id, version, sequence_id) VALUES (425, 4729, 1, 10);
INSERT INTO current_way_nodes (way_id, node_id, sequence_id) VALUES (425, 4729, 10);
INSERT INTO way_nodes (way_id, node_id, version, sequence_id) VALUES (425, 4730, 1, 11);
INSERT INTO current_way_nodes (way_id, node_id, sequence_id) VALUES (425, 4730, 11);
INSERT INTO way_nodes (way_id, node_id, version, sequence_id) VALUES (425, 4731, 1, 12);
INSERT INTO current_way_nodes (way_id, node_id, sequence_id) VALUES (425, 4731, 12);
INSERT INTO way_nodes (way_id, node_id, version, sequence_id) VALUES (425, 4732, 1, 13);
INSERT INTO current_way_nodes (way_id, node_id, sequence_id) VALUES (425, 4732, 13);
INSERT INTO way_nodes (way_id, node_id, version, sequence_id) VALUES (425, 4733, 1, 14);
INSERT INTO current_way_nodes (way_id, node_id, sequence_id) VALUES (425, 4733, 14);
INSERT INTO way_nodes (way_id, node_id, version, sequence_id) VALUES (425, 4734, 1, 15);
INSERT INTO current_way_nodes (way_id, node_id, sequence_id) VALUES (425, 4734, 15);
INSERT INTO way_nodes (way_id, node_id, version, sequence_id) VALUES (425, 4735, 1, 16);
INSERT INTO current_way_nodes (way_id, node_id, sequence_id) VALUES (425, 4735, 16);
INSERT INTO way_nodes (way_id, node_id, version, sequence_id) VALUES (425, 4736, 1, 17);
INSERT INTO current_way_nodes (way_id, node_id, sequence_id) VALUES (425, 4736, 17);
INSERT INTO way_nodes (way_id, node_id, version, sequence_id) VALUES (425, 4737, 1, 18);
INSERT INTO current_way_nodes (way_id, node_id, sequence_id) VALUES (425, 4737, 18);
INSERT INTO way_nodes (way_id, node_id, version, sequence_id) VALUES (425, 4738, 1, 19);
INSERT INTO current_way_nodes (way_id, node_id, sequence_id) VALUES (425, 4738, 19);
INSERT INTO way_nodes (way_id, node_id, version, sequence_id) VALUES (425, 4739, 1, 20);
INSERT INTO current_way_nodes (way_id, node_id, sequence_id) VALUES (425, 4739, 20);
INSERT INTO way_nodes (way_id, node_id, version, sequence_id) VALUES (425, 4740, 1, 21);
INSERT INTO current_way_nodes (way_id, node_id, sequence_id) VALUES (425, 4740, 21);
INSERT INTO way_nodes (way_id, node_id, version, sequence_id) VALUES (425, 4741, 1, 22);
INSERT INTO current_way_nodes (way_id, node_id, sequence_id) VALUES (425, 4741, 22);
INSERT INTO way_nodes (way_id, node_id, version, sequence_id) VALUES (425, 4742, 1, 23);
INSERT INTO current_way_nodes (way_id, node_id, sequence_id) VALUES (425, 4742, 23);
INSERT INTO way_nodes (way_id, node_id, version, sequence_id) VALUES (425, 4743, 1, 24);
INSERT INTO current_way_nodes (way_id, node_id, sequence_id) VALUES (425, 4743, 24);
INSERT INTO way_nodes (way_id, node_id, version, sequence_id) VALUES (425, 4744, 1, 25);
INSERT INTO current_way_nodes (way_id, node_id, sequence_id) VALUES (425, 4744, 25);
INSERT INTO way_nodes (way_id, node_id, version, sequence_id) VALUES (425, 4745, 1, 26);
INSERT INTO current_way_nodes (way_id, node_id, sequence_id) VALUES (425, 4745, 26);
INSERT INTO way_nodes (way_id, node_id, version, sequence_id) VALUES (425, 4746, 1, 27);
INSERT INTO current_way_nodes (way_id, node_id, sequence_id) VALUES (425, 4746, 27);
INSERT INTO way_nodes (way_id, node_id, version, sequence_id) VALUES (425, 4747, 1, 28);
INSERT INTO current_way_nodes (way_id, node_id, sequence_id) VALUES (425, 4747, 28);
INSERT INTO way_nodes (way_id, node_id, version, sequence_id) VALUES (425, 4748, 1, 29);
INSERT INTO current_way_nodes (way_id, node_id, sequence_id) VALUES (425, 4748, 29);
INSERT INTO way_nodes (way_id, node_id, version, sequence_id) VALUES (425, 4749, 1, 30);
INSERT INTO current_way_nodes (way_id, node_id, sequence_id) VALUES (425, 4749, 30);
INSERT INTO way_nodes (way_id, node_id, version, sequence_id) VALUES (425, 4750, 1, 31);
INSERT INTO current_way_nodes (way_id, node_id, sequence_id) VALUES (425, 4750, 31);
INSERT INTO way_nodes (way_id, node_id, version, sequence_id) VALUES (425, 4751, 1, 32);
INSERT INTO current_way_nodes (way_id, node_id, sequence_id) VALUES (425, 4751, 32);
INSERT INTO way_nodes (way_id, node_id, version, sequence_id) VALUES (425, 4752, 1, 33);
INSERT INTO current_way_nodes (way_id, node_id, sequence_id) VALUES (425, 4752, 33);
INSERT INTO way_nodes (way_id, node_id, version, sequence_id) VALUES (425, 4753, 1, 34);
INSERT INTO current_way_nodes (way_id, node_id, sequence_id) VALUES (425, 4753, 34);
INSERT INTO way_nodes (way_id, node_id, version, sequence_id) VALUES (425, 4754, 1, 35);
INSERT INTO current_way_nodes (way_id, node_id, sequence_id) VALUES (425, 4754, 35);
INSERT INTO way_nodes (way_id, node_id, version, sequence_id) VALUES (425, 4755, 1, 36);
INSERT INTO current_way_nodes (way_id, node_id, sequence_id) VALUES (425, 4755, 36);
INSERT INTO way_nodes (way_id, node_id, version, sequence_id) VALUES (425, 4756, 1, 37);
INSERT INTO current_way_nodes (way_id, node_id, sequence_id) VALUES (425, 4756, 37);
INSERT INTO way_nodes (way_id, node_id, version, sequence_id) VALUES (425, 4757, 1, 38);
INSERT INTO current_way_nodes (way_id, node_id, sequence_id) VALUES (425, 4757, 38);
INSERT INTO way_nodes (way_id, node_id, version, sequence_id) VALUES (425, 4758, 1, 39);
INSERT INTO current_way_nodes (way_id, node_id, sequence_id) VALUES (425, 4758, 39);
INSERT INTO way_nodes (way_id, node_id, version, sequence_id) VALUES (425, 4759, 1, 40);
INSERT INTO current_way_nodes (way_id, node_id, sequence_id) VALUES (425, 4759, 40);
INSERT INTO way_nodes (way_id, node_id, version, sequence_id) VALUES (425, 4760, 1, 41);
INSERT INTO current_way_nodes (way_id, node_id, sequence_id) VALUES (425, 4760, 41);
INSERT INTO way_nodes (way_id, node_id, version, sequence_id) VALUES (425, 4761, 1, 42);
INSERT INTO current_way_nodes (way_id, node_id, sequence_id) VALUES (425, 4761, 42);
INSERT INTO way_nodes (way_id, node_id, version, sequence_id) VALUES (425, 4762, 1, 43);
INSERT INTO current_way_nodes (way_id, node_id, sequence_id) VALUES (425, 4762, 43);
INSERT INTO way_nodes (way_id, node_id, version, sequence_id) VALUES (425, 4763, 1, 44);
INSERT INTO current_way_nodes (way_id, node_id, sequence_id) VALUES (425, 4763, 44);
INSERT INTO way_nodes (way_id, node_id, version, sequence_id) VALUES (425, 4764, 1, 45);
INSERT INTO current_way_nodes (way_id, node_id, sequence_id) VALUES (425, 4764, 45);
INSERT INTO way_nodes (way_id, node_id, version, sequence_id) VALUES (425, 4765, 1, 46);
INSERT INTO current_way_nodes (way_id, node_id, sequence_id) VALUES (425, 4765, 46);
INSERT INTO way_nodes (way_id, node_id, version, sequence_id) VALUES (425, 4766, 1, 47);
INSERT INTO current_way_nodes (way_id, node_id, sequence_id) VALUES (425, 4766, 47);
INSERT INTO way_nodes (way_id, node_id, version, sequence_id) VALUES (425, 4767, 1, 48);
INSERT INTO current_way_nodes (way_id, node_id, sequence_id) VALUES (425, 4767, 48);
INSERT INTO way_nodes (way_id, node_id, version, sequence_id) VALUES (425, 4768, 1, 49);
INSERT INTO current_way_nodes (way_id, node_id, sequence_id) VALUES (425, 4768, 49);
INSERT INTO way_nodes (way_id, node_id, version, sequence_id) VALUES (425, 4769, 1, 50);
INSERT INTO current_way_nodes (way_id, node_id, sequence_id) VALUES (425, 4769, 50);
INSERT INTO way_nodes (way_id, node_id, version, sequence_id) VALUES (425, 4770, 1, 51);
INSERT INTO current_way_nodes (way_id, node_id, sequence_id) VALUES (425, 4770, 51);
INSERT INTO way_nodes (way_id, node_id, version, sequence_id) VALUES (425, 4771, 1, 52);
INSERT INTO current_way_nodes (way_id, node_id, sequence_id) VALUES (425, 4771, 52);
INSERT INTO way_nodes (way_id, node_id, version, sequence_id) VALUES (425, 4772, 1, 53);
INSERT INTO current_way_nodes (way_id, node_id, sequence_id) VALUES (425, 4772, 53);
INSERT INTO way_nodes (way_id, node_id, version, sequence_id) VALUES (425, 4773, 1, 54);
INSERT INTO current_way_nodes (way_id, node_id, sequence_id) VALUES (425, 4773, 54);
INSERT INTO way_nodes (way_id, node_id, version, sequence_id) VALUES (425, 4774, 1, 55);
INSERT INTO current_way_nodes (way_id, node_id, sequence_id) VALUES (425, 4774, 55);
INSERT INTO way_nodes (way_id, node_id, version, sequence_id) VALUES (425, 4775, 1, 56);
INSERT INTO current_way_nodes (way_id, node_id, sequence_id) VALUES (425, 4775, 56);
INSERT INTO way_nodes (way_id, node_id, version, sequence_id) VALUES (425, 4776, 1, 57);
INSERT INTO current_way_nodes (way_id, node_id, sequence_id) VALUES (425, 4776, 57);
INSERT INTO way_nodes (way_id, node_id, version, sequence_id) VALUES (425, 4777, 1, 58);
INSERT INTO current_way_nodes (way_id, node_id, sequence_id) VALUES (425, 4777, 58);
INSERT INTO way_nodes (way_id, node_id, version, sequence_id) VALUES (425, 4778, 1, 59);
INSERT INTO current_way_nodes (way_id, node_id, sequence_id) VALUES (425, 4778, 59);
INSERT INTO way_nodes (way_id, node_id, version, sequence_id) VALUES (425, 4779, 1, 60);
INSERT INTO current_way_nodes (way_id, node_id, sequence_id) VALUES (425, 4779, 60);
INSERT INTO way_nodes (way_id, node_id, version, sequence_id) VALUES (425, 4780, 1, 61);
INSERT INTO current_way_nodes (way_id, node_id, sequence_id) VALUES (425, 4780, 61);
INSERT INTO way_nodes (way_id, node_id, version, sequence_id) VALUES (425, 4781, 1, 62);
INSERT INTO current_way_nodes (way_id, node_id, sequence_id) VALUES (425, 4781, 62);
INSERT INTO way_nodes (way_id, node_id, version, sequence_id) VALUES (425, 4782, 1, 63);
INSERT INTO current_way_nodes (way_id, node_id, sequence_id) VALUES (425, 4782, 63);
INSERT INTO way_nodes (way_id, node_id, version, sequence_id) VALUES (425, 4783, 1, 64);
INSERT INTO current_way_nodes (way_id, node_id, sequence_id) VALUES (425, 4783, 64);
INSERT INTO way_nodes (way_id, node_id, version, sequence_id) VALUES (425, 4784, 1, 65);
INSERT INTO current_way_nodes (way_id, node_id, sequence_id) VALUES (425, 4784, 65);
INSERT INTO way_nodes (way_id, node_id, version, sequence_id) VALUES (425, 4785, 1, 66);
INSERT INTO current_way_nodes (way_id, node_id, sequence_id) VALUES (425, 4785, 66);
INSERT INTO way_nodes (way_id, node_id, version, sequence_id) VALUES (425, 4786, 1, 67);
INSERT INTO current_way_nodes (way_id, node_id, sequence_id) VALUES (425, 4786, 67);
INSERT INTO way_nodes (way_id, node_id, version, sequence_id) VALUES (425, 4787, 1, 68);
INSERT INTO current_way_nodes (way_id, node_id, sequence_id) VALUES (425, 4787, 68);
INSERT INTO way_nodes (way_id, node_id, version, sequence_id) VALUES (425, 4788, 1, 69);
INSERT INTO current_way_nodes (way_id, node_id, sequence_id) VALUES (425, 4788, 69);
INSERT INTO way_nodes (way_id, node_id, version, sequence_id) VALUES (425, 4789, 1, 70);
INSERT INTO current_way_nodes (way_id, node_id, sequence_id) VALUES (425, 4789, 70);
INSERT INTO way_nodes (way_id, node_id, version, sequence_id) VALUES (425, 4790, 1, 71);
INSERT INTO current_way_nodes (way_id, node_id, sequence_id) VALUES (425, 4790, 71);
INSERT INTO way_nodes (way_id, node_id, version, sequence_id) VALUES (425, 4791, 1, 72);
INSERT INTO current_way_nodes (way_id, node_id, sequence_id) VALUES (425, 4791, 72);
INSERT INTO way_nodes (way_id, node_id, version, sequence_id) VALUES (425, 4792, 1, 73);
INSERT INTO current_way_nodes (way_id, node_id, sequence_id) VALUES (425, 4792, 73);
INSERT INTO way_nodes (way_id, node_id, version, sequence_id) VALUES (425, 4793, 1, 74);
INSERT INTO current_way_nodes (way_id, node_id, sequence_id) VALUES (425, 4793, 74);
INSERT INTO way_nodes (way_id, node_id, version, sequence_id) VALUES (425, 4794, 1, 75);
INSERT INTO current_way_nodes (way_id, node_id, sequence_id) VALUES (425, 4794, 75);
INSERT INTO way_nodes (way_id, node_id, version, sequence_id) VALUES (425, 4795, 1, 76);
INSERT INTO current_way_nodes (way_id, node_id, sequence_id) VALUES (425, 4795, 76);
INSERT INTO way_nodes (way_id, node_id, version, sequence_id) VALUES (425, 4796, 1, 77);
INSERT INTO current_way_nodes (way_id, node_id, sequence_id) VALUES (425, 4796, 77);
INSERT INTO way_nodes (way_id, node_id, version, sequence_id) VALUES (425, 4797, 1, 78);
INSERT INTO current_way_nodes (way_id, node_id, sequence_id) VALUES (425, 4797, 78);
INSERT INTO way_nodes (way_id, node_id, version, sequence_id) VALUES (425, 4798, 1, 79);
INSERT INTO current_way_nodes (way_id, node_id, sequence_id) VALUES (425, 4798, 79);
INSERT INTO way_nodes (way_id, node_id, version, sequence_id) VALUES (425, 4799, 1, 80);
INSERT INTO current_way_nodes (way_id, node_id, sequence_id) VALUES (425, 4799, 80);
INSERT INTO way_nodes (way_id, node_id, version, sequence_id) VALUES (425, 4800, 1, 81);
INSERT INTO current_way_nodes (way_id, node_id, sequence_id) VALUES (425, 4800, 81);
INSERT INTO way_nodes (way_id, node_id, version, sequence_id) VALUES (425, 4801, 1, 82);
INSERT INTO current_way_nodes (way_id, node_id, sequence_id) VALUES (425, 4801, 82);
INSERT INTO way_nodes (way_id, node_id, version, sequence_id) VALUES (425, 4802, 1, 83);
INSERT INTO current_way_nodes (way_id, node_id, sequence_id) VALUES (425, 4802, 83);
INSERT INTO way_nodes (way_id, node_id, version, sequence_id) VALUES (425, 4803, 1, 84);
INSERT INTO current_way_nodes (way_id, node_id, sequence_id) VALUES (425, 4803, 84);
INSERT INTO way_nodes (way_id, node_id, version, sequence_id) VALUES (425, 4804, 1, 85);
INSERT INTO current_way_nodes (way_id, node_id, sequence_id) VALUES (425, 4804, 85);
/* create way 426*/
INSERT INTO ways (way_id, changeset_id, visible, "timestamp", version) VALUES (426, 3, true, (now() at time zone 'utc'), 1);
INSERT INTO current_ways (id, changeset_id, visible, "timestamp", version) VALUES (426, 3, true, (now() at time zone 'utc'), 1);
INSERT INTO current_way_tags (way_id, k, v) VALUES (426, 'accuracy', '5');
INSERT INTO way_tags (way_id, k, v, version) VALUES (426, 'accuracy', '5', 1);
INSERT INTO current_way_tags (way_id, k, v) VALUES (426, 'hoot:id', '426');
INSERT INTO way_tags (way_id, k, v, version) VALUES (426, 'hoot:id', '426', 1);
INSERT INTO current_way_tags (way_id, k, v) VALUES (426, 'hoot:status', '2');
INSERT INTO way_tags (way_id, k, v, version) VALUES (426, 'hoot:status', '2', 1);
INSERT INTO current_way_tags (way_id, k, v) VALUES (426, 'highway', 'road');
INSERT INTO way_tags (way_id, k, v, version) VALUES (426, 'highway', 'road', 1);
INSERT INTO way_nodes (way_id, node_id, version, sequence_id) VALUES (426, 4922, 1, 1);
INSERT INTO current_way_nodes (way_id, node_id, sequence_id) VALUES (426, 4922, 1);
INSERT INTO way_nodes (way_id, node_id, version, sequence_id) VALUES (426, 4635, 1, 2);
INSERT INTO current_way_nodes (way_id, node_id, sequence_id) VALUES (426, 4635, 2);
INSERT INTO way_nodes (way_id, node_id, version, sequence_id) VALUES (426, 4634, 1, 3);
INSERT INTO current_way_nodes (way_id, node_id, sequence_id) VALUES (426, 4634, 3);
INSERT INTO way_nodes (way_id, node_id, version, sequence_id) VALUES (426, 4633, 1, 4);
INSERT INTO current_way_nodes (way_id, node_id, sequence_id) VALUES (426, 4633, 4);
INSERT INTO way_nodes (way_id, node_id, version, sequence_id) VALUES (426, 4632, 1, 5);
INSERT INTO current_way_nodes (way_id, node_id, sequence_id) VALUES (426, 4632, 5);
INSERT INTO way_nodes (way_id, node_id, version, sequence_id) VALUES (426, 4631, 1, 6);
INSERT INTO current_way_nodes (way_id, node_id, sequence_id) VALUES (426, 4631, 6);
INSERT INTO way_nodes (way_id, node_id, version, sequence_id) VALUES (426, 4630, 1, 7);
INSERT INTO current_way_nodes (way_id, node_id, sequence_id) VALUES (426, 4630, 7);
INSERT INTO way_nodes (way_id, node_id, version, sequence_id) VALUES (426, 4629, 1, 8);
INSERT INTO current_way_nodes (way_id, node_id, sequence_id) VALUES (426, 4629, 8);
INSERT INTO way_nodes (way_id, node_id, version, sequence_id) VALUES (426, 4628, 1, 9);
INSERT INTO current_way_nodes (way_id, node_id, sequence_id) VALUES (426, 4628, 9);
INSERT INTO way_nodes (way_id, node_id, version, sequence_id) VALUES (426, 4627, 1, 10);
INSERT INTO current_way_nodes (way_id, node_id, sequence_id) VALUES (426, 4627, 10);
INSERT INTO way_nodes (way_id, node_id, version, sequence_id) VALUES (426, 4626, 1, 11);
INSERT INTO current_way_nodes (way_id, node_id, sequence_id) VALUES (426, 4626, 11);
INSERT INTO way_nodes (way_id, node_id, version, sequence_id) VALUES (426, 4914, 1, 12);
INSERT INTO current_way_nodes (way_id, node_id, sequence_id) VALUES (426, 4914, 12);
/* create way 427*/
INSERT INTO ways (way_id, changeset_id, visible, "timestamp", version) VALUES (427, 3, true, (now() at time zone 'utc'), 1);
INSERT INTO current_ways (id, changeset_id, visible, "timestamp", version) VALUES (427, 3, true, (now() at time zone 'utc'), 1);
INSERT INTO current_way_tags (way_id, k, v) VALUES (427, 'accuracy', '5');
INSERT INTO way_tags (way_id, k, v, version) VALUES (427, 'accuracy', '5', 1);
INSERT INTO current_way_tags (way_id, k, v) VALUES (427, 'hoot:id', '427');
INSERT INTO way_tags (way_id, k, v, version) VALUES (427, 'hoot:id', '427', 1);
INSERT INTO current_way_tags (way_id, k, v) VALUES (427, 'hoot:status', '3');
INSERT INTO way_tags (way_id, k, v, version) VALUES (427, 'hoot:status', '3', 1);
INSERT INTO current_way_tags (way_id, k, v) VALUES (427, 'name', 'INTERSTATE 66  BN');
INSERT INTO way_tags (way_id, k, v, version) VALUES (427, 'name', 'INTERSTATE 66  BN', 1);
INSERT INTO current_way_tags (way_id, k, v) VALUES (427, 'highway', 'motorway');
INSERT INTO way_tags (way_id, k, v, version) VALUES (427, 'highway', 'motorway', 1);
INSERT INTO way_nodes (way_id, node_id, version, sequence_id) VALUES (427, 3421, 1, 1);
INSERT INTO current_way_nodes (way_id, node_id, sequence_id) VALUES (427, 3421, 1);
INSERT INTO way_nodes (way_id, node_id, version, sequence_id) VALUES (427, 4913, 1, 2);
INSERT INTO current_way_nodes (way_id, node_id, sequence_id) VALUES (427, 4913, 2);
/* create way 428*/
INSERT INTO ways (way_id, changeset_id, visible, "timestamp", version) VALUES (428, 3, true, (now() at time zone 'utc'), 1);
INSERT INTO current_ways (id, changeset_id, visible, "timestamp", version) VALUES (428, 3, true, (now() at time zone 'utc'), 1);
INSERT INTO current_way_tags (way_id, k, v) VALUES (428, 'accuracy', '5');
INSERT INTO way_tags (way_id, k, v, version) VALUES (428, 'accuracy', '5', 1);
INSERT INTO current_way_tags (way_id, k, v) VALUES (428, 'hoot:id', '428');
INSERT INTO way_tags (way_id, k, v, version) VALUES (428, 'hoot:id', '428', 1);
INSERT INTO current_way_tags (way_id, k, v) VALUES (428, 'hoot:status', '3');
INSERT INTO way_tags (way_id, k, v, version) VALUES (428, 'hoot:status', '3', 1);
INSERT INTO current_way_tags (way_id, k, v) VALUES (428, 'alt_name', 'Rock Crk and Potomac Pkwy NW');
INSERT INTO way_tags (way_id, k, v, version) VALUES (428, 'alt_name', 'Rock Crk and Potomac Pkwy NW', 1);
INSERT INTO current_way_tags (way_id, k, v) VALUES (428, 'name', 'ROCK CREEK & POTOMAC PKWY NW');
INSERT INTO way_tags (way_id, k, v, version) VALUES (428, 'name', 'ROCK CREEK & POTOMAC PKWY NW', 1);
INSERT INTO current_way_tags (way_id, k, v) VALUES (428, 'highway', 'road');
INSERT INTO way_tags (way_id, k, v, version) VALUES (428, 'highway', 'road', 1);
INSERT INTO way_nodes (way_id, node_id, version, sequence_id) VALUES (428, 4914, 1, 1);
INSERT INTO current_way_nodes (way_id, node_id, sequence_id) VALUES (428, 4914, 1);
INSERT INTO way_nodes (way_id, node_id, version, sequence_id) VALUES (428, 3325, 1, 2);
INSERT INTO current_way_nodes (way_id, node_id, sequence_id) VALUES (428, 3325, 2);
INSERT INTO way_nodes (way_id, node_id, version, sequence_id) VALUES (428, 3326, 1, 3);
INSERT INTO current_way_nodes (way_id, node_id, sequence_id) VALUES (428, 3326, 3);
INSERT INTO way_nodes (way_id, node_id, version, sequence_id) VALUES (428, 3406, 1, 4);
INSERT INTO current_way_nodes (way_id, node_id, sequence_id) VALUES (428, 3406, 4);
/* create way 429*/
INSERT INTO ways (way_id, changeset_id, visible, "timestamp", version) VALUES (429, 3, true, (now() at time zone 'utc'), 1);
INSERT INTO current_ways (id, changeset_id, visible, "timestamp", version) VALUES (429, 3, true, (now() at time zone 'utc'), 1);
INSERT INTO current_way_tags (way_id, k, v) VALUES (429, 'accuracy', '5');
INSERT INTO way_tags (way_id, k, v, version) VALUES (429, 'accuracy', '5', 1);
INSERT INTO current_way_tags (way_id, k, v) VALUES (429, 'hoot:id', '429');
INSERT INTO way_tags (way_id, k, v, version) VALUES (429, 'hoot:id', '429', 1);
INSERT INTO current_way_tags (way_id, k, v) VALUES (429, 'hoot:status', '3');
INSERT INTO way_tags (way_id, k, v, version) VALUES (429, 'hoot:status', '3', 1);
INSERT INTO current_way_tags (way_id, k, v) VALUES (429, 'name', 'OHIO DR SW');
INSERT INTO way_tags (way_id, k, v, version) VALUES (429, 'name', 'OHIO DR SW', 1);
INSERT INTO current_way_tags (way_id, k, v) VALUES (429, 'highway', 'road');
INSERT INTO way_tags (way_id, k, v, version) VALUES (429, 'highway', 'road', 1);
INSERT INTO way_nodes (way_id, node_id, version, sequence_id) VALUES (429, 4915, 1, 1);
INSERT INTO current_way_nodes (way_id, node_id, sequence_id) VALUES (429, 4915, 1);
INSERT INTO way_nodes (way_id, node_id, version, sequence_id) VALUES (429, 2116, 1, 2);
INSERT INTO current_way_nodes (way_id, node_id, sequence_id) VALUES (429, 2116, 2);
INSERT INTO way_nodes (way_id, node_id, version, sequence_id) VALUES (429, 2118, 1, 3);
INSERT INTO current_way_nodes (way_id, node_id, sequence_id) VALUES (429, 2118, 3);
INSERT INTO way_nodes (way_id, node_id, version, sequence_id) VALUES (429, 2120, 1, 4);
INSERT INTO current_way_nodes (way_id, node_id, sequence_id) VALUES (429, 2120, 4);
INSERT INTO way_nodes (way_id, node_id, version, sequence_id) VALUES (429, 2122, 1, 5);
INSERT INTO current_way_nodes (way_id, node_id, sequence_id) VALUES (429, 2122, 5);
INSERT INTO way_nodes (way_id, node_id, version, sequence_id) VALUES (429, 2124, 1, 6);
INSERT INTO current_way_nodes (way_id, node_id, sequence_id) VALUES (429, 2124, 6);
INSERT INTO way_nodes (way_id, node_id, version, sequence_id) VALUES (429, 2126, 1, 7);
INSERT INTO current_way_nodes (way_id, node_id, sequence_id) VALUES (429, 2126, 7);
INSERT INTO way_nodes (way_id, node_id, version, sequence_id) VALUES (429, 2128, 1, 8);
INSERT INTO current_way_nodes (way_id, node_id, sequence_id) VALUES (429, 2128, 8);
INSERT INTO way_nodes (way_id, node_id, version, sequence_id) VALUES (429, 4916, 1, 9);
INSERT INTO current_way_nodes (way_id, node_id, sequence_id) VALUES (429, 4916, 9);
/* create way 430*/
INSERT INTO ways (way_id, changeset_id, visible, "timestamp", version) VALUES (430, 3, true, (now() at time zone 'utc'), 1);
INSERT INTO current_ways (id, changeset_id, visible, "timestamp", version) VALUES (430, 3, true, (now() at time zone 'utc'), 1);
INSERT INTO current_way_tags (way_id, k, v) VALUES (430, 'accuracy', '5');
INSERT INTO way_tags (way_id, k, v, version) VALUES (430, 'accuracy', '5', 1);
INSERT INTO current_way_tags (way_id, k, v) VALUES (430, 'hoot:id', '430');
INSERT INTO way_tags (way_id, k, v, version) VALUES (430, 'hoot:id', '430', 1);
INSERT INTO current_way_tags (way_id, k, v) VALUES (430, 'hoot:status', '3');
INSERT INTO way_tags (way_id, k, v, version) VALUES (430, 'hoot:status', '3', 1);
INSERT INTO current_way_tags (way_id, k, v) VALUES (430, 'name', 'OHIO DR SW');
INSERT INTO way_tags (way_id, k, v, version) VALUES (430, 'name', 'OHIO DR SW', 1);
INSERT INTO current_way_tags (way_id, k, v) VALUES (430, 'highway', 'road');
INSERT INTO way_tags (way_id, k, v, version) VALUES (430, 'highway', 'road', 1);
INSERT INTO way_nodes (way_id, node_id, version, sequence_id) VALUES (430, 4916, 1, 1);
INSERT INTO current_way_nodes (way_id, node_id, sequence_id) VALUES (430, 4916, 1);
INSERT INTO way_nodes (way_id, node_id, version, sequence_id) VALUES (430, 2130, 1, 2);
INSERT INTO current_way_nodes (way_id, node_id, sequence_id) VALUES (430, 2130, 2);
INSERT INTO way_nodes (way_id, node_id, version, sequence_id) VALUES (430, 2132, 1, 3);
INSERT INTO current_way_nodes (way_id, node_id, sequence_id) VALUES (430, 2132, 3);
INSERT INTO way_nodes (way_id, node_id, version, sequence_id) VALUES (430, 2134, 1, 4);
INSERT INTO current_way_nodes (way_id, node_id, sequence_id) VALUES (430, 2134, 4);
INSERT INTO way_nodes (way_id, node_id, version, sequence_id) VALUES (430, 4917, 1, 5);
INSERT INTO current_way_nodes (way_id, node_id, sequence_id) VALUES (430, 4917, 5);
/* create way 431*/
INSERT INTO ways (way_id, changeset_id, visible, "timestamp", version) VALUES (431, 3, true, (now() at time zone 'utc'), 1);
INSERT INTO current_ways (id, changeset_id, visible, "timestamp", version) VALUES (431, 3, true, (now() at time zone 'utc'), 1);
INSERT INTO current_way_tags (way_id, k, v) VALUES (431, 'accuracy', '5');
INSERT INTO way_tags (way_id, k, v, version) VALUES (431, 'accuracy', '5', 1);
INSERT INTO current_way_tags (way_id, k, v) VALUES (431, 'hoot:id', '431');
INSERT INTO way_tags (way_id, k, v, version) VALUES (431, 'hoot:id', '431', 1);
INSERT INTO current_way_tags (way_id, k, v) VALUES (431, 'hoot:status', '3');
INSERT INTO way_tags (way_id, k, v, version) VALUES (431, 'hoot:status', '3', 1);
INSERT INTO current_way_tags (way_id, k, v) VALUES (431, 'name', 'OHIO DR SW');
INSERT INTO way_tags (way_id, k, v, version) VALUES (431, 'name', 'OHIO DR SW', 1);
INSERT INTO current_way_tags (way_id, k, v) VALUES (431, 'highway', 'road');
INSERT INTO way_tags (way_id, k, v, version) VALUES (431, 'highway', 'road', 1);
INSERT INTO way_nodes (way_id, node_id, version, sequence_id) VALUES (431, 4917, 1, 1);
INSERT INTO current_way_nodes (way_id, node_id, sequence_id) VALUES (431, 4917, 1);
INSERT INTO way_nodes (way_id, node_id, version, sequence_id) VALUES (431, 741, 1, 2);
INSERT INTO current_way_nodes (way_id, node_id, sequence_id) VALUES (431, 741, 2);
/* create way 432*/
INSERT INTO ways (way_id, changeset_id, visible, "timestamp", version) VALUES (432, 3, true, (now() at time zone 'utc'), 1);
INSERT INTO current_ways (id, changeset_id, visible, "timestamp", version) VALUES (432, 3, true, (now() at time zone 'utc'), 1);
INSERT INTO current_way_tags (way_id, k, v) VALUES (432, 'accuracy', '5');
INSERT INTO way_tags (way_id, k, v, version) VALUES (432, 'accuracy', '5', 1);
INSERT INTO current_way_tags (way_id, k, v) VALUES (432, 'hoot:id', '432');
INSERT INTO way_tags (way_id, k, v, version) VALUES (432, 'hoot:id', '432', 1);
INSERT INTO current_way_tags (way_id, k, v) VALUES (432, 'hoot:status', '2');
INSERT INTO way_tags (way_id, k, v, version) VALUES (432, 'hoot:status', '2', 1);
INSERT INTO current_way_tags (way_id, k, v) VALUES (432, 'highway', 'road');
INSERT INTO way_tags (way_id, k, v, version) VALUES (432, 'highway', 'road', 1);
INSERT INTO way_nodes (way_id, node_id, version, sequence_id) VALUES (432, 4698, 1, 1);
INSERT INTO current_way_nodes (way_id, node_id, sequence_id) VALUES (432, 4698, 1);
INSERT INTO way_nodes (way_id, node_id, version, sequence_id) VALUES (432, 4699, 1, 2);
INSERT INTO current_way_nodes (way_id, node_id, sequence_id) VALUES (432, 4699, 2);
INSERT INTO way_nodes (way_id, node_id, version, sequence_id) VALUES (432, 4918, 1, 3);
INSERT INTO current_way_nodes (way_id, node_id, sequence_id) VALUES (432, 4918, 3);
/* create way 433*/
INSERT INTO ways (way_id, changeset_id, visible, "timestamp", version) VALUES (433, 3, true, (now() at time zone 'utc'), 1);
INSERT INTO current_ways (id, changeset_id, visible, "timestamp", version) VALUES (433, 3, true, (now() at time zone 'utc'), 1);
INSERT INTO current_way_tags (way_id, k, v) VALUES (433, 'accuracy', '5');
INSERT INTO way_tags (way_id, k, v, version) VALUES (433, 'accuracy', '5', 1);
INSERT INTO current_way_tags (way_id, k, v) VALUES (433, 'hoot:id', '433');
INSERT INTO way_tags (way_id, k, v, version) VALUES (433, 'hoot:id', '433', 1);
INSERT INTO current_way_tags (way_id, k, v) VALUES (433, 'hoot:status', '3');
INSERT INTO way_tags (way_id, k, v, version) VALUES (433, 'hoot:status', '3', 1);
INSERT INTO current_way_tags (way_id, k, v) VALUES (433, 'name', 'OHIO DR NW');
INSERT INTO way_tags (way_id, k, v, version) VALUES (433, 'name', 'OHIO DR NW', 1);
INSERT INTO current_way_tags (way_id, k, v) VALUES (433, 'highway', 'road');
INSERT INTO way_tags (way_id, k, v, version) VALUES (433, 'highway', 'road', 1);
INSERT INTO way_nodes (way_id, node_id, version, sequence_id) VALUES (433, 3421, 1, 1);
INSERT INTO current_way_nodes (way_id, node_id, sequence_id) VALUES (433, 3421, 1);
INSERT INTO way_nodes (way_id, node_id, version, sequence_id) VALUES (433, 3609, 1, 2);
INSERT INTO current_way_nodes (way_id, node_id, sequence_id) VALUES (433, 3609, 2);
INSERT INTO way_nodes (way_id, node_id, version, sequence_id) VALUES (433, 3612, 1, 3);
INSERT INTO current_way_nodes (way_id, node_id, sequence_id) VALUES (433, 3612, 3);
INSERT INTO way_nodes (way_id, node_id, version, sequence_id) VALUES (433, 3615, 1, 4);
INSERT INTO current_way_nodes (way_id, node_id, sequence_id) VALUES (433, 3615, 4);
INSERT INTO way_nodes (way_id, node_id, version, sequence_id) VALUES (433, 3618, 1, 5);
INSERT INTO current_way_nodes (way_id, node_id, sequence_id) VALUES (433, 3618, 5);
INSERT INTO way_nodes (way_id, node_id, version, sequence_id) VALUES (433, 3621, 1, 6);
INSERT INTO current_way_nodes (way_id, node_id, sequence_id) VALUES (433, 3621, 6);
INSERT INTO way_nodes (way_id, node_id, version, sequence_id) VALUES (433, 3624, 1, 7);
INSERT INTO current_way_nodes (way_id, node_id, sequence_id) VALUES (433, 3624, 7);
INSERT INTO way_nodes (way_id, node_id, version, sequence_id) VALUES (433, 4918, 1, 8);
INSERT INTO current_way_nodes (way_id, node_id, sequence_id) VALUES (433, 4918, 8);
UPDATE changesets SET min_lat=388864325, max_lat=389019870, min_lon=-770532279, max_lon=-770319859, num_changes=438 WHERE id=3;
