INSERT INTO changesets (id, user_id, created_at, closed_at) VALUES (3, 1, (now() at time zone 'utc'), (now() at time zone 'utc'));
INSERT INTO changeset_tags (changeset_id, k, v) VALUES (3, 'written_by', 'Hootenanny');
/* create node 4326*/
INSERT INTO nodes (node_id, latitude, longitude, changeset_id, visible, "timestamp", tile, version) VALUES (4326, 388921830, -770390989, 3, true, (now() at time zone 'utc'), 1704401535, 1);
INSERT INTO current_nodes (id, latitude, longitude, changeset_id, visible, "timestamp", tile, version) VALUES (4326, 388921830, -770390989, 3, true, (now() at time zone 'utc'), 1704401535, 1);
INSERT INTO current_node_tags (node_id, k, v) VALUES (4326, 'hoot:id', '4326');
INSERT INTO node_tags (node_id, k, v, version) VALUES (4326, 'hoot:id', '4326', 1);
INSERT INTO current_node_tags (node_id, k, v) VALUES (4326, 'hoot:status', '2');
INSERT INTO node_tags (node_id, k, v, version) VALUES (4326, 'hoot:status', '2', 1);
/* create node 4327*/
INSERT INTO nodes (node_id, latitude, longitude, changeset_id, visible, "timestamp", tile, version) VALUES (4327, 388922160, -770390789, 3, true, (now() at time zone 'utc'), 1704401706, 1);
INSERT INTO current_nodes (id, latitude, longitude, changeset_id, visible, "timestamp", tile, version) VALUES (4327, 388922160, -770390789, 3, true, (now() at time zone 'utc'), 1704401706, 1);
INSERT INTO current_node_tags (node_id, k, v) VALUES (4327, 'hoot:id', '4327');
INSERT INTO node_tags (node_id, k, v, version) VALUES (4327, 'hoot:id', '4327', 1);
INSERT INTO current_node_tags (node_id, k, v) VALUES (4327, 'hoot:status', '2');
INSERT INTO node_tags (node_id, k, v, version) VALUES (4327, 'hoot:status', '2', 1);
/* create node 4328*/
INSERT INTO nodes (node_id, latitude, longitude, changeset_id, visible, "timestamp", tile, version) VALUES (4328, 388922430, -770390559, 3, true, (now() at time zone 'utc'), 1704401706, 1);
INSERT INTO current_nodes (id, latitude, longitude, changeset_id, visible, "timestamp", tile, version) VALUES (4328, 388922430, -770390559, 3, true, (now() at time zone 'utc'), 1704401706, 1);
INSERT INTO current_node_tags (node_id, k, v) VALUES (4328, 'hoot:id', '4328');
INSERT INTO node_tags (node_id, k, v, version) VALUES (4328, 'hoot:id', '4328', 1);
INSERT INTO current_node_tags (node_id, k, v) VALUES (4328, 'hoot:status', '2');
INSERT INTO node_tags (node_id, k, v, version) VALUES (4328, 'hoot:status', '2', 1);
/* create node 4329*/
INSERT INTO nodes (node_id, latitude, longitude, changeset_id, visible, "timestamp", tile, version) VALUES (4329, 388922600, -770390359, 3, true, (now() at time zone 'utc'), 1704401706, 1);
INSERT INTO current_nodes (id, latitude, longitude, changeset_id, visible, "timestamp", tile, version) VALUES (4329, 388922600, -770390359, 3, true, (now() at time zone 'utc'), 1704401706, 1);
INSERT INTO current_node_tags (node_id, k, v) VALUES (4329, 'hoot:id', '4329');
INSERT INTO node_tags (node_id, k, v, version) VALUES (4329, 'hoot:id', '4329', 1);
INSERT INTO current_node_tags (node_id, k, v) VALUES (4329, 'hoot:status', '2');
INSERT INTO node_tags (node_id, k, v, version) VALUES (4329, 'hoot:status', '2', 1);
/* create node 4330*/
INSERT INTO nodes (node_id, latitude, longitude, changeset_id, visible, "timestamp", tile, version) VALUES (4330, 388922800, -770390099, 3, true, (now() at time zone 'utc'), 1704401706, 1);
INSERT INTO current_nodes (id, latitude, longitude, changeset_id, visible, "timestamp", tile, version) VALUES (4330, 388922800, -770390099, 3, true, (now() at time zone 'utc'), 1704401706, 1);
INSERT INTO current_node_tags (node_id, k, v) VALUES (4330, 'hoot:id', '4330');
INSERT INTO node_tags (node_id, k, v, version) VALUES (4330, 'hoot:id', '4330', 1);
INSERT INTO current_node_tags (node_id, k, v) VALUES (4330, 'hoot:status', '2');
INSERT INTO node_tags (node_id, k, v, version) VALUES (4330, 'hoot:status', '2', 1);
/* create node 4331*/
INSERT INTO nodes (node_id, latitude, longitude, changeset_id, visible, "timestamp", tile, version) VALUES (4331, 388923100, -770389479, 3, true, (now() at time zone 'utc'), 1704401706, 1);
INSERT INTO current_nodes (id, latitude, longitude, changeset_id, visible, "timestamp", tile, version) VALUES (4331, 388923100, -770389479, 3, true, (now() at time zone 'utc'), 1704401706, 1);
INSERT INTO current_node_tags (node_id, k, v) VALUES (4331, 'hoot:id', '4331');
INSERT INTO node_tags (node_id, k, v, version) VALUES (4331, 'hoot:id', '4331', 1);
INSERT INTO current_node_tags (node_id, k, v) VALUES (4331, 'hoot:status', '2');
INSERT INTO node_tags (node_id, k, v, version) VALUES (4331, 'hoot:status', '2', 1);
/* create node 4332*/
INSERT INTO nodes (node_id, latitude, longitude, changeset_id, visible, "timestamp", tile, version) VALUES (4332, 388923580, -770388699, 3, true, (now() at time zone 'utc'), 1704401706, 1);
INSERT INTO current_nodes (id, latitude, longitude, changeset_id, visible, "timestamp", tile, version) VALUES (4332, 388923580, -770388699, 3, true, (now() at time zone 'utc'), 1704401706, 1);
INSERT INTO current_node_tags (node_id, k, v) VALUES (4332, 'hoot:id', '4332');
INSERT INTO node_tags (node_id, k, v, version) VALUES (4332, 'hoot:id', '4332', 1);
INSERT INTO current_node_tags (node_id, k, v) VALUES (4332, 'hoot:status', '2');
INSERT INTO node_tags (node_id, k, v, version) VALUES (4332, 'hoot:status', '2', 1);
/* create node 4333*/
INSERT INTO nodes (node_id, latitude, longitude, changeset_id, visible, "timestamp", tile, version) VALUES (4333, 388924230, -770387599, 3, true, (now() at time zone 'utc'), 1704401706, 1);
INSERT INTO current_nodes (id, latitude, longitude, changeset_id, visible, "timestamp", tile, version) VALUES (4333, 388924230, -770387599, 3, true, (now() at time zone 'utc'), 1704401706, 1);
INSERT INTO current_node_tags (node_id, k, v) VALUES (4333, 'hoot:id', '4333');
INSERT INTO node_tags (node_id, k, v, version) VALUES (4333, 'hoot:id', '4333', 1);
INSERT INTO current_node_tags (node_id, k, v) VALUES (4333, 'hoot:status', '2');
INSERT INTO node_tags (node_id, k, v, version) VALUES (4333, 'hoot:status', '2', 1);
/* create node 4334*/
INSERT INTO nodes (node_id, latitude, longitude, changeset_id, visible, "timestamp", tile, version) VALUES (4334, 388924550, -770387149, 3, true, (now() at time zone 'utc'), 1704401706, 1);
INSERT INTO current_nodes (id, latitude, longitude, changeset_id, visible, "timestamp", tile, version) VALUES (4334, 388924550, -770387149, 3, true, (now() at time zone 'utc'), 1704401706, 1);
INSERT INTO current_node_tags (node_id, k, v) VALUES (4334, 'hoot:id', '4334');
INSERT INTO node_tags (node_id, k, v, version) VALUES (4334, 'hoot:id', '4334', 1);
INSERT INTO current_node_tags (node_id, k, v) VALUES (4334, 'hoot:status', '2');
INSERT INTO node_tags (node_id, k, v, version) VALUES (4334, 'hoot:status', '2', 1);
/* create node 4335*/
INSERT INTO nodes (node_id, latitude, longitude, changeset_id, visible, "timestamp", tile, version) VALUES (4335, 388925210, -770386439, 3, true, (now() at time zone 'utc'), 1704401706, 1);
INSERT INTO current_nodes (id, latitude, longitude, changeset_id, visible, "timestamp", tile, version) VALUES (4335, 388925210, -770386439, 3, true, (now() at time zone 'utc'), 1704401706, 1);
INSERT INTO current_node_tags (node_id, k, v) VALUES (4335, 'hoot:id', '4335');
INSERT INTO node_tags (node_id, k, v, version) VALUES (4335, 'hoot:id', '4335', 1);
INSERT INTO current_node_tags (node_id, k, v) VALUES (4335, 'hoot:status', '2');
INSERT INTO node_tags (node_id, k, v, version) VALUES (4335, 'hoot:status', '2', 1);
/* create node 4336*/
INSERT INTO nodes (node_id, latitude, longitude, changeset_id, visible, "timestamp", tile, version) VALUES (4336, 388926760, -770384959, 3, true, (now() at time zone 'utc'), 1704401706, 1);
INSERT INTO current_nodes (id, latitude, longitude, changeset_id, visible, "timestamp", tile, version) VALUES (4336, 388926760, -770384959, 3, true, (now() at time zone 'utc'), 1704401706, 1);
INSERT INTO current_node_tags (node_id, k, v) VALUES (4336, 'hoot:id', '4336');
INSERT INTO node_tags (node_id, k, v, version) VALUES (4336, 'hoot:id', '4336', 1);
INSERT INTO current_node_tags (node_id, k, v) VALUES (4336, 'hoot:status', '2');
INSERT INTO node_tags (node_id, k, v, version) VALUES (4336, 'hoot:status', '2', 1);
/* create node 4337*/
INSERT INTO nodes (node_id, latitude, longitude, changeset_id, visible, "timestamp", tile, version) VALUES (4337, 388927690, -770384339, 3, true, (now() at time zone 'utc'), 1704401706, 1);
INSERT INTO current_nodes (id, latitude, longitude, changeset_id, visible, "timestamp", tile, version) VALUES (4337, 388927690, -770384339, 3, true, (now() at time zone 'utc'), 1704401706, 1);
INSERT INTO current_node_tags (node_id, k, v) VALUES (4337, 'hoot:id', '4337');
INSERT INTO node_tags (node_id, k, v, version) VALUES (4337, 'hoot:id', '4337', 1);
INSERT INTO current_node_tags (node_id, k, v) VALUES (4337, 'hoot:status', '2');
INSERT INTO node_tags (node_id, k, v, version) VALUES (4337, 'hoot:status', '2', 1);
/* create node 4338*/
INSERT INTO nodes (node_id, latitude, longitude, changeset_id, visible, "timestamp", tile, version) VALUES (4338, 388928370, -770383959, 3, true, (now() at time zone 'utc'), 1704401706, 1);
INSERT INTO current_nodes (id, latitude, longitude, changeset_id, visible, "timestamp", tile, version) VALUES (4338, 388928370, -770383959, 3, true, (now() at time zone 'utc'), 1704401706, 1);
INSERT INTO current_node_tags (node_id, k, v) VALUES (4338, 'hoot:id', '4338');
INSERT INTO node_tags (node_id, k, v, version) VALUES (4338, 'hoot:id', '4338', 1);
INSERT INTO current_node_tags (node_id, k, v) VALUES (4338, 'hoot:status', '2');
INSERT INTO node_tags (node_id, k, v, version) VALUES (4338, 'hoot:status', '2', 1);
/* create node 4339*/
INSERT INTO nodes (node_id, latitude, longitude, changeset_id, visible, "timestamp", tile, version) VALUES (4339, 388929020, -770383689, 3, true, (now() at time zone 'utc'), 1704401706, 1);
INSERT INTO current_nodes (id, latitude, longitude, changeset_id, visible, "timestamp", tile, version) VALUES (4339, 388929020, -770383689, 3, true, (now() at time zone 'utc'), 1704401706, 1);
INSERT INTO current_node_tags (node_id, k, v) VALUES (4339, 'hoot:id', '4339');
INSERT INTO node_tags (node_id, k, v, version) VALUES (4339, 'hoot:id', '4339', 1);
INSERT INTO current_node_tags (node_id, k, v) VALUES (4339, 'hoot:status', '2');
INSERT INTO node_tags (node_id, k, v, version) VALUES (4339, 'hoot:status', '2', 1);
/* create node 4340*/
INSERT INTO nodes (node_id, latitude, longitude, changeset_id, visible, "timestamp", tile, version) VALUES (4340, 388930140, -770383289, 3, true, (now() at time zone 'utc'), 1704401706, 1);
INSERT INTO current_nodes (id, latitude, longitude, changeset_id, visible, "timestamp", tile, version) VALUES (4340, 388930140, -770383289, 3, true, (now() at time zone 'utc'), 1704401706, 1);
INSERT INTO current_node_tags (node_id, k, v) VALUES (4340, 'hoot:id', '4340');
INSERT INTO node_tags (node_id, k, v, version) VALUES (4340, 'hoot:id', '4340', 1);
INSERT INTO current_node_tags (node_id, k, v) VALUES (4340, 'hoot:status', '2');
INSERT INTO node_tags (node_id, k, v, version) VALUES (4340, 'hoot:status', '2', 1);
/* create node 4341*/
INSERT INTO nodes (node_id, latitude, longitude, changeset_id, visible, "timestamp", tile, version) VALUES (4341, 388931330, -770382849, 3, true, (now() at time zone 'utc'), 1704401706, 1);
INSERT INTO current_nodes (id, latitude, longitude, changeset_id, visible, "timestamp", tile, version) VALUES (4341, 388931330, -770382849, 3, true, (now() at time zone 'utc'), 1704401706, 1);
INSERT INTO current_node_tags (node_id, k, v) VALUES (4341, 'hoot:id', '4341');
INSERT INTO node_tags (node_id, k, v, version) VALUES (4341, 'hoot:id', '4341', 1);
INSERT INTO current_node_tags (node_id, k, v) VALUES (4341, 'hoot:status', '2');
INSERT INTO node_tags (node_id, k, v, version) VALUES (4341, 'hoot:status', '2', 1);
/* create node 4342*/
INSERT INTO nodes (node_id, latitude, longitude, changeset_id, visible, "timestamp", tile, version) VALUES (4342, 388931960, -770382519, 3, true, (now() at time zone 'utc'), 1704401706, 1);
INSERT INTO current_nodes (id, latitude, longitude, changeset_id, visible, "timestamp", tile, version) VALUES (4342, 388931960, -770382519, 3, true, (now() at time zone 'utc'), 1704401706, 1);
INSERT INTO current_node_tags (node_id, k, v) VALUES (4342, 'hoot:id', '4342');
INSERT INTO node_tags (node_id, k, v, version) VALUES (4342, 'hoot:id', '4342', 1);
INSERT INTO current_node_tags (node_id, k, v) VALUES (4342, 'hoot:status', '2');
INSERT INTO node_tags (node_id, k, v, version) VALUES (4342, 'hoot:status', '2', 1);
/* create node 4372*/
INSERT INTO nodes (node_id, latitude, longitude, changeset_id, visible, "timestamp", tile, version) VALUES (4372, 388954130, -770338939, 3, true, (now() at time zone 'utc'), 1704401793, 1);
INSERT INTO current_nodes (id, latitude, longitude, changeset_id, visible, "timestamp", tile, version) VALUES (4372, 388954130, -770338939, 3, true, (now() at time zone 'utc'), 1704401793, 1);
INSERT INTO current_node_tags (node_id, k, v) VALUES (4372, 'hoot:id', '4372');
INSERT INTO node_tags (node_id, k, v, version) VALUES (4372, 'hoot:id', '4372', 1);
INSERT INTO current_node_tags (node_id, k, v) VALUES (4372, 'hoot:status', '2');
INSERT INTO node_tags (node_id, k, v, version) VALUES (4372, 'hoot:status', '2', 1);
/* create node 4373*/
INSERT INTO nodes (node_id, latitude, longitude, changeset_id, visible, "timestamp", tile, version) VALUES (4373, 388953470, -770339679, 3, true, (now() at time zone 'utc'), 1704401793, 1);
INSERT INTO current_nodes (id, latitude, longitude, changeset_id, visible, "timestamp", tile, version) VALUES (4373, 388953470, -770339679, 3, true, (now() at time zone 'utc'), 1704401793, 1);
INSERT INTO current_node_tags (node_id, k, v) VALUES (4373, 'hoot:id', '4373');
INSERT INTO node_tags (node_id, k, v, version) VALUES (4373, 'hoot:id', '4373', 1);
INSERT INTO current_node_tags (node_id, k, v) VALUES (4373, 'hoot:status', '2');
INSERT INTO node_tags (node_id, k, v, version) VALUES (4373, 'hoot:status', '2', 1);
/* create node 4374*/
INSERT INTO nodes (node_id, latitude, longitude, changeset_id, visible, "timestamp", tile, version) VALUES (4374, 388952670, -770340889, 3, true, (now() at time zone 'utc'), 1704401793, 1);
INSERT INTO current_nodes (id, latitude, longitude, changeset_id, visible, "timestamp", tile, version) VALUES (4374, 388952670, -770340889, 3, true, (now() at time zone 'utc'), 1704401793, 1);
INSERT INTO current_node_tags (node_id, k, v) VALUES (4374, 'hoot:id', '4374');
INSERT INTO node_tags (node_id, k, v, version) VALUES (4374, 'hoot:id', '4374', 1);
INSERT INTO current_node_tags (node_id, k, v) VALUES (4374, 'hoot:status', '2');
INSERT INTO node_tags (node_id, k, v, version) VALUES (4374, 'hoot:status', '2', 1);
/* create node 4375*/
INSERT INTO nodes (node_id, latitude, longitude, changeset_id, visible, "timestamp", tile, version) VALUES (4375, 388952110, -770341679, 3, true, (now() at time zone 'utc'), 1704401793, 1);
INSERT INTO current_nodes (id, latitude, longitude, changeset_id, visible, "timestamp", tile, version) VALUES (4375, 388952110, -770341679, 3, true, (now() at time zone 'utc'), 1704401793, 1);
INSERT INTO current_node_tags (node_id, k, v) VALUES (4375, 'hoot:id', '4375');
INSERT INTO node_tags (node_id, k, v, version) VALUES (4375, 'hoot:id', '4375', 1);
INSERT INTO current_node_tags (node_id, k, v) VALUES (4375, 'hoot:status', '2');
INSERT INTO node_tags (node_id, k, v, version) VALUES (4375, 'hoot:status', '2', 1);
/* create node 4376*/
INSERT INTO nodes (node_id, latitude, longitude, changeset_id, visible, "timestamp", tile, version) VALUES (4376, 388951590, -770342339, 3, true, (now() at time zone 'utc'), 1704401793, 1);
INSERT INTO current_nodes (id, latitude, longitude, changeset_id, visible, "timestamp", tile, version) VALUES (4376, 388951590, -770342339, 3, true, (now() at time zone 'utc'), 1704401793, 1);
INSERT INTO current_node_tags (node_id, k, v) VALUES (4376, 'hoot:id', '4376');
INSERT INTO node_tags (node_id, k, v, version) VALUES (4376, 'hoot:id', '4376', 1);
INSERT INTO current_node_tags (node_id, k, v) VALUES (4376, 'hoot:status', '2');
INSERT INTO node_tags (node_id, k, v, version) VALUES (4376, 'hoot:status', '2', 1);
/* create node 4377*/
INSERT INTO nodes (node_id, latitude, longitude, changeset_id, visible, "timestamp", tile, version) VALUES (4377, 388951040, -770343009, 3, true, (now() at time zone 'utc'), 1704401793, 1);
INSERT INTO current_nodes (id, latitude, longitude, changeset_id, visible, "timestamp", tile, version) VALUES (4377, 388951040, -770343009, 3, true, (now() at time zone 'utc'), 1704401793, 1);
INSERT INTO current_node_tags (node_id, k, v) VALUES (4377, 'hoot:id', '4377');
INSERT INTO node_tags (node_id, k, v, version) VALUES (4377, 'hoot:id', '4377', 1);
INSERT INTO current_node_tags (node_id, k, v) VALUES (4377, 'hoot:status', '2');
INSERT INTO node_tags (node_id, k, v, version) VALUES (4377, 'hoot:status', '2', 1);
/* create node 4378*/
INSERT INTO nodes (node_id, latitude, longitude, changeset_id, visible, "timestamp", tile, version) VALUES (4378, 388950460, -770343639, 3, true, (now() at time zone 'utc'), 1704401793, 1);
INSERT INTO current_nodes (id, latitude, longitude, changeset_id, visible, "timestamp", tile, version) VALUES (4378, 388950460, -770343639, 3, true, (now() at time zone 'utc'), 1704401793, 1);
INSERT INTO current_node_tags (node_id, k, v) VALUES (4378, 'hoot:id', '4378');
INSERT INTO node_tags (node_id, k, v, version) VALUES (4378, 'hoot:id', '4378', 1);
INSERT INTO current_node_tags (node_id, k, v) VALUES (4378, 'hoot:status', '2');
INSERT INTO node_tags (node_id, k, v, version) VALUES (4378, 'hoot:status', '2', 1);
/* create node 4379*/
INSERT INTO nodes (node_id, latitude, longitude, changeset_id, visible, "timestamp", tile, version) VALUES (4379, 388950020, -770344029, 3, true, (now() at time zone 'utc'), 1704401793, 1);
INSERT INTO current_nodes (id, latitude, longitude, changeset_id, visible, "timestamp", tile, version) VALUES (4379, 388950020, -770344029, 3, true, (now() at time zone 'utc'), 1704401793, 1);
INSERT INTO current_node_tags (node_id, k, v) VALUES (4379, 'hoot:id', '4379');
INSERT INTO node_tags (node_id, k, v, version) VALUES (4379, 'hoot:id', '4379', 1);
INSERT INTO current_node_tags (node_id, k, v) VALUES (4379, 'hoot:status', '2');
INSERT INTO node_tags (node_id, k, v, version) VALUES (4379, 'hoot:status', '2', 1);
/* create node 4380*/
INSERT INTO nodes (node_id, latitude, longitude, changeset_id, visible, "timestamp", tile, version) VALUES (4380, 388949380, -770344549, 3, true, (now() at time zone 'utc'), 1704401792, 1);
INSERT INTO current_nodes (id, latitude, longitude, changeset_id, visible, "timestamp", tile, version) VALUES (4380, 388949380, -770344549, 3, true, (now() at time zone 'utc'), 1704401792, 1);
INSERT INTO current_node_tags (node_id, k, v) VALUES (4380, 'hoot:id', '4380');
INSERT INTO node_tags (node_id, k, v, version) VALUES (4380, 'hoot:id', '4380', 1);
INSERT INTO current_node_tags (node_id, k, v) VALUES (4380, 'hoot:status', '2');
INSERT INTO node_tags (node_id, k, v, version) VALUES (4380, 'hoot:status', '2', 1);
/* create node 4381*/
INSERT INTO nodes (node_id, latitude, longitude, changeset_id, visible, "timestamp", tile, version) VALUES (4381, 388948110, -770345249, 3, true, (now() at time zone 'utc'), 1704401792, 1);
INSERT INTO current_nodes (id, latitude, longitude, changeset_id, visible, "timestamp", tile, version) VALUES (4381, 388948110, -770345249, 3, true, (now() at time zone 'utc'), 1704401792, 1);
INSERT INTO current_node_tags (node_id, k, v) VALUES (4381, 'hoot:id', '4381');
INSERT INTO node_tags (node_id, k, v, version) VALUES (4381, 'hoot:id', '4381', 1);
INSERT INTO current_node_tags (node_id, k, v) VALUES (4381, 'hoot:status', '2');
INSERT INTO node_tags (node_id, k, v, version) VALUES (4381, 'hoot:status', '2', 1);
/* create node 4382*/
INSERT INTO nodes (node_id, latitude, longitude, changeset_id, visible, "timestamp", tile, version) VALUES (4382, 388946860, -770345799, 3, true, (now() at time zone 'utc'), 1704401792, 1);
INSERT INTO current_nodes (id, latitude, longitude, changeset_id, visible, "timestamp", tile, version) VALUES (4382, 388946860, -770345799, 3, true, (now() at time zone 'utc'), 1704401792, 1);
INSERT INTO current_node_tags (node_id, k, v) VALUES (4382, 'hoot:id', '4382');
INSERT INTO node_tags (node_id, k, v, version) VALUES (4382, 'hoot:id', '4382', 1);
INSERT INTO current_node_tags (node_id, k, v) VALUES (4382, 'hoot:status', '2');
INSERT INTO node_tags (node_id, k, v, version) VALUES (4382, 'hoot:status', '2', 1);
/* create node 4383*/
INSERT INTO nodes (node_id, latitude, longitude, changeset_id, visible, "timestamp", tile, version) VALUES (4383, 388945220, -770346549, 3, true, (now() at time zone 'utc'), 1704401792, 1);
INSERT INTO current_nodes (id, latitude, longitude, changeset_id, visible, "timestamp", tile, version) VALUES (4383, 388945220, -770346549, 3, true, (now() at time zone 'utc'), 1704401792, 1);
INSERT INTO current_node_tags (node_id, k, v) VALUES (4383, 'hoot:id', '4383');
INSERT INTO node_tags (node_id, k, v, version) VALUES (4383, 'hoot:id', '4383', 1);
INSERT INTO current_node_tags (node_id, k, v) VALUES (4383, 'hoot:status', '2');
INSERT INTO node_tags (node_id, k, v, version) VALUES (4383, 'hoot:status', '2', 1);
/* create node 4386*/
INSERT INTO nodes (node_id, latitude, longitude, changeset_id, visible, "timestamp", tile, version) VALUES (4386, 388955950, -770376549, 3, true, (now() at time zone 'utc'), 1704401707, 1);
INSERT INTO current_nodes (id, latitude, longitude, changeset_id, visible, "timestamp", tile, version) VALUES (4386, 388955950, -770376549, 3, true, (now() at time zone 'utc'), 1704401707, 1);
INSERT INTO current_node_tags (node_id, k, v) VALUES (4386, 'hoot:id', '4386');
INSERT INTO node_tags (node_id, k, v, version) VALUES (4386, 'hoot:id', '4386', 1);
INSERT INTO current_node_tags (node_id, k, v) VALUES (4386, 'hoot:status', '2');
INSERT INTO node_tags (node_id, k, v, version) VALUES (4386, 'hoot:status', '2', 1);
/* create node 4387*/
INSERT INTO nodes (node_id, latitude, longitude, changeset_id, visible, "timestamp", tile, version) VALUES (4387, 388955500, -770376419, 3, true, (now() at time zone 'utc'), 1704401707, 1);
INSERT INTO current_nodes (id, latitude, longitude, changeset_id, visible, "timestamp", tile, version) VALUES (4387, 388955500, -770376419, 3, true, (now() at time zone 'utc'), 1704401707, 1);
INSERT INTO current_node_tags (node_id, k, v) VALUES (4387, 'hoot:id', '4387');
INSERT INTO node_tags (node_id, k, v, version) VALUES (4387, 'hoot:id', '4387', 1);
INSERT INTO current_node_tags (node_id, k, v) VALUES (4387, 'hoot:status', '2');
INSERT INTO node_tags (node_id, k, v, version) VALUES (4387, 'hoot:status', '2', 1);
/* create node 4388*/
INSERT INTO nodes (node_id, latitude, longitude, changeset_id, visible, "timestamp", tile, version) VALUES (4388, 388955200, -770376379, 3, true, (now() at time zone 'utc'), 1704401707, 1);
INSERT INTO current_nodes (id, latitude, longitude, changeset_id, visible, "timestamp", tile, version) VALUES (4388, 388955200, -770376379, 3, true, (now() at time zone 'utc'), 1704401707, 1);
INSERT INTO current_node_tags (node_id, k, v) VALUES (4388, 'hoot:id', '4388');
INSERT INTO node_tags (node_id, k, v, version) VALUES (4388, 'hoot:id', '4388', 1);
INSERT INTO current_node_tags (node_id, k, v) VALUES (4388, 'hoot:status', '2');
INSERT INTO node_tags (node_id, k, v, version) VALUES (4388, 'hoot:status', '2', 1);
/* create node 4389*/
INSERT INTO nodes (node_id, latitude, longitude, changeset_id, visible, "timestamp", tile, version) VALUES (4389, 388954950, -770376389, 3, true, (now() at time zone 'utc'), 1704401707, 1);
INSERT INTO current_nodes (id, latitude, longitude, changeset_id, visible, "timestamp", tile, version) VALUES (4389, 388954950, -770376389, 3, true, (now() at time zone 'utc'), 1704401707, 1);
INSERT INTO current_node_tags (node_id, k, v) VALUES (4389, 'hoot:id', '4389');
INSERT INTO node_tags (node_id, k, v, version) VALUES (4389, 'hoot:id', '4389', 1);
INSERT INTO current_node_tags (node_id, k, v) VALUES (4389, 'hoot:status', '2');
INSERT INTO node_tags (node_id, k, v, version) VALUES (4389, 'hoot:status', '2', 1);
/* create node 4390*/
INSERT INTO nodes (node_id, latitude, longitude, changeset_id, visible, "timestamp", tile, version) VALUES (4390, 388954580, -770376569, 3, true, (now() at time zone 'utc'), 1704401707, 1);
INSERT INTO current_nodes (id, latitude, longitude, changeset_id, visible, "timestamp", tile, version) VALUES (4390, 388954580, -770376569, 3, true, (now() at time zone 'utc'), 1704401707, 1);
INSERT INTO current_node_tags (node_id, k, v) VALUES (4390, 'hoot:id', '4390');
INSERT INTO node_tags (node_id, k, v, version) VALUES (4390, 'hoot:id', '4390', 1);
INSERT INTO current_node_tags (node_id, k, v) VALUES (4390, 'hoot:status', '2');
INSERT INTO node_tags (node_id, k, v, version) VALUES (4390, 'hoot:status', '2', 1);
/* create node 4509*/
INSERT INTO nodes (node_id, latitude, longitude, changeset_id, visible, "timestamp", tile, version) VALUES (4509, 388921430, -770339749, 3, true, (now() at time zone 'utc'), 1704401621, 1);
INSERT INTO current_nodes (id, latitude, longitude, changeset_id, visible, "timestamp", tile, version) VALUES (4509, 388921430, -770339749, 3, true, (now() at time zone 'utc'), 1704401621, 1);
INSERT INTO current_node_tags (node_id, k, v) VALUES (4509, 'hoot:id', '4509');
INSERT INTO node_tags (node_id, k, v, version) VALUES (4509, 'hoot:id', '4509', 1);
INSERT INTO current_node_tags (node_id, k, v) VALUES (4509, 'hoot:status', '2');
INSERT INTO node_tags (node_id, k, v, version) VALUES (4509, 'hoot:status', '2', 1);
/* create node 4510*/
INSERT INTO nodes (node_id, latitude, longitude, changeset_id, visible, "timestamp", tile, version) VALUES (4510, 388923170, -770341889, 3, true, (now() at time zone 'utc'), 1704401792, 1);
INSERT INTO current_nodes (id, latitude, longitude, changeset_id, visible, "timestamp", tile, version) VALUES (4510, 388923170, -770341889, 3, true, (now() at time zone 'utc'), 1704401792, 1);
INSERT INTO current_node_tags (node_id, k, v) VALUES (4510, 'hoot:id', '4510');
INSERT INTO node_tags (node_id, k, v, version) VALUES (4510, 'hoot:id', '4510', 1);
INSERT INTO current_node_tags (node_id, k, v) VALUES (4510, 'hoot:status', '2');
INSERT INTO node_tags (node_id, k, v, version) VALUES (4510, 'hoot:status', '2', 1);
/* create node 4511*/
INSERT INTO nodes (node_id, latitude, longitude, changeset_id, visible, "timestamp", tile, version) VALUES (4511, 388924220, -770343379, 3, true, (now() at time zone 'utc'), 1704401792, 1);
INSERT INTO current_nodes (id, latitude, longitude, changeset_id, visible, "timestamp", tile, version) VALUES (4511, 388924220, -770343379, 3, true, (now() at time zone 'utc'), 1704401792, 1);
INSERT INTO current_node_tags (node_id, k, v) VALUES (4511, 'hoot:id', '4511');
INSERT INTO node_tags (node_id, k, v, version) VALUES (4511, 'hoot:id', '4511', 1);
INSERT INTO current_node_tags (node_id, k, v) VALUES (4511, 'hoot:status', '2');
INSERT INTO node_tags (node_id, k, v, version) VALUES (4511, 'hoot:status', '2', 1);
/* create node 4512*/
INSERT INTO nodes (node_id, latitude, longitude, changeset_id, visible, "timestamp", tile, version) VALUES (4512, 388924990, -770344269, 3, true, (now() at time zone 'utc'), 1704401792, 1);
INSERT INTO current_nodes (id, latitude, longitude, changeset_id, visible, "timestamp", tile, version) VALUES (4512, 388924990, -770344269, 3, true, (now() at time zone 'utc'), 1704401792, 1);
INSERT INTO current_node_tags (node_id, k, v) VALUES (4512, 'hoot:id', '4512');
INSERT INTO node_tags (node_id, k, v, version) VALUES (4512, 'hoot:id', '4512', 1);
INSERT INTO current_node_tags (node_id, k, v) VALUES (4512, 'hoot:status', '2');
INSERT INTO node_tags (node_id, k, v, version) VALUES (4512, 'hoot:status', '2', 1);
/* create node 4513*/
INSERT INTO nodes (node_id, latitude, longitude, changeset_id, visible, "timestamp", tile, version) VALUES (4513, 388925740, -770344989, 3, true, (now() at time zone 'utc'), 1704401792, 1);
INSERT INTO current_nodes (id, latitude, longitude, changeset_id, visible, "timestamp", tile, version) VALUES (4513, 388925740, -770344989, 3, true, (now() at time zone 'utc'), 1704401792, 1);
INSERT INTO current_node_tags (node_id, k, v) VALUES (4513, 'hoot:id', '4513');
INSERT INTO node_tags (node_id, k, v, version) VALUES (4513, 'hoot:id', '4513', 1);
INSERT INTO current_node_tags (node_id, k, v) VALUES (4513, 'hoot:status', '2');
INSERT INTO node_tags (node_id, k, v, version) VALUES (4513, 'hoot:status', '2', 1);
/* create node 4514*/
INSERT INTO nodes (node_id, latitude, longitude, changeset_id, visible, "timestamp", tile, version) VALUES (4514, 388926440, -770345509, 3, true, (now() at time zone 'utc'), 1704401792, 1);
INSERT INTO current_nodes (id, latitude, longitude, changeset_id, visible, "timestamp", tile, version) VALUES (4514, 388926440, -770345509, 3, true, (now() at time zone 'utc'), 1704401792, 1);
INSERT INTO current_node_tags (node_id, k, v) VALUES (4514, 'hoot:id', '4514');
INSERT INTO node_tags (node_id, k, v, version) VALUES (4514, 'hoot:id', '4514', 1);
INSERT INTO current_node_tags (node_id, k, v) VALUES (4514, 'hoot:status', '2');
INSERT INTO node_tags (node_id, k, v, version) VALUES (4514, 'hoot:status', '2', 1);
/* create node 4515*/
INSERT INTO nodes (node_id, latitude, longitude, changeset_id, visible, "timestamp", tile, version) VALUES (4515, 388927690, -770346329, 3, true, (now() at time zone 'utc'), 1704401792, 1);
INSERT INTO current_nodes (id, latitude, longitude, changeset_id, visible, "timestamp", tile, version) VALUES (4515, 388927690, -770346329, 3, true, (now() at time zone 'utc'), 1704401792, 1);
INSERT INTO current_node_tags (node_id, k, v) VALUES (4515, 'hoot:id', '4515');
INSERT INTO node_tags (node_id, k, v, version) VALUES (4515, 'hoot:id', '4515', 1);
INSERT INTO current_node_tags (node_id, k, v) VALUES (4515, 'hoot:status', '2');
INSERT INTO node_tags (node_id, k, v, version) VALUES (4515, 'hoot:status', '2', 1);
/* create node 4516*/
INSERT INTO nodes (node_id, latitude, longitude, changeset_id, visible, "timestamp", tile, version) VALUES (4516, 388928170, -770346629, 3, true, (now() at time zone 'utc'), 1704401792, 1);
INSERT INTO current_nodes (id, latitude, longitude, changeset_id, visible, "timestamp", tile, version) VALUES (4516, 388928170, -770346629, 3, true, (now() at time zone 'utc'), 1704401792, 1);
INSERT INTO current_node_tags (node_id, k, v) VALUES (4516, 'hoot:id', '4516');
INSERT INTO node_tags (node_id, k, v, version) VALUES (4516, 'hoot:id', '4516', 1);
INSERT INTO current_node_tags (node_id, k, v) VALUES (4516, 'hoot:status', '2');
INSERT INTO node_tags (node_id, k, v, version) VALUES (4516, 'hoot:status', '2', 1);
/* create node 4517*/
INSERT INTO nodes (node_id, latitude, longitude, changeset_id, visible, "timestamp", tile, version) VALUES (4517, 388929390, -770347109, 3, true, (now() at time zone 'utc'), 1704401792, 1);
INSERT INTO current_nodes (id, latitude, longitude, changeset_id, visible, "timestamp", tile, version) VALUES (4517, 388929390, -770347109, 3, true, (now() at time zone 'utc'), 1704401792, 1);
INSERT INTO current_node_tags (node_id, k, v) VALUES (4517, 'hoot:id', '4517');
INSERT INTO node_tags (node_id, k, v, version) VALUES (4517, 'hoot:id', '4517', 1);
INSERT INTO current_node_tags (node_id, k, v) VALUES (4517, 'hoot:status', '2');
INSERT INTO node_tags (node_id, k, v, version) VALUES (4517, 'hoot:status', '2', 1);
/* create node 4550*/
INSERT INTO nodes (node_id, latitude, longitude, changeset_id, visible, "timestamp", tile, version) VALUES (4550, 388964030, -770336489, 3, true, (now() at time zone 'utc'), 1704401793, 1);
INSERT INTO current_nodes (id, latitude, longitude, changeset_id, visible, "timestamp", tile, version) VALUES (4550, 388964030, -770336489, 3, true, (now() at time zone 'utc'), 1704401793, 1);
INSERT INTO current_node_tags (node_id, k, v) VALUES (4550, 'hoot:id', '4550');
INSERT INTO node_tags (node_id, k, v, version) VALUES (4550, 'hoot:id', '4550', 1);
INSERT INTO current_node_tags (node_id, k, v) VALUES (4550, 'hoot:status', '2');
INSERT INTO node_tags (node_id, k, v, version) VALUES (4550, 'hoot:status', '2', 1);
/* create node 4551*/
INSERT INTO nodes (node_id, latitude, longitude, changeset_id, visible, "timestamp", tile, version) VALUES (4551, 388973450, -770336449, 3, true, (now() at time zone 'utc'), 1704401793, 1);
INSERT INTO current_nodes (id, latitude, longitude, changeset_id, visible, "timestamp", tile, version) VALUES (4551, 388973450, -770336449, 3, true, (now() at time zone 'utc'), 1704401793, 1);
INSERT INTO current_node_tags (node_id, k, v) VALUES (4551, 'hoot:id', '4551');
INSERT INTO node_tags (node_id, k, v, version) VALUES (4551, 'hoot:id', '4551', 1);
INSERT INTO current_node_tags (node_id, k, v) VALUES (4551, 'hoot:status', '2');
INSERT INTO node_tags (node_id, k, v, version) VALUES (4551, 'hoot:status', '2', 1);
/* create node 4552*/
INSERT INTO nodes (node_id, latitude, longitude, changeset_id, visible, "timestamp", tile, version) VALUES (4552, 388983140, -770336439, 3, true, (now() at time zone 'utc'), 1704401796, 1);
INSERT INTO current_nodes (id, latitude, longitude, changeset_id, visible, "timestamp", tile, version) VALUES (4552, 388983140, -770336439, 3, true, (now() at time zone 'utc'), 1704401796, 1);
INSERT INTO current_node_tags (node_id, k, v) VALUES (4552, 'hoot:id', '4552');
INSERT INTO node_tags (node_id, k, v, version) VALUES (4552, 'hoot:id', '4552', 1);
INSERT INTO current_node_tags (node_id, k, v) VALUES (4552, 'hoot:status', '2');
INSERT INTO node_tags (node_id, k, v, version) VALUES (4552, 'hoot:status', '2', 1);
/* create node 4553*/
INSERT INTO nodes (node_id, latitude, longitude, changeset_id, visible, "timestamp", tile, version) VALUES (4553, 388984330, -770336429, 3, true, (now() at time zone 'utc'), 1704401796, 1);
INSERT INTO current_nodes (id, latitude, longitude, changeset_id, visible, "timestamp", tile, version) VALUES (4553, 388984330, -770336429, 3, true, (now() at time zone 'utc'), 1704401796, 1);
INSERT INTO current_node_tags (node_id, k, v) VALUES (4553, 'hoot:id', '4553');
INSERT INTO node_tags (node_id, k, v, version) VALUES (4553, 'hoot:id', '4553', 1);
INSERT INTO current_node_tags (node_id, k, v) VALUES (4553, 'hoot:status', '2');
INSERT INTO node_tags (node_id, k, v, version) VALUES (4553, 'hoot:status', '2', 1);
/* create node 4554*/
INSERT INTO nodes (node_id, latitude, longitude, changeset_id, visible, "timestamp", tile, version) VALUES (4554, 388986190, -770336429, 3, true, (now() at time zone 'utc'), 1704401796, 1);
INSERT INTO current_nodes (id, latitude, longitude, changeset_id, visible, "timestamp", tile, version) VALUES (4554, 388986190, -770336429, 3, true, (now() at time zone 'utc'), 1704401796, 1);
INSERT INTO current_node_tags (node_id, k, v) VALUES (4554, 'hoot:id', '4554');
INSERT INTO node_tags (node_id, k, v, version) VALUES (4554, 'hoot:id', '4554', 1);
INSERT INTO current_node_tags (node_id, k, v) VALUES (4554, 'hoot:status', '2');
INSERT INTO node_tags (node_id, k, v, version) VALUES (4554, 'hoot:status', '2', 1);
/* create node 4555*/
INSERT INTO nodes (node_id, latitude, longitude, changeset_id, visible, "timestamp", tile, version) VALUES (4555, 388987820, -770336419, 3, true, (now() at time zone 'utc'), 1704401796, 1);
INSERT INTO current_nodes (id, latitude, longitude, changeset_id, visible, "timestamp", tile, version) VALUES (4555, 388987820, -770336419, 3, true, (now() at time zone 'utc'), 1704401796, 1);
INSERT INTO current_node_tags (node_id, k, v) VALUES (4555, 'hoot:id', '4555');
INSERT INTO node_tags (node_id, k, v, version) VALUES (4555, 'hoot:id', '4555', 1);
INSERT INTO current_node_tags (node_id, k, v) VALUES (4555, 'hoot:status', '2');
INSERT INTO node_tags (node_id, k, v, version) VALUES (4555, 'hoot:status', '2', 1);
/* create node 4556*/
INSERT INTO nodes (node_id, latitude, longitude, changeset_id, visible, "timestamp", tile, version) VALUES (4556, 388989840, -770336399, 3, true, (now() at time zone 'utc'), 1704401796, 1);
INSERT INTO current_nodes (id, latitude, longitude, changeset_id, visible, "timestamp", tile, version) VALUES (4556, 388989840, -770336399, 3, true, (now() at time zone 'utc'), 1704401796, 1);
INSERT INTO current_node_tags (node_id, k, v) VALUES (4556, 'hoot:id', '4556');
INSERT INTO node_tags (node_id, k, v, version) VALUES (4556, 'hoot:id', '4556', 1);
INSERT INTO current_node_tags (node_id, k, v) VALUES (4556, 'hoot:status', '2');
INSERT INTO node_tags (node_id, k, v, version) VALUES (4556, 'hoot:status', '2', 1);
/* create node 4557*/
INSERT INTO nodes (node_id, latitude, longitude, changeset_id, visible, "timestamp", tile, version) VALUES (4557, 388994430, -770336389, 3, true, (now() at time zone 'utc'), 1704401796, 1);
INSERT INTO current_nodes (id, latitude, longitude, changeset_id, visible, "timestamp", tile, version) VALUES (4557, 388994430, -770336389, 3, true, (now() at time zone 'utc'), 1704401796, 1);
INSERT INTO current_node_tags (node_id, k, v) VALUES (4557, 'hoot:id', '4557');
INSERT INTO node_tags (node_id, k, v, version) VALUES (4557, 'hoot:id', '4557', 1);
INSERT INTO current_node_tags (node_id, k, v) VALUES (4557, 'hoot:status', '2');
INSERT INTO node_tags (node_id, k, v, version) VALUES (4557, 'hoot:status', '2', 1);
/* create node 4558*/
INSERT INTO nodes (node_id, latitude, longitude, changeset_id, visible, "timestamp", tile, version) VALUES (4558, 389000810, -770336409, 3, true, (now() at time zone 'utc'), 1704401796, 1);
INSERT INTO current_nodes (id, latitude, longitude, changeset_id, visible, "timestamp", tile, version) VALUES (4558, 389000810, -770336409, 3, true, (now() at time zone 'utc'), 1704401796, 1);
INSERT INTO current_node_tags (node_id, k, v) VALUES (4558, 'hoot:id', '4558');
INSERT INTO node_tags (node_id, k, v, version) VALUES (4558, 'hoot:id', '4558', 1);
INSERT INTO current_node_tags (node_id, k, v) VALUES (4558, 'hoot:status', '2');
INSERT INTO node_tags (node_id, k, v, version) VALUES (4558, 'hoot:status', '2', 1);
/* create node 4559*/
INSERT INTO nodes (node_id, latitude, longitude, changeset_id, visible, "timestamp", tile, version) VALUES (4559, 389002060, -770336419, 3, true, (now() at time zone 'utc'), 1704401796, 1);
INSERT INTO current_nodes (id, latitude, longitude, changeset_id, visible, "timestamp", tile, version) VALUES (4559, 389002060, -770336419, 3, true, (now() at time zone 'utc'), 1704401796, 1);
INSERT INTO current_node_tags (node_id, k, v) VALUES (4559, 'hoot:id', '4559');
INSERT INTO node_tags (node_id, k, v, version) VALUES (4559, 'hoot:id', '4559', 1);
INSERT INTO current_node_tags (node_id, k, v) VALUES (4559, 'hoot:status', '2');
INSERT INTO node_tags (node_id, k, v, version) VALUES (4559, 'hoot:status', '2', 1);
/* create node 4560*/
INSERT INTO nodes (node_id, latitude, longitude, changeset_id, visible, "timestamp", tile, version) VALUES (4560, 389007820, -770336429, 3, true, (now() at time zone 'utc'), 1704401797, 1);
INSERT INTO current_nodes (id, latitude, longitude, changeset_id, visible, "timestamp", tile, version) VALUES (4560, 389007820, -770336429, 3, true, (now() at time zone 'utc'), 1704401797, 1);
INSERT INTO current_node_tags (node_id, k, v) VALUES (4560, 'hoot:id', '4560');
INSERT INTO node_tags (node_id, k, v, version) VALUES (4560, 'hoot:id', '4560', 1);
INSERT INTO current_node_tags (node_id, k, v) VALUES (4560, 'hoot:status', '2');
INSERT INTO node_tags (node_id, k, v, version) VALUES (4560, 'hoot:status', '2', 1);
/* create node 4561*/
INSERT INTO nodes (node_id, latitude, longitude, changeset_id, visible, "timestamp", tile, version) VALUES (4561, 389008480, -770336439, 3, true, (now() at time zone 'utc'), 1704401797, 1);
INSERT INTO current_nodes (id, latitude, longitude, changeset_id, visible, "timestamp", tile, version) VALUES (4561, 389008480, -770336439, 3, true, (now() at time zone 'utc'), 1704401797, 1);
INSERT INTO current_node_tags (node_id, k, v) VALUES (4561, 'hoot:id', '4561');
INSERT INTO node_tags (node_id, k, v, version) VALUES (4561, 'hoot:id', '4561', 1);
INSERT INTO current_node_tags (node_id, k, v) VALUES (4561, 'hoot:status', '2');
INSERT INTO node_tags (node_id, k, v, version) VALUES (4561, 'hoot:status', '2', 1);
/* create node 4562*/
INSERT INTO nodes (node_id, latitude, longitude, changeset_id, visible, "timestamp", tile, version) VALUES (4562, 389013330, -770336389, 3, true, (now() at time zone 'utc'), 1704401797, 1);
INSERT INTO current_nodes (id, latitude, longitude, changeset_id, visible, "timestamp", tile, version) VALUES (4562, 389013330, -770336389, 3, true, (now() at time zone 'utc'), 1704401797, 1);
INSERT INTO current_node_tags (node_id, k, v) VALUES (4562, 'hoot:id', '4562');
INSERT INTO node_tags (node_id, k, v, version) VALUES (4562, 'hoot:id', '4562', 1);
INSERT INTO current_node_tags (node_id, k, v) VALUES (4562, 'hoot:status', '2');
INSERT INTO node_tags (node_id, k, v, version) VALUES (4562, 'hoot:status', '2', 1);
/* create node 4563*/
INSERT INTO nodes (node_id, latitude, longitude, changeset_id, visible, "timestamp", tile, version) VALUES (4563, 389017170, -770336389, 3, true, (now() at time zone 'utc'), 1704401797, 1);
INSERT INTO current_nodes (id, latitude, longitude, changeset_id, visible, "timestamp", tile, version) VALUES (4563, 389017170, -770336389, 3, true, (now() at time zone 'utc'), 1704401797, 1);
INSERT INTO current_node_tags (node_id, k, v) VALUES (4563, 'hoot:id', '4563');
INSERT INTO node_tags (node_id, k, v, version) VALUES (4563, 'hoot:id', '4563', 1);
INSERT INTO current_node_tags (node_id, k, v) VALUES (4563, 'hoot:status', '2');
INSERT INTO node_tags (node_id, k, v, version) VALUES (4563, 'hoot:status', '2', 1);
/* create node 4564*/
INSERT INTO nodes (node_id, latitude, longitude, changeset_id, visible, "timestamp", tile, version) VALUES (4564, 389019670, -770336379, 3, true, (now() at time zone 'utc'), 1704401797, 1);
INSERT INTO current_nodes (id, latitude, longitude, changeset_id, visible, "timestamp", tile, version) VALUES (4564, 389019670, -770336379, 3, true, (now() at time zone 'utc'), 1704401797, 1);
INSERT INTO current_node_tags (node_id, k, v) VALUES (4564, 'hoot:id', '4564');
INSERT INTO node_tags (node_id, k, v, version) VALUES (4564, 'hoot:id', '4564', 1);
INSERT INTO current_node_tags (node_id, k, v) VALUES (4564, 'hoot:status', '2');
INSERT INTO node_tags (node_id, k, v, version) VALUES (4564, 'hoot:status', '2', 1);
/* create node 4565*/
INSERT INTO nodes (node_id, latitude, longitude, changeset_id, visible, "timestamp", tile, version) VALUES (4565, 389022370, -770336379, 3, true, (now() at time zone 'utc'), 1704401797, 1);
INSERT INTO current_nodes (id, latitude, longitude, changeset_id, visible, "timestamp", tile, version) VALUES (4565, 389022370, -770336379, 3, true, (now() at time zone 'utc'), 1704401797, 1);
INSERT INTO current_node_tags (node_id, k, v) VALUES (4565, 'hoot:id', '4565');
INSERT INTO node_tags (node_id, k, v, version) VALUES (4565, 'hoot:id', '4565', 1);
INSERT INTO current_node_tags (node_id, k, v) VALUES (4565, 'hoot:status', '2');
INSERT INTO node_tags (node_id, k, v, version) VALUES (4565, 'hoot:status', '2', 1);
/* create node 4566*/
INSERT INTO nodes (node_id, latitude, longitude, changeset_id, visible, "timestamp", tile, version) VALUES (4566, 389025180, -770336319, 3, true, (now() at time zone 'utc'), 1704401797, 1);
INSERT INTO current_nodes (id, latitude, longitude, changeset_id, visible, "timestamp", tile, version) VALUES (4566, 389025180, -770336319, 3, true, (now() at time zone 'utc'), 1704401797, 1);
INSERT INTO current_node_tags (node_id, k, v) VALUES (4566, 'hoot:id', '4566');
INSERT INTO node_tags (node_id, k, v, version) VALUES (4566, 'hoot:id', '4566', 1);
INSERT INTO current_node_tags (node_id, k, v) VALUES (4566, 'hoot:status', '2');
INSERT INTO node_tags (node_id, k, v, version) VALUES (4566, 'hoot:status', '2', 1);
/* create node 4591*/
INSERT INTO nodes (node_id, latitude, longitude, changeset_id, visible, "timestamp", tile, version) VALUES (4591, 388920950, -770501589, 3, true, (now() at time zone 'utc'), 1704401527, 1);
INSERT INTO current_nodes (id, latitude, longitude, changeset_id, visible, "timestamp", tile, version) VALUES (4591, 388920950, -770501589, 3, true, (now() at time zone 'utc'), 1704401527, 1);
INSERT INTO current_node_tags (node_id, k, v) VALUES (4591, 'hoot:id', '4591');
INSERT INTO node_tags (node_id, k, v, version) VALUES (4591, 'hoot:id', '4591', 1);
INSERT INTO current_node_tags (node_id, k, v) VALUES (4591, 'hoot:status', '2');
INSERT INTO node_tags (node_id, k, v, version) VALUES (4591, 'hoot:status', '2', 1);
/* create node 4592*/
INSERT INTO nodes (node_id, latitude, longitude, changeset_id, visible, "timestamp", tile, version) VALUES (4592, 388921020, -770493909, 3, true, (now() at time zone 'utc'), 1704401527, 1);
INSERT INTO current_nodes (id, latitude, longitude, changeset_id, visible, "timestamp", tile, version) VALUES (4592, 388921020, -770493909, 3, true, (now() at time zone 'utc'), 1704401527, 1);
INSERT INTO current_node_tags (node_id, k, v) VALUES (4592, 'hoot:id', '4592');
INSERT INTO node_tags (node_id, k, v, version) VALUES (4592, 'hoot:id', '4592', 1);
INSERT INTO current_node_tags (node_id, k, v) VALUES (4592, 'hoot:status', '2');
INSERT INTO node_tags (node_id, k, v, version) VALUES (4592, 'hoot:status', '2', 1);
/* create node 4593*/
INSERT INTO nodes (node_id, latitude, longitude, changeset_id, visible, "timestamp", tile, version) VALUES (4593, 388921020, -770488489, 3, true, (now() at time zone 'utc'), 1704401527, 1);
INSERT INTO current_nodes (id, latitude, longitude, changeset_id, visible, "timestamp", tile, version) VALUES (4593, 388921020, -770488489, 3, true, (now() at time zone 'utc'), 1704401527, 1);
INSERT INTO current_node_tags (node_id, k, v) VALUES (4593, 'hoot:id', '4593');
INSERT INTO node_tags (node_id, k, v, version) VALUES (4593, 'hoot:id', '4593', 1);
INSERT INTO current_node_tags (node_id, k, v) VALUES (4593, 'hoot:status', '2');
INSERT INTO node_tags (node_id, k, v, version) VALUES (4593, 'hoot:status', '2', 1);
/* create node 4594*/
INSERT INTO nodes (node_id, latitude, longitude, changeset_id, visible, "timestamp", tile, version) VALUES (4594, 388921030, -770486959, 3, true, (now() at time zone 'utc'), 1704401527, 1);
INSERT INTO current_nodes (id, latitude, longitude, changeset_id, visible, "timestamp", tile, version) VALUES (4594, 388921030, -770486959, 3, true, (now() at time zone 'utc'), 1704401527, 1);
INSERT INTO current_node_tags (node_id, k, v) VALUES (4594, 'hoot:id', '4594');
INSERT INTO node_tags (node_id, k, v, version) VALUES (4594, 'hoot:id', '4594', 1);
INSERT INTO current_node_tags (node_id, k, v) VALUES (4594, 'hoot:status', '2');
INSERT INTO node_tags (node_id, k, v, version) VALUES (4594, 'hoot:status', '2', 1);
/* create node 4595*/
INSERT INTO nodes (node_id, latitude, longitude, changeset_id, visible, "timestamp", tile, version) VALUES (4595, 388921010, -770479719, 3, true, (now() at time zone 'utc'), 1704401533, 1);
INSERT INTO current_nodes (id, latitude, longitude, changeset_id, visible, "timestamp", tile, version) VALUES (4595, 388921010, -770479719, 3, true, (now() at time zone 'utc'), 1704401533, 1);
INSERT INTO current_node_tags (node_id, k, v) VALUES (4595, 'hoot:id', '4595');
INSERT INTO node_tags (node_id, k, v, version) VALUES (4595, 'hoot:id', '4595', 1);
INSERT INTO current_node_tags (node_id, k, v) VALUES (4595, 'hoot:status', '2');
INSERT INTO node_tags (node_id, k, v, version) VALUES (4595, 'hoot:status', '2', 1);
/* create node 4596*/
INSERT INTO nodes (node_id, latitude, longitude, changeset_id, visible, "timestamp", tile, version) VALUES (4596, 388921010, -770466759, 3, true, (now() at time zone 'utc'), 1704401533, 1);
INSERT INTO current_nodes (id, latitude, longitude, changeset_id, visible, "timestamp", tile, version) VALUES (4596, 388921010, -770466759, 3, true, (now() at time zone 'utc'), 1704401533, 1);
INSERT INTO current_node_tags (node_id, k, v) VALUES (4596, 'hoot:id', '4596');
INSERT INTO node_tags (node_id, k, v, version) VALUES (4596, 'hoot:id', '4596', 1);
INSERT INTO current_node_tags (node_id, k, v) VALUES (4596, 'hoot:status', '2');
INSERT INTO node_tags (node_id, k, v, version) VALUES (4596, 'hoot:status', '2', 1);
/* create node 4597*/
INSERT INTO nodes (node_id, latitude, longitude, changeset_id, visible, "timestamp", tile, version) VALUES (4597, 388921010, -770449379, 3, true, (now() at time zone 'utc'), 1704401533, 1);
INSERT INTO current_nodes (id, latitude, longitude, changeset_id, visible, "timestamp", tile, version) VALUES (4597, 388921010, -770449379, 3, true, (now() at time zone 'utc'), 1704401533, 1);
INSERT INTO current_node_tags (node_id, k, v) VALUES (4597, 'hoot:id', '4597');
INSERT INTO node_tags (node_id, k, v, version) VALUES (4597, 'hoot:id', '4597', 1);
INSERT INTO current_node_tags (node_id, k, v) VALUES (4597, 'hoot:status', '2');
INSERT INTO node_tags (node_id, k, v, version) VALUES (4597, 'hoot:status', '2', 1);
/* create node 4598*/
INSERT INTO nodes (node_id, latitude, longitude, changeset_id, visible, "timestamp", tile, version) VALUES (4598, 388921010, -770434769, 3, true, (now() at time zone 'utc'), 1704401533, 1);
INSERT INTO current_nodes (id, latitude, longitude, changeset_id, visible, "timestamp", tile, version) VALUES (4598, 388921010, -770434769, 3, true, (now() at time zone 'utc'), 1704401533, 1);
INSERT INTO current_node_tags (node_id, k, v) VALUES (4598, 'hoot:id', '4598');
INSERT INTO node_tags (node_id, k, v, version) VALUES (4598, 'hoot:id', '4598', 1);
INSERT INTO current_node_tags (node_id, k, v) VALUES (4598, 'hoot:status', '2');
INSERT INTO node_tags (node_id, k, v, version) VALUES (4598, 'hoot:status', '2', 1);
/* create node 4599*/
INSERT INTO nodes (node_id, latitude, longitude, changeset_id, visible, "timestamp", tile, version) VALUES (4599, 388921000, -770417309, 3, true, (now() at time zone 'utc'), 1704401535, 1);
INSERT INTO current_nodes (id, latitude, longitude, changeset_id, visible, "timestamp", tile, version) VALUES (4599, 388921000, -770417309, 3, true, (now() at time zone 'utc'), 1704401535, 1);
INSERT INTO current_node_tags (node_id, k, v) VALUES (4599, 'hoot:id', '4599');
INSERT INTO node_tags (node_id, k, v, version) VALUES (4599, 'hoot:id', '4599', 1);
INSERT INTO current_node_tags (node_id, k, v) VALUES (4599, 'hoot:status', '2');
INSERT INTO node_tags (node_id, k, v, version) VALUES (4599, 'hoot:status', '2', 1);
/* create node 4600*/
INSERT INTO nodes (node_id, latitude, longitude, changeset_id, visible, "timestamp", tile, version) VALUES (4600, 388921000, -770406759, 3, true, (now() at time zone 'utc'), 1704401535, 1);
INSERT INTO current_nodes (id, latitude, longitude, changeset_id, visible, "timestamp", tile, version) VALUES (4600, 388921000, -770406759, 3, true, (now() at time zone 'utc'), 1704401535, 1);
INSERT INTO current_node_tags (node_id, k, v) VALUES (4600, 'hoot:id', '4600');
INSERT INTO node_tags (node_id, k, v, version) VALUES (4600, 'hoot:id', '4600', 1);
INSERT INTO current_node_tags (node_id, k, v) VALUES (4600, 'hoot:status', '2');
INSERT INTO node_tags (node_id, k, v, version) VALUES (4600, 'hoot:status', '2', 1);
/* create node 4616*/
INSERT INTO nodes (node_id, latitude, longitude, changeset_id, visible, "timestamp", tile, version) VALUES (4616, 388985710, -770350659, 3, true, (now() at time zone 'utc'), 1704401796, 1);
INSERT INTO current_nodes (id, latitude, longitude, changeset_id, visible, "timestamp", tile, version) VALUES (4616, 388985710, -770350659, 3, true, (now() at time zone 'utc'), 1704401796, 1);
INSERT INTO current_node_tags (node_id, k, v) VALUES (4616, 'hoot:id', '4616');
INSERT INTO node_tags (node_id, k, v, version) VALUES (4616, 'hoot:id', '4616', 1);
INSERT INTO current_node_tags (node_id, k, v) VALUES (4616, 'hoot:status', '2');
INSERT INTO node_tags (node_id, k, v, version) VALUES (4616, 'hoot:status', '2', 1);
/* create node 4617*/
INSERT INTO nodes (node_id, latitude, longitude, changeset_id, visible, "timestamp", tile, version) VALUES (4617, 388986470, -770350669, 3, true, (now() at time zone 'utc'), 1704401796, 1);
INSERT INTO current_nodes (id, latitude, longitude, changeset_id, visible, "timestamp", tile, version) VALUES (4617, 388986470, -770350669, 3, true, (now() at time zone 'utc'), 1704401796, 1);
INSERT INTO current_node_tags (node_id, k, v) VALUES (4617, 'hoot:id', '4617');
INSERT INTO node_tags (node_id, k, v, version) VALUES (4617, 'hoot:id', '4617', 1);
INSERT INTO current_node_tags (node_id, k, v) VALUES (4617, 'hoot:status', '2');
INSERT INTO node_tags (node_id, k, v, version) VALUES (4617, 'hoot:status', '2', 1);
/* create node 4618*/
INSERT INTO nodes (node_id, latitude, longitude, changeset_id, visible, "timestamp", tile, version) VALUES (4618, 388987610, -770351169, 3, true, (now() at time zone 'utc'), 1704401796, 1);
INSERT INTO current_nodes (id, latitude, longitude, changeset_id, visible, "timestamp", tile, version) VALUES (4618, 388987610, -770351169, 3, true, (now() at time zone 'utc'), 1704401796, 1);
INSERT INTO current_node_tags (node_id, k, v) VALUES (4618, 'hoot:id', '4618');
INSERT INTO node_tags (node_id, k, v, version) VALUES (4618, 'hoot:id', '4618', 1);
INSERT INTO current_node_tags (node_id, k, v) VALUES (4618, 'hoot:status', '2');
INSERT INTO node_tags (node_id, k, v, version) VALUES (4618, 'hoot:status', '2', 1);
/* create node 4623*/
INSERT INTO nodes (node_id, latitude, longitude, changeset_id, visible, "timestamp", tile, version) VALUES (4623, 388964020, -770394619, 3, true, (now() at time zone 'utc'), 1704401707, 1);
INSERT INTO current_nodes (id, latitude, longitude, changeset_id, visible, "timestamp", tile, version) VALUES (4623, 388964020, -770394619, 3, true, (now() at time zone 'utc'), 1704401707, 1);
INSERT INTO current_node_tags (node_id, k, v) VALUES (4623, 'hoot:id', '4623');
INSERT INTO node_tags (node_id, k, v, version) VALUES (4623, 'hoot:id', '4623', 1);
INSERT INTO current_node_tags (node_id, k, v) VALUES (4623, 'hoot:status', '2');
INSERT INTO node_tags (node_id, k, v, version) VALUES (4623, 'hoot:status', '2', 1);
/* create node 4624*/
INSERT INTO nodes (node_id, latitude, longitude, changeset_id, visible, "timestamp", tile, version) VALUES (4624, 388966090, -770394609, 3, true, (now() at time zone 'utc'), 1704401707, 1);
INSERT INTO current_nodes (id, latitude, longitude, changeset_id, visible, "timestamp", tile, version) VALUES (4624, 388966090, -770394609, 3, true, (now() at time zone 'utc'), 1704401707, 1);
INSERT INTO current_node_tags (node_id, k, v) VALUES (4624, 'hoot:id', '4624');
INSERT INTO node_tags (node_id, k, v, version) VALUES (4624, 'hoot:id', '4624', 1);
INSERT INTO current_node_tags (node_id, k, v) VALUES (4624, 'hoot:status', '2');
INSERT INTO node_tags (node_id, k, v, version) VALUES (4624, 'hoot:status', '2', 1);
/* create node 4625*/
INSERT INTO nodes (node_id, latitude, longitude, changeset_id, visible, "timestamp", tile, version) VALUES (4625, 388969280, -770394599, 3, true, (now() at time zone 'utc'), 1704401707, 1);
INSERT INTO current_nodes (id, latitude, longitude, changeset_id, visible, "timestamp", tile, version) VALUES (4625, 388969280, -770394599, 3, true, (now() at time zone 'utc'), 1704401707, 1);
INSERT INTO current_node_tags (node_id, k, v) VALUES (4625, 'hoot:id', '4625');
INSERT INTO node_tags (node_id, k, v, version) VALUES (4625, 'hoot:id', '4625', 1);
INSERT INTO current_node_tags (node_id, k, v) VALUES (4625, 'hoot:status', '2');
INSERT INTO node_tags (node_id, k, v, version) VALUES (4625, 'hoot:status', '2', 1);
/* create node 4626*/
INSERT INTO nodes (node_id, latitude, longitude, changeset_id, visible, "timestamp", tile, version) VALUES (4626, 388972630, -770394679, 3, true, (now() at time zone 'utc'), 1704401707, 1);
INSERT INTO current_nodes (id, latitude, longitude, changeset_id, visible, "timestamp", tile, version) VALUES (4626, 388972630, -770394679, 3, true, (now() at time zone 'utc'), 1704401707, 1);
INSERT INTO current_node_tags (node_id, k, v) VALUES (4626, 'hoot:id', '4626');
INSERT INTO node_tags (node_id, k, v, version) VALUES (4626, 'hoot:id', '4626', 1);
INSERT INTO current_node_tags (node_id, k, v) VALUES (4626, 'hoot:status', '2');
INSERT INTO node_tags (node_id, k, v, version) VALUES (4626, 'hoot:status', '2', 1);
/* create node 4627*/
INSERT INTO nodes (node_id, latitude, longitude, changeset_id, visible, "timestamp", tile, version) VALUES (4627, 388973560, -770394729, 3, true, (now() at time zone 'utc'), 1704401707, 1);
INSERT INTO current_nodes (id, latitude, longitude, changeset_id, visible, "timestamp", tile, version) VALUES (4627, 388973560, -770394729, 3, true, (now() at time zone 'utc'), 1704401707, 1);
INSERT INTO current_node_tags (node_id, k, v) VALUES (4627, 'hoot:id', '4627');
INSERT INTO node_tags (node_id, k, v, version) VALUES (4627, 'hoot:id', '4627', 1);
INSERT INTO current_node_tags (node_id, k, v) VALUES (4627, 'hoot:status', '2');
INSERT INTO node_tags (node_id, k, v, version) VALUES (4627, 'hoot:status', '2', 1);
/* create node 4628*/
INSERT INTO nodes (node_id, latitude, longitude, changeset_id, visible, "timestamp", tile, version) VALUES (4628, 388974690, -770394779, 3, true, (now() at time zone 'utc'), 1704401707, 1);
INSERT INTO current_nodes (id, latitude, longitude, changeset_id, visible, "timestamp", tile, version) VALUES (4628, 388974690, -770394779, 3, true, (now() at time zone 'utc'), 1704401707, 1);
INSERT INTO current_node_tags (node_id, k, v) VALUES (4628, 'hoot:id', '4628');
INSERT INTO node_tags (node_id, k, v, version) VALUES (4628, 'hoot:id', '4628', 1);
INSERT INTO current_node_tags (node_id, k, v) VALUES (4628, 'hoot:status', '2');
INSERT INTO node_tags (node_id, k, v, version) VALUES (4628, 'hoot:status', '2', 1);
/* create node 4629*/
INSERT INTO nodes (node_id, latitude, longitude, changeset_id, visible, "timestamp", tile, version) VALUES (4629, 388978290, -770394729, 3, true, (now() at time zone 'utc'), 1704401710, 1);
INSERT INTO current_nodes (id, latitude, longitude, changeset_id, visible, "timestamp", tile, version) VALUES (4629, 388978290, -770394729, 3, true, (now() at time zone 'utc'), 1704401710, 1);
INSERT INTO current_node_tags (node_id, k, v) VALUES (4629, 'hoot:id', '4629');
INSERT INTO node_tags (node_id, k, v, version) VALUES (4629, 'hoot:id', '4629', 1);
INSERT INTO current_node_tags (node_id, k, v) VALUES (4629, 'hoot:status', '2');
INSERT INTO node_tags (node_id, k, v, version) VALUES (4629, 'hoot:status', '2', 1);
/* create node 4630*/
INSERT INTO nodes (node_id, latitude, longitude, changeset_id, visible, "timestamp", tile, version) VALUES (4630, 388981600, -770394709, 3, true, (now() at time zone 'utc'), 1704401710, 1);
INSERT INTO current_nodes (id, latitude, longitude, changeset_id, visible, "timestamp", tile, version) VALUES (4630, 388981600, -770394709, 3, true, (now() at time zone 'utc'), 1704401710, 1);
INSERT INTO current_node_tags (node_id, k, v) VALUES (4630, 'hoot:id', '4630');
INSERT INTO node_tags (node_id, k, v, version) VALUES (4630, 'hoot:id', '4630', 1);
INSERT INTO current_node_tags (node_id, k, v) VALUES (4630, 'hoot:status', '2');
INSERT INTO node_tags (node_id, k, v, version) VALUES (4630, 'hoot:status', '2', 1);
/* create node 4631*/
INSERT INTO nodes (node_id, latitude, longitude, changeset_id, visible, "timestamp", tile, version) VALUES (4631, 388982260, -770394719, 3, true, (now() at time zone 'utc'), 1704401710, 1);
INSERT INTO current_nodes (id, latitude, longitude, changeset_id, visible, "timestamp", tile, version) VALUES (4631, 388982260, -770394719, 3, true, (now() at time zone 'utc'), 1704401710, 1);
INSERT INTO current_node_tags (node_id, k, v) VALUES (4631, 'hoot:id', '4631');
INSERT INTO node_tags (node_id, k, v, version) VALUES (4631, 'hoot:id', '4631', 1);
INSERT INTO current_node_tags (node_id, k, v) VALUES (4631, 'hoot:status', '2');
INSERT INTO node_tags (node_id, k, v, version) VALUES (4631, 'hoot:status', '2', 1);
/* create node 4632*/
INSERT INTO nodes (node_id, latitude, longitude, changeset_id, visible, "timestamp", tile, version) VALUES (4632, 388983220, -770394719, 3, true, (now() at time zone 'utc'), 1704401710, 1);
INSERT INTO current_nodes (id, latitude, longitude, changeset_id, visible, "timestamp", tile, version) VALUES (4632, 388983220, -770394719, 3, true, (now() at time zone 'utc'), 1704401710, 1);
INSERT INTO current_node_tags (node_id, k, v) VALUES (4632, 'hoot:id', '4632');
INSERT INTO node_tags (node_id, k, v, version) VALUES (4632, 'hoot:id', '4632', 1);
INSERT INTO current_node_tags (node_id, k, v) VALUES (4632, 'hoot:status', '2');
INSERT INTO node_tags (node_id, k, v, version) VALUES (4632, 'hoot:status', '2', 1);
/* create node 4633*/
INSERT INTO nodes (node_id, latitude, longitude, changeset_id, visible, "timestamp", tile, version) VALUES (4633, 388986400, -770394719, 3, true, (now() at time zone 'utc'), 1704401710, 1);
INSERT INTO current_nodes (id, latitude, longitude, changeset_id, visible, "timestamp", tile, version) VALUES (4633, 388986400, -770394719, 3, true, (now() at time zone 'utc'), 1704401710, 1);
INSERT INTO current_node_tags (node_id, k, v) VALUES (4633, 'hoot:id', '4633');
INSERT INTO node_tags (node_id, k, v, version) VALUES (4633, 'hoot:id', '4633', 1);
INSERT INTO current_node_tags (node_id, k, v) VALUES (4633, 'hoot:status', '2');
INSERT INTO node_tags (node_id, k, v, version) VALUES (4633, 'hoot:status', '2', 1);
/* create node 4634*/
INSERT INTO nodes (node_id, latitude, longitude, changeset_id, visible, "timestamp", tile, version) VALUES (4634, 388988130, -770394599, 3, true, (now() at time zone 'utc'), 1704401710, 1);
INSERT INTO current_nodes (id, latitude, longitude, changeset_id, visible, "timestamp", tile, version) VALUES (4634, 388988130, -770394599, 3, true, (now() at time zone 'utc'), 1704401710, 1);
INSERT INTO current_node_tags (node_id, k, v) VALUES (4634, 'hoot:id', '4634');
INSERT INTO node_tags (node_id, k, v, version) VALUES (4634, 'hoot:id', '4634', 1);
INSERT INTO current_node_tags (node_id, k, v) VALUES (4634, 'hoot:status', '2');
INSERT INTO node_tags (node_id, k, v, version) VALUES (4634, 'hoot:status', '2', 1);
/* create node 4635*/
INSERT INTO nodes (node_id, latitude, longitude, changeset_id, visible, "timestamp", tile, version) VALUES (4635, 388988690, -770394569, 3, true, (now() at time zone 'utc'), 1704401710, 1);
INSERT INTO current_nodes (id, latitude, longitude, changeset_id, visible, "timestamp", tile, version) VALUES (4635, 388988690, -770394569, 3, true, (now() at time zone 'utc'), 1704401710, 1);
INSERT INTO current_node_tags (node_id, k, v) VALUES (4635, 'hoot:id', '4635');
INSERT INTO node_tags (node_id, k, v, version) VALUES (4635, 'hoot:id', '4635', 1);
INSERT INTO current_node_tags (node_id, k, v) VALUES (4635, 'hoot:status', '2');
INSERT INTO node_tags (node_id, k, v, version) VALUES (4635, 'hoot:status', '2', 1);
/* create node 4636*/
INSERT INTO nodes (node_id, latitude, longitude, changeset_id, visible, "timestamp", tile, version) VALUES (4636, 388990130, -770394539, 3, true, (now() at time zone 'utc'), 1704401710, 1);
INSERT INTO current_nodes (id, latitude, longitude, changeset_id, visible, "timestamp", tile, version) VALUES (4636, 388990130, -770394539, 3, true, (now() at time zone 'utc'), 1704401710, 1);
INSERT INTO current_node_tags (node_id, k, v) VALUES (4636, 'hoot:id', '4636');
INSERT INTO node_tags (node_id, k, v, version) VALUES (4636, 'hoot:id', '4636', 1);
INSERT INTO current_node_tags (node_id, k, v) VALUES (4636, 'hoot:status', '2');
INSERT INTO node_tags (node_id, k, v, version) VALUES (4636, 'hoot:status', '2', 1);
/* create node 4637*/
INSERT INTO nodes (node_id, latitude, longitude, changeset_id, visible, "timestamp", tile, version) VALUES (4637, 388996760, -770394489, 3, true, (now() at time zone 'utc'), 1704401710, 1);
INSERT INTO current_nodes (id, latitude, longitude, changeset_id, visible, "timestamp", tile, version) VALUES (4637, 388996760, -770394489, 3, true, (now() at time zone 'utc'), 1704401710, 1);
INSERT INTO current_node_tags (node_id, k, v) VALUES (4637, 'hoot:id', '4637');
INSERT INTO node_tags (node_id, k, v, version) VALUES (4637, 'hoot:id', '4637', 1);
INSERT INTO current_node_tags (node_id, k, v) VALUES (4637, 'hoot:status', '2');
INSERT INTO node_tags (node_id, k, v, version) VALUES (4637, 'hoot:status', '2', 1);
/* create node 4638*/
INSERT INTO nodes (node_id, latitude, longitude, changeset_id, visible, "timestamp", tile, version) VALUES (4638, 389002080, -770394479, 3, true, (now() at time zone 'utc'), 1704401710, 1);
INSERT INTO current_nodes (id, latitude, longitude, changeset_id, visible, "timestamp", tile, version) VALUES (4638, 389002080, -770394479, 3, true, (now() at time zone 'utc'), 1704401710, 1);
INSERT INTO current_node_tags (node_id, k, v) VALUES (4638, 'hoot:id', '4638');
INSERT INTO node_tags (node_id, k, v, version) VALUES (4638, 'hoot:id', '4638', 1);
INSERT INTO current_node_tags (node_id, k, v) VALUES (4638, 'hoot:status', '2');
INSERT INTO node_tags (node_id, k, v, version) VALUES (4638, 'hoot:status', '2', 1);
/* create node 4639*/
INSERT INTO nodes (node_id, latitude, longitude, changeset_id, visible, "timestamp", tile, version) VALUES (4639, 389003310, -770394489, 3, true, (now() at time zone 'utc'), 1704401710, 1);
INSERT INTO current_nodes (id, latitude, longitude, changeset_id, visible, "timestamp", tile, version) VALUES (4639, 389003310, -770394489, 3, true, (now() at time zone 'utc'), 1704401710, 1);
INSERT INTO current_node_tags (node_id, k, v) VALUES (4639, 'hoot:id', '4639');
INSERT INTO node_tags (node_id, k, v, version) VALUES (4639, 'hoot:id', '4639', 1);
INSERT INTO current_node_tags (node_id, k, v) VALUES (4639, 'hoot:status', '2');
INSERT INTO node_tags (node_id, k, v, version) VALUES (4639, 'hoot:status', '2', 1);
/* create node 4640*/
INSERT INTO nodes (node_id, latitude, longitude, changeset_id, visible, "timestamp", tile, version) VALUES (4640, 389004790, -770394489, 3, true, (now() at time zone 'utc'), 1704401711, 1);
INSERT INTO current_nodes (id, latitude, longitude, changeset_id, visible, "timestamp", tile, version) VALUES (4640, 389004790, -770394489, 3, true, (now() at time zone 'utc'), 1704401711, 1);
INSERT INTO current_node_tags (node_id, k, v) VALUES (4640, 'hoot:id', '4640');
INSERT INTO node_tags (node_id, k, v, version) VALUES (4640, 'hoot:id', '4640', 1);
INSERT INTO current_node_tags (node_id, k, v) VALUES (4640, 'hoot:status', '2');
INSERT INTO node_tags (node_id, k, v, version) VALUES (4640, 'hoot:status', '2', 1);
/* create node 4641*/
INSERT INTO nodes (node_id, latitude, longitude, changeset_id, visible, "timestamp", tile, version) VALUES (4641, 389008460, -770394469, 3, true, (now() at time zone 'utc'), 1704401711, 1);
INSERT INTO current_nodes (id, latitude, longitude, changeset_id, visible, "timestamp", tile, version) VALUES (4641, 389008460, -770394469, 3, true, (now() at time zone 'utc'), 1704401711, 1);
INSERT INTO current_node_tags (node_id, k, v) VALUES (4641, 'hoot:id', '4641');
INSERT INTO node_tags (node_id, k, v, version) VALUES (4641, 'hoot:id', '4641', 1);
INSERT INTO current_node_tags (node_id, k, v) VALUES (4641, 'hoot:status', '2');
INSERT INTO node_tags (node_id, k, v, version) VALUES (4641, 'hoot:status', '2', 1);
/* create node 4642*/
INSERT INTO nodes (node_id, latitude, longitude, changeset_id, visible, "timestamp", tile, version) VALUES (4642, 389013400, -770394469, 3, true, (now() at time zone 'utc'), 1704401711, 1);
INSERT INTO current_nodes (id, latitude, longitude, changeset_id, visible, "timestamp", tile, version) VALUES (4642, 389013400, -770394469, 3, true, (now() at time zone 'utc'), 1704401711, 1);
INSERT INTO current_node_tags (node_id, k, v) VALUES (4642, 'hoot:id', '4642');
INSERT INTO node_tags (node_id, k, v, version) VALUES (4642, 'hoot:id', '4642', 1);
INSERT INTO current_node_tags (node_id, k, v) VALUES (4642, 'hoot:status', '2');
INSERT INTO node_tags (node_id, k, v, version) VALUES (4642, 'hoot:status', '2', 1);
/* create node 4643*/
INSERT INTO nodes (node_id, latitude, longitude, changeset_id, visible, "timestamp", tile, version) VALUES (4643, 389016830, -770394499, 3, true, (now() at time zone 'utc'), 1704401711, 1);
INSERT INTO current_nodes (id, latitude, longitude, changeset_id, visible, "timestamp", tile, version) VALUES (4643, 389016830, -770394499, 3, true, (now() at time zone 'utc'), 1704401711, 1);
INSERT INTO current_node_tags (node_id, k, v) VALUES (4643, 'hoot:id', '4643');
INSERT INTO node_tags (node_id, k, v, version) VALUES (4643, 'hoot:id', '4643', 1);
INSERT INTO current_node_tags (node_id, k, v) VALUES (4643, 'hoot:status', '2');
INSERT INTO node_tags (node_id, k, v, version) VALUES (4643, 'hoot:status', '2', 1);
/* create node 4644*/
INSERT INTO nodes (node_id, latitude, longitude, changeset_id, visible, "timestamp", tile, version) VALUES (4644, 389020110, -770394499, 3, true, (now() at time zone 'utc'), 1704401711, 1);
INSERT INTO current_nodes (id, latitude, longitude, changeset_id, visible, "timestamp", tile, version) VALUES (4644, 389020110, -770394499, 3, true, (now() at time zone 'utc'), 1704401711, 1);
INSERT INTO current_node_tags (node_id, k, v) VALUES (4644, 'hoot:id', '4644');
INSERT INTO node_tags (node_id, k, v, version) VALUES (4644, 'hoot:id', '4644', 1);
INSERT INTO current_node_tags (node_id, k, v) VALUES (4644, 'hoot:status', '2');
INSERT INTO node_tags (node_id, k, v, version) VALUES (4644, 'hoot:status', '2', 1);
/* create node 4645*/
INSERT INTO nodes (node_id, latitude, longitude, changeset_id, visible, "timestamp", tile, version) VALUES (4645, 389023690, -770394479, 3, true, (now() at time zone 'utc'), 1704401711, 1);
INSERT INTO current_nodes (id, latitude, longitude, changeset_id, visible, "timestamp", tile, version) VALUES (4645, 389023690, -770394479, 3, true, (now() at time zone 'utc'), 1704401711, 1);
INSERT INTO current_node_tags (node_id, k, v) VALUES (4645, 'hoot:id', '4645');
INSERT INTO node_tags (node_id, k, v, version) VALUES (4645, 'hoot:id', '4645', 1);
INSERT INTO current_node_tags (node_id, k, v) VALUES (4645, 'hoot:status', '2');
INSERT INTO node_tags (node_id, k, v, version) VALUES (4645, 'hoot:status', '2', 1);
/* create node 4646*/
INSERT INTO nodes (node_id, latitude, longitude, changeset_id, visible, "timestamp", tile, version) VALUES (4646, 389023990, -770394469, 3, true, (now() at time zone 'utc'), 1704401711, 1);
INSERT INTO current_nodes (id, latitude, longitude, changeset_id, visible, "timestamp", tile, version) VALUES (4646, 389023990, -770394469, 3, true, (now() at time zone 'utc'), 1704401711, 1);
INSERT INTO current_node_tags (node_id, k, v) VALUES (4646, 'hoot:id', '4646');
INSERT INTO node_tags (node_id, k, v, version) VALUES (4646, 'hoot:id', '4646', 1);
INSERT INTO current_node_tags (node_id, k, v) VALUES (4646, 'hoot:status', '2');
INSERT INTO node_tags (node_id, k, v, version) VALUES (4646, 'hoot:status', '2', 1);
/* create node 4647*/
INSERT INTO nodes (node_id, latitude, longitude, changeset_id, visible, "timestamp", tile, version) VALUES (4647, 389025230, -770394459, 3, true, (now() at time zone 'utc'), 1704401711, 1);
INSERT INTO current_nodes (id, latitude, longitude, changeset_id, visible, "timestamp", tile, version) VALUES (4647, 389025230, -770394459, 3, true, (now() at time zone 'utc'), 1704401711, 1);
INSERT INTO current_node_tags (node_id, k, v) VALUES (4647, 'hoot:id', '4647');
INSERT INTO node_tags (node_id, k, v, version) VALUES (4647, 'hoot:id', '4647', 1);
INSERT INTO current_node_tags (node_id, k, v) VALUES (4647, 'hoot:status', '2');
INSERT INTO node_tags (node_id, k, v, version) VALUES (4647, 'hoot:status', '2', 1);
/* create node 4691*/
INSERT INTO nodes (node_id, latitude, longitude, changeset_id, visible, "timestamp", tile, version) VALUES (4691, 388920987, -770391229, 3, true, (now() at time zone 'utc'), 1704401535, 1);
INSERT INTO current_nodes (id, latitude, longitude, changeset_id, visible, "timestamp", tile, version) VALUES (4691, 388920987, -770391229, 3, true, (now() at time zone 'utc'), 1704401535, 1);
INSERT INTO current_node_tags (node_id, k, v) VALUES (4691, 'hoot:id', '4691');
INSERT INTO node_tags (node_id, k, v, version) VALUES (4691, 'hoot:id', '4691', 1);
INSERT INTO current_node_tags (node_id, k, v) VALUES (4691, 'hoot:status', '1');
INSERT INTO node_tags (node_id, k, v, version) VALUES (4691, 'hoot:status', '1', 1);
/* create node 4692*/
INSERT INTO nodes (node_id, latitude, longitude, changeset_id, visible, "timestamp", tile, version) VALUES (4692, 388920931, -770339249, 3, true, (now() at time zone 'utc'), 1704401621, 1);
INSERT INTO current_nodes (id, latitude, longitude, changeset_id, visible, "timestamp", tile, version) VALUES (4692, 388920931, -770339249, 3, true, (now() at time zone 'utc'), 1704401621, 1);
INSERT INTO current_node_tags (node_id, k, v) VALUES (4692, 'hoot:id', '4692');
INSERT INTO node_tags (node_id, k, v, version) VALUES (4692, 'hoot:id', '4692', 1);
INSERT INTO current_node_tags (node_id, k, v) VALUES (4692, 'hoot:status', '1');
INSERT INTO node_tags (node_id, k, v, version) VALUES (4692, 'hoot:status', '1', 1);
/* create node 4693*/
INSERT INTO nodes (node_id, latitude, longitude, changeset_id, visible, "timestamp", tile, version) VALUES (4693, 388953918, -770384009, 3, true, (now() at time zone 'utc'), 1704401707, 1);
INSERT INTO current_nodes (id, latitude, longitude, changeset_id, visible, "timestamp", tile, version) VALUES (4693, 388953918, -770384009, 3, true, (now() at time zone 'utc'), 1704401707, 1);
INSERT INTO current_node_tags (node_id, k, v) VALUES (4693, 'hoot:id', '4693');
INSERT INTO node_tags (node_id, k, v, version) VALUES (4693, 'hoot:id', '4693', 1);
INSERT INTO current_node_tags (node_id, k, v) VALUES (4693, 'hoot:status', '1');
INSERT INTO node_tags (node_id, k, v, version) VALUES (4693, 'hoot:status', '1', 1);
/* create node 4694*/
INSERT INTO nodes (node_id, latitude, longitude, changeset_id, visible, "timestamp", tile, version) VALUES (4694, 388953915, -770377119, 3, true, (now() at time zone 'utc'), 1704401707, 1);
INSERT INTO current_nodes (id, latitude, longitude, changeset_id, visible, "timestamp", tile, version) VALUES (4694, 388953915, -770377119, 3, true, (now() at time zone 'utc'), 1704401707, 1);
INSERT INTO current_node_tags (node_id, k, v) VALUES (4694, 'hoot:id', '4694');
INSERT INTO node_tags (node_id, k, v, version) VALUES (4694, 'hoot:id', '4694', 1);
INSERT INTO current_node_tags (node_id, k, v) VALUES (4694, 'hoot:status', '1');
INSERT INTO node_tags (node_id, k, v, version) VALUES (4694, 'hoot:status', '1', 1);
/* create node 4695*/
INSERT INTO nodes (node_id, latitude, longitude, changeset_id, visible, "timestamp", tile, version) VALUES (4695, 388954753, -770338679, 3, true, (now() at time zone 'utc'), 1704401793, 1);
INSERT INTO current_nodes (id, latitude, longitude, changeset_id, visible, "timestamp", tile, version) VALUES (4695, 388954753, -770338679, 3, true, (now() at time zone 'utc'), 1704401793, 1);
INSERT INTO current_node_tags (node_id, k, v) VALUES (4695, 'hoot:id', '4695');
INSERT INTO node_tags (node_id, k, v, version) VALUES (4695, 'hoot:id', '4695', 1);
INSERT INTO current_node_tags (node_id, k, v) VALUES (4695, 'hoot:status', '1');
INSERT INTO node_tags (node_id, k, v, version) VALUES (4695, 'hoot:status', '1', 1);
/* create node 4696*/
INSERT INTO nodes (node_id, latitude, longitude, changeset_id, visible, "timestamp", tile, version) VALUES (4696, 388943750, -770347338, 3, true, (now() at time zone 'utc'), 1704401792, 1);
INSERT INTO current_nodes (id, latitude, longitude, changeset_id, visible, "timestamp", tile, version) VALUES (4696, 388943750, -770347338, 3, true, (now() at time zone 'utc'), 1704401792, 1);
INSERT INTO current_node_tags (node_id, k, v) VALUES (4696, 'hoot:id', '4696');
INSERT INTO node_tags (node_id, k, v, version) VALUES (4696, 'hoot:id', '4696', 1);
INSERT INTO current_node_tags (node_id, k, v) VALUES (4696, 'hoot:status', '1');
INSERT INTO node_tags (node_id, k, v, version) VALUES (4696, 'hoot:status', '1', 1);
/* create node 4697*/
INSERT INTO nodes (node_id, latitude, longitude, changeset_id, visible, "timestamp", tile, version) VALUES (4697, 388932650, -770348667, 3, true, (now() at time zone 'utc'), 1704401792, 1);
INSERT INTO current_nodes (id, latitude, longitude, changeset_id, visible, "timestamp", tile, version) VALUES (4697, 388932650, -770348667, 3, true, (now() at time zone 'utc'), 1704401792, 1);
INSERT INTO current_node_tags (node_id, k, v) VALUES (4697, 'hoot:id', '4697');
INSERT INTO node_tags (node_id, k, v, version) VALUES (4697, 'hoot:id', '4697', 1);
INSERT INTO current_node_tags (node_id, k, v) VALUES (4697, 'hoot:status', '1');
INSERT INTO node_tags (node_id, k, v, version) VALUES (4697, 'hoot:status', '1', 1);
/* create node 4698*/
INSERT INTO nodes (node_id, latitude, longitude, changeset_id, visible, "timestamp", tile, version) VALUES (4698, 388932771, -770382196, 3, true, (now() at time zone 'utc'), 1704401706, 1);
INSERT INTO current_nodes (id, latitude, longitude, changeset_id, visible, "timestamp", tile, version) VALUES (4698, 388932771, -770382196, 3, true, (now() at time zone 'utc'), 1704401706, 1);
INSERT INTO current_node_tags (node_id, k, v) VALUES (4698, 'hoot:id', '4698');
INSERT INTO node_tags (node_id, k, v, version) VALUES (4698, 'hoot:id', '4698', 1);
INSERT INTO current_node_tags (node_id, k, v) VALUES (4698, 'hoot:status', '1');
INSERT INTO node_tags (node_id, k, v, version) VALUES (4698, 'hoot:status', '1', 1);
/* create node 4699*/
INSERT INTO nodes (node_id, latitude, longitude, changeset_id, visible, "timestamp", tile, version) VALUES (4699, 388949632, -770377191, 3, true, (now() at time zone 'utc'), 1704401707, 1);
INSERT INTO current_nodes (id, latitude, longitude, changeset_id, visible, "timestamp", tile, version) VALUES (4699, 388949632, -770377191, 3, true, (now() at time zone 'utc'), 1704401707, 1);
INSERT INTO current_node_tags (node_id, k, v) VALUES (4699, 'hoot:id', '4699');
INSERT INTO node_tags (node_id, k, v, version) VALUES (4699, 'hoot:id', '4699', 1);
INSERT INTO current_node_tags (node_id, k, v) VALUES (4699, 'hoot:status', '1');
INSERT INTO node_tags (node_id, k, v, version) VALUES (4699, 'hoot:status', '1', 1);
/* create node 4700*/
INSERT INTO nodes (node_id, latitude, longitude, changeset_id, visible, "timestamp", tile, version) VALUES (4700, 388957228, -770377183, 3, true, (now() at time zone 'utc'), 1704401707, 1);
INSERT INTO current_nodes (id, latitude, longitude, changeset_id, visible, "timestamp", tile, version) VALUES (4700, 388957228, -770377183, 3, true, (now() at time zone 'utc'), 1704401707, 1);
INSERT INTO current_node_tags (node_id, k, v) VALUES (4700, 'hoot:id', '4700');
INSERT INTO node_tags (node_id, k, v, version) VALUES (4700, 'hoot:id', '4700', 1);
INSERT INTO current_node_tags (node_id, k, v) VALUES (4700, 'hoot:status', '1');
INSERT INTO node_tags (node_id, k, v, version) VALUES (4700, 'hoot:status', '1', 1);
/* create node 4701*/
INSERT INTO nodes (node_id, latitude, longitude, changeset_id, visible, "timestamp", tile, version) VALUES (4701, 388957693, -770353234, 3, true, (now() at time zone 'utc'), 1704401793, 1);
INSERT INTO current_nodes (id, latitude, longitude, changeset_id, visible, "timestamp", tile, version) VALUES (4701, 388957693, -770353234, 3, true, (now() at time zone 'utc'), 1704401793, 1);
INSERT INTO current_node_tags (node_id, k, v) VALUES (4701, 'hoot:id', '4701');
INSERT INTO node_tags (node_id, k, v, version) VALUES (4701, 'hoot:id', '4701', 1);
INSERT INTO current_node_tags (node_id, k, v) VALUES (4701, 'hoot:status', '1');
INSERT INTO node_tags (node_id, k, v, version) VALUES (4701, 'hoot:status', '1', 1);
/* modify way 4*/
INSERT INTO ways (way_id, changeset_id, visible, "timestamp", version) VALUES (4, 3, true, (now() at time zone 'utc'), 2);
UPDATE current_ways SET changeset_id=3, visible=true, "timestamp"=(now() at time zone 'utc'), version=2 WHERE id=4;
DELETE FROM current_way_tags WHERE way_id = 4;
DELETE FROM way_tags WHERE way_id = 4;
INSERT INTO current_way_tags (way_id, k, v) VALUES (4, 'accuracy', '5');
INSERT INTO way_tags (way_id, k, v, version) VALUES (4, 'accuracy', '5', 2);
INSERT INTO current_way_tags (way_id, k, v) VALUES (4, 'hoot:id', '4');
INSERT INTO way_tags (way_id, k, v, version) VALUES (4, 'hoot:id', '4', 2);
INSERT INTO current_way_tags (way_id, k, v) VALUES (4, 'hoot:status', '3');
INSERT INTO way_tags (way_id, k, v, version) VALUES (4, 'hoot:status', '3', 2);
INSERT INTO current_way_tags (way_id, k, v) VALUES (4, 'alt_name', 'Constitution Ave NW;US Hwy 50');
INSERT INTO way_tags (way_id, k, v, version) VALUES (4, 'alt_name', 'Constitution Ave NW;US Hwy 50', 2);
INSERT INTO current_way_tags (way_id, k, v) VALUES (4, 'name', 'CONSTITUTION AVE NW');
INSERT INTO way_tags (way_id, k, v, version) VALUES (4, 'name', 'CONSTITUTION AVE NW', 2);
INSERT INTO current_way_tags (way_id, k, v) VALUES (4, 'highway', 'road');
INSERT INTO way_tags (way_id, k, v, version) VALUES (4, 'highway', 'road', 2);
DELETE FROM current_way_nodes WHERE way_id = 4;
DELETE FROM way_nodes WHERE way_id = 4;
INSERT INTO way_nodes (way_id, node_id, version, sequence_id) VALUES (4, 2532, 1, 1);
INSERT INTO current_way_nodes (way_id, node_id, sequence_id) VALUES (4, 2532, 1);
INSERT INTO way_nodes (way_id, node_id, version, sequence_id) VALUES (4, 1208, 1, 2);
INSERT INTO current_way_nodes (way_id, node_id, sequence_id) VALUES (4, 1208, 2);
INSERT INTO way_nodes (way_id, node_id, version, sequence_id) VALUES (4, 1210, 1, 3);
INSERT INTO current_way_nodes (way_id, node_id, sequence_id) VALUES (4, 1210, 3);
INSERT INTO way_nodes (way_id, node_id, version, sequence_id) VALUES (4, 1212, 1, 4);
INSERT INTO current_way_nodes (way_id, node_id, sequence_id) VALUES (4, 1212, 4);
INSERT INTO way_nodes (way_id, node_id, version, sequence_id) VALUES (4, 1214, 1, 5);
INSERT INTO current_way_nodes (way_id, node_id, sequence_id) VALUES (4, 1214, 5);
INSERT INTO way_nodes (way_id, node_id, version, sequence_id) VALUES (4, 1216, 1, 6);
INSERT INTO current_way_nodes (way_id, node_id, sequence_id) VALUES (4, 1216, 6);
INSERT INTO way_nodes (way_id, node_id, version, sequence_id) VALUES (4, 1218, 1, 7);
INSERT INTO current_way_nodes (way_id, node_id, sequence_id) VALUES (4, 1218, 7);
INSERT INTO way_nodes (way_id, node_id, version, sequence_id) VALUES (4, 1053, 1, 8);
INSERT INTO current_way_nodes (way_id, node_id, sequence_id) VALUES (4, 1053, 8);
/* modify way 27*/
INSERT INTO ways (way_id, changeset_id, visible, "timestamp", version) VALUES (27, 3, true, (now() at time zone 'utc'), 2);
UPDATE current_ways SET changeset_id=3, visible=true, "timestamp"=(now() at time zone 'utc'), version=2 WHERE id=27;
DELETE FROM current_way_tags WHERE way_id = 27;
DELETE FROM way_tags WHERE way_id = 27;
INSERT INTO current_way_tags (way_id, k, v) VALUES (27, 'accuracy', '5');
INSERT INTO way_tags (way_id, k, v, version) VALUES (27, 'accuracy', '5', 2);
INSERT INTO current_way_tags (way_id, k, v) VALUES (27, 'hoot:id', '27');
INSERT INTO way_tags (way_id, k, v, version) VALUES (27, 'hoot:id', '27', 2);
INSERT INTO current_way_tags (way_id, k, v) VALUES (27, 'hoot:status', '3');
INSERT INTO way_tags (way_id, k, v, version) VALUES (27, 'hoot:status', '3', 2);
INSERT INTO current_way_tags (way_id, k, v) VALUES (27, 'alt_name', '17th St NW');
INSERT INTO way_tags (way_id, k, v, version) VALUES (27, 'alt_name', '17th St NW', 2);
INSERT INTO current_way_tags (way_id, k, v) VALUES (27, 'name', '17TH ST NW');
INSERT INTO way_tags (way_id, k, v, version) VALUES (27, 'name', '17TH ST NW', 2);
INSERT INTO current_way_tags (way_id, k, v) VALUES (27, 'highway', 'road');
INSERT INTO way_tags (way_id, k, v, version) VALUES (27, 'highway', 'road', 2);
DELETE FROM current_way_nodes WHERE way_id = 27;
DELETE FROM way_nodes WHERE way_id = 27;
INSERT INTO way_nodes (way_id, node_id, version, sequence_id) VALUES (27, 3469, 1, 1);
INSERT INTO current_way_nodes (way_id, node_id, sequence_id) VALUES (27, 3469, 1);
INSERT INTO way_nodes (way_id, node_id, version, sequence_id) VALUES (27, 3470, 1, 2);
INSERT INTO current_way_nodes (way_id, node_id, sequence_id) VALUES (27, 3470, 2);
INSERT INTO way_nodes (way_id, node_id, version, sequence_id) VALUES (27, 3471, 1, 3);
INSERT INTO current_way_nodes (way_id, node_id, sequence_id) VALUES (27, 3471, 3);
INSERT INTO way_nodes (way_id, node_id, version, sequence_id) VALUES (27, 3472, 1, 4);
INSERT INTO current_way_nodes (way_id, node_id, sequence_id) VALUES (27, 3472, 4);
INSERT INTO way_nodes (way_id, node_id, version, sequence_id) VALUES (27, 3473, 1, 5);
INSERT INTO current_way_nodes (way_id, node_id, sequence_id) VALUES (27, 3473, 5);
INSERT INTO way_nodes (way_id, node_id, version, sequence_id) VALUES (27, 3474, 1, 6);
INSERT INTO current_way_nodes (way_id, node_id, sequence_id) VALUES (27, 3474, 6);
INSERT INTO way_nodes (way_id, node_id, version, sequence_id) VALUES (27, 3475, 1, 7);
INSERT INTO current_way_nodes (way_id, node_id, sequence_id) VALUES (27, 3475, 7);
/* modify way 43*/
INSERT INTO ways (way_id, changeset_id, visible, "timestamp", version) VALUES (43, 3, true, (now() at time zone 'utc'), 2);
UPDATE current_ways SET changeset_id=3, visible=true, "timestamp"=(now() at time zone 'utc'), version=2 WHERE id=43;
DELETE FROM current_way_tags WHERE way_id = 43;
DELETE FROM way_tags WHERE way_id = 43;
INSERT INTO current_way_tags (way_id, k, v) VALUES (43, 'accuracy', '5');
INSERT INTO way_tags (way_id, k, v, version) VALUES (43, 'accuracy', '5', 2);
INSERT INTO current_way_tags (way_id, k, v) VALUES (43, 'hoot:id', '43');
INSERT INTO way_tags (way_id, k, v, version) VALUES (43, 'hoot:id', '43', 2);
INSERT INTO current_way_tags (way_id, k, v) VALUES (43, 'hoot:status', '3');
INSERT INTO way_tags (way_id, k, v, version) VALUES (43, 'hoot:status', '3', 2);
INSERT INTO current_way_tags (way_id, k, v) VALUES (43, 'alt_name', 'E St NW');
INSERT INTO way_tags (way_id, k, v, version) VALUES (43, 'alt_name', 'E St NW', 2);
INSERT INTO current_way_tags (way_id, k, v) VALUES (43, 'name', 'E ST NW');
INSERT INTO way_tags (way_id, k, v, version) VALUES (43, 'name', 'E ST NW', 2);
INSERT INTO current_way_tags (way_id, k, v) VALUES (43, 'highway', 'road');
INSERT INTO way_tags (way_id, k, v, version) VALUES (43, 'highway', 'road', 2);
DELETE FROM current_way_nodes WHERE way_id = 43;
DELETE FROM way_nodes WHERE way_id = 43;
INSERT INTO way_nodes (way_id, node_id, version, sequence_id) VALUES (43, 4695, 1, 1);
INSERT INTO current_way_nodes (way_id, node_id, sequence_id) VALUES (43, 4695, 1);
INSERT INTO way_nodes (way_id, node_id, version, sequence_id) VALUES (43, 870, 1, 2);
INSERT INTO current_way_nodes (way_id, node_id, sequence_id) VALUES (43, 870, 2);
INSERT INTO way_nodes (way_id, node_id, version, sequence_id) VALUES (43, 871, 1, 3);
INSERT INTO current_way_nodes (way_id, node_id, sequence_id) VALUES (43, 871, 3);
INSERT INTO way_nodes (way_id, node_id, version, sequence_id) VALUES (43, 872, 1, 4);
INSERT INTO current_way_nodes (way_id, node_id, sequence_id) VALUES (43, 872, 4);
INSERT INTO way_nodes (way_id, node_id, version, sequence_id) VALUES (43, 873, 1, 5);
INSERT INTO current_way_nodes (way_id, node_id, sequence_id) VALUES (43, 873, 5);
INSERT INTO way_nodes (way_id, node_id, version, sequence_id) VALUES (43, 874, 1, 6);
INSERT INTO current_way_nodes (way_id, node_id, sequence_id) VALUES (43, 874, 6);
INSERT INTO way_nodes (way_id, node_id, version, sequence_id) VALUES (43, 875, 1, 7);
INSERT INTO current_way_nodes (way_id, node_id, sequence_id) VALUES (43, 875, 7);
INSERT INTO way_nodes (way_id, node_id, version, sequence_id) VALUES (43, 876, 1, 8);
INSERT INTO current_way_nodes (way_id, node_id, sequence_id) VALUES (43, 876, 8);
INSERT INTO way_nodes (way_id, node_id, version, sequence_id) VALUES (43, 877, 1, 9);
INSERT INTO current_way_nodes (way_id, node_id, sequence_id) VALUES (43, 877, 9);
INSERT INTO way_nodes (way_id, node_id, version, sequence_id) VALUES (43, 112, 1, 10);
INSERT INTO current_way_nodes (way_id, node_id, sequence_id) VALUES (43, 112, 10);
/* modify way 44*/
INSERT INTO ways (way_id, changeset_id, visible, "timestamp", version) VALUES (44, 3, true, (now() at time zone 'utc'), 2);
UPDATE current_ways SET changeset_id=3, visible=true, "timestamp"=(now() at time zone 'utc'), version=2 WHERE id=44;
DELETE FROM current_way_tags WHERE way_id = 44;
DELETE FROM way_tags WHERE way_id = 44;
INSERT INTO current_way_tags (way_id, k, v) VALUES (44, 'accuracy', '5');
INSERT INTO way_tags (way_id, k, v, version) VALUES (44, 'accuracy', '5', 2);
INSERT INTO current_way_tags (way_id, k, v) VALUES (44, 'hoot:id', '44');
INSERT INTO way_tags (way_id, k, v, version) VALUES (44, 'hoot:id', '44', 2);
INSERT INTO current_way_tags (way_id, k, v) VALUES (44, 'hoot:status', '3');
INSERT INTO way_tags (way_id, k, v, version) VALUES (44, 'hoot:status', '3', 2);
INSERT INTO current_way_tags (way_id, k, v) VALUES (44, 'alt_name', 'E St NW');
INSERT INTO way_tags (way_id, k, v, version) VALUES (44, 'alt_name', 'E St NW', 2);
INSERT INTO current_way_tags (way_id, k, v) VALUES (44, 'name', 'E ST NW');
INSERT INTO way_tags (way_id, k, v, version) VALUES (44, 'name', 'E ST NW', 2);
INSERT INTO current_way_tags (way_id, k, v) VALUES (44, 'highway', 'road');
INSERT INTO way_tags (way_id, k, v, version) VALUES (44, 'highway', 'road', 2);
DELETE FROM current_way_nodes WHERE way_id = 44;
DELETE FROM way_nodes WHERE way_id = 44;
INSERT INTO way_nodes (way_id, node_id, version, sequence_id) VALUES (44, 4694, 1, 1);
INSERT INTO current_way_nodes (way_id, node_id, sequence_id) VALUES (44, 4694, 1);
INSERT INTO way_nodes (way_id, node_id, version, sequence_id) VALUES (44, 884, 1, 2);
INSERT INTO current_way_nodes (way_id, node_id, sequence_id) VALUES (44, 884, 2);
INSERT INTO way_nodes (way_id, node_id, version, sequence_id) VALUES (44, 885, 1, 3);
INSERT INTO current_way_nodes (way_id, node_id, sequence_id) VALUES (44, 885, 3);
INSERT INTO way_nodes (way_id, node_id, version, sequence_id) VALUES (44, 886, 1, 4);
INSERT INTO current_way_nodes (way_id, node_id, sequence_id) VALUES (44, 886, 4);
INSERT INTO way_nodes (way_id, node_id, version, sequence_id) VALUES (44, 887, 1, 5);
INSERT INTO current_way_nodes (way_id, node_id, sequence_id) VALUES (44, 887, 5);
INSERT INTO way_nodes (way_id, node_id, version, sequence_id) VALUES (44, 4693, 1, 6);
INSERT INTO current_way_nodes (way_id, node_id, sequence_id) VALUES (44, 4693, 6);
/* modify way 62*/
INSERT INTO ways (way_id, changeset_id, visible, "timestamp", version) VALUES (62, 3, true, (now() at time zone 'utc'), 2);
UPDATE current_ways SET changeset_id=3, visible=true, "timestamp"=(now() at time zone 'utc'), version=2 WHERE id=62;
DELETE FROM current_way_tags WHERE way_id = 62;
DELETE FROM way_tags WHERE way_id = 62;
INSERT INTO current_way_tags (way_id, k, v) VALUES (62, 'accuracy', '5');
INSERT INTO way_tags (way_id, k, v, version) VALUES (62, 'accuracy', '5', 2);
INSERT INTO current_way_tags (way_id, k, v) VALUES (62, 'hoot:id', '62');
INSERT INTO way_tags (way_id, k, v, version) VALUES (62, 'hoot:id', '62', 2);
INSERT INTO current_way_tags (way_id, k, v) VALUES (62, 'hoot:status', '3');
INSERT INTO way_tags (way_id, k, v, version) VALUES (62, 'hoot:status', '3', 2);
INSERT INTO current_way_tags (way_id, k, v) VALUES (62, 'alt_name', '17th St NW');
INSERT INTO way_tags (way_id, k, v, version) VALUES (62, 'alt_name', '17th St NW', 2);
INSERT INTO current_way_tags (way_id, k, v) VALUES (62, 'name', '17TH ST NW');
INSERT INTO way_tags (way_id, k, v, version) VALUES (62, 'name', '17TH ST NW', 2);
INSERT INTO current_way_tags (way_id, k, v) VALUES (62, 'highway', 'road');
INSERT INTO way_tags (way_id, k, v, version) VALUES (62, 'highway', 'road', 2);
DELETE FROM current_way_nodes WHERE way_id = 62;
DELETE FROM way_nodes WHERE way_id = 62;
INSERT INTO way_nodes (way_id, node_id, version, sequence_id) VALUES (62, 3702, 1, 1);
INSERT INTO current_way_nodes (way_id, node_id, sequence_id) VALUES (62, 3702, 1);
INSERT INTO way_nodes (way_id, node_id, version, sequence_id) VALUES (62, 3703, 1, 2);
INSERT INTO current_way_nodes (way_id, node_id, sequence_id) VALUES (62, 3703, 2);
INSERT INTO way_nodes (way_id, node_id, version, sequence_id) VALUES (62, 3704, 1, 3);
INSERT INTO current_way_nodes (way_id, node_id, sequence_id) VALUES (62, 3704, 3);
INSERT INTO way_nodes (way_id, node_id, version, sequence_id) VALUES (62, 3705, 1, 4);
INSERT INTO current_way_nodes (way_id, node_id, sequence_id) VALUES (62, 3705, 4);
INSERT INTO way_nodes (way_id, node_id, version, sequence_id) VALUES (62, 3707, 1, 5);
INSERT INTO current_way_nodes (way_id, node_id, sequence_id) VALUES (62, 3707, 5);
INSERT INTO way_nodes (way_id, node_id, version, sequence_id) VALUES (62, 3709, 1, 6);
INSERT INTO current_way_nodes (way_id, node_id, sequence_id) VALUES (62, 3709, 6);
INSERT INTO way_nodes (way_id, node_id, version, sequence_id) VALUES (62, 3711, 1, 7);
INSERT INTO current_way_nodes (way_id, node_id, sequence_id) VALUES (62, 3711, 7);
INSERT INTO way_nodes (way_id, node_id, version, sequence_id) VALUES (62, 3713, 1, 8);
INSERT INTO current_way_nodes (way_id, node_id, sequence_id) VALUES (62, 3713, 8);
/* modify way 63*/
INSERT INTO ways (way_id, changeset_id, visible, "timestamp", version) VALUES (63, 3, true, (now() at time zone 'utc'), 2);
UPDATE current_ways SET changeset_id=3, visible=true, "timestamp"=(now() at time zone 'utc'), version=2 WHERE id=63;
DELETE FROM current_way_tags WHERE way_id = 63;
DELETE FROM way_tags WHERE way_id = 63;
INSERT INTO current_way_tags (way_id, k, v) VALUES (63, 'accuracy', '5');
INSERT INTO way_tags (way_id, k, v, version) VALUES (63, 'accuracy', '5', 2);
INSERT INTO current_way_tags (way_id, k, v) VALUES (63, 'hoot:id', '63');
INSERT INTO way_tags (way_id, k, v, version) VALUES (63, 'hoot:id', '63', 2);
INSERT INTO current_way_tags (way_id, k, v) VALUES (63, 'hoot:status', '3');
INSERT INTO way_tags (way_id, k, v, version) VALUES (63, 'hoot:status', '3', 2);
INSERT INTO current_way_tags (way_id, k, v) VALUES (63, 'alt_name', '17th St NW');
INSERT INTO way_tags (way_id, k, v, version) VALUES (63, 'alt_name', '17th St NW', 2);
INSERT INTO current_way_tags (way_id, k, v) VALUES (63, 'name', '17TH ST NW');
INSERT INTO way_tags (way_id, k, v, version) VALUES (63, 'name', '17TH ST NW', 2);
INSERT INTO current_way_tags (way_id, k, v) VALUES (63, 'highway', 'road');
INSERT INTO way_tags (way_id, k, v, version) VALUES (63, 'highway', 'road', 2);
DELETE FROM current_way_nodes WHERE way_id = 63;
DELETE FROM way_nodes WHERE way_id = 63;
INSERT INTO way_nodes (way_id, node_id, version, sequence_id) VALUES (63, 3713, 1, 1);
INSERT INTO current_way_nodes (way_id, node_id, sequence_id) VALUES (63, 3713, 1);
INSERT INTO way_nodes (way_id, node_id, version, sequence_id) VALUES (63, 3715, 1, 2);
INSERT INTO current_way_nodes (way_id, node_id, sequence_id) VALUES (63, 3715, 2);
INSERT INTO way_nodes (way_id, node_id, version, sequence_id) VALUES (63, 3717, 1, 3);
INSERT INTO current_way_nodes (way_id, node_id, sequence_id) VALUES (63, 3717, 3);
INSERT INTO way_nodes (way_id, node_id, version, sequence_id) VALUES (63, 3719, 1, 4);
INSERT INTO current_way_nodes (way_id, node_id, sequence_id) VALUES (63, 3719, 4);
INSERT INTO way_nodes (way_id, node_id, version, sequence_id) VALUES (63, 3721, 1, 5);
INSERT INTO current_way_nodes (way_id, node_id, sequence_id) VALUES (63, 3721, 5);
INSERT INTO way_nodes (way_id, node_id, version, sequence_id) VALUES (63, 3723, 1, 6);
INSERT INTO current_way_nodes (way_id, node_id, sequence_id) VALUES (63, 3723, 6);
/* modify way 65*/
INSERT INTO ways (way_id, changeset_id, visible, "timestamp", version) VALUES (65, 3, true, (now() at time zone 'utc'), 2);
UPDATE current_ways SET changeset_id=3, visible=true, "timestamp"=(now() at time zone 'utc'), version=2 WHERE id=65;
DELETE FROM current_way_tags WHERE way_id = 65;
DELETE FROM way_tags WHERE way_id = 65;
INSERT INTO current_way_tags (way_id, k, v) VALUES (65, 'accuracy', '5');
INSERT INTO way_tags (way_id, k, v, version) VALUES (65, 'accuracy', '5', 2);
INSERT INTO current_way_tags (way_id, k, v) VALUES (65, 'hoot:id', '65');
INSERT INTO way_tags (way_id, k, v, version) VALUES (65, 'hoot:id', '65', 2);
INSERT INTO current_way_tags (way_id, k, v) VALUES (65, 'hoot:status', '3');
INSERT INTO way_tags (way_id, k, v, version) VALUES (65, 'hoot:status', '3', 2);
INSERT INTO current_way_tags (way_id, k, v) VALUES (65, 'alt_name', '17th St NW');
INSERT INTO way_tags (way_id, k, v, version) VALUES (65, 'alt_name', '17th St NW', 2);
INSERT INTO current_way_tags (way_id, k, v) VALUES (65, 'name', '17TH ST NW');
INSERT INTO way_tags (way_id, k, v, version) VALUES (65, 'name', '17TH ST NW', 2);
INSERT INTO current_way_tags (way_id, k, v) VALUES (65, 'highway', 'road');
INSERT INTO way_tags (way_id, k, v, version) VALUES (65, 'highway', 'road', 2);
DELETE FROM current_way_nodes WHERE way_id = 65;
DELETE FROM way_nodes WHERE way_id = 65;
INSERT INTO way_nodes (way_id, node_id, version, sequence_id) VALUES (65, 3723, 1, 1);
INSERT INTO current_way_nodes (way_id, node_id, sequence_id) VALUES (65, 3723, 1);
INSERT INTO way_nodes (way_id, node_id, version, sequence_id) VALUES (65, 3724, 1, 2);
INSERT INTO current_way_nodes (way_id, node_id, sequence_id) VALUES (65, 3724, 2);
INSERT INTO way_nodes (way_id, node_id, version, sequence_id) VALUES (65, 3725, 1, 3);
INSERT INTO current_way_nodes (way_id, node_id, sequence_id) VALUES (65, 3725, 3);
INSERT INTO way_nodes (way_id, node_id, version, sequence_id) VALUES (65, 3726, 1, 4);
INSERT INTO current_way_nodes (way_id, node_id, sequence_id) VALUES (65, 3726, 4);
INSERT INTO way_nodes (way_id, node_id, version, sequence_id) VALUES (65, 3727, 1, 5);
INSERT INTO current_way_nodes (way_id, node_id, sequence_id) VALUES (65, 3727, 5);
INSERT INTO way_nodes (way_id, node_id, version, sequence_id) VALUES (65, 3728, 1, 6);
INSERT INTO current_way_nodes (way_id, node_id, sequence_id) VALUES (65, 3728, 6);
INSERT INTO way_nodes (way_id, node_id, version, sequence_id) VALUES (65, 3729, 1, 7);
INSERT INTO current_way_nodes (way_id, node_id, sequence_id) VALUES (65, 3729, 7);
/* modify way 67*/
INSERT INTO ways (way_id, changeset_id, visible, "timestamp", version) VALUES (67, 3, true, (now() at time zone 'utc'), 2);
UPDATE current_ways SET changeset_id=3, visible=true, "timestamp"=(now() at time zone 'utc'), version=2 WHERE id=67;
DELETE FROM current_way_tags WHERE way_id = 67;
DELETE FROM way_tags WHERE way_id = 67;
INSERT INTO current_way_tags (way_id, k, v) VALUES (67, 'accuracy', '5');
INSERT INTO way_tags (way_id, k, v, version) VALUES (67, 'accuracy', '5', 2);
INSERT INTO current_way_tags (way_id, k, v) VALUES (67, 'hoot:id', '67');
INSERT INTO way_tags (way_id, k, v, version) VALUES (67, 'hoot:id', '67', 2);
INSERT INTO current_way_tags (way_id, k, v) VALUES (67, 'hoot:status', '3');
INSERT INTO way_tags (way_id, k, v, version) VALUES (67, 'hoot:status', '3', 2);
INSERT INTO current_way_tags (way_id, k, v) VALUES (67, 'alt_name', '17th St NW');
INSERT INTO way_tags (way_id, k, v, version) VALUES (67, 'alt_name', '17th St NW', 2);
INSERT INTO current_way_tags (way_id, k, v) VALUES (67, 'name', '17TH ST NW');
INSERT INTO way_tags (way_id, k, v, version) VALUES (67, 'name', '17TH ST NW', 2);
INSERT INTO current_way_tags (way_id, k, v) VALUES (67, 'highway', 'road');
INSERT INTO way_tags (way_id, k, v, version) VALUES (67, 'highway', 'road', 2);
DELETE FROM current_way_nodes WHERE way_id = 67;
DELETE FROM way_nodes WHERE way_id = 67;
INSERT INTO way_nodes (way_id, node_id, version, sequence_id) VALUES (67, 3729, 1, 1);
INSERT INTO current_way_nodes (way_id, node_id, sequence_id) VALUES (67, 3729, 1);
INSERT INTO way_nodes (way_id, node_id, version, sequence_id) VALUES (67, 3730, 1, 2);
INSERT INTO current_way_nodes (way_id, node_id, sequence_id) VALUES (67, 3730, 2);
INSERT INTO way_nodes (way_id, node_id, version, sequence_id) VALUES (67, 3731, 1, 3);
INSERT INTO current_way_nodes (way_id, node_id, sequence_id) VALUES (67, 3731, 3);
INSERT INTO way_nodes (way_id, node_id, version, sequence_id) VALUES (67, 3732, 1, 4);
INSERT INTO current_way_nodes (way_id, node_id, sequence_id) VALUES (67, 3732, 4);
INSERT INTO way_nodes (way_id, node_id, version, sequence_id) VALUES (67, 3733, 1, 5);
INSERT INTO current_way_nodes (way_id, node_id, sequence_id) VALUES (67, 3733, 5);
INSERT INTO way_nodes (way_id, node_id, version, sequence_id) VALUES (67, 3469, 1, 6);
INSERT INTO current_way_nodes (way_id, node_id, sequence_id) VALUES (67, 3469, 6);
/* modify way 70*/
INSERT INTO ways (way_id, changeset_id, visible, "timestamp", version) VALUES (70, 3, true, (now() at time zone 'utc'), 2);
UPDATE current_ways SET changeset_id=3, visible=true, "timestamp"=(now() at time zone 'utc'), version=2 WHERE id=70;
DELETE FROM current_way_tags WHERE way_id = 70;
DELETE FROM way_tags WHERE way_id = 70;
INSERT INTO current_way_tags (way_id, k, v) VALUES (70, 'accuracy', '5');
INSERT INTO way_tags (way_id, k, v, version) VALUES (70, 'accuracy', '5', 2);
INSERT INTO current_way_tags (way_id, k, v) VALUES (70, 'hoot:id', '70');
INSERT INTO way_tags (way_id, k, v, version) VALUES (70, 'hoot:id', '70', 2);
INSERT INTO current_way_tags (way_id, k, v) VALUES (70, 'hoot:status', '3');
INSERT INTO way_tags (way_id, k, v, version) VALUES (70, 'hoot:status', '3', 2);
INSERT INTO current_way_tags (way_id, k, v) VALUES (70, 'alt_name', '15th St NW;Raoul Wallenberg Pl SW');
INSERT INTO way_tags (way_id, k, v, version) VALUES (70, 'alt_name', '15th St NW;Raoul Wallenberg Pl SW', 2);
INSERT INTO current_way_tags (way_id, k, v) VALUES (70, 'name', '15TH ST NW');
INSERT INTO way_tags (way_id, k, v, version) VALUES (70, 'name', '15TH ST NW', 2);
INSERT INTO current_way_tags (way_id, k, v) VALUES (70, 'highway', 'road');
INSERT INTO way_tags (way_id, k, v, version) VALUES (70, 'highway', 'road', 2);
DELETE FROM current_way_nodes WHERE way_id = 70;
DELETE FROM way_nodes WHERE way_id = 70;
INSERT INTO way_nodes (way_id, node_id, version, sequence_id) VALUES (70, 1052, 1, 1);
INSERT INTO current_way_nodes (way_id, node_id, sequence_id) VALUES (70, 1052, 1);
INSERT INTO way_nodes (way_id, node_id, version, sequence_id) VALUES (70, 2199, 1, 2);
INSERT INTO current_way_nodes (way_id, node_id, sequence_id) VALUES (70, 2199, 2);
INSERT INTO way_nodes (way_id, node_id, version, sequence_id) VALUES (70, 2200, 1, 3);
INSERT INTO current_way_nodes (way_id, node_id, sequence_id) VALUES (70, 2200, 3);
INSERT INTO way_nodes (way_id, node_id, version, sequence_id) VALUES (70, 2201, 1, 4);
INSERT INTO current_way_nodes (way_id, node_id, sequence_id) VALUES (70, 2201, 4);
INSERT INTO way_nodes (way_id, node_id, version, sequence_id) VALUES (70, 2202, 1, 5);
INSERT INTO current_way_nodes (way_id, node_id, sequence_id) VALUES (70, 2202, 5);
INSERT INTO way_nodes (way_id, node_id, version, sequence_id) VALUES (70, 2203, 1, 6);
INSERT INTO current_way_nodes (way_id, node_id, sequence_id) VALUES (70, 2203, 6);
INSERT INTO way_nodes (way_id, node_id, version, sequence_id) VALUES (70, 2204, 1, 7);
INSERT INTO current_way_nodes (way_id, node_id, sequence_id) VALUES (70, 2204, 7);
INSERT INTO way_nodes (way_id, node_id, version, sequence_id) VALUES (70, 2205, 1, 8);
INSERT INTO current_way_nodes (way_id, node_id, sequence_id) VALUES (70, 2205, 8);
INSERT INTO way_nodes (way_id, node_id, version, sequence_id) VALUES (70, 2206, 1, 9);
INSERT INTO current_way_nodes (way_id, node_id, sequence_id) VALUES (70, 2206, 9);
INSERT INTO way_nodes (way_id, node_id, version, sequence_id) VALUES (70, 2207, 1, 10);
INSERT INTO current_way_nodes (way_id, node_id, sequence_id) VALUES (70, 2207, 10);
INSERT INTO way_nodes (way_id, node_id, version, sequence_id) VALUES (70, 2208, 1, 11);
INSERT INTO current_way_nodes (way_id, node_id, sequence_id) VALUES (70, 2208, 11);
INSERT INTO way_nodes (way_id, node_id, version, sequence_id) VALUES (70, 2209, 1, 12);
INSERT INTO current_way_nodes (way_id, node_id, sequence_id) VALUES (70, 2209, 12);
INSERT INTO way_nodes (way_id, node_id, version, sequence_id) VALUES (70, 2210, 1, 13);
INSERT INTO current_way_nodes (way_id, node_id, sequence_id) VALUES (70, 2210, 13);
INSERT INTO way_nodes (way_id, node_id, version, sequence_id) VALUES (70, 2211, 1, 14);
INSERT INTO current_way_nodes (way_id, node_id, sequence_id) VALUES (70, 2211, 14);
INSERT INTO way_nodes (way_id, node_id, version, sequence_id) VALUES (70, 2212, 1, 15);
INSERT INTO current_way_nodes (way_id, node_id, sequence_id) VALUES (70, 2212, 15);
INSERT INTO way_nodes (way_id, node_id, version, sequence_id) VALUES (70, 2213, 1, 16);
INSERT INTO current_way_nodes (way_id, node_id, sequence_id) VALUES (70, 2213, 16);
INSERT INTO way_nodes (way_id, node_id, version, sequence_id) VALUES (70, 2215, 1, 17);
INSERT INTO current_way_nodes (way_id, node_id, sequence_id) VALUES (70, 2215, 17);
INSERT INTO way_nodes (way_id, node_id, version, sequence_id) VALUES (70, 2217, 1, 18);
INSERT INTO current_way_nodes (way_id, node_id, sequence_id) VALUES (70, 2217, 18);
INSERT INTO way_nodes (way_id, node_id, version, sequence_id) VALUES (70, 2219, 1, 19);
INSERT INTO current_way_nodes (way_id, node_id, sequence_id) VALUES (70, 2219, 19);
INSERT INTO way_nodes (way_id, node_id, version, sequence_id) VALUES (70, 2221, 1, 20);
INSERT INTO current_way_nodes (way_id, node_id, sequence_id) VALUES (70, 2221, 20);
INSERT INTO way_nodes (way_id, node_id, version, sequence_id) VALUES (70, 2223, 1, 21);
INSERT INTO current_way_nodes (way_id, node_id, sequence_id) VALUES (70, 2223, 21);
INSERT INTO way_nodes (way_id, node_id, version, sequence_id) VALUES (70, 2225, 1, 22);
INSERT INTO current_way_nodes (way_id, node_id, sequence_id) VALUES (70, 2225, 22);
INSERT INTO way_nodes (way_id, node_id, version, sequence_id) VALUES (70, 2227, 1, 23);
INSERT INTO current_way_nodes (way_id, node_id, sequence_id) VALUES (70, 2227, 23);
INSERT INTO way_nodes (way_id, node_id, version, sequence_id) VALUES (70, 2229, 1, 24);
INSERT INTO current_way_nodes (way_id, node_id, sequence_id) VALUES (70, 2229, 24);
INSERT INTO way_nodes (way_id, node_id, version, sequence_id) VALUES (70, 2231, 1, 25);
INSERT INTO current_way_nodes (way_id, node_id, sequence_id) VALUES (70, 2231, 25);
INSERT INTO way_nodes (way_id, node_id, version, sequence_id) VALUES (70, 2233, 1, 26);
INSERT INTO current_way_nodes (way_id, node_id, sequence_id) VALUES (70, 2233, 26);
INSERT INTO way_nodes (way_id, node_id, version, sequence_id) VALUES (70, 2235, 1, 27);
INSERT INTO current_way_nodes (way_id, node_id, sequence_id) VALUES (70, 2235, 27);
INSERT INTO way_nodes (way_id, node_id, version, sequence_id) VALUES (70, 2237, 1, 28);
INSERT INTO current_way_nodes (way_id, node_id, sequence_id) VALUES (70, 2237, 28);
INSERT INTO way_nodes (way_id, node_id, version, sequence_id) VALUES (70, 2239, 1, 29);
INSERT INTO current_way_nodes (way_id, node_id, sequence_id) VALUES (70, 2239, 29);
INSERT INTO way_nodes (way_id, node_id, version, sequence_id) VALUES (70, 2241, 1, 30);
INSERT INTO current_way_nodes (way_id, node_id, sequence_id) VALUES (70, 2241, 30);
INSERT INTO way_nodes (way_id, node_id, version, sequence_id) VALUES (70, 2243, 1, 31);
INSERT INTO current_way_nodes (way_id, node_id, sequence_id) VALUES (70, 2243, 31);
INSERT INTO way_nodes (way_id, node_id, version, sequence_id) VALUES (70, 1053, 1, 32);
INSERT INTO current_way_nodes (way_id, node_id, sequence_id) VALUES (70, 1053, 32);
/* modify way 74*/
INSERT INTO ways (way_id, changeset_id, visible, "timestamp", version) VALUES (74, 3, true, (now() at time zone 'utc'), 2);
UPDATE current_ways SET changeset_id=3, visible=true, "timestamp"=(now() at time zone 'utc'), version=2 WHERE id=74;
DELETE FROM current_way_tags WHERE way_id = 74;
DELETE FROM way_tags WHERE way_id = 74;
INSERT INTO current_way_tags (way_id, k, v) VALUES (74, 'accuracy', '5');
INSERT INTO way_tags (way_id, k, v, version) VALUES (74, 'accuracy', '5', 2);
INSERT INTO current_way_tags (way_id, k, v) VALUES (74, 'hoot:id', '74');
INSERT INTO way_tags (way_id, k, v, version) VALUES (74, 'hoot:id', '74', 2);
INSERT INTO current_way_tags (way_id, k, v) VALUES (74, 'hoot:status', '3');
INSERT INTO way_tags (way_id, k, v, version) VALUES (74, 'hoot:status', '3', 2);
INSERT INTO current_way_tags (way_id, k, v) VALUES (74, 'alt_name', '15th St NW');
INSERT INTO way_tags (way_id, k, v, version) VALUES (74, 'alt_name', '15th St NW', 2);
INSERT INTO current_way_tags (way_id, k, v) VALUES (74, 'name', '15TH ST NW');
INSERT INTO way_tags (way_id, k, v, version) VALUES (74, 'name', '15TH ST NW', 2);
INSERT INTO current_way_tags (way_id, k, v) VALUES (74, 'highway', 'road');
INSERT INTO way_tags (way_id, k, v, version) VALUES (74, 'highway', 'road', 2);
DELETE FROM current_way_nodes WHERE way_id = 74;
DELETE FROM way_nodes WHERE way_id = 74;
INSERT INTO way_nodes (way_id, node_id, version, sequence_id) VALUES (74, 1073, 1, 1);
INSERT INTO current_way_nodes (way_id, node_id, sequence_id) VALUES (74, 1073, 1);
INSERT INTO way_nodes (way_id, node_id, version, sequence_id) VALUES (74, 2245, 1, 2);
INSERT INTO current_way_nodes (way_id, node_id, sequence_id) VALUES (74, 2245, 2);
INSERT INTO way_nodes (way_id, node_id, version, sequence_id) VALUES (74, 2247, 1, 3);
INSERT INTO current_way_nodes (way_id, node_id, sequence_id) VALUES (74, 2247, 3);
INSERT INTO way_nodes (way_id, node_id, version, sequence_id) VALUES (74, 2249, 1, 4);
INSERT INTO current_way_nodes (way_id, node_id, sequence_id) VALUES (74, 2249, 4);
INSERT INTO way_nodes (way_id, node_id, version, sequence_id) VALUES (74, 2250, 1, 5);
INSERT INTO current_way_nodes (way_id, node_id, sequence_id) VALUES (74, 2250, 5);
/* modify way 84*/
INSERT INTO ways (way_id, changeset_id, visible, "timestamp", version) VALUES (84, 3, true, (now() at time zone 'utc'), 2);
UPDATE current_ways SET changeset_id=3, visible=true, "timestamp"=(now() at time zone 'utc'), version=2 WHERE id=84;
DELETE FROM current_way_tags WHERE way_id = 84;
DELETE FROM way_tags WHERE way_id = 84;
INSERT INTO current_way_tags (way_id, k, v) VALUES (84, 'accuracy', '5');
INSERT INTO way_tags (way_id, k, v, version) VALUES (84, 'accuracy', '5', 2);
INSERT INTO current_way_tags (way_id, k, v) VALUES (84, 'hoot:id', '84');
INSERT INTO way_tags (way_id, k, v, version) VALUES (84, 'hoot:id', '84', 2);
INSERT INTO current_way_tags (way_id, k, v) VALUES (84, 'hoot:status', '3');
INSERT INTO way_tags (way_id, k, v, version) VALUES (84, 'hoot:status', '3', 2);
INSERT INTO current_way_tags (way_id, k, v) VALUES (84, 'alt_name', 'C St NW');
INSERT INTO way_tags (way_id, k, v, version) VALUES (84, 'alt_name', 'C St NW', 2);
INSERT INTO current_way_tags (way_id, k, v) VALUES (84, 'name', 'C ST NW');
INSERT INTO way_tags (way_id, k, v, version) VALUES (84, 'name', 'C ST NW', 2);
INSERT INTO current_way_tags (way_id, k, v) VALUES (84, 'highway', 'road');
INSERT INTO way_tags (way_id, k, v, version) VALUES (84, 'highway', 'road', 2);
DELETE FROM current_way_nodes WHERE way_id = 84;
DELETE FROM way_nodes WHERE way_id = 84;
INSERT INTO way_nodes (way_id, node_id, version, sequence_id) VALUES (84, 3723, 1, 1);
INSERT INTO current_way_nodes (way_id, node_id, sequence_id) VALUES (84, 3723, 1);
INSERT INTO way_nodes (way_id, node_id, version, sequence_id) VALUES (84, 2677, 1, 2);
INSERT INTO current_way_nodes (way_id, node_id, sequence_id) VALUES (84, 2677, 2);
INSERT INTO way_nodes (way_id, node_id, version, sequence_id) VALUES (84, 2678, 1, 3);
INSERT INTO current_way_nodes (way_id, node_id, sequence_id) VALUES (84, 2678, 3);
INSERT INTO way_nodes (way_id, node_id, version, sequence_id) VALUES (84, 2679, 1, 4);
INSERT INTO current_way_nodes (way_id, node_id, sequence_id) VALUES (84, 2679, 4);
INSERT INTO way_nodes (way_id, node_id, version, sequence_id) VALUES (84, 2680, 1, 5);
INSERT INTO current_way_nodes (way_id, node_id, sequence_id) VALUES (84, 2680, 5);
INSERT INTO way_nodes (way_id, node_id, version, sequence_id) VALUES (84, 2681, 1, 6);
INSERT INTO current_way_nodes (way_id, node_id, sequence_id) VALUES (84, 2681, 6);
INSERT INTO way_nodes (way_id, node_id, version, sequence_id) VALUES (84, 3740, 1, 7);
INSERT INTO current_way_nodes (way_id, node_id, sequence_id) VALUES (84, 3740, 7);
/* modify way 86*/
INSERT INTO ways (way_id, changeset_id, visible, "timestamp", version) VALUES (86, 3, true, (now() at time zone 'utc'), 2);
UPDATE current_ways SET changeset_id=3, visible=true, "timestamp"=(now() at time zone 'utc'), version=2 WHERE id=86;
DELETE FROM current_way_tags WHERE way_id = 86;
DELETE FROM way_tags WHERE way_id = 86;
INSERT INTO current_way_tags (way_id, k, v) VALUES (86, 'accuracy', '5');
INSERT INTO way_tags (way_id, k, v, version) VALUES (86, 'accuracy', '5', 2);
INSERT INTO current_way_tags (way_id, k, v) VALUES (86, 'hoot:id', '86');
INSERT INTO way_tags (way_id, k, v, version) VALUES (86, 'hoot:id', '86', 2);
INSERT INTO current_way_tags (way_id, k, v) VALUES (86, 'hoot:status', '3');
INSERT INTO way_tags (way_id, k, v, version) VALUES (86, 'hoot:status', '3', 2);
INSERT INTO current_way_tags (way_id, k, v) VALUES (86, 'alt_name', 'D St NW');
INSERT INTO way_tags (way_id, k, v, version) VALUES (86, 'alt_name', 'D St NW', 2);
INSERT INTO current_way_tags (way_id, k, v) VALUES (86, 'name', 'D ST NW');
INSERT INTO way_tags (way_id, k, v, version) VALUES (86, 'name', 'D ST NW', 2);
INSERT INTO current_way_tags (way_id, k, v) VALUES (86, 'highway', 'road');
INSERT INTO way_tags (way_id, k, v, version) VALUES (86, 'highway', 'road', 2);
DELETE FROM current_way_nodes WHERE way_id = 86;
DELETE FROM way_nodes WHERE way_id = 86;
INSERT INTO way_nodes (way_id, node_id, version, sequence_id) VALUES (86, 3729, 1, 1);
INSERT INTO current_way_nodes (way_id, node_id, sequence_id) VALUES (86, 3729, 1);
INSERT INTO way_nodes (way_id, node_id, version, sequence_id) VALUES (86, 40, 1, 2);
INSERT INTO current_way_nodes (way_id, node_id, sequence_id) VALUES (86, 40, 2);
INSERT INTO way_nodes (way_id, node_id, version, sequence_id) VALUES (86, 42, 1, 3);
INSERT INTO current_way_nodes (way_id, node_id, sequence_id) VALUES (86, 42, 3);
INSERT INTO way_nodes (way_id, node_id, version, sequence_id) VALUES (86, 44, 1, 4);
INSERT INTO current_way_nodes (way_id, node_id, sequence_id) VALUES (86, 44, 4);
INSERT INTO way_nodes (way_id, node_id, version, sequence_id) VALUES (86, 46, 1, 5);
INSERT INTO current_way_nodes (way_id, node_id, sequence_id) VALUES (86, 46, 5);
INSERT INTO way_nodes (way_id, node_id, version, sequence_id) VALUES (86, 48, 1, 6);
INSERT INTO current_way_nodes (way_id, node_id, sequence_id) VALUES (86, 48, 6);
INSERT INTO way_nodes (way_id, node_id, version, sequence_id) VALUES (86, 50, 1, 7);
INSERT INTO current_way_nodes (way_id, node_id, sequence_id) VALUES (86, 50, 7);
INSERT INTO way_nodes (way_id, node_id, version, sequence_id) VALUES (86, 3745, 1, 8);
INSERT INTO current_way_nodes (way_id, node_id, sequence_id) VALUES (86, 3745, 8);
/* modify way 112*/
INSERT INTO ways (way_id, changeset_id, visible, "timestamp", version) VALUES (112, 3, true, (now() at time zone 'utc'), 2);
UPDATE current_ways SET changeset_id=3, visible=true, "timestamp"=(now() at time zone 'utc'), version=2 WHERE id=112;
DELETE FROM current_way_tags WHERE way_id = 112;
DELETE FROM way_tags WHERE way_id = 112;
INSERT INTO current_way_tags (way_id, k, v) VALUES (112, 'accuracy', '5');
INSERT INTO way_tags (way_id, k, v, version) VALUES (112, 'accuracy', '5', 2);
INSERT INTO current_way_tags (way_id, k, v) VALUES (112, 'hoot:id', '112');
INSERT INTO way_tags (way_id, k, v, version) VALUES (112, 'hoot:id', '112', 2);
INSERT INTO current_way_tags (way_id, k, v) VALUES (112, 'hoot:status', '3');
INSERT INTO way_tags (way_id, k, v, version) VALUES (112, 'hoot:status', '3', 2);
INSERT INTO current_way_tags (way_id, k, v) VALUES (112, 'alt_name', 'E St NW');
INSERT INTO way_tags (way_id, k, v, version) VALUES (112, 'alt_name', 'E St NW', 2);
INSERT INTO current_way_tags (way_id, k, v) VALUES (112, 'name', 'E ST NW');
INSERT INTO way_tags (way_id, k, v, version) VALUES (112, 'name', 'E ST NW', 2);
INSERT INTO current_way_tags (way_id, k, v) VALUES (112, 'highway', 'road');
INSERT INTO way_tags (way_id, k, v, version) VALUES (112, 'highway', 'road', 2);
DELETE FROM current_way_nodes WHERE way_id = 112;
DELETE FROM way_nodes WHERE way_id = 112;
INSERT INTO way_nodes (way_id, node_id, version, sequence_id) VALUES (112, 112, 1, 1);
INSERT INTO current_way_nodes (way_id, node_id, sequence_id) VALUES (112, 112, 1);
INSERT INTO way_nodes (way_id, node_id, version, sequence_id) VALUES (112, 3065, 1, 2);
INSERT INTO current_way_nodes (way_id, node_id, sequence_id) VALUES (112, 3065, 2);
INSERT INTO way_nodes (way_id, node_id, version, sequence_id) VALUES (112, 3066, 1, 3);
INSERT INTO current_way_nodes (way_id, node_id, sequence_id) VALUES (112, 3066, 3);
INSERT INTO way_nodes (way_id, node_id, version, sequence_id) VALUES (112, 3067, 1, 4);
INSERT INTO current_way_nodes (way_id, node_id, sequence_id) VALUES (112, 3067, 4);
INSERT INTO way_nodes (way_id, node_id, version, sequence_id) VALUES (112, 3068, 1, 5);
INSERT INTO current_way_nodes (way_id, node_id, sequence_id) VALUES (112, 3068, 5);
INSERT INTO way_nodes (way_id, node_id, version, sequence_id) VALUES (112, 3069, 1, 6);
INSERT INTO current_way_nodes (way_id, node_id, sequence_id) VALUES (112, 3069, 6);
INSERT INTO way_nodes (way_id, node_id, version, sequence_id) VALUES (112, 3070, 1, 7);
INSERT INTO current_way_nodes (way_id, node_id, sequence_id) VALUES (112, 3070, 7);
INSERT INTO way_nodes (way_id, node_id, version, sequence_id) VALUES (112, 3071, 1, 8);
INSERT INTO current_way_nodes (way_id, node_id, sequence_id) VALUES (112, 3071, 8);
INSERT INTO way_nodes (way_id, node_id, version, sequence_id) VALUES (112, 3072, 1, 9);
INSERT INTO current_way_nodes (way_id, node_id, sequence_id) VALUES (112, 3072, 9);
INSERT INTO way_nodes (way_id, node_id, version, sequence_id) VALUES (112, 3073, 1, 10);
INSERT INTO current_way_nodes (way_id, node_id, sequence_id) VALUES (112, 3073, 10);
INSERT INTO way_nodes (way_id, node_id, version, sequence_id) VALUES (112, 3074, 1, 11);
INSERT INTO current_way_nodes (way_id, node_id, sequence_id) VALUES (112, 3074, 11);
INSERT INTO way_nodes (way_id, node_id, version, sequence_id) VALUES (112, 3075, 1, 12);
INSERT INTO current_way_nodes (way_id, node_id, sequence_id) VALUES (112, 3075, 12);
INSERT INTO way_nodes (way_id, node_id, version, sequence_id) VALUES (112, 4276, 1, 13);
INSERT INTO current_way_nodes (way_id, node_id, sequence_id) VALUES (112, 4276, 13);
/* modify way 114*/
INSERT INTO ways (way_id, changeset_id, visible, "timestamp", version) VALUES (114, 3, true, (now() at time zone 'utc'), 2);
UPDATE current_ways SET changeset_id=3, visible=true, "timestamp"=(now() at time zone 'utc'), version=2 WHERE id=114;
DELETE FROM current_way_tags WHERE way_id = 114;
DELETE FROM way_tags WHERE way_id = 114;
INSERT INTO current_way_tags (way_id, k, v) VALUES (114, 'accuracy', '5');
INSERT INTO way_tags (way_id, k, v, version) VALUES (114, 'accuracy', '5', 2);
INSERT INTO current_way_tags (way_id, k, v) VALUES (114, 'hoot:id', '114');
INSERT INTO way_tags (way_id, k, v, version) VALUES (114, 'hoot:id', '114', 2);
INSERT INTO current_way_tags (way_id, k, v) VALUES (114, 'hoot:status', '3');
INSERT INTO way_tags (way_id, k, v, version) VALUES (114, 'hoot:status', '3', 2);
INSERT INTO current_way_tags (way_id, k, v) VALUES (114, 'alt_name', 'E St NW;Ellipse Rd NW');
INSERT INTO way_tags (way_id, k, v, version) VALUES (114, 'alt_name', 'E St NW;Ellipse Rd NW', 2);
INSERT INTO current_way_tags (way_id, k, v) VALUES (114, 'name', 'E ST NW');
INSERT INTO way_tags (way_id, k, v, version) VALUES (114, 'name', 'E ST NW', 2);
INSERT INTO current_way_tags (way_id, k, v) VALUES (114, 'highway', 'road');
INSERT INTO way_tags (way_id, k, v, version) VALUES (114, 'highway', 'road', 2);
DELETE FROM current_way_nodes WHERE way_id = 114;
DELETE FROM way_nodes WHERE way_id = 114;
INSERT INTO way_nodes (way_id, node_id, version, sequence_id) VALUES (114, 4276, 1, 1);
INSERT INTO current_way_nodes (way_id, node_id, sequence_id) VALUES (114, 4276, 1);
INSERT INTO way_nodes (way_id, node_id, version, sequence_id) VALUES (114, 3076, 1, 2);
INSERT INTO current_way_nodes (way_id, node_id, sequence_id) VALUES (114, 3076, 2);
INSERT INTO way_nodes (way_id, node_id, version, sequence_id) VALUES (114, 3077, 1, 3);
INSERT INTO current_way_nodes (way_id, node_id, sequence_id) VALUES (114, 3077, 3);
INSERT INTO way_nodes (way_id, node_id, version, sequence_id) VALUES (114, 3078, 1, 4);
INSERT INTO current_way_nodes (way_id, node_id, sequence_id) VALUES (114, 3078, 4);
INSERT INTO way_nodes (way_id, node_id, version, sequence_id) VALUES (114, 3079, 1, 5);
INSERT INTO current_way_nodes (way_id, node_id, sequence_id) VALUES (114, 3079, 5);
INSERT INTO way_nodes (way_id, node_id, version, sequence_id) VALUES (114, 549, 1, 6);
INSERT INTO current_way_nodes (way_id, node_id, sequence_id) VALUES (114, 549, 6);
/* modify way 116*/
INSERT INTO ways (way_id, changeset_id, visible, "timestamp", version) VALUES (116, 3, true, (now() at time zone 'utc'), 2);
UPDATE current_ways SET changeset_id=3, visible=true, "timestamp"=(now() at time zone 'utc'), version=2 WHERE id=116;
DELETE FROM current_way_tags WHERE way_id = 116;
DELETE FROM way_tags WHERE way_id = 116;
INSERT INTO current_way_tags (way_id, k, v) VALUES (116, 'accuracy', '5');
INSERT INTO way_tags (way_id, k, v, version) VALUES (116, 'accuracy', '5', 2);
INSERT INTO current_way_tags (way_id, k, v) VALUES (116, 'hoot:id', '116');
INSERT INTO way_tags (way_id, k, v, version) VALUES (116, 'hoot:id', '116', 2);
INSERT INTO current_way_tags (way_id, k, v) VALUES (116, 'hoot:status', '3');
INSERT INTO way_tags (way_id, k, v, version) VALUES (116, 'hoot:status', '3', 2);
INSERT INTO current_way_tags (way_id, k, v) VALUES (116, 'alt_name', 'E St NW');
INSERT INTO way_tags (way_id, k, v, version) VALUES (116, 'alt_name', 'E St NW', 2);
INSERT INTO current_way_tags (way_id, k, v) VALUES (116, 'name', 'E ST NW');
INSERT INTO way_tags (way_id, k, v, version) VALUES (116, 'name', 'E ST NW', 2);
INSERT INTO current_way_tags (way_id, k, v) VALUES (116, 'highway', 'road');
INSERT INTO way_tags (way_id, k, v, version) VALUES (116, 'highway', 'road', 2);
DELETE FROM current_way_nodes WHERE way_id = 116;
DELETE FROM way_nodes WHERE way_id = 116;
INSERT INTO way_nodes (way_id, node_id, version, sequence_id) VALUES (116, 3469, 1, 1);
INSERT INTO current_way_nodes (way_id, node_id, sequence_id) VALUES (116, 3469, 1);
INSERT INTO way_nodes (way_id, node_id, version, sequence_id) VALUES (116, 3080, 1, 2);
INSERT INTO current_way_nodes (way_id, node_id, sequence_id) VALUES (116, 3080, 2);
INSERT INTO way_nodes (way_id, node_id, version, sequence_id) VALUES (116, 3081, 1, 3);
INSERT INTO current_way_nodes (way_id, node_id, sequence_id) VALUES (116, 3081, 3);
INSERT INTO way_nodes (way_id, node_id, version, sequence_id) VALUES (116, 3082, 1, 4);
INSERT INTO current_way_nodes (way_id, node_id, sequence_id) VALUES (116, 3082, 4);
INSERT INTO way_nodes (way_id, node_id, version, sequence_id) VALUES (116, 3083, 1, 5);
INSERT INTO current_way_nodes (way_id, node_id, sequence_id) VALUES (116, 3083, 5);
INSERT INTO way_nodes (way_id, node_id, version, sequence_id) VALUES (116, 3084, 1, 6);
INSERT INTO current_way_nodes (way_id, node_id, sequence_id) VALUES (116, 3084, 6);
INSERT INTO way_nodes (way_id, node_id, version, sequence_id) VALUES (116, 3085, 1, 7);
INSERT INTO current_way_nodes (way_id, node_id, sequence_id) VALUES (116, 3085, 7);
INSERT INTO way_nodes (way_id, node_id, version, sequence_id) VALUES (116, 3086, 1, 8);
INSERT INTO current_way_nodes (way_id, node_id, sequence_id) VALUES (116, 3086, 8);
INSERT INTO way_nodes (way_id, node_id, version, sequence_id) VALUES (116, 3087, 1, 9);
INSERT INTO current_way_nodes (way_id, node_id, sequence_id) VALUES (116, 3087, 9);
INSERT INTO way_nodes (way_id, node_id, version, sequence_id) VALUES (116, 3088, 1, 10);
INSERT INTO current_way_nodes (way_id, node_id, sequence_id) VALUES (116, 3088, 10);
INSERT INTO way_nodes (way_id, node_id, version, sequence_id) VALUES (116, 3750, 1, 11);
INSERT INTO current_way_nodes (way_id, node_id, sequence_id) VALUES (116, 3750, 11);
/* modify way 136*/
INSERT INTO ways (way_id, changeset_id, visible, "timestamp", version) VALUES (136, 3, true, (now() at time zone 'utc'), 2);
UPDATE current_ways SET changeset_id=3, visible=true, "timestamp"=(now() at time zone 'utc'), version=2 WHERE id=136;
DELETE FROM current_way_tags WHERE way_id = 136;
DELETE FROM way_tags WHERE way_id = 136;
INSERT INTO current_way_tags (way_id, k, v) VALUES (136, 'accuracy', '5');
INSERT INTO way_tags (way_id, k, v, version) VALUES (136, 'accuracy', '5', 2);
INSERT INTO current_way_tags (way_id, k, v) VALUES (136, 'hoot:id', '136');
INSERT INTO way_tags (way_id, k, v, version) VALUES (136, 'hoot:id', '136', 2);
INSERT INTO current_way_tags (way_id, k, v) VALUES (136, 'hoot:status', '3');
INSERT INTO way_tags (way_id, k, v, version) VALUES (136, 'hoot:status', '3', 2);
INSERT INTO current_way_tags (way_id, k, v) VALUES (136, 'alt_name', '16th St NW');
INSERT INTO way_tags (way_id, k, v, version) VALUES (136, 'alt_name', '16th St NW', 2);
INSERT INTO current_way_tags (way_id, k, v) VALUES (136, 'name', '16TH ST NW');
INSERT INTO way_tags (way_id, k, v, version) VALUES (136, 'name', '16TH ST NW', 2);
INSERT INTO current_way_tags (way_id, k, v) VALUES (136, 'highway', 'road');
INSERT INTO way_tags (way_id, k, v, version) VALUES (136, 'highway', 'road', 2);
DELETE FROM current_way_nodes WHERE way_id = 136;
DELETE FROM way_nodes WHERE way_id = 136;
INSERT INTO way_nodes (way_id, node_id, version, sequence_id) VALUES (136, 3833, 1, 1);
INSERT INTO current_way_nodes (way_id, node_id, sequence_id) VALUES (136, 3833, 1);
INSERT INTO way_nodes (way_id, node_id, version, sequence_id) VALUES (136, 3835, 1, 2);
INSERT INTO current_way_nodes (way_id, node_id, sequence_id) VALUES (136, 3835, 2);
INSERT INTO way_nodes (way_id, node_id, version, sequence_id) VALUES (136, 3837, 1, 3);
INSERT INTO current_way_nodes (way_id, node_id, sequence_id) VALUES (136, 3837, 3);
INSERT INTO way_nodes (way_id, node_id, version, sequence_id) VALUES (136, 3839, 1, 4);
INSERT INTO current_way_nodes (way_id, node_id, sequence_id) VALUES (136, 3839, 4);
INSERT INTO way_nodes (way_id, node_id, version, sequence_id) VALUES (136, 3841, 1, 5);
INSERT INTO current_way_nodes (way_id, node_id, sequence_id) VALUES (136, 3841, 5);
INSERT INTO way_nodes (way_id, node_id, version, sequence_id) VALUES (136, 3843, 1, 6);
INSERT INTO current_way_nodes (way_id, node_id, sequence_id) VALUES (136, 3843, 6);
/* modify way 140*/
INSERT INTO ways (way_id, changeset_id, visible, "timestamp", version) VALUES (140, 3, true, (now() at time zone 'utc'), 2);
UPDATE current_ways SET changeset_id=3, visible=true, "timestamp"=(now() at time zone 'utc'), version=2 WHERE id=140;
DELETE FROM current_way_tags WHERE way_id = 140;
DELETE FROM way_tags WHERE way_id = 140;
INSERT INTO current_way_tags (way_id, k, v) VALUES (140, 'accuracy', '5');
INSERT INTO way_tags (way_id, k, v, version) VALUES (140, 'accuracy', '5', 2);
INSERT INTO current_way_tags (way_id, k, v) VALUES (140, 'hoot:id', '140');
INSERT INTO way_tags (way_id, k, v, version) VALUES (140, 'hoot:id', '140', 2);
INSERT INTO current_way_tags (way_id, k, v) VALUES (140, 'hoot:status', '3');
INSERT INTO way_tags (way_id, k, v, version) VALUES (140, 'hoot:status', '3', 2);
INSERT INTO current_way_tags (way_id, k, v) VALUES (140, 'alt_name', 'Constitution Ave NW;US Hwy 50');
INSERT INTO way_tags (way_id, k, v, version) VALUES (140, 'alt_name', 'Constitution Ave NW;US Hwy 50', 2);
INSERT INTO current_way_tags (way_id, k, v) VALUES (140, 'name', 'CONSTITUTION AVE NW');
INSERT INTO way_tags (way_id, k, v, version) VALUES (140, 'name', 'CONSTITUTION AVE NW', 2);
INSERT INTO current_way_tags (way_id, k, v) VALUES (140, 'highway', 'road');
INSERT INTO way_tags (way_id, k, v, version) VALUES (140, 'highway', 'road', 2);
DELETE FROM current_way_nodes WHERE way_id = 140;
DELETE FROM way_nodes WHERE way_id = 140;
INSERT INTO way_nodes (way_id, node_id, version, sequence_id) VALUES (140, 4692, 1, 1);
INSERT INTO current_way_nodes (way_id, node_id, sequence_id) VALUES (140, 4692, 1);
INSERT INTO way_nodes (way_id, node_id, version, sequence_id) VALUES (140, 30, 1, 2);
INSERT INTO current_way_nodes (way_id, node_id, sequence_id) VALUES (140, 30, 2);
INSERT INTO way_nodes (way_id, node_id, version, sequence_id) VALUES (140, 31, 1, 3);
INSERT INTO current_way_nodes (way_id, node_id, sequence_id) VALUES (140, 31, 3);
INSERT INTO way_nodes (way_id, node_id, version, sequence_id) VALUES (140, 32, 1, 4);
INSERT INTO current_way_nodes (way_id, node_id, sequence_id) VALUES (140, 32, 4);
INSERT INTO way_nodes (way_id, node_id, version, sequence_id) VALUES (140, 33, 1, 5);
INSERT INTO current_way_nodes (way_id, node_id, sequence_id) VALUES (140, 33, 5);
INSERT INTO way_nodes (way_id, node_id, version, sequence_id) VALUES (140, 34, 1, 6);
INSERT INTO current_way_nodes (way_id, node_id, sequence_id) VALUES (140, 34, 6);
INSERT INTO way_nodes (way_id, node_id, version, sequence_id) VALUES (140, 35, 1, 7);
INSERT INTO current_way_nodes (way_id, node_id, sequence_id) VALUES (140, 35, 7);
INSERT INTO way_nodes (way_id, node_id, version, sequence_id) VALUES (140, 36, 1, 8);
INSERT INTO current_way_nodes (way_id, node_id, sequence_id) VALUES (140, 36, 8);
INSERT INTO way_nodes (way_id, node_id, version, sequence_id) VALUES (140, 3833, 1, 9);
INSERT INTO current_way_nodes (way_id, node_id, sequence_id) VALUES (140, 3833, 9);
/* modify way 142*/
INSERT INTO ways (way_id, changeset_id, visible, "timestamp", version) VALUES (142, 3, true, (now() at time zone 'utc'), 2);
UPDATE current_ways SET changeset_id=3, visible=true, "timestamp"=(now() at time zone 'utc'), version=2 WHERE id=142;
DELETE FROM current_way_tags WHERE way_id = 142;
DELETE FROM way_tags WHERE way_id = 142;
INSERT INTO current_way_tags (way_id, k, v) VALUES (142, 'accuracy', '5');
INSERT INTO way_tags (way_id, k, v, version) VALUES (142, 'accuracy', '5', 2);
INSERT INTO current_way_tags (way_id, k, v) VALUES (142, 'hoot:id', '142');
INSERT INTO way_tags (way_id, k, v, version) VALUES (142, 'hoot:id', '142', 2);
INSERT INTO current_way_tags (way_id, k, v) VALUES (142, 'hoot:status', '3');
INSERT INTO way_tags (way_id, k, v, version) VALUES (142, 'hoot:status', '3', 2);
INSERT INTO current_way_tags (way_id, k, v) VALUES (142, 'alt_name', 'Constitution Ave NW;US Hwy 50');
INSERT INTO way_tags (way_id, k, v, version) VALUES (142, 'alt_name', 'Constitution Ave NW;US Hwy 50', 2);
INSERT INTO current_way_tags (way_id, k, v) VALUES (142, 'name', 'CONSTITUTION AVE NW');
INSERT INTO way_tags (way_id, k, v, version) VALUES (142, 'name', 'CONSTITUTION AVE NW', 2);
INSERT INTO current_way_tags (way_id, k, v) VALUES (142, 'highway', 'road');
INSERT INTO way_tags (way_id, k, v, version) VALUES (142, 'highway', 'road', 2);
DELETE FROM current_way_nodes WHERE way_id = 142;
DELETE FROM way_nodes WHERE way_id = 142;
INSERT INTO way_nodes (way_id, node_id, version, sequence_id) VALUES (142, 3833, 1, 1);
INSERT INTO current_way_nodes (way_id, node_id, sequence_id) VALUES (142, 3833, 1);
INSERT INTO way_nodes (way_id, node_id, version, sequence_id) VALUES (142, 37, 1, 2);
INSERT INTO current_way_nodes (way_id, node_id, sequence_id) VALUES (142, 37, 2);
INSERT INTO way_nodes (way_id, node_id, version, sequence_id) VALUES (142, 38, 1, 3);
INSERT INTO current_way_nodes (way_id, node_id, sequence_id) VALUES (142, 38, 3);
INSERT INTO way_nodes (way_id, node_id, version, sequence_id) VALUES (142, 39, 1, 4);
INSERT INTO current_way_nodes (way_id, node_id, sequence_id) VALUES (142, 39, 4);
INSERT INTO way_nodes (way_id, node_id, version, sequence_id) VALUES (142, 41, 1, 5);
INSERT INTO current_way_nodes (way_id, node_id, sequence_id) VALUES (142, 41, 5);
INSERT INTO way_nodes (way_id, node_id, version, sequence_id) VALUES (142, 43, 1, 6);
INSERT INTO current_way_nodes (way_id, node_id, sequence_id) VALUES (142, 43, 6);
INSERT INTO way_nodes (way_id, node_id, version, sequence_id) VALUES (142, 45, 1, 7);
INSERT INTO current_way_nodes (way_id, node_id, sequence_id) VALUES (142, 45, 7);
INSERT INTO way_nodes (way_id, node_id, version, sequence_id) VALUES (142, 47, 1, 8);
INSERT INTO current_way_nodes (way_id, node_id, sequence_id) VALUES (142, 47, 8);
INSERT INTO way_nodes (way_id, node_id, version, sequence_id) VALUES (142, 49, 1, 9);
INSERT INTO current_way_nodes (way_id, node_id, sequence_id) VALUES (142, 49, 9);
INSERT INTO way_nodes (way_id, node_id, version, sequence_id) VALUES (142, 4691, 1, 10);
INSERT INTO current_way_nodes (way_id, node_id, sequence_id) VALUES (142, 4691, 10);
/* modify way 143*/
INSERT INTO ways (way_id, changeset_id, visible, "timestamp", version) VALUES (143, 3, true, (now() at time zone 'utc'), 2);
UPDATE current_ways SET changeset_id=3, visible=true, "timestamp"=(now() at time zone 'utc'), version=2 WHERE id=143;
DELETE FROM current_way_tags WHERE way_id = 143;
DELETE FROM way_tags WHERE way_id = 143;
INSERT INTO current_way_tags (way_id, k, v) VALUES (143, 'accuracy', '5');
INSERT INTO way_tags (way_id, k, v, version) VALUES (143, 'accuracy', '5', 2);
INSERT INTO current_way_tags (way_id, k, v) VALUES (143, 'hoot:id', '143');
INSERT INTO way_tags (way_id, k, v, version) VALUES (143, 'hoot:id', '143', 2);
INSERT INTO current_way_tags (way_id, k, v) VALUES (143, 'hoot:status', '3');
INSERT INTO way_tags (way_id, k, v, version) VALUES (143, 'hoot:status', '3', 2);
INSERT INTO current_way_tags (way_id, k, v) VALUES (143, 'alt_name', 'Constitution Ave NW;US Hwy 50');
INSERT INTO way_tags (way_id, k, v, version) VALUES (143, 'alt_name', 'Constitution Ave NW;US Hwy 50', 2);
INSERT INTO current_way_tags (way_id, k, v) VALUES (143, 'name', 'CONSTITUTION AVE NW');
INSERT INTO way_tags (way_id, k, v, version) VALUES (143, 'name', 'CONSTITUTION AVE NW', 2);
INSERT INTO current_way_tags (way_id, k, v) VALUES (143, 'highway', 'road');
INSERT INTO way_tags (way_id, k, v, version) VALUES (143, 'highway', 'road', 2);
DELETE FROM current_way_nodes WHERE way_id = 143;
DELETE FROM way_nodes WHERE way_id = 143;
INSERT INTO way_nodes (way_id, node_id, version, sequence_id) VALUES (143, 3713, 1, 1);
INSERT INTO current_way_nodes (way_id, node_id, sequence_id) VALUES (143, 3713, 1);
INSERT INTO way_nodes (way_id, node_id, version, sequence_id) VALUES (143, 51, 1, 2);
INSERT INTO current_way_nodes (way_id, node_id, sequence_id) VALUES (143, 51, 2);
INSERT INTO way_nodes (way_id, node_id, version, sequence_id) VALUES (143, 52, 1, 3);
INSERT INTO current_way_nodes (way_id, node_id, sequence_id) VALUES (143, 52, 3);
INSERT INTO way_nodes (way_id, node_id, version, sequence_id) VALUES (143, 53, 1, 4);
INSERT INTO current_way_nodes (way_id, node_id, sequence_id) VALUES (143, 53, 4);
INSERT INTO way_nodes (way_id, node_id, version, sequence_id) VALUES (143, 54, 1, 5);
INSERT INTO current_way_nodes (way_id, node_id, sequence_id) VALUES (143, 54, 5);
/* modify way 155*/
INSERT INTO ways (way_id, changeset_id, visible, "timestamp", version) VALUES (155, 3, true, (now() at time zone 'utc'), 2);
UPDATE current_ways SET changeset_id=3, visible=true, "timestamp"=(now() at time zone 'utc'), version=2 WHERE id=155;
DELETE FROM current_way_tags WHERE way_id = 155;
DELETE FROM way_tags WHERE way_id = 155;
INSERT INTO current_way_tags (way_id, k, v) VALUES (155, 'accuracy', '5');
INSERT INTO way_tags (way_id, k, v, version) VALUES (155, 'accuracy', '5', 2);
INSERT INTO current_way_tags (way_id, k, v) VALUES (155, 'hoot:id', '155');
INSERT INTO way_tags (way_id, k, v, version) VALUES (155, 'hoot:id', '155', 2);
INSERT INTO current_way_tags (way_id, k, v) VALUES (155, 'hoot:status', '3');
INSERT INTO way_tags (way_id, k, v, version) VALUES (155, 'hoot:status', '3', 2);
INSERT INTO current_way_tags (way_id, k, v) VALUES (155, 'alt_name', 'E Executive Ave NW');
INSERT INTO way_tags (way_id, k, v, version) VALUES (155, 'alt_name', 'E Executive Ave NW', 2);
INSERT INTO current_way_tags (way_id, k, v) VALUES (155, 'name', 'EAST EXECUTIVE AVE NW');
INSERT INTO way_tags (way_id, k, v, version) VALUES (155, 'name', 'EAST EXECUTIVE AVE NW', 2);
INSERT INTO current_way_tags (way_id, k, v) VALUES (155, 'highway', 'road');
INSERT INTO way_tags (way_id, k, v, version) VALUES (155, 'highway', 'road', 2);
DELETE FROM current_way_nodes WHERE way_id = 155;
DELETE FROM way_nodes WHERE way_id = 155;
INSERT INTO way_nodes (way_id, node_id, version, sequence_id) VALUES (155, 112, 1, 1);
INSERT INTO current_way_nodes (way_id, node_id, sequence_id) VALUES (155, 112, 1);
INSERT INTO way_nodes (way_id, node_id, version, sequence_id) VALUES (155, 114, 1, 2);
INSERT INTO current_way_nodes (way_id, node_id, sequence_id) VALUES (155, 114, 2);
INSERT INTO way_nodes (way_id, node_id, version, sequence_id) VALUES (155, 116, 1, 3);
INSERT INTO current_way_nodes (way_id, node_id, sequence_id) VALUES (155, 116, 3);
INSERT INTO way_nodes (way_id, node_id, version, sequence_id) VALUES (155, 2559, 1, 4);
INSERT INTO current_way_nodes (way_id, node_id, sequence_id) VALUES (155, 2559, 4);
/* modify way 207*/
INSERT INTO ways (way_id, changeset_id, visible, "timestamp", version) VALUES (207, 3, true, (now() at time zone 'utc'), 2);
UPDATE current_ways SET changeset_id=3, visible=true, "timestamp"=(now() at time zone 'utc'), version=2 WHERE id=207;
DELETE FROM current_way_tags WHERE way_id = 207;
DELETE FROM way_tags WHERE way_id = 207;
INSERT INTO current_way_tags (way_id, k, v) VALUES (207, 'accuracy', '5');
INSERT INTO way_tags (way_id, k, v, version) VALUES (207, 'accuracy', '5', 2);
INSERT INTO current_way_tags (way_id, k, v) VALUES (207, 'hoot:id', '207');
INSERT INTO way_tags (way_id, k, v, version) VALUES (207, 'hoot:id', '207', 2);
INSERT INTO current_way_tags (way_id, k, v) VALUES (207, 'hoot:status', '3');
INSERT INTO way_tags (way_id, k, v, version) VALUES (207, 'hoot:status', '3', 2);
INSERT INTO current_way_tags (way_id, k, v) VALUES (207, 'name', 'SOUTH EXECUTIVE AVE NW');
INSERT INTO way_tags (way_id, k, v, version) VALUES (207, 'name', 'SOUTH EXECUTIVE AVE NW', 2);
INSERT INTO current_way_tags (way_id, k, v) VALUES (207, 'highway', 'road');
INSERT INTO way_tags (way_id, k, v, version) VALUES (207, 'highway', 'road', 2);
DELETE FROM current_way_nodes WHERE way_id = 207;
DELETE FROM way_nodes WHERE way_id = 207;
INSERT INTO way_nodes (way_id, node_id, version, sequence_id) VALUES (207, 4701, 1, 1);
INSERT INTO current_way_nodes (way_id, node_id, sequence_id) VALUES (207, 4701, 1);
INSERT INTO way_nodes (way_id, node_id, version, sequence_id) VALUES (207, 2565, 1, 2);
INSERT INTO current_way_nodes (way_id, node_id, sequence_id) VALUES (207, 2565, 2);
INSERT INTO way_nodes (way_id, node_id, version, sequence_id) VALUES (207, 2566, 1, 3);
INSERT INTO current_way_nodes (way_id, node_id, sequence_id) VALUES (207, 2566, 3);
INSERT INTO way_nodes (way_id, node_id, version, sequence_id) VALUES (207, 2567, 1, 4);
INSERT INTO current_way_nodes (way_id, node_id, sequence_id) VALUES (207, 2567, 4);
INSERT INTO way_nodes (way_id, node_id, version, sequence_id) VALUES (207, 2568, 1, 5);
INSERT INTO current_way_nodes (way_id, node_id, sequence_id) VALUES (207, 2568, 5);
INSERT INTO way_nodes (way_id, node_id, version, sequence_id) VALUES (207, 2569, 1, 6);
INSERT INTO current_way_nodes (way_id, node_id, sequence_id) VALUES (207, 2569, 6);
INSERT INTO way_nodes (way_id, node_id, version, sequence_id) VALUES (207, 2570, 1, 7);
INSERT INTO current_way_nodes (way_id, node_id, sequence_id) VALUES (207, 2570, 7);
INSERT INTO way_nodes (way_id, node_id, version, sequence_id) VALUES (207, 2571, 1, 8);
INSERT INTO current_way_nodes (way_id, node_id, sequence_id) VALUES (207, 2571, 8);
INSERT INTO way_nodes (way_id, node_id, version, sequence_id) VALUES (207, 2572, 1, 9);
INSERT INTO current_way_nodes (way_id, node_id, sequence_id) VALUES (207, 2572, 9);
INSERT INTO way_nodes (way_id, node_id, version, sequence_id) VALUES (207, 2573, 1, 10);
INSERT INTO current_way_nodes (way_id, node_id, sequence_id) VALUES (207, 2573, 10);
INSERT INTO way_nodes (way_id, node_id, version, sequence_id) VALUES (207, 2574, 1, 11);
INSERT INTO current_way_nodes (way_id, node_id, sequence_id) VALUES (207, 2574, 11);
INSERT INTO way_nodes (way_id, node_id, version, sequence_id) VALUES (207, 2575, 1, 12);
INSERT INTO current_way_nodes (way_id, node_id, sequence_id) VALUES (207, 2575, 12);
INSERT INTO way_nodes (way_id, node_id, version, sequence_id) VALUES (207, 2576, 1, 13);
INSERT INTO current_way_nodes (way_id, node_id, sequence_id) VALUES (207, 2576, 13);
INSERT INTO way_nodes (way_id, node_id, version, sequence_id) VALUES (207, 2577, 1, 14);
INSERT INTO current_way_nodes (way_id, node_id, sequence_id) VALUES (207, 2577, 14);
INSERT INTO way_nodes (way_id, node_id, version, sequence_id) VALUES (207, 2578, 1, 15);
INSERT INTO current_way_nodes (way_id, node_id, sequence_id) VALUES (207, 2578, 15);
INSERT INTO way_nodes (way_id, node_id, version, sequence_id) VALUES (207, 2579, 1, 16);
INSERT INTO current_way_nodes (way_id, node_id, sequence_id) VALUES (207, 2579, 16);
INSERT INTO way_nodes (way_id, node_id, version, sequence_id) VALUES (207, 2580, 1, 17);
INSERT INTO current_way_nodes (way_id, node_id, sequence_id) VALUES (207, 2580, 17);
INSERT INTO way_nodes (way_id, node_id, version, sequence_id) VALUES (207, 2581, 1, 18);
INSERT INTO current_way_nodes (way_id, node_id, sequence_id) VALUES (207, 2581, 18);
INSERT INTO way_nodes (way_id, node_id, version, sequence_id) VALUES (207, 2582, 1, 19);
INSERT INTO current_way_nodes (way_id, node_id, sequence_id) VALUES (207, 2582, 19);
INSERT INTO way_nodes (way_id, node_id, version, sequence_id) VALUES (207, 2583, 1, 20);
INSERT INTO current_way_nodes (way_id, node_id, sequence_id) VALUES (207, 2583, 20);
INSERT INTO way_nodes (way_id, node_id, version, sequence_id) VALUES (207, 2584, 1, 21);
INSERT INTO current_way_nodes (way_id, node_id, sequence_id) VALUES (207, 2584, 21);
INSERT INTO way_nodes (way_id, node_id, version, sequence_id) VALUES (207, 2585, 1, 22);
INSERT INTO current_way_nodes (way_id, node_id, sequence_id) VALUES (207, 2585, 22);
INSERT INTO way_nodes (way_id, node_id, version, sequence_id) VALUES (207, 2586, 1, 23);
INSERT INTO current_way_nodes (way_id, node_id, sequence_id) VALUES (207, 2586, 23);
INSERT INTO way_nodes (way_id, node_id, version, sequence_id) VALUES (207, 2587, 1, 24);
INSERT INTO current_way_nodes (way_id, node_id, sequence_id) VALUES (207, 2587, 24);
INSERT INTO way_nodes (way_id, node_id, version, sequence_id) VALUES (207, 4700, 1, 25);
INSERT INTO current_way_nodes (way_id, node_id, sequence_id) VALUES (207, 4700, 25);
/* modify way 209*/
INSERT INTO ways (way_id, changeset_id, visible, "timestamp", version) VALUES (209, 3, true, (now() at time zone 'utc'), 2);
UPDATE current_ways SET changeset_id=3, visible=true, "timestamp"=(now() at time zone 'utc'), version=2 WHERE id=209;
DELETE FROM current_way_tags WHERE way_id = 209;
DELETE FROM way_tags WHERE way_id = 209;
INSERT INTO current_way_tags (way_id, k, v) VALUES (209, 'accuracy', '5');
INSERT INTO way_tags (way_id, k, v, version) VALUES (209, 'accuracy', '5', 2);
INSERT INTO current_way_tags (way_id, k, v) VALUES (209, 'hoot:id', '209');
INSERT INTO way_tags (way_id, k, v, version) VALUES (209, 'hoot:id', '209', 2);
INSERT INTO current_way_tags (way_id, k, v) VALUES (209, 'hoot:status', '3');
INSERT INTO way_tags (way_id, k, v, version) VALUES (209, 'hoot:status', '3', 2);
INSERT INTO current_way_tags (way_id, k, v) VALUES (209, 'alt_name', '15th St NW');
INSERT INTO way_tags (way_id, k, v, version) VALUES (209, 'alt_name', '15th St NW', 2);
INSERT INTO current_way_tags (way_id, k, v) VALUES (209, 'name', '15TH ST NW');
INSERT INTO way_tags (way_id, k, v, version) VALUES (209, 'name', '15TH ST NW', 2);
INSERT INTO current_way_tags (way_id, k, v) VALUES (209, 'highway', 'road');
INSERT INTO way_tags (way_id, k, v, version) VALUES (209, 'highway', 'road', 2);
DELETE FROM current_way_nodes WHERE way_id = 209;
DELETE FROM way_nodes WHERE way_id = 209;
INSERT INTO way_nodes (way_id, node_id, version, sequence_id) VALUES (209, 1053, 1, 1);
INSERT INTO current_way_nodes (way_id, node_id, sequence_id) VALUES (209, 1053, 1);
INSERT INTO way_nodes (way_id, node_id, version, sequence_id) VALUES (209, 1054, 1, 2);
INSERT INTO current_way_nodes (way_id, node_id, sequence_id) VALUES (209, 1054, 2);
INSERT INTO way_nodes (way_id, node_id, version, sequence_id) VALUES (209, 1055, 1, 3);
INSERT INTO current_way_nodes (way_id, node_id, sequence_id) VALUES (209, 1055, 3);
INSERT INTO way_nodes (way_id, node_id, version, sequence_id) VALUES (209, 1056, 1, 4);
INSERT INTO current_way_nodes (way_id, node_id, sequence_id) VALUES (209, 1056, 4);
INSERT INTO way_nodes (way_id, node_id, version, sequence_id) VALUES (209, 1057, 1, 5);
INSERT INTO current_way_nodes (way_id, node_id, sequence_id) VALUES (209, 1057, 5);
INSERT INTO way_nodes (way_id, node_id, version, sequence_id) VALUES (209, 1058, 1, 6);
INSERT INTO current_way_nodes (way_id, node_id, sequence_id) VALUES (209, 1058, 6);
INSERT INTO way_nodes (way_id, node_id, version, sequence_id) VALUES (209, 1059, 1, 7);
INSERT INTO current_way_nodes (way_id, node_id, sequence_id) VALUES (209, 1059, 7);
INSERT INTO way_nodes (way_id, node_id, version, sequence_id) VALUES (209, 1061, 1, 8);
INSERT INTO current_way_nodes (way_id, node_id, sequence_id) VALUES (209, 1061, 8);
INSERT INTO way_nodes (way_id, node_id, version, sequence_id) VALUES (209, 1063, 1, 9);
INSERT INTO current_way_nodes (way_id, node_id, sequence_id) VALUES (209, 1063, 9);
INSERT INTO way_nodes (way_id, node_id, version, sequence_id) VALUES (209, 1065, 1, 10);
INSERT INTO current_way_nodes (way_id, node_id, sequence_id) VALUES (209, 1065, 10);
INSERT INTO way_nodes (way_id, node_id, version, sequence_id) VALUES (209, 1067, 1, 11);
INSERT INTO current_way_nodes (way_id, node_id, sequence_id) VALUES (209, 1067, 11);
INSERT INTO way_nodes (way_id, node_id, version, sequence_id) VALUES (209, 1069, 1, 12);
INSERT INTO current_way_nodes (way_id, node_id, sequence_id) VALUES (209, 1069, 12);
INSERT INTO way_nodes (way_id, node_id, version, sequence_id) VALUES (209, 1071, 1, 13);
INSERT INTO current_way_nodes (way_id, node_id, sequence_id) VALUES (209, 1071, 13);
INSERT INTO way_nodes (way_id, node_id, version, sequence_id) VALUES (209, 1073, 1, 14);
INSERT INTO current_way_nodes (way_id, node_id, sequence_id) VALUES (209, 1073, 14);
/* modify way 223*/
INSERT INTO ways (way_id, changeset_id, visible, "timestamp", version) VALUES (223, 3, true, (now() at time zone 'utc'), 2);
UPDATE current_ways SET changeset_id=3, visible=true, "timestamp"=(now() at time zone 'utc'), version=2 WHERE id=223;
DELETE FROM current_way_tags WHERE way_id = 223;
DELETE FROM way_tags WHERE way_id = 223;
INSERT INTO current_way_tags (way_id, k, v) VALUES (223, 'accuracy', '5');
INSERT INTO way_tags (way_id, k, v, version) VALUES (223, 'accuracy', '5', 2);
INSERT INTO current_way_tags (way_id, k, v) VALUES (223, 'hoot:id', '223');
INSERT INTO way_tags (way_id, k, v, version) VALUES (223, 'hoot:id', '223', 2);
INSERT INTO current_way_tags (way_id, k, v) VALUES (223, 'hoot:status', '3');
INSERT INTO way_tags (way_id, k, v, version) VALUES (223, 'hoot:status', '3', 2);
INSERT INTO current_way_tags (way_id, k, v) VALUES (223, 'alt_name', 'Ellipse Rd NW');
INSERT INTO way_tags (way_id, k, v, version) VALUES (223, 'alt_name', 'Ellipse Rd NW', 2);
INSERT INTO current_way_tags (way_id, k, v) VALUES (223, 'name', 'ELLIPSE RD NW');
INSERT INTO way_tags (way_id, k, v, version) VALUES (223, 'name', 'ELLIPSE RD NW', 2);
INSERT INTO current_way_tags (way_id, k, v) VALUES (223, 'highway', 'road');
INSERT INTO way_tags (way_id, k, v, version) VALUES (223, 'highway', 'road', 2);
DELETE FROM current_way_nodes WHERE way_id = 223;
DELETE FROM way_nodes WHERE way_id = 223;
INSERT INTO way_nodes (way_id, node_id, version, sequence_id) VALUES (223, 4699, 1, 1);
INSERT INTO current_way_nodes (way_id, node_id, sequence_id) VALUES (223, 4699, 1);
INSERT INTO way_nodes (way_id, node_id, version, sequence_id) VALUES (223, 570, 1, 2);
INSERT INTO current_way_nodes (way_id, node_id, sequence_id) VALUES (223, 570, 2);
INSERT INTO way_nodes (way_id, node_id, version, sequence_id) VALUES (223, 572, 1, 3);
INSERT INTO current_way_nodes (way_id, node_id, sequence_id) VALUES (223, 572, 3);
INSERT INTO way_nodes (way_id, node_id, version, sequence_id) VALUES (223, 574, 1, 4);
INSERT INTO current_way_nodes (way_id, node_id, sequence_id) VALUES (223, 574, 4);
INSERT INTO way_nodes (way_id, node_id, version, sequence_id) VALUES (223, 576, 1, 5);
INSERT INTO current_way_nodes (way_id, node_id, sequence_id) VALUES (223, 576, 5);
INSERT INTO way_nodes (way_id, node_id, version, sequence_id) VALUES (223, 577, 1, 6);
INSERT INTO current_way_nodes (way_id, node_id, sequence_id) VALUES (223, 577, 6);
INSERT INTO way_nodes (way_id, node_id, version, sequence_id) VALUES (223, 578, 1, 7);
INSERT INTO current_way_nodes (way_id, node_id, sequence_id) VALUES (223, 578, 7);
INSERT INTO way_nodes (way_id, node_id, version, sequence_id) VALUES (223, 579, 1, 8);
INSERT INTO current_way_nodes (way_id, node_id, sequence_id) VALUES (223, 579, 8);
INSERT INTO way_nodes (way_id, node_id, version, sequence_id) VALUES (223, 580, 1, 9);
INSERT INTO current_way_nodes (way_id, node_id, sequence_id) VALUES (223, 580, 9);
INSERT INTO way_nodes (way_id, node_id, version, sequence_id) VALUES (223, 581, 1, 10);
INSERT INTO current_way_nodes (way_id, node_id, sequence_id) VALUES (223, 581, 10);
INSERT INTO way_nodes (way_id, node_id, version, sequence_id) VALUES (223, 582, 1, 11);
INSERT INTO current_way_nodes (way_id, node_id, sequence_id) VALUES (223, 582, 11);
INSERT INTO way_nodes (way_id, node_id, version, sequence_id) VALUES (223, 583, 1, 12);
INSERT INTO current_way_nodes (way_id, node_id, sequence_id) VALUES (223, 583, 12);
INSERT INTO way_nodes (way_id, node_id, version, sequence_id) VALUES (223, 584, 1, 13);
INSERT INTO current_way_nodes (way_id, node_id, sequence_id) VALUES (223, 584, 13);
INSERT INTO way_nodes (way_id, node_id, version, sequence_id) VALUES (223, 585, 1, 14);
INSERT INTO current_way_nodes (way_id, node_id, sequence_id) VALUES (223, 585, 14);
INSERT INTO way_nodes (way_id, node_id, version, sequence_id) VALUES (223, 586, 1, 15);
INSERT INTO current_way_nodes (way_id, node_id, sequence_id) VALUES (223, 586, 15);
INSERT INTO way_nodes (way_id, node_id, version, sequence_id) VALUES (223, 587, 1, 16);
INSERT INTO current_way_nodes (way_id, node_id, sequence_id) VALUES (223, 587, 16);
INSERT INTO way_nodes (way_id, node_id, version, sequence_id) VALUES (223, 588, 1, 17);
INSERT INTO current_way_nodes (way_id, node_id, sequence_id) VALUES (223, 588, 17);
INSERT INTO way_nodes (way_id, node_id, version, sequence_id) VALUES (223, 589, 1, 18);
INSERT INTO current_way_nodes (way_id, node_id, sequence_id) VALUES (223, 589, 18);
INSERT INTO way_nodes (way_id, node_id, version, sequence_id) VALUES (223, 590, 1, 19);
INSERT INTO current_way_nodes (way_id, node_id, sequence_id) VALUES (223, 590, 19);
INSERT INTO way_nodes (way_id, node_id, version, sequence_id) VALUES (223, 591, 1, 20);
INSERT INTO current_way_nodes (way_id, node_id, sequence_id) VALUES (223, 591, 20);
INSERT INTO way_nodes (way_id, node_id, version, sequence_id) VALUES (223, 592, 1, 21);
INSERT INTO current_way_nodes (way_id, node_id, sequence_id) VALUES (223, 592, 21);
INSERT INTO way_nodes (way_id, node_id, version, sequence_id) VALUES (223, 4698, 1, 22);
INSERT INTO current_way_nodes (way_id, node_id, sequence_id) VALUES (223, 4698, 22);
/* modify way 330*/
INSERT INTO ways (way_id, changeset_id, visible, "timestamp", version) VALUES (330, 3, true, (now() at time zone 'utc'), 2);
UPDATE current_ways SET changeset_id=3, visible=true, "timestamp"=(now() at time zone 'utc'), version=2 WHERE id=330;
DELETE FROM current_way_tags WHERE way_id = 330;
DELETE FROM way_tags WHERE way_id = 330;
INSERT INTO current_way_tags (way_id, k, v) VALUES (330, 'accuracy', '5');
INSERT INTO way_tags (way_id, k, v, version) VALUES (330, 'accuracy', '5', 2);
INSERT INTO current_way_tags (way_id, k, v) VALUES (330, 'hoot:id', '330');
INSERT INTO way_tags (way_id, k, v, version) VALUES (330, 'hoot:id', '330', 2);
INSERT INTO current_way_tags (way_id, k, v) VALUES (330, 'hoot:status', '3');
INSERT INTO way_tags (way_id, k, v, version) VALUES (330, 'hoot:status', '3', 2);
INSERT INTO current_way_tags (way_id, k, v) VALUES (330, 'alt_name', 'Ellipse Rd NW');
INSERT INTO way_tags (way_id, k, v, version) VALUES (330, 'alt_name', 'Ellipse Rd NW', 2);
INSERT INTO current_way_tags (way_id, k, v) VALUES (330, 'name', 'ELLIPSE RD NW');
INSERT INTO way_tags (way_id, k, v, version) VALUES (330, 'name', 'ELLIPSE RD NW', 2);
INSERT INTO current_way_tags (way_id, k, v) VALUES (330, 'highway', 'road');
INSERT INTO way_tags (way_id, k, v, version) VALUES (330, 'highway', 'road', 2);
DELETE FROM current_way_nodes WHERE way_id = 330;
DELETE FROM way_nodes WHERE way_id = 330;
INSERT INTO way_nodes (way_id, node_id, version, sequence_id) VALUES (330, 4697, 1, 1);
INSERT INTO current_way_nodes (way_id, node_id, sequence_id) VALUES (330, 4697, 1);
INSERT INTO way_nodes (way_id, node_id, version, sequence_id) VALUES (330, 4240, 1, 2);
INSERT INTO current_way_nodes (way_id, node_id, sequence_id) VALUES (330, 4240, 2);
INSERT INTO way_nodes (way_id, node_id, version, sequence_id) VALUES (330, 4241, 1, 3);
INSERT INTO current_way_nodes (way_id, node_id, sequence_id) VALUES (330, 4241, 3);
INSERT INTO way_nodes (way_id, node_id, version, sequence_id) VALUES (330, 4242, 1, 4);
INSERT INTO current_way_nodes (way_id, node_id, sequence_id) VALUES (330, 4242, 4);
INSERT INTO way_nodes (way_id, node_id, version, sequence_id) VALUES (330, 4243, 1, 5);
INSERT INTO current_way_nodes (way_id, node_id, sequence_id) VALUES (330, 4243, 5);
INSERT INTO way_nodes (way_id, node_id, version, sequence_id) VALUES (330, 4244, 1, 6);
INSERT INTO current_way_nodes (way_id, node_id, sequence_id) VALUES (330, 4244, 6);
INSERT INTO way_nodes (way_id, node_id, version, sequence_id) VALUES (330, 4245, 1, 7);
INSERT INTO current_way_nodes (way_id, node_id, sequence_id) VALUES (330, 4245, 7);
INSERT INTO way_nodes (way_id, node_id, version, sequence_id) VALUES (330, 4246, 1, 8);
INSERT INTO current_way_nodes (way_id, node_id, sequence_id) VALUES (330, 4246, 8);
INSERT INTO way_nodes (way_id, node_id, version, sequence_id) VALUES (330, 4247, 1, 9);
INSERT INTO current_way_nodes (way_id, node_id, sequence_id) VALUES (330, 4247, 9);
INSERT INTO way_nodes (way_id, node_id, version, sequence_id) VALUES (330, 4248, 1, 10);
INSERT INTO current_way_nodes (way_id, node_id, sequence_id) VALUES (330, 4248, 10);
INSERT INTO way_nodes (way_id, node_id, version, sequence_id) VALUES (330, 4249, 1, 11);
INSERT INTO current_way_nodes (way_id, node_id, sequence_id) VALUES (330, 4249, 11);
INSERT INTO way_nodes (way_id, node_id, version, sequence_id) VALUES (330, 4250, 1, 12);
INSERT INTO current_way_nodes (way_id, node_id, sequence_id) VALUES (330, 4250, 12);
INSERT INTO way_nodes (way_id, node_id, version, sequence_id) VALUES (330, 4252, 1, 13);
INSERT INTO current_way_nodes (way_id, node_id, sequence_id) VALUES (330, 4252, 13);
INSERT INTO way_nodes (way_id, node_id, version, sequence_id) VALUES (330, 4696, 1, 14);
INSERT INTO current_way_nodes (way_id, node_id, sequence_id) VALUES (330, 4696, 14);
/* modify way 333*/
INSERT INTO ways (way_id, changeset_id, visible, "timestamp", version) VALUES (333, 3, true, (now() at time zone 'utc'), 2);
UPDATE current_ways SET changeset_id=3, visible=true, "timestamp"=(now() at time zone 'utc'), version=2 WHERE id=333;
DELETE FROM current_way_tags WHERE way_id = 333;
DELETE FROM way_tags WHERE way_id = 333;
INSERT INTO current_way_tags (way_id, k, v) VALUES (333, 'accuracy', '5');
INSERT INTO way_tags (way_id, k, v, version) VALUES (333, 'accuracy', '5', 2);
INSERT INTO current_way_tags (way_id, k, v) VALUES (333, 'hoot:id', '333');
INSERT INTO way_tags (way_id, k, v, version) VALUES (333, 'hoot:id', '333', 2);
INSERT INTO current_way_tags (way_id, k, v) VALUES (333, 'hoot:status', '3');
INSERT INTO way_tags (way_id, k, v, version) VALUES (333, 'hoot:status', '3', 2);
INSERT INTO current_way_tags (way_id, k, v) VALUES (333, 'alt_name', 'E St NW');
INSERT INTO way_tags (way_id, k, v, version) VALUES (333, 'alt_name', 'E St NW', 2);
INSERT INTO current_way_tags (way_id, k, v) VALUES (333, 'name', 'PENNSYLVANIA AVE NW');
INSERT INTO way_tags (way_id, k, v, version) VALUES (333, 'name', 'PENNSYLVANIA AVE NW', 2);
INSERT INTO current_way_tags (way_id, k, v) VALUES (333, 'highway', 'road');
INSERT INTO way_tags (way_id, k, v, version) VALUES (333, 'highway', 'road', 2);
DELETE FROM current_way_nodes WHERE way_id = 333;
DELETE FROM way_nodes WHERE way_id = 333;
INSERT INTO way_nodes (way_id, node_id, version, sequence_id) VALUES (333, 2533, 1, 1);
INSERT INTO current_way_nodes (way_id, node_id, sequence_id) VALUES (333, 2533, 1);
INSERT INTO way_nodes (way_id, node_id, version, sequence_id) VALUES (333, 229, 1, 2);
INSERT INTO current_way_nodes (way_id, node_id, sequence_id) VALUES (333, 229, 2);
INSERT INTO way_nodes (way_id, node_id, version, sequence_id) VALUES (333, 230, 1, 3);
INSERT INTO current_way_nodes (way_id, node_id, sequence_id) VALUES (333, 230, 3);
INSERT INTO way_nodes (way_id, node_id, version, sequence_id) VALUES (333, 231, 1, 4);
INSERT INTO current_way_nodes (way_id, node_id, sequence_id) VALUES (333, 231, 4);
INSERT INTO way_nodes (way_id, node_id, version, sequence_id) VALUES (333, 232, 1, 5);
INSERT INTO current_way_nodes (way_id, node_id, sequence_id) VALUES (333, 232, 5);
INSERT INTO way_nodes (way_id, node_id, version, sequence_id) VALUES (333, 1073, 1, 6);
INSERT INTO current_way_nodes (way_id, node_id, sequence_id) VALUES (333, 1073, 6);
/* create way 378*/
INSERT INTO ways (way_id, changeset_id, visible, "timestamp", version) VALUES (378, 3, true, (now() at time zone 'utc'), 1);
INSERT INTO current_ways (id, changeset_id, visible, "timestamp", version) VALUES (378, 3, true, (now() at time zone 'utc'), 1);
INSERT INTO current_way_tags (way_id, k, v) VALUES (378, 'accuracy', '5');
INSERT INTO way_tags (way_id, k, v, version) VALUES (378, 'accuracy', '5', 1);
INSERT INTO current_way_tags (way_id, k, v) VALUES (378, 'hoot:id', '378');
INSERT INTO way_tags (way_id, k, v, version) VALUES (378, 'hoot:id', '378', 1);
INSERT INTO current_way_tags (way_id, k, v) VALUES (378, 'hoot:status', '2');
INSERT INTO way_tags (way_id, k, v, version) VALUES (378, 'hoot:status', '2', 1);
INSERT INTO current_way_tags (way_id, k, v) VALUES (378, 'name', 'Ellipse Rd NW');
INSERT INTO way_tags (way_id, k, v, version) VALUES (378, 'name', 'Ellipse Rd NW', 1);
INSERT INTO current_way_tags (way_id, k, v) VALUES (378, 'highway', 'unclassified');
INSERT INTO way_tags (way_id, k, v, version) VALUES (378, 'highway', 'unclassified', 1);
INSERT INTO way_nodes (way_id, node_id, version, sequence_id) VALUES (378, 4696, 1, 1);
INSERT INTO current_way_nodes (way_id, node_id, sequence_id) VALUES (378, 4696, 1);
INSERT INTO way_nodes (way_id, node_id, version, sequence_id) VALUES (378, 4383, 1, 2);
INSERT INTO current_way_nodes (way_id, node_id, sequence_id) VALUES (378, 4383, 2);
INSERT INTO way_nodes (way_id, node_id, version, sequence_id) VALUES (378, 4382, 1, 3);
INSERT INTO current_way_nodes (way_id, node_id, sequence_id) VALUES (378, 4382, 3);
INSERT INTO way_nodes (way_id, node_id, version, sequence_id) VALUES (378, 4381, 1, 4);
INSERT INTO current_way_nodes (way_id, node_id, sequence_id) VALUES (378, 4381, 4);
INSERT INTO way_nodes (way_id, node_id, version, sequence_id) VALUES (378, 4380, 1, 5);
INSERT INTO current_way_nodes (way_id, node_id, sequence_id) VALUES (378, 4380, 5);
INSERT INTO way_nodes (way_id, node_id, version, sequence_id) VALUES (378, 4379, 1, 6);
INSERT INTO current_way_nodes (way_id, node_id, sequence_id) VALUES (378, 4379, 6);
INSERT INTO way_nodes (way_id, node_id, version, sequence_id) VALUES (378, 4378, 1, 7);
INSERT INTO current_way_nodes (way_id, node_id, sequence_id) VALUES (378, 4378, 7);
INSERT INTO way_nodes (way_id, node_id, version, sequence_id) VALUES (378, 4377, 1, 8);
INSERT INTO current_way_nodes (way_id, node_id, sequence_id) VALUES (378, 4377, 8);
INSERT INTO way_nodes (way_id, node_id, version, sequence_id) VALUES (378, 4376, 1, 9);
INSERT INTO current_way_nodes (way_id, node_id, sequence_id) VALUES (378, 4376, 9);
INSERT INTO way_nodes (way_id, node_id, version, sequence_id) VALUES (378, 4375, 1, 10);
INSERT INTO current_way_nodes (way_id, node_id, sequence_id) VALUES (378, 4375, 10);
INSERT INTO way_nodes (way_id, node_id, version, sequence_id) VALUES (378, 4374, 1, 11);
INSERT INTO current_way_nodes (way_id, node_id, sequence_id) VALUES (378, 4374, 11);
INSERT INTO way_nodes (way_id, node_id, version, sequence_id) VALUES (378, 4373, 1, 12);
INSERT INTO current_way_nodes (way_id, node_id, sequence_id) VALUES (378, 4373, 12);
INSERT INTO way_nodes (way_id, node_id, version, sequence_id) VALUES (378, 4372, 1, 13);
INSERT INTO current_way_nodes (way_id, node_id, sequence_id) VALUES (378, 4372, 13);
INSERT INTO way_nodes (way_id, node_id, version, sequence_id) VALUES (378, 4695, 1, 14);
INSERT INTO current_way_nodes (way_id, node_id, sequence_id) VALUES (378, 4695, 14);
/* create way 386*/
INSERT INTO ways (way_id, changeset_id, visible, "timestamp", version) VALUES (386, 3, true, (now() at time zone 'utc'), 1);
INSERT INTO current_ways (id, changeset_id, visible, "timestamp", version) VALUES (386, 3, true, (now() at time zone 'utc'), 1);
INSERT INTO current_way_tags (way_id, k, v) VALUES (386, 'accuracy', '5');
INSERT INTO way_tags (way_id, k, v, version) VALUES (386, 'accuracy', '5', 1);
INSERT INTO current_way_tags (way_id, k, v) VALUES (386, 'hoot:id', '386');
INSERT INTO way_tags (way_id, k, v, version) VALUES (386, 'hoot:id', '386', 1);
INSERT INTO current_way_tags (way_id, k, v) VALUES (386, 'hoot:status', '2');
INSERT INTO way_tags (way_id, k, v, version) VALUES (386, 'hoot:status', '2', 1);
INSERT INTO current_way_tags (way_id, k, v) VALUES (386, 'name', 'Ellipse Rd NW');
INSERT INTO way_tags (way_id, k, v, version) VALUES (386, 'name', 'Ellipse Rd NW', 1);
INSERT INTO current_way_tags (way_id, k, v) VALUES (386, 'highway', 'unclassified');
INSERT INTO way_tags (way_id, k, v, version) VALUES (386, 'highway', 'unclassified', 1);
INSERT INTO way_nodes (way_id, node_id, version, sequence_id) VALUES (386, 4697, 1, 1);
INSERT INTO current_way_nodes (way_id, node_id, sequence_id) VALUES (386, 4697, 1);
INSERT INTO way_nodes (way_id, node_id, version, sequence_id) VALUES (386, 4517, 1, 2);
INSERT INTO current_way_nodes (way_id, node_id, sequence_id) VALUES (386, 4517, 2);
INSERT INTO way_nodes (way_id, node_id, version, sequence_id) VALUES (386, 4516, 1, 3);
INSERT INTO current_way_nodes (way_id, node_id, sequence_id) VALUES (386, 4516, 3);
INSERT INTO way_nodes (way_id, node_id, version, sequence_id) VALUES (386, 4515, 1, 4);
INSERT INTO current_way_nodes (way_id, node_id, sequence_id) VALUES (386, 4515, 4);
INSERT INTO way_nodes (way_id, node_id, version, sequence_id) VALUES (386, 4514, 1, 5);
INSERT INTO current_way_nodes (way_id, node_id, sequence_id) VALUES (386, 4514, 5);
INSERT INTO way_nodes (way_id, node_id, version, sequence_id) VALUES (386, 4513, 1, 6);
INSERT INTO current_way_nodes (way_id, node_id, sequence_id) VALUES (386, 4513, 6);
INSERT INTO way_nodes (way_id, node_id, version, sequence_id) VALUES (386, 4512, 1, 7);
INSERT INTO current_way_nodes (way_id, node_id, sequence_id) VALUES (386, 4512, 7);
INSERT INTO way_nodes (way_id, node_id, version, sequence_id) VALUES (386, 4511, 1, 8);
INSERT INTO current_way_nodes (way_id, node_id, sequence_id) VALUES (386, 4511, 8);
INSERT INTO way_nodes (way_id, node_id, version, sequence_id) VALUES (386, 4510, 1, 9);
INSERT INTO current_way_nodes (way_id, node_id, sequence_id) VALUES (386, 4510, 9);
INSERT INTO way_nodes (way_id, node_id, version, sequence_id) VALUES (386, 4509, 1, 10);
INSERT INTO current_way_nodes (way_id, node_id, sequence_id) VALUES (386, 4509, 10);
INSERT INTO way_nodes (way_id, node_id, version, sequence_id) VALUES (386, 4692, 1, 11);
INSERT INTO current_way_nodes (way_id, node_id, sequence_id) VALUES (386, 4692, 11);
/* create way 389*/
INSERT INTO ways (way_id, changeset_id, visible, "timestamp", version) VALUES (389, 3, true, (now() at time zone 'utc'), 1);
INSERT INTO current_ways (id, changeset_id, visible, "timestamp", version) VALUES (389, 3, true, (now() at time zone 'utc'), 1);
INSERT INTO current_way_tags (way_id, k, v) VALUES (389, 'accuracy', '5');
INSERT INTO way_tags (way_id, k, v, version) VALUES (389, 'accuracy', '5', 1);
INSERT INTO current_way_tags (way_id, k, v) VALUES (389, 'hoot:id', '389');
INSERT INTO way_tags (way_id, k, v, version) VALUES (389, 'hoot:id', '389', 1);
INSERT INTO current_way_tags (way_id, k, v) VALUES (389, 'hoot:status', '2');
INSERT INTO way_tags (way_id, k, v, version) VALUES (389, 'hoot:status', '2', 1);
INSERT INTO current_way_tags (way_id, k, v) VALUES (389, 'name', 'Ellipse Rd NW');
INSERT INTO way_tags (way_id, k, v, version) VALUES (389, 'name', 'Ellipse Rd NW', 1);
INSERT INTO current_way_tags (way_id, k, v) VALUES (389, 'highway', 'unclassified');
INSERT INTO way_tags (way_id, k, v, version) VALUES (389, 'highway', 'unclassified', 1);
INSERT INTO way_nodes (way_id, node_id, version, sequence_id) VALUES (389, 4698, 1, 1);
INSERT INTO current_way_nodes (way_id, node_id, sequence_id) VALUES (389, 4698, 1);
INSERT INTO way_nodes (way_id, node_id, version, sequence_id) VALUES (389, 4342, 1, 2);
INSERT INTO current_way_nodes (way_id, node_id, sequence_id) VALUES (389, 4342, 2);
INSERT INTO way_nodes (way_id, node_id, version, sequence_id) VALUES (389, 4341, 1, 3);
INSERT INTO current_way_nodes (way_id, node_id, sequence_id) VALUES (389, 4341, 3);
INSERT INTO way_nodes (way_id, node_id, version, sequence_id) VALUES (389, 4340, 1, 4);
INSERT INTO current_way_nodes (way_id, node_id, sequence_id) VALUES (389, 4340, 4);
INSERT INTO way_nodes (way_id, node_id, version, sequence_id) VALUES (389, 4339, 1, 5);
INSERT INTO current_way_nodes (way_id, node_id, sequence_id) VALUES (389, 4339, 5);
INSERT INTO way_nodes (way_id, node_id, version, sequence_id) VALUES (389, 4338, 1, 6);
INSERT INTO current_way_nodes (way_id, node_id, sequence_id) VALUES (389, 4338, 6);
INSERT INTO way_nodes (way_id, node_id, version, sequence_id) VALUES (389, 4337, 1, 7);
INSERT INTO current_way_nodes (way_id, node_id, sequence_id) VALUES (389, 4337, 7);
INSERT INTO way_nodes (way_id, node_id, version, sequence_id) VALUES (389, 4336, 1, 8);
INSERT INTO current_way_nodes (way_id, node_id, sequence_id) VALUES (389, 4336, 8);
INSERT INTO way_nodes (way_id, node_id, version, sequence_id) VALUES (389, 4335, 1, 9);
INSERT INTO current_way_nodes (way_id, node_id, sequence_id) VALUES (389, 4335, 9);
INSERT INTO way_nodes (way_id, node_id, version, sequence_id) VALUES (389, 4334, 1, 10);
INSERT INTO current_way_nodes (way_id, node_id, sequence_id) VALUES (389, 4334, 10);
INSERT INTO way_nodes (way_id, node_id, version, sequence_id) VALUES (389, 4333, 1, 11);
INSERT INTO current_way_nodes (way_id, node_id, sequence_id) VALUES (389, 4333, 11);
INSERT INTO way_nodes (way_id, node_id, version, sequence_id) VALUES (389, 4332, 1, 12);
INSERT INTO current_way_nodes (way_id, node_id, sequence_id) VALUES (389, 4332, 12);
INSERT INTO way_nodes (way_id, node_id, version, sequence_id) VALUES (389, 4331, 1, 13);
INSERT INTO current_way_nodes (way_id, node_id, sequence_id) VALUES (389, 4331, 13);
INSERT INTO way_nodes (way_id, node_id, version, sequence_id) VALUES (389, 4330, 1, 14);
INSERT INTO current_way_nodes (way_id, node_id, sequence_id) VALUES (389, 4330, 14);
INSERT INTO way_nodes (way_id, node_id, version, sequence_id) VALUES (389, 4329, 1, 15);
INSERT INTO current_way_nodes (way_id, node_id, sequence_id) VALUES (389, 4329, 15);
INSERT INTO way_nodes (way_id, node_id, version, sequence_id) VALUES (389, 4328, 1, 16);
INSERT INTO current_way_nodes (way_id, node_id, sequence_id) VALUES (389, 4328, 16);
INSERT INTO way_nodes (way_id, node_id, version, sequence_id) VALUES (389, 4327, 1, 17);
INSERT INTO current_way_nodes (way_id, node_id, sequence_id) VALUES (389, 4327, 17);
INSERT INTO way_nodes (way_id, node_id, version, sequence_id) VALUES (389, 4326, 1, 18);
INSERT INTO current_way_nodes (way_id, node_id, sequence_id) VALUES (389, 4326, 18);
INSERT INTO way_nodes (way_id, node_id, version, sequence_id) VALUES (389, 4691, 1, 19);
INSERT INTO current_way_nodes (way_id, node_id, sequence_id) VALUES (389, 4691, 19);
/* create way 392*/
INSERT INTO ways (way_id, changeset_id, visible, "timestamp", version) VALUES (392, 3, true, (now() at time zone 'utc'), 1);
INSERT INTO current_ways (id, changeset_id, visible, "timestamp", version) VALUES (392, 3, true, (now() at time zone 'utc'), 1);
INSERT INTO current_way_tags (way_id, k, v) VALUES (392, 'accuracy', '5');
INSERT INTO way_tags (way_id, k, v, version) VALUES (392, 'accuracy', '5', 1);
INSERT INTO current_way_tags (way_id, k, v) VALUES (392, 'hoot:id', '392');
INSERT INTO way_tags (way_id, k, v, version) VALUES (392, 'hoot:id', '392', 1);
INSERT INTO current_way_tags (way_id, k, v) VALUES (392, 'hoot:status', '2');
INSERT INTO way_tags (way_id, k, v, version) VALUES (392, 'hoot:status', '2', 1);
INSERT INTO current_way_tags (way_id, k, v) VALUES (392, 'name', 'Ellipse Rd NW');
INSERT INTO way_tags (way_id, k, v, version) VALUES (392, 'name', 'Ellipse Rd NW', 1);
INSERT INTO current_way_tags (way_id, k, v) VALUES (392, 'highway', 'unclassified');
INSERT INTO way_tags (way_id, k, v, version) VALUES (392, 'highway', 'unclassified', 1);
INSERT INTO way_nodes (way_id, node_id, version, sequence_id) VALUES (392, 4699, 1, 1);
INSERT INTO current_way_nodes (way_id, node_id, sequence_id) VALUES (392, 4699, 1);
INSERT INTO way_nodes (way_id, node_id, version, sequence_id) VALUES (392, 4693, 1, 2);
INSERT INTO current_way_nodes (way_id, node_id, sequence_id) VALUES (392, 4693, 2);
/* create way 400*/
INSERT INTO ways (way_id, changeset_id, visible, "timestamp", version) VALUES (400, 3, true, (now() at time zone 'utc'), 1);
INSERT INTO current_ways (id, changeset_id, visible, "timestamp", version) VALUES (400, 3, true, (now() at time zone 'utc'), 1);
INSERT INTO current_way_tags (way_id, k, v) VALUES (400, 'accuracy', '5');
INSERT INTO way_tags (way_id, k, v, version) VALUES (400, 'accuracy', '5', 1);
INSERT INTO current_way_tags (way_id, k, v) VALUES (400, 'hoot:id', '400');
INSERT INTO way_tags (way_id, k, v, version) VALUES (400, 'hoot:id', '400', 1);
INSERT INTO current_way_tags (way_id, k, v) VALUES (400, 'hoot:status', '3');
INSERT INTO way_tags (way_id, k, v, version) VALUES (400, 'hoot:status', '3', 1);
INSERT INTO current_way_tags (way_id, k, v) VALUES (400, 'alt_name', 'Constitution Ave NW;US Hwy 50');
INSERT INTO way_tags (way_id, k, v, version) VALUES (400, 'alt_name', 'Constitution Ave NW;US Hwy 50', 1);
INSERT INTO current_way_tags (way_id, k, v) VALUES (400, 'name', 'CONSTITUTION AVE NW');
INSERT INTO way_tags (way_id, k, v, version) VALUES (400, 'name', 'CONSTITUTION AVE NW', 1);
INSERT INTO current_way_tags (way_id, k, v) VALUES (400, 'highway', 'road');
INSERT INTO way_tags (way_id, k, v, version) VALUES (400, 'highway', 'road', 1);
INSERT INTO way_nodes (way_id, node_id, version, sequence_id) VALUES (400, 1053, 1, 1);
INSERT INTO current_way_nodes (way_id, node_id, sequence_id) VALUES (400, 1053, 1);
INSERT INTO way_nodes (way_id, node_id, version, sequence_id) VALUES (400, 27, 1, 2);
INSERT INTO current_way_nodes (way_id, node_id, sequence_id) VALUES (400, 27, 2);
INSERT INTO way_nodes (way_id, node_id, version, sequence_id) VALUES (400, 29, 1, 3);
INSERT INTO current_way_nodes (way_id, node_id, sequence_id) VALUES (400, 29, 3);
INSERT INTO way_nodes (way_id, node_id, version, sequence_id) VALUES (400, 4692, 1, 4);
INSERT INTO current_way_nodes (way_id, node_id, sequence_id) VALUES (400, 4692, 4);
/* create way 403*/
INSERT INTO ways (way_id, changeset_id, visible, "timestamp", version) VALUES (403, 3, true, (now() at time zone 'utc'), 1);
INSERT INTO current_ways (id, changeset_id, visible, "timestamp", version) VALUES (403, 3, true, (now() at time zone 'utc'), 1);
INSERT INTO current_way_tags (way_id, k, v) VALUES (403, 'accuracy', '5');
INSERT INTO way_tags (way_id, k, v, version) VALUES (403, 'accuracy', '5', 1);
INSERT INTO current_way_tags (way_id, k, v) VALUES (403, 'hoot:id', '403');
INSERT INTO way_tags (way_id, k, v, version) VALUES (403, 'hoot:id', '403', 1);
INSERT INTO current_way_tags (way_id, k, v) VALUES (403, 'hoot:status', '2');
INSERT INTO way_tags (way_id, k, v, version) VALUES (403, 'hoot:status', '2', 1);
INSERT INTO current_way_tags (way_id, k, v) VALUES (403, 'name', '15th St NW');
INSERT INTO way_tags (way_id, k, v, version) VALUES (403, 'name', '15th St NW', 1);
INSERT INTO current_way_tags (way_id, k, v) VALUES (403, 'highway', 'unclassified');
INSERT INTO way_tags (way_id, k, v, version) VALUES (403, 'highway', 'unclassified', 1);
INSERT INTO way_nodes (way_id, node_id, version, sequence_id) VALUES (403, 2250, 1, 1);
INSERT INTO current_way_nodes (way_id, node_id, sequence_id) VALUES (403, 2250, 1);
INSERT INTO way_nodes (way_id, node_id, version, sequence_id) VALUES (403, 4550, 1, 2);
INSERT INTO current_way_nodes (way_id, node_id, sequence_id) VALUES (403, 4550, 2);
INSERT INTO way_nodes (way_id, node_id, version, sequence_id) VALUES (403, 4551, 1, 3);
INSERT INTO current_way_nodes (way_id, node_id, sequence_id) VALUES (403, 4551, 3);
INSERT INTO way_nodes (way_id, node_id, version, sequence_id) VALUES (403, 4552, 1, 4);
INSERT INTO current_way_nodes (way_id, node_id, sequence_id) VALUES (403, 4552, 4);
INSERT INTO way_nodes (way_id, node_id, version, sequence_id) VALUES (403, 4553, 1, 5);
INSERT INTO current_way_nodes (way_id, node_id, sequence_id) VALUES (403, 4553, 5);
INSERT INTO way_nodes (way_id, node_id, version, sequence_id) VALUES (403, 4554, 1, 6);
INSERT INTO current_way_nodes (way_id, node_id, sequence_id) VALUES (403, 4554, 6);
INSERT INTO way_nodes (way_id, node_id, version, sequence_id) VALUES (403, 4555, 1, 7);
INSERT INTO current_way_nodes (way_id, node_id, sequence_id) VALUES (403, 4555, 7);
INSERT INTO way_nodes (way_id, node_id, version, sequence_id) VALUES (403, 4556, 1, 8);
INSERT INTO current_way_nodes (way_id, node_id, sequence_id) VALUES (403, 4556, 8);
INSERT INTO way_nodes (way_id, node_id, version, sequence_id) VALUES (403, 4557, 1, 9);
INSERT INTO current_way_nodes (way_id, node_id, sequence_id) VALUES (403, 4557, 9);
INSERT INTO way_nodes (way_id, node_id, version, sequence_id) VALUES (403, 4558, 1, 10);
INSERT INTO current_way_nodes (way_id, node_id, sequence_id) VALUES (403, 4558, 10);
INSERT INTO way_nodes (way_id, node_id, version, sequence_id) VALUES (403, 4559, 1, 11);
INSERT INTO current_way_nodes (way_id, node_id, sequence_id) VALUES (403, 4559, 11);
INSERT INTO way_nodes (way_id, node_id, version, sequence_id) VALUES (403, 4560, 1, 12);
INSERT INTO current_way_nodes (way_id, node_id, sequence_id) VALUES (403, 4560, 12);
INSERT INTO way_nodes (way_id, node_id, version, sequence_id) VALUES (403, 4561, 1, 13);
INSERT INTO current_way_nodes (way_id, node_id, sequence_id) VALUES (403, 4561, 13);
INSERT INTO way_nodes (way_id, node_id, version, sequence_id) VALUES (403, 4562, 1, 14);
INSERT INTO current_way_nodes (way_id, node_id, sequence_id) VALUES (403, 4562, 14);
INSERT INTO way_nodes (way_id, node_id, version, sequence_id) VALUES (403, 4563, 1, 15);
INSERT INTO current_way_nodes (way_id, node_id, sequence_id) VALUES (403, 4563, 15);
INSERT INTO way_nodes (way_id, node_id, version, sequence_id) VALUES (403, 4564, 1, 16);
INSERT INTO current_way_nodes (way_id, node_id, sequence_id) VALUES (403, 4564, 16);
INSERT INTO way_nodes (way_id, node_id, version, sequence_id) VALUES (403, 4565, 1, 17);
INSERT INTO current_way_nodes (way_id, node_id, sequence_id) VALUES (403, 4565, 17);
INSERT INTO way_nodes (way_id, node_id, version, sequence_id) VALUES (403, 4566, 1, 18);
INSERT INTO current_way_nodes (way_id, node_id, sequence_id) VALUES (403, 4566, 18);
/* create way 405*/
INSERT INTO ways (way_id, changeset_id, visible, "timestamp", version) VALUES (405, 3, true, (now() at time zone 'utc'), 1);
INSERT INTO current_ways (id, changeset_id, visible, "timestamp", version) VALUES (405, 3, true, (now() at time zone 'utc'), 1);
INSERT INTO current_way_tags (way_id, k, v) VALUES (405, 'accuracy', '5');
INSERT INTO way_tags (way_id, k, v, version) VALUES (405, 'accuracy', '5', 1);
INSERT INTO current_way_tags (way_id, k, v) VALUES (405, 'hoot:id', '405');
INSERT INTO way_tags (way_id, k, v, version) VALUES (405, 'hoot:id', '405', 1);
INSERT INTO current_way_tags (way_id, k, v) VALUES (405, 'hoot:status', '2');
INSERT INTO way_tags (way_id, k, v, version) VALUES (405, 'hoot:status', '2', 1);
INSERT INTO current_way_tags (way_id, k, v) VALUES (405, 'name', 'South Pl NW');
INSERT INTO way_tags (way_id, k, v, version) VALUES (405, 'name', 'South Pl NW', 1);
INSERT INTO current_way_tags (way_id, k, v) VALUES (405, 'foot', 'designated');
INSERT INTO way_tags (way_id, k, v, version) VALUES (405, 'foot', 'designated', 1);
INSERT INTO current_way_tags (way_id, k, v) VALUES (405, 'highway', 'path');
INSERT INTO way_tags (way_id, k, v, version) VALUES (405, 'highway', 'path', 1);
INSERT INTO way_nodes (way_id, node_id, version, sequence_id) VALUES (405, 4694, 1, 1);
INSERT INTO current_way_nodes (way_id, node_id, sequence_id) VALUES (405, 4694, 1);
INSERT INTO way_nodes (way_id, node_id, version, sequence_id) VALUES (405, 4390, 1, 2);
INSERT INTO current_way_nodes (way_id, node_id, sequence_id) VALUES (405, 4390, 2);
INSERT INTO way_nodes (way_id, node_id, version, sequence_id) VALUES (405, 4389, 1, 3);
INSERT INTO current_way_nodes (way_id, node_id, sequence_id) VALUES (405, 4389, 3);
INSERT INTO way_nodes (way_id, node_id, version, sequence_id) VALUES (405, 4388, 1, 4);
INSERT INTO current_way_nodes (way_id, node_id, sequence_id) VALUES (405, 4388, 4);
INSERT INTO way_nodes (way_id, node_id, version, sequence_id) VALUES (405, 4387, 1, 5);
INSERT INTO current_way_nodes (way_id, node_id, sequence_id) VALUES (405, 4387, 5);
INSERT INTO way_nodes (way_id, node_id, version, sequence_id) VALUES (405, 4386, 1, 6);
INSERT INTO current_way_nodes (way_id, node_id, sequence_id) VALUES (405, 4386, 6);
INSERT INTO way_nodes (way_id, node_id, version, sequence_id) VALUES (405, 4700, 1, 7);
INSERT INTO current_way_nodes (way_id, node_id, sequence_id) VALUES (405, 4700, 7);
/* create way 406*/
INSERT INTO ways (way_id, changeset_id, visible, "timestamp", version) VALUES (406, 3, true, (now() at time zone 'utc'), 1);
INSERT INTO current_ways (id, changeset_id, visible, "timestamp", version) VALUES (406, 3, true, (now() at time zone 'utc'), 1);
INSERT INTO current_way_tags (way_id, k, v) VALUES (406, 'accuracy', '5');
INSERT INTO way_tags (way_id, k, v, version) VALUES (406, 'accuracy', '5', 1);
INSERT INTO current_way_tags (way_id, k, v) VALUES (406, 'hoot:id', '406');
INSERT INTO way_tags (way_id, k, v, version) VALUES (406, 'hoot:id', '406', 1);
INSERT INTO current_way_tags (way_id, k, v) VALUES (406, 'hoot:status', '3');
INSERT INTO way_tags (way_id, k, v, version) VALUES (406, 'hoot:status', '3', 1);
INSERT INTO current_way_tags (way_id, k, v) VALUES (406, 'alt_name', 'E St NW');
INSERT INTO way_tags (way_id, k, v, version) VALUES (406, 'alt_name', 'E St NW', 1);
INSERT INTO current_way_tags (way_id, k, v) VALUES (406, 'name', 'E ST NW');
INSERT INTO way_tags (way_id, k, v, version) VALUES (406, 'name', 'E ST NW', 1);
INSERT INTO current_way_tags (way_id, k, v) VALUES (406, 'highway', 'road');
INSERT INTO way_tags (way_id, k, v, version) VALUES (406, 'highway', 'road', 1);
INSERT INTO way_nodes (way_id, node_id, version, sequence_id) VALUES (406, 4693, 1, 1);
INSERT INTO current_way_nodes (way_id, node_id, sequence_id) VALUES (406, 4693, 1);
INSERT INTO way_nodes (way_id, node_id, version, sequence_id) VALUES (406, 888, 1, 2);
INSERT INTO current_way_nodes (way_id, node_id, sequence_id) VALUES (406, 888, 2);
INSERT INTO way_nodes (way_id, node_id, version, sequence_id) VALUES (406, 3469, 1, 3);
INSERT INTO current_way_nodes (way_id, node_id, sequence_id) VALUES (406, 3469, 3);
/* create way 407*/
INSERT INTO ways (way_id, changeset_id, visible, "timestamp", version) VALUES (407, 3, true, (now() at time zone 'utc'), 1);
INSERT INTO current_ways (id, changeset_id, visible, "timestamp", version) VALUES (407, 3, true, (now() at time zone 'utc'), 1);
INSERT INTO current_way_tags (way_id, k, v) VALUES (407, 'accuracy', '5');
INSERT INTO way_tags (way_id, k, v, version) VALUES (407, 'accuracy', '5', 1);
INSERT INTO current_way_tags (way_id, k, v) VALUES (407, 'hoot:id', '407');
INSERT INTO way_tags (way_id, k, v, version) VALUES (407, 'hoot:id', '407', 1);
INSERT INTO current_way_tags (way_id, k, v) VALUES (407, 'hoot:status', '3');
INSERT INTO way_tags (way_id, k, v, version) VALUES (407, 'hoot:status', '3', 1);
INSERT INTO current_way_tags (way_id, k, v) VALUES (407, 'alt_name', 'E St NW');
INSERT INTO way_tags (way_id, k, v, version) VALUES (407, 'alt_name', 'E St NW', 1);
INSERT INTO current_way_tags (way_id, k, v) VALUES (407, 'name', 'E ST NW');
INSERT INTO way_tags (way_id, k, v, version) VALUES (407, 'name', 'E ST NW', 1);
INSERT INTO current_way_tags (way_id, k, v) VALUES (407, 'highway', 'road');
INSERT INTO way_tags (way_id, k, v, version) VALUES (407, 'highway', 'road', 1);
INSERT INTO way_nodes (way_id, node_id, version, sequence_id) VALUES (407, 549, 1, 1);
INSERT INTO current_way_nodes (way_id, node_id, sequence_id) VALUES (407, 549, 1);
INSERT INTO way_nodes (way_id, node_id, version, sequence_id) VALUES (407, 878, 1, 2);
INSERT INTO current_way_nodes (way_id, node_id, sequence_id) VALUES (407, 878, 2);
INSERT INTO way_nodes (way_id, node_id, version, sequence_id) VALUES (407, 879, 1, 3);
INSERT INTO current_way_nodes (way_id, node_id, sequence_id) VALUES (407, 879, 3);
INSERT INTO way_nodes (way_id, node_id, version, sequence_id) VALUES (407, 880, 1, 4);
INSERT INTO current_way_nodes (way_id, node_id, sequence_id) VALUES (407, 880, 4);
INSERT INTO way_nodes (way_id, node_id, version, sequence_id) VALUES (407, 881, 1, 5);
INSERT INTO current_way_nodes (way_id, node_id, sequence_id) VALUES (407, 881, 5);
INSERT INTO way_nodes (way_id, node_id, version, sequence_id) VALUES (407, 882, 1, 6);
INSERT INTO current_way_nodes (way_id, node_id, sequence_id) VALUES (407, 882, 6);
INSERT INTO way_nodes (way_id, node_id, version, sequence_id) VALUES (407, 883, 1, 7);
INSERT INTO current_way_nodes (way_id, node_id, sequence_id) VALUES (407, 883, 7);
INSERT INTO way_nodes (way_id, node_id, version, sequence_id) VALUES (407, 4694, 1, 8);
INSERT INTO current_way_nodes (way_id, node_id, sequence_id) VALUES (407, 4694, 8);
/* create way 408*/
INSERT INTO ways (way_id, changeset_id, visible, "timestamp", version) VALUES (408, 3, true, (now() at time zone 'utc'), 1);
INSERT INTO current_ways (id, changeset_id, visible, "timestamp", version) VALUES (408, 3, true, (now() at time zone 'utc'), 1);
INSERT INTO current_way_tags (way_id, k, v) VALUES (408, 'accuracy', '5');
INSERT INTO way_tags (way_id, k, v, version) VALUES (408, 'accuracy', '5', 1);
INSERT INTO current_way_tags (way_id, k, v) VALUES (408, 'hoot:id', '408');
INSERT INTO way_tags (way_id, k, v, version) VALUES (408, 'hoot:id', '408', 1);
INSERT INTO current_way_tags (way_id, k, v) VALUES (408, 'hoot:status', '3');
INSERT INTO way_tags (way_id, k, v, version) VALUES (408, 'hoot:status', '3', 1);
INSERT INTO current_way_tags (way_id, k, v) VALUES (408, 'alt_name', 'E St NW');
INSERT INTO way_tags (way_id, k, v, version) VALUES (408, 'alt_name', 'E St NW', 1);
INSERT INTO current_way_tags (way_id, k, v) VALUES (408, 'name', 'E ST NW');
INSERT INTO way_tags (way_id, k, v, version) VALUES (408, 'name', 'E ST NW', 1);
INSERT INTO current_way_tags (way_id, k, v) VALUES (408, 'highway', 'road');
INSERT INTO way_tags (way_id, k, v, version) VALUES (408, 'highway', 'road', 1);
INSERT INTO way_nodes (way_id, node_id, version, sequence_id) VALUES (408, 1073, 1, 1);
INSERT INTO current_way_nodes (way_id, node_id, sequence_id) VALUES (408, 1073, 1);
INSERT INTO way_nodes (way_id, node_id, version, sequence_id) VALUES (408, 869, 1, 2);
INSERT INTO current_way_nodes (way_id, node_id, sequence_id) VALUES (408, 869, 2);
INSERT INTO way_nodes (way_id, node_id, version, sequence_id) VALUES (408, 4695, 1, 3);
INSERT INTO current_way_nodes (way_id, node_id, sequence_id) VALUES (408, 4695, 3);
/* create way 409*/
INSERT INTO ways (way_id, changeset_id, visible, "timestamp", version) VALUES (409, 3, true, (now() at time zone 'utc'), 1);
INSERT INTO current_ways (id, changeset_id, visible, "timestamp", version) VALUES (409, 3, true, (now() at time zone 'utc'), 1);
INSERT INTO current_way_tags (way_id, k, v) VALUES (409, 'accuracy', '5');
INSERT INTO way_tags (way_id, k, v, version) VALUES (409, 'accuracy', '5', 1);
INSERT INTO current_way_tags (way_id, k, v) VALUES (409, 'hoot:id', '409');
INSERT INTO way_tags (way_id, k, v, version) VALUES (409, 'hoot:id', '409', 1);
INSERT INTO current_way_tags (way_id, k, v) VALUES (409, 'hoot:status', '3');
INSERT INTO way_tags (way_id, k, v, version) VALUES (409, 'hoot:status', '3', 1);
INSERT INTO current_way_tags (way_id, k, v) VALUES (409, 'alt_name', 'Ellipse Rd NW');
INSERT INTO way_tags (way_id, k, v, version) VALUES (409, 'alt_name', 'Ellipse Rd NW', 1);
INSERT INTO current_way_tags (way_id, k, v) VALUES (409, 'name', 'ELLIPSE RD NW');
INSERT INTO way_tags (way_id, k, v, version) VALUES (409, 'name', 'ELLIPSE RD NW', 1);
INSERT INTO current_way_tags (way_id, k, v) VALUES (409, 'highway', 'road');
INSERT INTO way_tags (way_id, k, v, version) VALUES (409, 'highway', 'road', 1);
INSERT INTO way_nodes (way_id, node_id, version, sequence_id) VALUES (409, 3843, 1, 1);
INSERT INTO current_way_nodes (way_id, node_id, sequence_id) VALUES (409, 3843, 1);
INSERT INTO way_nodes (way_id, node_id, version, sequence_id) VALUES (409, 4208, 1, 2);
INSERT INTO current_way_nodes (way_id, node_id, sequence_id) VALUES (409, 4208, 2);
INSERT INTO way_nodes (way_id, node_id, version, sequence_id) VALUES (409, 4209, 1, 3);
INSERT INTO current_way_nodes (way_id, node_id, sequence_id) VALUES (409, 4209, 3);
INSERT INTO way_nodes (way_id, node_id, version, sequence_id) VALUES (409, 4210, 1, 4);
INSERT INTO current_way_nodes (way_id, node_id, sequence_id) VALUES (409, 4210, 4);
INSERT INTO way_nodes (way_id, node_id, version, sequence_id) VALUES (409, 4211, 1, 5);
INSERT INTO current_way_nodes (way_id, node_id, sequence_id) VALUES (409, 4211, 5);
INSERT INTO way_nodes (way_id, node_id, version, sequence_id) VALUES (409, 4212, 1, 6);
INSERT INTO current_way_nodes (way_id, node_id, sequence_id) VALUES (409, 4212, 6);
INSERT INTO way_nodes (way_id, node_id, version, sequence_id) VALUES (409, 4213, 1, 7);
INSERT INTO current_way_nodes (way_id, node_id, sequence_id) VALUES (409, 4213, 7);
INSERT INTO way_nodes (way_id, node_id, version, sequence_id) VALUES (409, 4214, 1, 8);
INSERT INTO current_way_nodes (way_id, node_id, sequence_id) VALUES (409, 4214, 8);
INSERT INTO way_nodes (way_id, node_id, version, sequence_id) VALUES (409, 4215, 1, 9);
INSERT INTO current_way_nodes (way_id, node_id, sequence_id) VALUES (409, 4215, 9);
INSERT INTO way_nodes (way_id, node_id, version, sequence_id) VALUES (409, 4216, 1, 10);
INSERT INTO current_way_nodes (way_id, node_id, sequence_id) VALUES (409, 4216, 10);
INSERT INTO way_nodes (way_id, node_id, version, sequence_id) VALUES (409, 4217, 1, 11);
INSERT INTO current_way_nodes (way_id, node_id, sequence_id) VALUES (409, 4217, 11);
INSERT INTO way_nodes (way_id, node_id, version, sequence_id) VALUES (409, 4219, 1, 12);
INSERT INTO current_way_nodes (way_id, node_id, sequence_id) VALUES (409, 4219, 12);
INSERT INTO way_nodes (way_id, node_id, version, sequence_id) VALUES (409, 4221, 1, 13);
INSERT INTO current_way_nodes (way_id, node_id, sequence_id) VALUES (409, 4221, 13);
INSERT INTO way_nodes (way_id, node_id, version, sequence_id) VALUES (409, 4223, 1, 14);
INSERT INTO current_way_nodes (way_id, node_id, sequence_id) VALUES (409, 4223, 14);
INSERT INTO way_nodes (way_id, node_id, version, sequence_id) VALUES (409, 4225, 1, 15);
INSERT INTO current_way_nodes (way_id, node_id, sequence_id) VALUES (409, 4225, 15);
INSERT INTO way_nodes (way_id, node_id, version, sequence_id) VALUES (409, 4227, 1, 16);
INSERT INTO current_way_nodes (way_id, node_id, sequence_id) VALUES (409, 4227, 16);
INSERT INTO way_nodes (way_id, node_id, version, sequence_id) VALUES (409, 4229, 1, 17);
INSERT INTO current_way_nodes (way_id, node_id, sequence_id) VALUES (409, 4229, 17);
INSERT INTO way_nodes (way_id, node_id, version, sequence_id) VALUES (409, 4231, 1, 18);
INSERT INTO current_way_nodes (way_id, node_id, sequence_id) VALUES (409, 4231, 18);
INSERT INTO way_nodes (way_id, node_id, version, sequence_id) VALUES (409, 4233, 1, 19);
INSERT INTO current_way_nodes (way_id, node_id, sequence_id) VALUES (409, 4233, 19);
INSERT INTO way_nodes (way_id, node_id, version, sequence_id) VALUES (409, 4235, 1, 20);
INSERT INTO current_way_nodes (way_id, node_id, sequence_id) VALUES (409, 4235, 20);
INSERT INTO way_nodes (way_id, node_id, version, sequence_id) VALUES (409, 4237, 1, 21);
INSERT INTO current_way_nodes (way_id, node_id, sequence_id) VALUES (409, 4237, 21);
INSERT INTO way_nodes (way_id, node_id, version, sequence_id) VALUES (409, 4238, 1, 22);
INSERT INTO current_way_nodes (way_id, node_id, sequence_id) VALUES (409, 4238, 22);
INSERT INTO way_nodes (way_id, node_id, version, sequence_id) VALUES (409, 4239, 1, 23);
INSERT INTO current_way_nodes (way_id, node_id, sequence_id) VALUES (409, 4239, 23);
INSERT INTO way_nodes (way_id, node_id, version, sequence_id) VALUES (409, 4697, 1, 24);
INSERT INTO current_way_nodes (way_id, node_id, sequence_id) VALUES (409, 4697, 24);
/* create way 410*/
INSERT INTO ways (way_id, changeset_id, visible, "timestamp", version) VALUES (410, 3, true, (now() at time zone 'utc'), 1);
INSERT INTO current_ways (id, changeset_id, visible, "timestamp", version) VALUES (410, 3, true, (now() at time zone 'utc'), 1);
INSERT INTO current_way_tags (way_id, k, v) VALUES (410, 'accuracy', '5');
INSERT INTO way_tags (way_id, k, v, version) VALUES (410, 'accuracy', '5', 1);
INSERT INTO current_way_tags (way_id, k, v) VALUES (410, 'hoot:id', '410');
INSERT INTO way_tags (way_id, k, v, version) VALUES (410, 'hoot:id', '410', 1);
INSERT INTO current_way_tags (way_id, k, v) VALUES (410, 'hoot:status', '3');
INSERT INTO way_tags (way_id, k, v, version) VALUES (410, 'hoot:status', '3', 1);
INSERT INTO current_way_tags (way_id, k, v) VALUES (410, 'alt_name', 'Ellipse Rd NW');
INSERT INTO way_tags (way_id, k, v, version) VALUES (410, 'alt_name', 'Ellipse Rd NW', 1);
INSERT INTO current_way_tags (way_id, k, v) VALUES (410, 'name', 'ELLIPSE RD NW');
INSERT INTO way_tags (way_id, k, v, version) VALUES (410, 'name', 'ELLIPSE RD NW', 1);
INSERT INTO current_way_tags (way_id, k, v) VALUES (410, 'highway', 'road');
INSERT INTO way_tags (way_id, k, v, version) VALUES (410, 'highway', 'road', 1);
INSERT INTO way_nodes (way_id, node_id, version, sequence_id) VALUES (410, 4696, 1, 1);
INSERT INTO current_way_nodes (way_id, node_id, sequence_id) VALUES (410, 4696, 1);
INSERT INTO way_nodes (way_id, node_id, version, sequence_id) VALUES (410, 4254, 1, 2);
INSERT INTO current_way_nodes (way_id, node_id, sequence_id) VALUES (410, 4254, 2);
INSERT INTO way_nodes (way_id, node_id, version, sequence_id) VALUES (410, 4256, 1, 3);
INSERT INTO current_way_nodes (way_id, node_id, sequence_id) VALUES (410, 4256, 3);
INSERT INTO way_nodes (way_id, node_id, version, sequence_id) VALUES (410, 4258, 1, 4);
INSERT INTO current_way_nodes (way_id, node_id, sequence_id) VALUES (410, 4258, 4);
INSERT INTO way_nodes (way_id, node_id, version, sequence_id) VALUES (410, 4260, 1, 5);
INSERT INTO current_way_nodes (way_id, node_id, sequence_id) VALUES (410, 4260, 5);
INSERT INTO way_nodes (way_id, node_id, version, sequence_id) VALUES (410, 4262, 1, 6);
INSERT INTO current_way_nodes (way_id, node_id, sequence_id) VALUES (410, 4262, 6);
INSERT INTO way_nodes (way_id, node_id, version, sequence_id) VALUES (410, 4264, 1, 7);
INSERT INTO current_way_nodes (way_id, node_id, sequence_id) VALUES (410, 4264, 7);
INSERT INTO way_nodes (way_id, node_id, version, sequence_id) VALUES (410, 4266, 1, 8);
INSERT INTO current_way_nodes (way_id, node_id, sequence_id) VALUES (410, 4266, 8);
INSERT INTO way_nodes (way_id, node_id, version, sequence_id) VALUES (410, 4268, 1, 9);
INSERT INTO current_way_nodes (way_id, node_id, sequence_id) VALUES (410, 4268, 9);
INSERT INTO way_nodes (way_id, node_id, version, sequence_id) VALUES (410, 4270, 1, 10);
INSERT INTO current_way_nodes (way_id, node_id, sequence_id) VALUES (410, 4270, 10);
INSERT INTO way_nodes (way_id, node_id, version, sequence_id) VALUES (410, 4272, 1, 11);
INSERT INTO current_way_nodes (way_id, node_id, sequence_id) VALUES (410, 4272, 11);
INSERT INTO way_nodes (way_id, node_id, version, sequence_id) VALUES (410, 4274, 1, 12);
INSERT INTO current_way_nodes (way_id, node_id, sequence_id) VALUES (410, 4274, 12);
INSERT INTO way_nodes (way_id, node_id, version, sequence_id) VALUES (410, 4276, 1, 13);
INSERT INTO current_way_nodes (way_id, node_id, sequence_id) VALUES (410, 4276, 13);
/* create way 411*/
INSERT INTO ways (way_id, changeset_id, visible, "timestamp", version) VALUES (411, 3, true, (now() at time zone 'utc'), 1);
INSERT INTO current_ways (id, changeset_id, visible, "timestamp", version) VALUES (411, 3, true, (now() at time zone 'utc'), 1);
INSERT INTO current_way_tags (way_id, k, v) VALUES (411, 'accuracy', '5');
INSERT INTO way_tags (way_id, k, v, version) VALUES (411, 'accuracy', '5', 1);
INSERT INTO current_way_tags (way_id, k, v) VALUES (411, 'hoot:id', '411');
INSERT INTO way_tags (way_id, k, v, version) VALUES (411, 'hoot:id', '411', 1);
INSERT INTO current_way_tags (way_id, k, v) VALUES (411, 'hoot:status', '2');
INSERT INTO way_tags (way_id, k, v, version) VALUES (411, 'hoot:status', '2', 1);
INSERT INTO current_way_tags (way_id, k, v) VALUES (411, 'name', 'E Executive Ave NW');
INSERT INTO way_tags (way_id, k, v, version) VALUES (411, 'name', 'E Executive Ave NW', 1);
INSERT INTO current_way_tags (way_id, k, v) VALUES (411, 'highway', 'unclassified');
INSERT INTO way_tags (way_id, k, v, version) VALUES (411, 'highway', 'unclassified', 1);
INSERT INTO way_nodes (way_id, node_id, version, sequence_id) VALUES (411, 2559, 1, 1);
INSERT INTO current_way_nodes (way_id, node_id, sequence_id) VALUES (411, 2559, 1);
INSERT INTO way_nodes (way_id, node_id, version, sequence_id) VALUES (411, 4616, 1, 2);
INSERT INTO current_way_nodes (way_id, node_id, sequence_id) VALUES (411, 4616, 2);
INSERT INTO way_nodes (way_id, node_id, version, sequence_id) VALUES (411, 4617, 1, 3);
INSERT INTO current_way_nodes (way_id, node_id, sequence_id) VALUES (411, 4617, 3);
INSERT INTO way_nodes (way_id, node_id, version, sequence_id) VALUES (411, 4618, 1, 4);
INSERT INTO current_way_nodes (way_id, node_id, sequence_id) VALUES (411, 4618, 4);
/* create way 413*/
INSERT INTO ways (way_id, changeset_id, visible, "timestamp", version) VALUES (413, 3, true, (now() at time zone 'utc'), 1);
INSERT INTO current_ways (id, changeset_id, visible, "timestamp", version) VALUES (413, 3, true, (now() at time zone 'utc'), 1);
INSERT INTO current_way_tags (way_id, k, v) VALUES (413, 'accuracy', '5');
INSERT INTO way_tags (way_id, k, v, version) VALUES (413, 'accuracy', '5', 1);
INSERT INTO current_way_tags (way_id, k, v) VALUES (413, 'hoot:id', '413');
INSERT INTO way_tags (way_id, k, v, version) VALUES (413, 'hoot:id', '413', 1);
INSERT INTO current_way_tags (way_id, k, v) VALUES (413, 'hoot:status', '3');
INSERT INTO way_tags (way_id, k, v, version) VALUES (413, 'hoot:status', '3', 1);
INSERT INTO current_way_tags (way_id, k, v) VALUES (413, 'alt_name', 'Ellipse Rd NW');
INSERT INTO way_tags (way_id, k, v, version) VALUES (413, 'alt_name', 'Ellipse Rd NW', 1);
INSERT INTO current_way_tags (way_id, k, v) VALUES (413, 'name', 'ELLIPSE RD NW');
INSERT INTO way_tags (way_id, k, v, version) VALUES (413, 'name', 'ELLIPSE RD NW', 1);
INSERT INTO current_way_tags (way_id, k, v) VALUES (413, 'highway', 'road');
INSERT INTO way_tags (way_id, k, v, version) VALUES (413, 'highway', 'road', 1);
INSERT INTO way_nodes (way_id, node_id, version, sequence_id) VALUES (413, 4698, 1, 1);
INSERT INTO current_way_nodes (way_id, node_id, sequence_id) VALUES (413, 4698, 1);
INSERT INTO way_nodes (way_id, node_id, version, sequence_id) VALUES (413, 593, 1, 2);
INSERT INTO current_way_nodes (way_id, node_id, sequence_id) VALUES (413, 593, 2);
INSERT INTO way_nodes (way_id, node_id, version, sequence_id) VALUES (413, 594, 1, 3);
INSERT INTO current_way_nodes (way_id, node_id, sequence_id) VALUES (413, 594, 3);
INSERT INTO way_nodes (way_id, node_id, version, sequence_id) VALUES (413, 595, 1, 4);
INSERT INTO current_way_nodes (way_id, node_id, sequence_id) VALUES (413, 595, 4);
INSERT INTO way_nodes (way_id, node_id, version, sequence_id) VALUES (413, 596, 1, 5);
INSERT INTO current_way_nodes (way_id, node_id, sequence_id) VALUES (413, 596, 5);
INSERT INTO way_nodes (way_id, node_id, version, sequence_id) VALUES (413, 597, 1, 6);
INSERT INTO current_way_nodes (way_id, node_id, sequence_id) VALUES (413, 597, 6);
INSERT INTO way_nodes (way_id, node_id, version, sequence_id) VALUES (413, 598, 1, 7);
INSERT INTO current_way_nodes (way_id, node_id, sequence_id) VALUES (413, 598, 7);
INSERT INTO way_nodes (way_id, node_id, version, sequence_id) VALUES (413, 599, 1, 8);
INSERT INTO current_way_nodes (way_id, node_id, sequence_id) VALUES (413, 599, 8);
INSERT INTO way_nodes (way_id, node_id, version, sequence_id) VALUES (413, 600, 1, 9);
INSERT INTO current_way_nodes (way_id, node_id, sequence_id) VALUES (413, 600, 9);
INSERT INTO way_nodes (way_id, node_id, version, sequence_id) VALUES (413, 601, 1, 10);
INSERT INTO current_way_nodes (way_id, node_id, sequence_id) VALUES (413, 601, 10);
INSERT INTO way_nodes (way_id, node_id, version, sequence_id) VALUES (413, 602, 1, 11);
INSERT INTO current_way_nodes (way_id, node_id, sequence_id) VALUES (413, 602, 11);
INSERT INTO way_nodes (way_id, node_id, version, sequence_id) VALUES (413, 603, 1, 12);
INSERT INTO current_way_nodes (way_id, node_id, sequence_id) VALUES (413, 603, 12);
INSERT INTO way_nodes (way_id, node_id, version, sequence_id) VALUES (413, 604, 1, 13);
INSERT INTO current_way_nodes (way_id, node_id, sequence_id) VALUES (413, 604, 13);
INSERT INTO way_nodes (way_id, node_id, version, sequence_id) VALUES (413, 605, 1, 14);
INSERT INTO current_way_nodes (way_id, node_id, sequence_id) VALUES (413, 605, 14);
INSERT INTO way_nodes (way_id, node_id, version, sequence_id) VALUES (413, 606, 1, 15);
INSERT INTO current_way_nodes (way_id, node_id, sequence_id) VALUES (413, 606, 15);
INSERT INTO way_nodes (way_id, node_id, version, sequence_id) VALUES (413, 607, 1, 16);
INSERT INTO current_way_nodes (way_id, node_id, sequence_id) VALUES (413, 607, 16);
INSERT INTO way_nodes (way_id, node_id, version, sequence_id) VALUES (413, 608, 1, 17);
INSERT INTO current_way_nodes (way_id, node_id, sequence_id) VALUES (413, 608, 17);
INSERT INTO way_nodes (way_id, node_id, version, sequence_id) VALUES (413, 3843, 1, 18);
INSERT INTO current_way_nodes (way_id, node_id, sequence_id) VALUES (413, 3843, 18);
/* create way 414*/
INSERT INTO ways (way_id, changeset_id, visible, "timestamp", version) VALUES (414, 3, true, (now() at time zone 'utc'), 1);
INSERT INTO current_ways (id, changeset_id, visible, "timestamp", version) VALUES (414, 3, true, (now() at time zone 'utc'), 1);
INSERT INTO current_way_tags (way_id, k, v) VALUES (414, 'accuracy', '5');
INSERT INTO way_tags (way_id, k, v, version) VALUES (414, 'accuracy', '5', 1);
INSERT INTO current_way_tags (way_id, k, v) VALUES (414, 'hoot:id', '414');
INSERT INTO way_tags (way_id, k, v, version) VALUES (414, 'hoot:id', '414', 1);
INSERT INTO current_way_tags (way_id, k, v) VALUES (414, 'hoot:status', '3');
INSERT INTO way_tags (way_id, k, v, version) VALUES (414, 'hoot:status', '3', 1);
INSERT INTO current_way_tags (way_id, k, v) VALUES (414, 'alt_name', 'Ellipse Rd NW');
INSERT INTO way_tags (way_id, k, v, version) VALUES (414, 'alt_name', 'Ellipse Rd NW', 1);
INSERT INTO current_way_tags (way_id, k, v) VALUES (414, 'name', 'ELLIPSE RD NW');
INSERT INTO way_tags (way_id, k, v, version) VALUES (414, 'name', 'ELLIPSE RD NW', 1);
INSERT INTO current_way_tags (way_id, k, v) VALUES (414, 'highway', 'road');
INSERT INTO way_tags (way_id, k, v, version) VALUES (414, 'highway', 'road', 1);
INSERT INTO way_nodes (way_id, node_id, version, sequence_id) VALUES (414, 549, 1, 1);
INSERT INTO current_way_nodes (way_id, node_id, sequence_id) VALUES (414, 549, 1);
INSERT INTO way_nodes (way_id, node_id, version, sequence_id) VALUES (414, 552, 1, 2);
INSERT INTO current_way_nodes (way_id, node_id, sequence_id) VALUES (414, 552, 2);
INSERT INTO way_nodes (way_id, node_id, version, sequence_id) VALUES (414, 554, 1, 3);
INSERT INTO current_way_nodes (way_id, node_id, sequence_id) VALUES (414, 554, 3);
INSERT INTO way_nodes (way_id, node_id, version, sequence_id) VALUES (414, 556, 1, 4);
INSERT INTO current_way_nodes (way_id, node_id, sequence_id) VALUES (414, 556, 4);
INSERT INTO way_nodes (way_id, node_id, version, sequence_id) VALUES (414, 558, 1, 5);
INSERT INTO current_way_nodes (way_id, node_id, sequence_id) VALUES (414, 558, 5);
INSERT INTO way_nodes (way_id, node_id, version, sequence_id) VALUES (414, 560, 1, 6);
INSERT INTO current_way_nodes (way_id, node_id, sequence_id) VALUES (414, 560, 6);
INSERT INTO way_nodes (way_id, node_id, version, sequence_id) VALUES (414, 562, 1, 7);
INSERT INTO current_way_nodes (way_id, node_id, sequence_id) VALUES (414, 562, 7);
INSERT INTO way_nodes (way_id, node_id, version, sequence_id) VALUES (414, 564, 1, 8);
INSERT INTO current_way_nodes (way_id, node_id, sequence_id) VALUES (414, 564, 8);
INSERT INTO way_nodes (way_id, node_id, version, sequence_id) VALUES (414, 566, 1, 9);
INSERT INTO current_way_nodes (way_id, node_id, sequence_id) VALUES (414, 566, 9);
INSERT INTO way_nodes (way_id, node_id, version, sequence_id) VALUES (414, 568, 1, 10);
INSERT INTO current_way_nodes (way_id, node_id, sequence_id) VALUES (414, 568, 10);
INSERT INTO way_nodes (way_id, node_id, version, sequence_id) VALUES (414, 4699, 1, 11);
INSERT INTO current_way_nodes (way_id, node_id, sequence_id) VALUES (414, 4699, 11);
/* create way 415*/
INSERT INTO ways (way_id, changeset_id, visible, "timestamp", version) VALUES (415, 3, true, (now() at time zone 'utc'), 1);
INSERT INTO current_ways (id, changeset_id, visible, "timestamp", version) VALUES (415, 3, true, (now() at time zone 'utc'), 1);
INSERT INTO current_way_tags (way_id, k, v) VALUES (415, 'accuracy', '5');
INSERT INTO way_tags (way_id, k, v, version) VALUES (415, 'accuracy', '5', 1);
INSERT INTO current_way_tags (way_id, k, v) VALUES (415, 'hoot:id', '415');
INSERT INTO way_tags (way_id, k, v, version) VALUES (415, 'hoot:id', '415', 1);
INSERT INTO current_way_tags (way_id, k, v) VALUES (415, 'hoot:status', '2');
INSERT INTO way_tags (way_id, k, v, version) VALUES (415, 'hoot:status', '2', 1);
INSERT INTO current_way_tags (way_id, k, v) VALUES (415, 'name', '17th St NW');
INSERT INTO way_tags (way_id, k, v, version) VALUES (415, 'name', '17th St NW', 1);
INSERT INTO current_way_tags (way_id, k, v) VALUES (415, 'highway', 'unclassified');
INSERT INTO way_tags (way_id, k, v, version) VALUES (415, 'highway', 'unclassified', 1);
INSERT INTO way_nodes (way_id, node_id, version, sequence_id) VALUES (415, 3475, 1, 1);
INSERT INTO current_way_nodes (way_id, node_id, sequence_id) VALUES (415, 3475, 1);
INSERT INTO way_nodes (way_id, node_id, version, sequence_id) VALUES (415, 4623, 1, 2);
INSERT INTO current_way_nodes (way_id, node_id, sequence_id) VALUES (415, 4623, 2);
INSERT INTO way_nodes (way_id, node_id, version, sequence_id) VALUES (415, 4624, 1, 3);
INSERT INTO current_way_nodes (way_id, node_id, sequence_id) VALUES (415, 4624, 3);
INSERT INTO way_nodes (way_id, node_id, version, sequence_id) VALUES (415, 4625, 1, 4);
INSERT INTO current_way_nodes (way_id, node_id, sequence_id) VALUES (415, 4625, 4);
INSERT INTO way_nodes (way_id, node_id, version, sequence_id) VALUES (415, 4626, 1, 5);
INSERT INTO current_way_nodes (way_id, node_id, sequence_id) VALUES (415, 4626, 5);
INSERT INTO way_nodes (way_id, node_id, version, sequence_id) VALUES (415, 4627, 1, 6);
INSERT INTO current_way_nodes (way_id, node_id, sequence_id) VALUES (415, 4627, 6);
INSERT INTO way_nodes (way_id, node_id, version, sequence_id) VALUES (415, 4628, 1, 7);
INSERT INTO current_way_nodes (way_id, node_id, sequence_id) VALUES (415, 4628, 7);
INSERT INTO way_nodes (way_id, node_id, version, sequence_id) VALUES (415, 4629, 1, 8);
INSERT INTO current_way_nodes (way_id, node_id, sequence_id) VALUES (415, 4629, 8);
INSERT INTO way_nodes (way_id, node_id, version, sequence_id) VALUES (415, 4630, 1, 9);
INSERT INTO current_way_nodes (way_id, node_id, sequence_id) VALUES (415, 4630, 9);
INSERT INTO way_nodes (way_id, node_id, version, sequence_id) VALUES (415, 4631, 1, 10);
INSERT INTO current_way_nodes (way_id, node_id, sequence_id) VALUES (415, 4631, 10);
INSERT INTO way_nodes (way_id, node_id, version, sequence_id) VALUES (415, 4632, 1, 11);
INSERT INTO current_way_nodes (way_id, node_id, sequence_id) VALUES (415, 4632, 11);
INSERT INTO way_nodes (way_id, node_id, version, sequence_id) VALUES (415, 4633, 1, 12);
INSERT INTO current_way_nodes (way_id, node_id, sequence_id) VALUES (415, 4633, 12);
INSERT INTO way_nodes (way_id, node_id, version, sequence_id) VALUES (415, 4634, 1, 13);
INSERT INTO current_way_nodes (way_id, node_id, sequence_id) VALUES (415, 4634, 13);
INSERT INTO way_nodes (way_id, node_id, version, sequence_id) VALUES (415, 4635, 1, 14);
INSERT INTO current_way_nodes (way_id, node_id, sequence_id) VALUES (415, 4635, 14);
INSERT INTO way_nodes (way_id, node_id, version, sequence_id) VALUES (415, 4636, 1, 15);
INSERT INTO current_way_nodes (way_id, node_id, sequence_id) VALUES (415, 4636, 15);
INSERT INTO way_nodes (way_id, node_id, version, sequence_id) VALUES (415, 4637, 1, 16);
INSERT INTO current_way_nodes (way_id, node_id, sequence_id) VALUES (415, 4637, 16);
INSERT INTO way_nodes (way_id, node_id, version, sequence_id) VALUES (415, 4638, 1, 17);
INSERT INTO current_way_nodes (way_id, node_id, sequence_id) VALUES (415, 4638, 17);
INSERT INTO way_nodes (way_id, node_id, version, sequence_id) VALUES (415, 4639, 1, 18);
INSERT INTO current_way_nodes (way_id, node_id, sequence_id) VALUES (415, 4639, 18);
INSERT INTO way_nodes (way_id, node_id, version, sequence_id) VALUES (415, 4640, 1, 19);
INSERT INTO current_way_nodes (way_id, node_id, sequence_id) VALUES (415, 4640, 19);
INSERT INTO way_nodes (way_id, node_id, version, sequence_id) VALUES (415, 4641, 1, 20);
INSERT INTO current_way_nodes (way_id, node_id, sequence_id) VALUES (415, 4641, 20);
INSERT INTO way_nodes (way_id, node_id, version, sequence_id) VALUES (415, 4642, 1, 21);
INSERT INTO current_way_nodes (way_id, node_id, sequence_id) VALUES (415, 4642, 21);
INSERT INTO way_nodes (way_id, node_id, version, sequence_id) VALUES (415, 4643, 1, 22);
INSERT INTO current_way_nodes (way_id, node_id, sequence_id) VALUES (415, 4643, 22);
INSERT INTO way_nodes (way_id, node_id, version, sequence_id) VALUES (415, 4644, 1, 23);
INSERT INTO current_way_nodes (way_id, node_id, sequence_id) VALUES (415, 4644, 23);
INSERT INTO way_nodes (way_id, node_id, version, sequence_id) VALUES (415, 4645, 1, 24);
INSERT INTO current_way_nodes (way_id, node_id, sequence_id) VALUES (415, 4645, 24);
INSERT INTO way_nodes (way_id, node_id, version, sequence_id) VALUES (415, 4646, 1, 25);
INSERT INTO current_way_nodes (way_id, node_id, sequence_id) VALUES (415, 4646, 25);
INSERT INTO way_nodes (way_id, node_id, version, sequence_id) VALUES (415, 4647, 1, 26);
INSERT INTO current_way_nodes (way_id, node_id, sequence_id) VALUES (415, 4647, 26);
/* create way 416*/
INSERT INTO ways (way_id, changeset_id, visible, "timestamp", version) VALUES (416, 3, true, (now() at time zone 'utc'), 1);
INSERT INTO current_ways (id, changeset_id, visible, "timestamp", version) VALUES (416, 3, true, (now() at time zone 'utc'), 1);
INSERT INTO current_way_tags (way_id, k, v) VALUES (416, 'accuracy', '5');
INSERT INTO way_tags (way_id, k, v, version) VALUES (416, 'accuracy', '5', 1);
INSERT INTO current_way_tags (way_id, k, v) VALUES (416, 'hoot:id', '416');
INSERT INTO way_tags (way_id, k, v, version) VALUES (416, 'hoot:id', '416', 1);
INSERT INTO current_way_tags (way_id, k, v) VALUES (416, 'hoot:status', '3');
INSERT INTO way_tags (way_id, k, v, version) VALUES (416, 'hoot:status', '3', 1);
INSERT INTO current_way_tags (way_id, k, v) VALUES (416, 'alt_name', 'South Pl NW');
INSERT INTO way_tags (way_id, k, v, version) VALUES (416, 'alt_name', 'South Pl NW', 1);
INSERT INTO current_way_tags (way_id, k, v) VALUES (416, 'name', 'SOUTH EXECUTIVE AVE NW');
INSERT INTO way_tags (way_id, k, v, version) VALUES (416, 'name', 'SOUTH EXECUTIVE AVE NW', 1);
INSERT INTO current_way_tags (way_id, k, v) VALUES (416, 'foot', 'designated');
INSERT INTO way_tags (way_id, k, v, version) VALUES (416, 'foot', 'designated', 1);
INSERT INTO current_way_tags (way_id, k, v) VALUES (416, 'highway', 'road');
INSERT INTO way_tags (way_id, k, v, version) VALUES (416, 'highway', 'road', 1);
INSERT INTO way_nodes (way_id, node_id, version, sequence_id) VALUES (416, 4700, 1, 1);
INSERT INTO current_way_nodes (way_id, node_id, sequence_id) VALUES (416, 4700, 1);
INSERT INTO way_nodes (way_id, node_id, version, sequence_id) VALUES (416, 2588, 1, 2);
INSERT INTO current_way_nodes (way_id, node_id, sequence_id) VALUES (416, 2588, 2);
INSERT INTO way_nodes (way_id, node_id, version, sequence_id) VALUES (416, 2589, 1, 3);
INSERT INTO current_way_nodes (way_id, node_id, sequence_id) VALUES (416, 2589, 3);
INSERT INTO way_nodes (way_id, node_id, version, sequence_id) VALUES (416, 2590, 1, 4);
INSERT INTO current_way_nodes (way_id, node_id, sequence_id) VALUES (416, 2590, 4);
INSERT INTO way_nodes (way_id, node_id, version, sequence_id) VALUES (416, 2591, 1, 5);
INSERT INTO current_way_nodes (way_id, node_id, sequence_id) VALUES (416, 2591, 5);
INSERT INTO way_nodes (way_id, node_id, version, sequence_id) VALUES (416, 2592, 1, 6);
INSERT INTO current_way_nodes (way_id, node_id, sequence_id) VALUES (416, 2592, 6);
/* create way 417*/
INSERT INTO ways (way_id, changeset_id, visible, "timestamp", version) VALUES (417, 3, true, (now() at time zone 'utc'), 1);
INSERT INTO current_ways (id, changeset_id, visible, "timestamp", version) VALUES (417, 3, true, (now() at time zone 'utc'), 1);
INSERT INTO current_way_tags (way_id, k, v) VALUES (417, 'accuracy', '5');
INSERT INTO way_tags (way_id, k, v, version) VALUES (417, 'accuracy', '5', 1);
INSERT INTO current_way_tags (way_id, k, v) VALUES (417, 'hoot:id', '417');
INSERT INTO way_tags (way_id, k, v, version) VALUES (417, 'hoot:id', '417', 1);
INSERT INTO current_way_tags (way_id, k, v) VALUES (417, 'hoot:status', '3');
INSERT INTO way_tags (way_id, k, v, version) VALUES (417, 'hoot:status', '3', 1);
INSERT INTO current_way_tags (way_id, k, v) VALUES (417, 'alt_name', 'Executive Ave NW;South Pl NW');
INSERT INTO way_tags (way_id, k, v, version) VALUES (417, 'alt_name', 'Executive Ave NW;South Pl NW', 1);
INSERT INTO current_way_tags (way_id, k, v) VALUES (417, 'name', 'SOUTH EXECUTIVE AVE NW');
INSERT INTO way_tags (way_id, k, v, version) VALUES (417, 'name', 'SOUTH EXECUTIVE AVE NW', 1);
INSERT INTO current_way_tags (way_id, k, v) VALUES (417, 'highway', 'road');
INSERT INTO way_tags (way_id, k, v, version) VALUES (417, 'highway', 'road', 1);
INSERT INTO way_nodes (way_id, node_id, version, sequence_id) VALUES (417, 2559, 1, 1);
INSERT INTO current_way_nodes (way_id, node_id, sequence_id) VALUES (417, 2559, 1);
INSERT INTO way_nodes (way_id, node_id, version, sequence_id) VALUES (417, 2560, 1, 2);
INSERT INTO current_way_nodes (way_id, node_id, sequence_id) VALUES (417, 2560, 2);
INSERT INTO way_nodes (way_id, node_id, version, sequence_id) VALUES (417, 2561, 1, 3);
INSERT INTO current_way_nodes (way_id, node_id, sequence_id) VALUES (417, 2561, 3);
INSERT INTO way_nodes (way_id, node_id, version, sequence_id) VALUES (417, 2562, 1, 4);
INSERT INTO current_way_nodes (way_id, node_id, sequence_id) VALUES (417, 2562, 4);
INSERT INTO way_nodes (way_id, node_id, version, sequence_id) VALUES (417, 2563, 1, 5);
INSERT INTO current_way_nodes (way_id, node_id, sequence_id) VALUES (417, 2563, 5);
INSERT INTO way_nodes (way_id, node_id, version, sequence_id) VALUES (417, 2564, 1, 6);
INSERT INTO current_way_nodes (way_id, node_id, sequence_id) VALUES (417, 2564, 6);
INSERT INTO way_nodes (way_id, node_id, version, sequence_id) VALUES (417, 4701, 1, 7);
INSERT INTO current_way_nodes (way_id, node_id, sequence_id) VALUES (417, 4701, 7);
/* create way 418*/
INSERT INTO ways (way_id, changeset_id, visible, "timestamp", version) VALUES (418, 3, true, (now() at time zone 'utc'), 1);
INSERT INTO current_ways (id, changeset_id, visible, "timestamp", version) VALUES (418, 3, true, (now() at time zone 'utc'), 1);
INSERT INTO current_way_tags (way_id, k, v) VALUES (418, 'accuracy', '5');
INSERT INTO way_tags (way_id, k, v, version) VALUES (418, 'accuracy', '5', 1);
INSERT INTO current_way_tags (way_id, k, v) VALUES (418, 'hoot:id', '418');
INSERT INTO way_tags (way_id, k, v, version) VALUES (418, 'hoot:id', '418', 1);
INSERT INTO current_way_tags (way_id, k, v) VALUES (418, 'hoot:status', '2');
INSERT INTO way_tags (way_id, k, v, version) VALUES (418, 'hoot:status', '2', 1);
INSERT INTO current_way_tags (way_id, k, v) VALUES (418, 'alt_name', 'Constitution Ave NW');
INSERT INTO way_tags (way_id, k, v, version) VALUES (418, 'alt_name', 'Constitution Ave NW', 1);
INSERT INTO current_way_tags (way_id, k, v) VALUES (418, 'name', 'US Hwy 50');
INSERT INTO way_tags (way_id, k, v, version) VALUES (418, 'name', 'US Hwy 50', 1);
INSERT INTO current_way_tags (way_id, k, v) VALUES (418, 'highway', 'secondary');
INSERT INTO way_tags (way_id, k, v, version) VALUES (418, 'highway', 'secondary', 1);
INSERT INTO way_nodes (way_id, node_id, version, sequence_id) VALUES (418, 4591, 1, 1);
INSERT INTO current_way_nodes (way_id, node_id, sequence_id) VALUES (418, 4591, 1);
INSERT INTO way_nodes (way_id, node_id, version, sequence_id) VALUES (418, 4592, 1, 2);
INSERT INTO current_way_nodes (way_id, node_id, sequence_id) VALUES (418, 4592, 2);
INSERT INTO way_nodes (way_id, node_id, version, sequence_id) VALUES (418, 4593, 1, 3);
INSERT INTO current_way_nodes (way_id, node_id, sequence_id) VALUES (418, 4593, 3);
INSERT INTO way_nodes (way_id, node_id, version, sequence_id) VALUES (418, 4594, 1, 4);
INSERT INTO current_way_nodes (way_id, node_id, sequence_id) VALUES (418, 4594, 4);
INSERT INTO way_nodes (way_id, node_id, version, sequence_id) VALUES (418, 4595, 1, 5);
INSERT INTO current_way_nodes (way_id, node_id, sequence_id) VALUES (418, 4595, 5);
INSERT INTO way_nodes (way_id, node_id, version, sequence_id) VALUES (418, 4596, 1, 6);
INSERT INTO current_way_nodes (way_id, node_id, sequence_id) VALUES (418, 4596, 6);
INSERT INTO way_nodes (way_id, node_id, version, sequence_id) VALUES (418, 4597, 1, 7);
INSERT INTO current_way_nodes (way_id, node_id, sequence_id) VALUES (418, 4597, 7);
INSERT INTO way_nodes (way_id, node_id, version, sequence_id) VALUES (418, 4598, 1, 8);
INSERT INTO current_way_nodes (way_id, node_id, sequence_id) VALUES (418, 4598, 8);
INSERT INTO way_nodes (way_id, node_id, version, sequence_id) VALUES (418, 4599, 1, 9);
INSERT INTO current_way_nodes (way_id, node_id, sequence_id) VALUES (418, 4599, 9);
INSERT INTO way_nodes (way_id, node_id, version, sequence_id) VALUES (418, 4600, 1, 10);
INSERT INTO current_way_nodes (way_id, node_id, sequence_id) VALUES (418, 4600, 10);
INSERT INTO way_nodes (way_id, node_id, version, sequence_id) VALUES (418, 54, 1, 11);
INSERT INTO current_way_nodes (way_id, node_id, sequence_id) VALUES (418, 54, 11);
/* create way 419*/
INSERT INTO ways (way_id, changeset_id, visible, "timestamp", version) VALUES (419, 3, true, (now() at time zone 'utc'), 1);
INSERT INTO current_ways (id, changeset_id, visible, "timestamp", version) VALUES (419, 3, true, (now() at time zone 'utc'), 1);
INSERT INTO current_way_tags (way_id, k, v) VALUES (419, 'accuracy', '5');
INSERT INTO way_tags (way_id, k, v, version) VALUES (419, 'accuracy', '5', 1);
INSERT INTO current_way_tags (way_id, k, v) VALUES (419, 'hoot:id', '419');
INSERT INTO way_tags (way_id, k, v, version) VALUES (419, 'hoot:id', '419', 1);
INSERT INTO current_way_tags (way_id, k, v) VALUES (419, 'hoot:status', '3');
INSERT INTO way_tags (way_id, k, v, version) VALUES (419, 'hoot:status', '3', 1);
INSERT INTO current_way_tags (way_id, k, v) VALUES (419, 'alt_name', 'Constitution Ave NW;US Hwy 50');
INSERT INTO way_tags (way_id, k, v, version) VALUES (419, 'alt_name', 'Constitution Ave NW;US Hwy 50', 1);
INSERT INTO current_way_tags (way_id, k, v) VALUES (419, 'name', 'CONSTITUTION AVE NW');
INSERT INTO way_tags (way_id, k, v, version) VALUES (419, 'name', 'CONSTITUTION AVE NW', 1);
INSERT INTO current_way_tags (way_id, k, v) VALUES (419, 'highway', 'road');
INSERT INTO way_tags (way_id, k, v, version) VALUES (419, 'highway', 'road', 1);
INSERT INTO way_nodes (way_id, node_id, version, sequence_id) VALUES (419, 4691, 1, 1);
INSERT INTO current_way_nodes (way_id, node_id, sequence_id) VALUES (419, 4691, 1);
INSERT INTO way_nodes (way_id, node_id, version, sequence_id) VALUES (419, 3713, 1, 2);
INSERT INTO current_way_nodes (way_id, node_id, sequence_id) VALUES (419, 3713, 2);
UPDATE changesets SET min_lat=388920931, max_lat=389025230, min_lon=-770501589, max_lon=-770336319, num_changes=154 WHERE id=3;
